900,'20260917',633,,85658,14,,,1,70,,85679,14,,,1,37,,85659,14,,,1,67,,85680,14,,,1,30,,85660,14,,,1,70,,85681,14,,,1,30,,85661,14,,,1,81,,85684,14,,,1,30,,85664,14,,,1,70,,85685,14,,,1,30,,85665,14,,,1,70,,85686,14,,,1,30,,85666,14,,,1,70,,85687,14,,,1,30,,85667,14,,,1,70,,85688,14,,,1,30,,85668,14,,,1,70,,85689,14,,,1,31,,85669,14,,,1,70,,85690,14,,,1,13,,85662,14,,,1,10,,85699,14,0,6,1,10,,85670,14,,,1,50,,85682,14,,,1,10,,85701,14,0,6,1,10,,85691,14,,,1,10,,85663,14,,,1,10,,85700,14,0,6,1,10,,85671,14,,,1,52,,85683,14,,,1,15,,85692,14,,,1,30,,85672,14,,,1,70,,85693,14,,,1,30,,85673,14,,,1,69,,85694,14,,,1,30,,85674,14,,,1,70,,85695,14,,,1,30,,85675,14,,,1,70,,85696,14,,,1,30,,85676,14,,,1,70,,85697,14,,,1,32,,85677,14,,,1,68,,85698,14,,,1,30,,85678,14,,,1
900,'20260918',633,,85702,14,,,1,70,,85723,14,,,1,37,,85703,14,,,1,67,,85724,14,,,1,30,,85704,14,,,1,70,,85725,14,,,1,30,,85705,14,,,1,81,,85728,14,,,1,30,,85708,14,,,1,70,,85729,14,,,1,30,,85709,14,,,1,70,,85730,14,,,1,30,,85710,14,,,1,70,,85731,14,,,1,30,,85711,14,,,1,70,,85732,14,,,1,30,,85712,14,,,1,70,,85733,14,,,1,31,,85713,14,,,1,70,,85734,14,,,1,13,,85706,14,,,1,10,,85744,14,0,6,1,10,,85714,14,,,1,50,,85726,14,,,1,10,,85746,14,0,6,1,10,,85735,14,,,1,10,,85707,14,,,1,10,,85745,14,0,6,1,10,,85715,14,,,1,52,,85727,14,,,1,15,,85736,14,,,1,30,,85716,14,,,1,70,,85737,14,,,1,30,,85717,14,,,1,69,,85738,14,,,1,30,,85718,14,,,1,70,,85739,14,,,1,30,,85719,14,,,1,70,,85740,14,,,1,30,,85720,14,,,1,70,,85741,14,,,1,32,,85721,14,,,1,68,,85742,14,,,1,30,,85722,14,,,1,70,,85743,14,,,1
900,'20260919',918,,85763,14,,,1,30,,85747,14,,,1,70,,85764,14,,,1,30,,85748,14,,,1,70,,85765,14,,,1,30,,85749,14,,,1,70,,85766,14,,,1,30,,85750,14,,,1,70,,85767,14,,,1,30,,85751,14,,,1,70,,85768,14,,,1,30,,85752,14,,,1,70,,85769,14,,,1,30,,85753,14,,,1,70,,85770,14,,,1,30,,85754,14,,,1,70,,85771,14,,,1,30,,85755,14,,,1,70,,85772,14,,,1,30,,85756,14,,,1,70,,85773,14,,,1,30,,85757,14,,,1,70,,85774,14,,,1,30,,85758,14,,,1,70,,85775,14,,,1,30,,85759,14,,,1,70,,85776,14,,,1,30,,85760,14,,,1,70,,85777,14,,,1,30,,85761,14,,,1,70,,85778,14,,,1,30,,85762,14,,,1,70,,85779,14,,,1
900,'20260920',918,,85796,14,,,1,30,,85780,14,,,1,70,,85797,14,,,1,30,,85781,14,,,1,70,,85798,14,,,1,30,,85782,14,,,1,70,,85799,14,,,1,30,,85783,14,,,1,70,,85800,14,,,1,30,,85784,14,,,1,70,,85801,14,,,1,30,,85785,14,,,1,70,,85802,14,,,1,30,,85786,14,,,1,70,,85803,14,,,1,30,,85787,14,,,1,70,,85804,14,,,1,30,,85788,14,,,1,70,,85805,14,,,1,30,,85789,14,,,1,70,,85806,14,,,1,30,,85790,14,,,1,70,,85807,14,,,1,30,,85791,14,,,1,70,,85808,14,,,1,30,,85792,14,,,1,70,,85809,14,,,1,30,,85793,14,,,1,70,,85810,14,,,1,30,,85794,14,,,1,70,,85811,14,,,1,30,,85795,14,,,1
900,'20260921',633,,85812,14,,,1,70,,85833,14,,,1,37,,85813,14,,,1,67,,85834,14,,,1,30,,85814,14,,,1,70,,85835,14,,,1,30,,85815,14,,,1,81,,85838,14,,,1,30,,85818,14,,,1,70,,85839,14,,,1,30,,85819,14,,,1,70,,85840,14,,,1,30,,85820,14,,,1,70,,85841,14,,,1,30,,85821,14,,,1,70,,85842,14,,,1,30,,85822,14,,,1,70,,85843,14,,,1,31,,85823,14,,,1,70,,85844,14,,,1,13,,85816,14,,,1,10,,85853,14,0,6,1,10,,85824,14,,,1,50,,85836,14,,,1,10,,85855,14,0,6,1,10,,85845,14,,,1,10,,85817,14,,,1,10,,85854,14,0,6,1,10,,85825,14,,,1,52,,85837,14,,,1,15,,85846,14,,,1,30,,85826,14,,,1,70,,85847,14,,,1,30,,85827,14,,,1,69,,85848,14,,,1,30,,85828,14,,,1,70,,85849,14,,,1,30,,85829,14,,,1,70,,85850,14,,,1,30,,85830,14,,,1,70,,85851,14,,,1,20,,92146,14,0,6,1,12,,85831,14,,,1,68,,85852,14,,,1,30,,85832,14,,,1
900,'20260922',633,,85856,14,,,1,70,,85877,14,,,1,37,,85857,14,,,1,67,,85878,14,,,1,30,,85858,14,,,1,70,,85879,14,,,1,30,,85859,14,,,1,81,,85882,14,,,1,30,,85862,14,,,1,70,,85883,14,,,1,30,,85863,14,,,1,70,,85884,14,,,1,30,,85864,14,,,1,70,,85885,14,,,1,30,,85865,14,,,1,70,,85886,14,,,1,30,,85866,14,,,1,70,,85887,14,,,1,31,,85867,14,,,1,70,,85888,14,,,1,13,,85860,14,,,1,10,,85897,14,0,6,1,10,,85868,14,,,1,50,,85880,14,,,1,10,,85899,14,0,6,1,10,,85889,14,,,1,10,,85861,14,,,1,10,,85898,14,0,6,1,10,,85869,14,,,1,52,,85881,14,,,1,15,,85890,14,,,1,30,,85870,14,,,1,70,,85891,14,,,1,30,,85871,14,,,1,69,,85892,14,,,1,30,,85872,14,,,1,70,,85893,14,,,1,30,,85873,14,,,1,70,,85894,14,,,1,30,,85874,14,,,1,70,,85895,14,,,1,32,,85875,14,,,1,68,,85896,14,,,1,30,,85876,14,,,1
900,'20260923',633,,85900,14,,,1,70,,85921,14,,,1,37,,85901,14,,,1,67,,85922,14,,,1,30,,85902,14,,,1,70,,85923,14,,,1,30,,85903,14,,,1,81,,85926,14,,,1,30,,85906,14,,,1,70,,85927,14,,,1,30,,85907,14,,,1,70,,85928,14,,,1,30,,85908,14,,,1,70,,85929,14,,,1,30,,85909,14,,,1,70,,85930,14,,,1,30,,85910,14,,,1,70,,85931,14,,,1,31,,85911,14,,,1,70,,85932,14,,,1,13,,85904,14,,,1,10,,85941,14,0,6,1,10,,85912,14,,,1,50,,85924,14,,,1,10,,85943,14,0,6,1,10,,85933,14,,,1,10,,85905,14,,,1,10,,85942,14,0,6,1,10,,85913,14,,,1,52,,85925,14,,,1,15,,85934,14,,,1,30,,85914,14,,,1,70,,85935,14,,,1,30,,85915,14,,,1,69,,85936,14,,,1,30,,85916,14,,,1,70,,85937,14,,,1,30,,85917,14,,,1,70,,85938,14,,,1,30,,85918,14,,,1,70,,85939,14,,,1,32,,85919,14,,,1,68,,85940,14,,,1,30,,85920,14,,,1
900,'20260924',633,,85944,14,,,1,70,,85965,14,,,1,37,,85945,14,,,1,67,,85966,14,,,1,30,,85946,14,,,1,70,,85967,14,,,1,30,,85947,14,,,1,81,,85970,14,,,1,30,,85950,14,,,1,70,,85971,14,,,1,30,,85951,14,,,1,70,,85972,14,,,1,30,,85952,14,,,1,70,,85973,14,,,1,30,,85953,14,,,1,70,,85974,14,,,1,30,,85954,14,,,1,70,,85975,14,,,1,31,,85955,14,,,1,70,,85976,14,,,1,13,,85948,14,,,1,10,,85985,14,0,6,1,10,,85956,14,,,1,50,,85968,14,,,1,10,,85987,14,0,6,1,10,,85977,14,,,1,10,,85949,14,,,1,10,,85986,14,0,6,1,10,,85957,14,,,1,52,,85969,14,,,1,15,,85978,14,,,1,30,,85958,14,,,1,70,,85979,14,,,1,30,,85959,14,,,1,69,,85980,14,,,1,30,,85960,14,,,1,70,,85981,14,,,1,30,,85961,14,,,1,70,,85982,14,,,1,30,,85962,14,,,1,70,,85983,14,,,1,32,,85963,14,,,1,68,,85984,14,,,1,30,,85964,14,,,1
900,'20260925',633,,85988,14,,,1,70,,86009,14,,,1,37,,85989,14,,,1,67,,86010,14,,,1,30,,85990,14,,,1,70,,86011,14,,,1,30,,85991,14,,,1,81,,86014,14,,,1,30,,85994,14,,,1,70,,86015,14,,,1,30,,85995,14,,,1,70,,86016,14,,,1,30,,85996,14,,,1,70,,86017,14,,,1,30,,85997,14,,,1,70,,86018,14,,,1,30,,85998,14,,,1,70,,86019,14,,,1,31,,85999,14,,,1,70,,86020,14,,,1,13,,85992,14,,,1,10,,86030,14,0,6,1,10,,86000,14,,,1,50,,86012,14,,,1,10,,86032,14,0,6,1,10,,86021,14,,,1,10,,85993,14,,,1,10,,86031,14,0,6,1,10,,86001,14,,,1,52,,86013,14,,,1,15,,86022,14,,,1,30,,86002,14,,,1,70,,86023,14,,,1,30,,86003,14,,,1,69,,86024,14,,,1,30,,86004,14,,,1,70,,86025,14,,,1,30,,86005,14,,,1,70,,86026,14,,,1,30,,86006,14,,,1,70,,86027,14,,,1,32,,86007,14,,,1
900,'20260928',633,,86098,14,,,1,70,,86119,14,,,1,37,,86099,14,,,1,67,,86120,14,,,1,30,,86100,14,,,1,70,,86121,14,,,1,30,,86101,14,,,1,81,,86124,14,,,1,30,,86104,14,,,1,70,,86125,14,,,1,30,,86105,14,,,1,70,,86126,14,,,1,30,,86106,14,,,1,70,,86127,14,,,1,30,,86107,14,,,1,70,,86128,14,,,1,30,,86108,14,,,1,70,,86129,14,,,1,31,,86109,14,,,1,70,,86130,14,,,1,13,,86102,14,,,1,10,,86139,14,0,6,1,10,,86110,14,,,1,50,,86122,14,,,1,10,,86141,14,0,6,1,10,,86131,14,,,1,10,,86103,14,,,1,10,,86140,14,0,6,1,10,,86111,14,,,1,52,,86123,14,,,1,15,,86132,14,,,1,30,,86112,14,,,1,70,,86133,14,,,1,30,,86113,14,,,1,69,,86134,14,,,1,30,,86114,14,,,1,70,,86135,14,,,1,30,,86115,14,,,1,70,,86136,14,,,1,30,,86116,14,,,1,70,,86137,14,,,1,32,,86117,14,,,1,68,,86138,14,,,1,30,,86118,14,,,1
900,'20260929',633,,86142,14,,,1,70,,86163,14,,,1,37,,86143,14,,,1,67,,86164,14,,,1,30,,86144,14,,,1,70,,86165,14,,,1,30,,86145,14,,,1,81,,86168,14,,,1,30,,86148,14,,,1,70,,86169,14,,,1,30,,86149,14,,,1,70,,86170,14,,,1,30,,86150,14,,,1,70,,86171,14,,,1,30,,86151,14,,,1,70,,86172,14,,,1,30,,86152,14,,,1,70,,86173,14,,,1,31,,86153,14,,,1,70,,86174,14,,,1,13,,86146,14,,,1,10,,86183,14,0,6,1,10,,86154,14,,,1,50,,86166,14,,,1,10,,86185,14,0,6,1,10,,86175,14,,,1,10,,86147,14,,,1,10,,86184,14,0,6,1,10,,86155,14,,,1,52,,86167,14,,,1,15,,86176,14,,,1,30,,86156,14,,,1,70,,86177,14,,,1,30,,86157,14,,,1,69,,86178,14,,,1,30,,86158,14,,,1,70,,86179,14,,,1,30,,86159,14,,,1,70,,86180,14,,,1,30,,86160,14,,,1,70,,86181,14,,,1,32,,86161,14,,,1,68,,86182,14,,,1,30,,86162,14,,,1
900,'20260930',633,,86186,14,,,1,70,,86207,14,,,1,37,,86187,14,,,1,67,,86208,14,,,1,30,,86188,14,,,1,70,,86209,14,,,1,30,,86189,14,,,1,81,,86212,14,,,1,30,,86192,14,,,1,70,,86213,14,,,1,30,,86193,14,,,1,70,,86214,14,,,1,30,,86194,14,,,1,70,,86215,14,,,1,30,,86195,14,,,1,70,,86216,14,,,1,30,,86196,14,,,1,70,,86217,14,,,1,31,,86197,14,,,1,70,,86218,14,,,1,13,,86190,14,,,1,10,,86227,14,0,6,1,10,,86198,14,,,1,50,,86210,14,,,1,10,,86229,14,0,6,1,10,,86219,14,,,1,10,,86191,14,,,1,10,,86228,14,0,6,1,10,,86199,14,,,1,52,,86211,14,,,1,15,,86220,14,,,1,30,,86200,14,,,1,70,,86221,14,,,1,30,,86201,14,,,1,69,,86222,14,,,1,30,,86202,14,,,1,70,,86223,14,,,1,30,,86203,14,,,1,70,,86224,14,,,1,30,,86204,14,,,1,70,,86225,14,,,1,32,,86205,14,,,1,68,,86226,14,,,1,30,,86206,14,,,1
900,'20261001',633,,86230,14,,,1,70,,86251,14,,,1,37,,86231,14,,,1,67,,86252,14,,,1,30,,86232,14,,,1,70,,86253,14,,,1,30,,86233,14,,,1,81,,86256,14,,,1,30,,86236,14,,,1,70,,86257,14,,,1,30,,86237,14,,,1,70,,86258,14,,,1,30,,86238,14,,,1,70,,86259,14,,,1,30,,86239,14,,,1,70,,86260,14,,,1,30,,86240,14,,,1,70,,86261,14,,,1,31,,86241,14,,,1,70,,86262,14,,,1,13,,86234,14,,,1,10,,86271,14,0,6,1,10,,86242,14,,,1,50,,86254,14,,,1,10,,86273,14,0,6,1,10,,86263,14,,,1,10,,86235,14,,,1,10,,86272,14,0,6,1,10,,86243,14,,,1,52,,86255,14,,,1,15,,86264,14,,,1,30,,86244,14,,,1,70,,86265,14,,,1,30,,86245,14,,,1,69,,86266,14,,,1,30,,86246,14,,,1,70,,86267,14,,,1,30,,86247,14,,,1,70,,86268,14,,,1,30,,86248,14,,,1,70,,86269,14,,,1,32,,86249,14,,,1,68,,86270,14,,,1,30,,86250,14,,,1
900,'20261002',633,,86274,14,,,1,70,,86295,14,,,1,37,,86275,14,,,1,67,,86296,14,,,1,30,,86276,14,,,1,70,,86297,14,,,1,30,,86277,14,,,1,81,,86300,14,,,1,30,,86280,14,,,1,70,,86301,14,,,1,30,,86281,14,,,1,70,,86302,14,,,1,30,,86282,14,,,1,70,,86303,14,,,1,30,,86283,14,,,1,70,,86304,14,,,1,30,,86284,14,,,1,70,,86305,14,,,1,31,,86285,14,,,1,70,,86306,14,,,1,13,,86278,14,,,1,10,,86316,14,0,6,1,10,,86286,14,,,1,50,,86298,14,,,1,10,,86318,14,0,6,1,10,,86307,14,,,1,10,,86279,14,,,1,10,,86317,14,0,6,1,10,,86287,14,,,1,52,,86299,14,,,1,15,,86308,14,,,1,30,,86288,14,,,1,70,,86309,14,,,1,30,,86289,14,,,1,69,,86310,14,,,1,30,,86290,14,,,1,70,,86311,14,,,1,30,,86291,14,,,1,70,,86312,14,,,1,30,,86292,14,,,1,70,,86313,14,,,1,32,,86293,14,,,1,68,,86314,14,,,1,30,,86294,14,,,1,70,,86315,14,,,1
900,'20261003',918,,86335,14,,,1,30,,86319,14,,,1,70,,86336,14,,,1,30,,86320,14,,,1,70,,86337,14,,,1,30,,86321,14,,,1,70,,86338,14,,,1,30,,86322,14,,,1,70,,86339,14,,,1,30,,86323,14,,,1,70,,86340,14,,,1,30,,86324,14,,,1,70,,86341,14,,,1,30,,86325,14,,,1,70,,86342,14,,,1,30,,86326,14,,,1,70,,86343,14,,,1,30,,86327,14,,,1,70,,86344,14,,,1,30,,86328,14,,,1,70,,86345,14,,,1,30,,86329,14,,,1,70,,86346,14,,,1,30,,86330,14,,,1,70,,86347,14,,,1,30,,86331,14,,,1,70,,86348,14,,,1,30,,86332,14,,,1,70,,86349,14,,,1,30,,86333,14,,,1,70,,86350,14,,,1,30,,86334,14,,,1,70,,86351,14,,,1
900,'20261004',918,,92147,14,,,1,30,,86352,14,,,1,70,,92148,14,,,1,30,,86353,14,,,1,70,,92149,14,,,1,30,,86354,14,,,1,70,,92150,14,,,1,30,,86355,14,,,1,70,,92151,14,,,1,30,,86356,14,,,1,70,,92152,14,,,1,30,,86357,14,,,1,70,,92153,14,,,1,30,,86358,14,,,1,70,,92154,14,,,1,30,,86359,14,,,1,70,,92155,14,,,1,30,,86360,14,,,1,70,,92156,14,,,1,30,,86361,14,,,1,70,,92157,14,,,1,30,,86362,14,,,1,70,,92158,14,,,1,30,,86363,14,,,1,70,,92159,14,,,1,30,,86364,14,,,1,70,,92160,14,,,1,30,,86365,14,,,1,70,,92161,14,,,1,30,,86366,14,,,1,70,,92162,14,,,1,30,,86367,14,,,1
900,'20261005',633,,86384,14,,,1,70,,86405,14,,,1,37,,86385,14,,,1,67,,86406,14,,,1,30,,86386,14,,,1,70,,86407,14,,,1,30,,86387,14,,,1,81,,86410,14,,,1,30,,86390,14,,,1,70,,86411,14,,,1,30,,86391,14,,,1,70,,86412,14,,,1,30,,86392,14,,,1,70,,86413,14,,,1,30,,86393,14,,,1,70,,86414,14,,,1,30,,86394,14,,,1,70,,86415,14,,,1,31,,86395,14,,,1,70,,86416,14,,,1,13,,86388,14,,,1,10,,86425,14,0,6,1,10,,86396,14,,,1,50,,86408,14,,,1,10,,86427,14,0,6,1,10,,86417,14,,,1,10,,86389,14,,,1,10,,86426,14,0,6,1,10,,86397,14,,,1,52,,86409,14,,,1,15,,86418,14,,,1,30,,86398,14,,,1,70,,86419,14,,,1,30,,86399,14,,,1,69,,86420,14,,,1,30,,86400,14,,,1,70,,86421,14,,,1,30,,86401,14,,,1,70,,86422,14,,,1,30,,86402,14,,,1,70,,86423,14,,,1,32,,86403,14,,,1,68,,86424,14,,,1,30,,86404,14,,,1
900,'20261006',633,,86428,14,,,1,70,,86449,14,,,1,37,,86429,14,,,1,67,,86450,14,,,1,30,,86430,14,,,1,70,,86451,14,,,1,30,,86431,14,,,1,81,,86454,14,,,1,30,,86434,14,,,1,70,,86455,14,,,1,30,,86435,14,,,1,70,,86456,14,,,1,30,,86436,14,,,1,70,,86457,14,,,1,30,,86437,14,,,1,70,,86458,14,,,1,30,,86438,14,,,1,70,,86459,14,,,1,31,,86439,14,,,1,70,,86460,14,,,1,13,,86432,14,,,1,10,,86469,14,0,6,1,10,,86440,14,,,1,50,,86452,14,,,1,10,,86471,14,0,6,1,10,,86461,14,,,1,10,,86433,14,,,1,10,,86470,14,0,6,1,10,,86441,14,,,1,52,,86453,14,,,1,15,,86462,14,,,1,30,,86442,14,,,1,70,,86463,14,,,1,30,,86443,14,,,1,69,,86464,14,,,1,30,,86444,14,,,1,70,,86465,14,,,1,30,,86445,14,,,1,70,,86466,14,,,1,30,,86446,14,,,1,70,,86467,14,,,1,32,,86447,14,,,1,68,,86468,14,,,1,30,,86448,14,,,1
900,'20261007',633,,86472,14,,,1,70,,86493,14,,,1,37,,86473,14,,,1,67,,86494,14,,,1,30,,86474,14,,,1,70,,86495,14,,,1,30,,86475,14,,,1,81,,86498,14,,,1,30,,86478,14,,,1,70,,86499,14,,,1,30,,86479,14,,,1,70,,86500,14,,,1,30,,86480,14,,,1,70,,86501,14,,,1,30,,86481,14,,,1,70,,86502,14,,,1,30,,86482,14,,,1,70,,86503,14,,,1,31,,86483,14,,,1,70,,86504,14,,,1,13,,86476,14,,,1,10,,86513,14,0,6,1,10,,86484,14,,,1,50,,86496,14,,,1,10,,86515,14,0,6,1,10,,86505,14,,,1,10,,86477,14,,,1,10,,86514,14,0,6,1,10,,86485,14,,,1,52,,86497,14,,,1,15,,86506,14,,,1,30,,86486,14,,,1,70,,86507,14,,,1,30,,86487,14,,,1,69,,86508,14,,,1,30,,86488,14,,,1,70,,86509,14,,,1,30,,86489,14,,,1,70,,86510,14,,,1,30,,86490,14,,,1,70,,86511,14,,,1,32,,86491,14,,,1,68,,86512,14,,,1,30,,86492,14,,,1
900,'20261008',633,,86516,14,,,1,70,,86537,14,,,1,37,,86517,14,,,1,67,,86538,14,,,1,30,,86518,14,,,1,70,,86539,14,,,1,30,,86519,14,,,1,81,,86542,14,,,1,30,,86522,14,,,1,70,,86543,14,,,1,30,,86523,14,,,1,70,,86544,14,,,1,30,,86524,14,,,1,70,,86545,14,,,1,30,,86525,14,,,1,70,,86546,14,,,1,30,,86526,14,,,1,70,,86547,14,,,1,31,,86527,14,,,1,70,,86548,14,,,1,13,,86520,14,,,1,10,,86557,14,0,6,1,10,,86528,14,,,1,50,,86540,14,,,1,10,,86559,14,0,6,1,10,,86549,14,,,1,10,,86521,14,,,1,10,,86558,14,0,6,1,10,,86529,14,,,1,52,,86541,14,,,1,15,,86550,14,,,1,30,,86530,14,,,1,70,,86551,14,,,1,30,,86531,14,,,1,69,,86552,14,,,1,30,,86532,14,,,1,70,,86553,14,,,1,30,,86533,14,,,1,70,,86554,14,,,1,30,,86534,14,,,1,70,,86555,14,,,1,32,,86535,14,,,1,68,,86556,14,,,1,30,,86536,14,,,1
900,'20261009',633,,86560,14,,,1,70,,86581,14,,,1,37,,86561,14,,,1,67,,86582,14,,,1,30,,86562,14,,,1,70,,86583,14,,,1,30,,86563,14,,,1,81,,86586,14,,,1,30,,86566,14,,,1,70,,86587,14,,,1,30,,86567,14,,,1,70,,86588,14,,,1,30,,86568,14,,,1,70,,86589,14,,,1,30,,86569,14,,,1,70,,86590,14,,,1,30,,86570,14,,,1,70,,86591,14,,,1,31,,86571,14,,,1,70,,86592,14,,,1,13,,86564,14,,,1,10,,86602,14,0,6,1,10,,86572,14,,,1,50,,86584,14,,,1,10,,86604,14,0,6,1,10,,86593,14,,,1,10,,86565,14,,,1,10,,86603,14,0,6,1,10,,86573,14,,,1,52,,86585,14,,,1,15,,86594,14,,,1,30,,86574,14,,,1,70,,86595,14,,,1,30,,86575,14,,,1,69,,86596,14,,,1,30,,86576,14,,,1,70,,86597,14,,,1,30,,86577,14,,,1,70,,86598,14,,,1,30,,86578,14,,,1,70,,86599,14,,,1,32,,86579,14,,,1,68,,86600,14,,,1,30,,86580,14,,,1,70,,86601,14,,,1
900,'20261010',918,,86621,14,,,1,30,,86605,14,,,1,70,,86622,14,,,1,30,,86606,14,,,1,70,,86623,14,,,1,30,,86607,14,,,1,70,,86624,14,,,1,30,,86608,14,,,1,70,,86625,14,,,1,30,,86609,14,,,1,70,,86626,14,,,1,30,,86610,14,,,1,70,,86627,14,,,1,30,,86611,14,,,1,70,,86628,14,,,1,30,,86612,14,,,1,70,,86629,14,,,1,30,,86613,14,,,1,70,,86630,14,,,1,30,,86614,14,,,1,70,,86631,14,,,1,30,,86615,14,,,1,70,,86632,14,,,1,30,,86616,14,,,1,70,,86633,14,,,1,30,,86617,14,,,1,70,,86634,14,,,1,30,,86618,14,,,1,70,,86635,14,,,1,30,,86619,14,,,1,70,,86636,14,,,1,30,,86620,14,,,1,70,,86637,14,,,1
900,'20261011',918,,92163,14,,,1,30,,86638,14,,,1,70,,92164,14,,,1,30,,86639,14,,,1,70,,92165,14,,,1,30,,86640,14,,,1,70,,92166,14,,,1,30,,86641,14,,,1,70,,92167,14,,,1,30,,86642,14,,,1,70,,92168,14,,,1,30,,86643,14,,,1,70,,92169,14,,,1,30,,86644,14,,,1,70,,92170,14,,,1,30,,86645,14,,,1,70,,92171,14,,,1,30,,86646,14,,,1,70,,92172,14,,,1,30,,86647,14,,,1,70,,92173,14,,,1,30,,86648,14,,,1,70,,92174,14,,,1,30,,86649,14,,,1,70,,92175,14,,,1,30,,86650,14,,,1,70,,92176,14,,,1,30,,86651,14,,,1,70,,92177,14,,,1,30,,86652,14,,,1,70,,92178,14,,,1,30,,86653,14,,,1
900,'20261012',633,,86670,14,,,1,70,,86691,14,,,1,37,,86671,14,,,1,67,,86692,14,,,1,30,,86672,14,,,1,70,,86693,14,,,1,30,,86673,14,,,1,81,,86696,14,,,1,30,,86676,14,,,1,70,,86697,14,,,1,30,,86677,14,,,1,70,,86698,14,,,1,30,,86678,14,,,1,70,,86699,14,,,1,30,,86679,14,,,1,70,,86700,14,,,1,30,,86680,14,,,1,70,,86701,14,,,1,31,,86681,14,,,1,70,,86702,14,,,1,13,,86674,14,,,1,10,,86711,14,0,6,1,10,,86682,14,,,1,50,,86694,14,,,1,10,,86713,14,0,6,1,10,,86703,14,,,1,10,,86675,14,,,1,10,,86712,14,0,6,1,10,,86683,14,,,1,52,,86695,14,,,1,15,,86704,14,,,1,30,,86684,14,,,1,70,,86705,14,,,1,30,,86685,14,,,1,69,,86706,14,,,1,30,,86686,14,,,1,70,,86707,14,,,1,30,,86687,14,,,1,70,,86708,14,,,1,30,,86688,14,,,1,70,,86709,14,,,1,32,,86689,14,,,1,68,,86710,14,,,1,30,,86690,14,,,1
900,'20261013',633,,86714,14,,,1,70,,86735,14,,,1,37,,86715,14,,,1,67,,86736,14,,,1,30,,86716,14,,,1,70,,86737,14,,,1,30,,86717,14,,,1,81,,86740,14,,,1,30,,86720,14,,,1,70,,86741,14,,,1,30,,86721,14,,,1,70,,86742,14,,,1,30,,86722,14,,,1,70,,86743,14,,,1,30,,86723,14,,,1,70,,86744,14,,,1,30,,86724,14,,,1,70,,86745,14,,,1,31,,86725,14,,,1,70,,86746,14,,,1,13,,86718,14,,,1,10,,86755,14,0,6,1,10,,86726,14,,,1,50,,86738,14,,,1,10,,86757,14,0,6,1,10,,86747,14,,,1,10,,86719,14,,,1,10,,86756,14,0,6,1,10,,86727,14,,,1,52,,86739,14,,,1,15,,86748,14,,,1,30,,86728,14,,,1,70,,86749,14,,,1,30,,86729,14,,,1,69,,86750,14,,,1,30,,86730,14,,,1,70,,86751,14,,,1,30,,86731,14,,,1,70,,86752,14,,,1,30,,86732,14,,,1,70,,86753,14,,,1,32,,86733,14,,,1,68,,86754,14,,,1,30,,86734,14,,,1
900,'20261014',633,,86758,14,,,1,70,,86779,14,,,1,37,,86759,14,,,1,67,,86780,14,,,1,30,,86760,14,,,1,70,,86781,14,,,1,30,,86761,14,,,1,81,,86784,14,,,1,30,,86764,14,,,1,70,,86785,14,,,1,30,,86765,14,,,1,70,,86786,14,,,1,30,,86766,14,,,1,70,,86787,14,,,1,30,,86767,14,,,1,70,,86788,14,,,1,30,,86768,14,,,1,70,,86789,14,,,1,31,,86769,14,,,1,70,,86790,14,,,1,13,,86762,14,,,1,10,,86799,14,0,6,1,10,,86770,14,,,1,50,,86782,14,,,1,10,,86801,14,0,6,1,10,,86791,14,,,1,10,,86763,14,,,1,10,,86800,14,0,6,1,10,,86771,14,,,1,52,,86783,14,,,1,15,,86792,14,,,1,30,,86772,14,,,1,70,,86793,14,,,1,30,,86773,14,,,1,69,,86794,14,,,1,30,,86774,14,,,1,70,,86795,14,,,1,30,,86775,14,,,1,70,,86796,14,,,1,30,,86776,14,,,1,70,,86797,14,,,1,32,,86777,14,,,1,68,,86798,14,,,1,30,,86778,14,,,1
900,'20261015',633,,86802,14,,,1,70,,86823,14,,,1,37,,86803,14,,,1,67,,86824,14,,,1,30,,86804,14,,,1,70,,86825,14,,,1,30,,86805,14,,,1,81,,86828,14,,,1,30,,86808,14,,,1,70,,86829,14,,,1,30,,86809,14,,,1,70,,86830,14,,,1,30,,86810,14,,,1,70,,86831,14,,,1,30,,86811,14,,,1,70,,86832,14,,,1,30,,86812,14,,,1,70,,86833,14,,,1,31,,86813,14,,,1,70,,86834,14,,,1,13,,86806,14,,,1,10,,86843,14,0,6,1,10,,86814,14,,,1,50,,86826,14,,,1,10,,86845,14,0,6,1,10,,86835,14,,,1,10,,86807,14,,,1,10,,86844,14,0,6,1,10,,86815,14,,,1,52,,86827,14,,,1,15,,86836,14,,,1,30,,86816,14,,,1,70,,86837,14,,,1,30,,86817,14,,,1,69,,86838,14,,,1,30,,86818,14,,,1,70,,86839,14,,,1,30,,86819,14,,,1,70,,86840,14,,,1,30,,86820,14,,,1,70,,86841,14,,,1,32,,86821,14,,,1,68,,86842,14,,,1,30,,86822,14,,,1
900,'20261016',633,,86846,14,,,1,70,,86867,14,,,1,37,,86847,14,,,1,67,,86868,14,,,1,30,,86848,14,,,1,70,,86869,14,,,1,30,,86849,14,,,1,81,,86872,14,,,1,30,,86852,14,,,1,70,,86873,14,,,1,30,,86853,14,,,1,70,,86874,14,,,1,30,,86854,14,,,1,70,,86875,14,,,1,30,,86855,14,,,1,70,,86876,14,,,1,30,,86856,14,,,1,70,,86877,14,,,1,31,,86857,14,,,1,70,,86878,14,,,1,13,,86850,14,,,1,10,,86888,14,0,6,1,10,,86858,14,,,1,50,,86870,14,,,1,10,,86890,14,0,6,1,10,,86879,14,,,1,10,,86851,14,,,1,10,,86889,14,0,6,1,10,,86859,14,,,1,52,,86871,14,,,1,15,,86880,14,,,1,30,,86860,14,,,1,70,,86881,14,,,1,30,,86861,14,,,1,69,,86882,14,,,1,30,,86862,14,,,1,70,,86883,14,,,1,30,,86863,14,,,1,70,,86884,14,,,1,30,,86864,14,,,1,70,,86885,14,,,1,32,,86865,14,,,1,68,,86886,14,,,1,30,,86866,14,,,1,70,,86887,14,,,1
900,'20261017',918,,86907,14,,,1,30,,86891,14,,,1,70,,86908,14,,,1,30,,86892,14,,,1,70,,86909,14,,,1,30,,86893,14,,,1,70,,86910,14,,,1,30,,86894,14,,,1,70,,86911,14,,,1,30,,86895,14,,,1,70,,86912,14,,,1,30,,86896,14,,,1,70,,86913,14,,,1,30,,86897,14,,,1,70,,86914,14,,,1,30,,86898,14,,,1,70,,86915,14,,,1,30,,86899,14,,,1,70,,86916,14,,,1,30,,86900,14,,,1,70,,86917,14,,,1,30,,86901,14,,,1,70,,86918,14,,,1,30,,86902,14,,,1,70,,86919,14,,,1,30,,86903,14,,,1,70,,86920,14,,,1,30,,86904,14,,,1,70,,86921,14,,,1,30,,86905,14,,,1,70,,86922,14,,,1,30,,86906,14,,,1,70,,86923,14,,,1
900,'20261018',918,,92179,14,,,1,30,,86924,14,,,1,70,,92180,14,,,1,30,,86925,14,,,1,70,,92181,14,,,1,30,,86926,14,,,1,70,,92182,14,,,1,30,,86927,14,,,1,70,,92183,14,,,1,30,,86928,14,,,1,70,,92184,14,,,1,30,,86929,14,,,1,70,,92185,14,,,1,30,,86930,14,,,1,70,,92186,14,,,1,30,,86931,14,,,1,70,,92187,14,,,1,30,,86932,14,,,1,70,,92188,14,,,1,30,,86933,14,,,1,70,,92189,14,,,1,30,,86934,14,,,1,70,,92190,14,,,1,30,,86935,14,,,1,70,,92191,14,,,1,30,,86936,14,,,1,70,,92192,14,,,1,30,,86937,14,,,1,70,,92193,14,,,1,30,,86938,14,,,1,70,,92194,14,,,1,30,,86939,14,,,1
900,'20261019',633,,86956,14,,,1,70,,86977,14,,,1,37,,86957,14,,,1,67,,86978,14,,,1,30,,86958,14,,,1,70,,86979,14,,,1,30,,86959,14,,,1,81,,86982,14,,,1,30,,86962,14,,,1,70,,86983,14,,,1,30,,86963,14,,,1,70,,86984,14,,,1,30,,86964,14,,,1,70,,86985,14,,,1,30,,86965,14,,,1,70,,86986,14,,,1,30,,86966,14,,,1,70,,86987,14,,,1,31,,86967,14,,,1,70,,86988,14,,,1,13,,86960,14,,,1,10,,86997,14,0,6,1,10,,86968,14,,,1,50,,86980,14,,,1,10,,86999,14,0,6,1,10,,86989,14,,,1,10,,86961,14,,,1,10,,86998,14,0,6,1,10,,86969,14,,,1,52,,86981,14,,,1,15,,86990,14,,,1,30,,86970,14,,,1,70,,86991,14,,,1,30,,86971,14,,,1,69,,86992,14,,,1,30,,86972,14,,,1,70,,86993,14,,,1,30,,86973,14,,,1,70,,86994,14,,,1,30,,86974,14,,,1,70,,86995,14,,,1,32,,86975,14,,,1,68,,86996,14,,,1,30,,86976,14,,,1
900,'20261020',633,,87000,14,,,1,70,,87021,14,,,1,37,,87001,14,,,1,67,,87022,14,,,1,30,,87002,14,,,1,70,,87023,14,,,1,30,,87003,14,,,1,81,,87026,14,,,1,30,,87006,14,,,1,70,,87027,14,,,1,30,,87007,14,,,1,70,,87028,14,,,1,30,,87008,14,,,1,70,,87029,14,,,1,30,,87009,14,,,1,70,,87030,14,,,1,30,,87010,14,,,1,70,,87031,14,,,1,31,,87011,14,,,1,70,,87032,14,,,1,13,,87004,14,,,1,10,,87041,14,0,6,1,10,,87012,14,,,1,50,,87024,14,,,1,10,,87043,14,0,6,1,10,,87033,14,,,1,10,,87005,14,,,1,10,,87042,14,0,6,1,10,,87013,14,,,1,52,,87025,14,,,1,15,,87034,14,,,1,30,,87014,14,,,1,70,,87035,14,,,1,30,,87015,14,,,1,69,,87036,14,,,1,30,,87016,14,,,1,70,,87037,14,,,1,30,,87017,14,,,1,70,,87038,14,,,1,30,,87018,14,,,1,70,,87039,14,,,1,32,,87019,14,,,1,68,,87040,14,,,1,30,,87020,14,,,1
900,'20261021',633,,87044,14,,,1,70,,87065,14,,,1,37,,87045,14,,,1,67,,87066,14,,,1,30,,87046,14,,,1,70,,87067,14,,,1,30,,87047,14,,,1,81,,87070,14,,,1,30,,87050,14,,,1,70,,87071,14,,,1,30,,87051,14,,,1,70,,87072,14,,,1,30,,87052,14,,,1,70,,87073,14,,,1,30,,87053,14,,,1,70,,87074,14,,,1,30,,87054,14,,,1,70,,87075,14,,,1,31,,87055,14,,,1,70,,87076,14,,,1,13,,87048,14,,,1,10,,87085,14,0,6,1,10,,87056,14,,,1,50,,87068,14,,,1,10,,87087,14,0,6,1,10,,87077,14,,,1,10,,87049,14,,,1,10,,87086,14,0,6,1,10,,87057,14,,,1,52,,87069,14,,,1,15,,87078,14,,,1,30,,87058,14,,,1,70,,87079,14,,,1,30,,87059,14,,,1,69,,87080,14,,,1,30,,87060,14,,,1,70,,87081,14,,,1,30,,87061,14,,,1,70,,87082,14,,,1,30,,87062,14,,,1,70,,87083,14,,,1,32,,87063,14,,,1,68,,87084,14,,,1,30,,87064,14,,,1
900,'20261022',633,,87088,14,,,1,70,,87109,14,,,1,37,,87089,14,,,1,67,,87110,14,,,1,30,,87090,14,,,1,70,,87111,14,,,1,30,,87091,14,,,1,81,,87114,14,,,1,30,,87094,14,,,1,70,,87115,14,,,1,30,,87095,14,,,1,70,,87116,14,,,1,30,,87096,14,,,1,70,,87117,14,,,1,30,,87097,14,,,1,70,,87118,14,,,1,30,,87098,14,,,1,70,,87119,14,,,1,31,,87099,14,,,1,70,,87120,14,,,1,13,,87092,14,,,1,10,,87129,14,0,6,1,10,,87100,14,,,1,50,,87112,14,,,1,10,,87131,14,0,6,1,10,,87121,14,,,1,10,,87093,14,,,1,10,,87130,14,0,6,1,10,,87101,14,,,1,52,,87113,14,,,1,15,,87122,14,,,1,30,,87102,14,,,1,70,,87123,14,,,1,30,,87103,14,,,1,69,,87124,14,,,1,30,,87104,14,,,1,70,,87125,14,,,1,30,,87105,14,,,1,70,,87126,14,,,1,30,,87106,14,,,1,70,,87127,14,,,1,32,,87107,14,,,1,68,,87128,14,,,1,30,,87108,14,,,1
900,'20261023',633,,87132,14,,,1,70,,87153,14,,,1,37,,87133,14,,,1,67,,87154,14,,,1,30,,87134,14,,,1,70,,87155,14,,,1,30,,87135,14,,,1,81,,87158,14,,,1,30,,87138,14,,,1,70,,87159,14,,,1,30,,87139,14,,,1,70,,87160,14,,,1,30,,87140,14,,,1,70,,87161,14,,,1,30,,87141,14,,,1,70,,87162,14,,,1,30,,87142,14,,,1,70,,87163,14,,,1,31,,87143,14,,,1,70,,87164,14,,,1,13,,87136,14,,,1,10,,87174,14,0,6,1,10,,87144,14,,,1,50,,87156,14,,,1,10,,87176,14,0,6,1,10,,87165,14,,,1,10,,87137,14,,,1,10,,87175,14,0,6,1,10,,87145,14,,,1,52,,87157,14,,,1,15,,87166,14,,,1,30,,87146,14,,,1,70,,87167,14,,,1,30,,87147,14,,,1,69,,87168,14,,,1,30,,87148,14,,,1,70,,87169,14,,,1,30,,87149,14,,,1,70,,87170,14,,,1,30,,87150,14,,,1,70,,87171,14,,,1,32,,87151,14,,,1,68,,87172,14,,,1,30,,87152,14,,,1,70,,87173,14,,,1
900,'20261024',918,,87193,14,,,1,30,,87177,14,,,1,70,,87194,14,,,1,30,,87178,14,,,1,70,,87195,14,,,1,30,,87179,14,,,1,70,,87196,14,,,1,30,,87180,14,,,1,70,,87197,14,,,1,30,,87181,14,,,1,70,,87198,14,,,1,30,,87182,14,,,1,70,,87199,14,,,1,30,,87183,14,,,1,70,,87200,14,,,1,30,,87184,14,,,1,70,,87201,14,,,1,30,,87185,14,,,1,70,,87202,14,,,1,30,,87186,14,,,1,70,,87203,14,,,1,30,,87187,14,,,1,70,,87204,14,,,1,30,,87188,14,,,1,70,,87205,14,,,1,30,,87189,14,,,1,70,,87206,14,,,1,30,,87190,14,,,1,70,,87207,14,,,1,30,,87191,14,,,1,70,,87208,14,,,1,30,,87192,14,,,1,70,,87209,14,,,1
900,'20261025',918,,92195,14,,,1,30,,87210,14,,,1,70,,92196,14,,,1,30,,87211,14,,,1,70,,92197,14,,,1,30,,87212,14,,,1,70,,92198,14,,,1,30,,87213,14,,,1,70,,92199,14,,,1,30,,87214,14,,,1,70,,92200,14,,,1,30,,87215,14,,,1,70,,92201,14,,,1,30,,87216,14,,,1,70,,92202,14,,,1,30,,87217,14,,,1,70,,92203,14,,,1,30,,87218,14,,,1,70,,92204,14,,,1,30,,87219,14,,,1,70,,92205,14,,,1,30,,87220,14,,,1,70,,92206,14,,,1,30,,87221,14,,,1,70,,92207,14,,,1,30,,87222,14,,,1,70,,92208,14,,,1,30,,87223,14,,,1,70,,92209,14,,,1,30,,87224,14,,,1,70,,92210,14,,,1,30,,87225,14,,,1
900,'20261026',633,,87242,14,,,1,70,,87263,14,,,1,37,,87243,14,,,1,67,,87264,14,,,1,30,,87244,14,,,1,70,,87265,14,,,1,30,,87245,14,,,1,81,,87268,14,,,1,30,,87248,14,,,1,70,,87269,14,,,1,30,,87249,14,,,1,70,,87270,14,,,1,30,,87250,14,,,1,70,,87271,14,,,1,30,,87251,14,,,1,70,,87272,14,,,1,30,,87252,14,,,1,70,,87273,14,,,1,31,,87253,14,,,1,70,,87274,14,,,1,13,,87246,14,,,1,10,,87283,14,0,6,1,10,,87254,14,,,1,50,,87266,14,,,1,10,,87285,14,0,6,1,10,,87275,14,,,1,10,,87247,14,,,1,10,,87284,14,0,6,1,10,,87255,14,,,1,52,,87267,14,,,1,15,,87276,14,,,1,30,,87256,14,,,1,70,,87277,14,,,1,30,,87257,14,,,1,69,,87278,14,,,1,30,,87258,14,,,1,70,,87279,14,,,1,30,,87259,14,,,1,70,,87280,14,,,1,30,,87260,14,,,1,70,,87281,14,,,1,32,,87261,14,,,1,68,,87282,14,,,1,30,,87262,14,,,1
900,'20261027',633,,87286,14,,,1,70,,87307,14,,,1,37,,87287,14,,,1,67,,87308,14,,,1,30,,87288,14,,,1,70,,87309,14,,,1,30,,87289,14,,,1,81,,87312,14,,,1,30,,87292,14,,,1,70,,87313,14,,,1,30,,87293,14,,,1,70,,87314,14,,,1,30,,87294,14,,,1,70,,87315,14,,,1,30,,87295,14,,,1,70,,87316,14,,,1,30,,87296,14,,,1,70,,87317,14,,,1,31,,87297,14,,,1,70,,87318,14,,,1,13,,87290,14,,,1,10,,87327,14,0,6,1,10,,87298,14,,,1,50,,87310,14,,,1,10,,87329,14,0,6,1,10,,87319,14,,,1,10,,87291,14,,,1,10,,87328,14,0,6,1,10,,87299,14,,,1,52,,87311,14,,,1,15,,87320,14,,,1,30,,87300,14,,,1,70,,87321,14,,,1,30,,87301,14,,,1,69,,87322,14,,,1,30,,87302,14,,,1,70,,87323,14,,,1,30,,87303,14,,,1,70,,87324,14,,,1,30,,87304,14,,,1,70,,87325,14,,,1,32,,87305,14,,,1,68,,87326,14,,,1,30,,87306,14,,,1
900,'20261028',633,,87330,14,,,1,70,,87351,14,,,1,37,,87331,14,,,1,67,,87352,14,,,1,30,,87332,14,,,1,70,,87353,14,,,1,30,,87333,14,,,1,81,,87356,14,,,1,30,,87336,14,,,1,70,,87357,14,,,1,30,,87337,14,,,1,70,,87358,14,,,1,30,,87338,14,,,1,70,,87359,14,,,1,30,,87339,14,,,1,70,,87360,14,,,1,30,,87340,14,,,1,70,,87361,14,,,1,31,,87341,14,,,1,70,,87362,14,,,1,13,,87334,14,,,1,10,,87371,14,0,6,1,10,,87342,14,,,1,50,,87354,14,,,1,10,,87373,14,0,6,1,10,,87363,14,,,1,10,,87335,14,,,1,10,,87372,14,0,6,1,10,,87343,14,,,1,52,,87355,14,,,1,15,,87364,14,,,1,30,,87344,14,,,1,70,,87365,14,,,1,30,,87345,14,,,1,69,,87366,14,,,1,30,,87346,14,,,1,70,,87367,14,,,1,30,,87347,14,,,1,70,,87368,14,,,1,30,,87348,14,,,1,70,,87369,14,,,1,32,,87349,14,,,1,68,,87370,14,,,1,30,,87350,14,,,1
900,'20261029',633,,87374,14,,,1,70,,87395,14,,,1,37,,87375,14,,,1,67,,87396,14,,,1,30,,87376,14,,,1,70,,87397,14,,,1,30,,87377,14,,,1,81,,87400,14,,,1,30,,87380,14,,,1,70,,87401,14,,,1,30,,87381,14,,,1,70,,87402,14,,,1,30,,87382,14,,,1,70,,87403,14,,,1,30,,87383,14,,,1,70,,87404,14,,,1,30,,87384,14,,,1,70,,87405,14,,,1,31,,87385,14,,,1,70,,87406,14,,,1,13,,87378,14,,,1,10,,87415,14,0,6,1,10,,87386,14,,,1,50,,87398,14,,,1,10,,87417,14,0,6,1,10,,87407,14,,,1,10,,87379,14,,,1,10,,87416,14,0,6,1,10,,87387,14,,,1,52,,87399,14,,,1,15,,87408,14,,,1,30,,87388,14,,,1,70,,87409,14,,,1,30,,87389,14,,,1,69,,87410,14,,,1,30,,87390,14,,,1,70,,87411,14,,,1,30,,87391,14,,,1,70,,87412,14,,,1,30,,87392,14,,,1,70,,87413,14,,,1,32,,87393,14,,,1,68,,87414,14,,,1,30,,87394,14,,,1
900,'20261030',633,,87418,14,,,1,70,,87439,14,,,1,37,,87419,14,,,1,67,,87440,14,,,1,30,,87420,14,,,1,70,,87441,14,,,1,30,,87421,14,,,1,81,,87444,14,,,1,30,,87424,14,,,1,70,,87445,14,,,1,30,,87425,14,,,1,70,,87446,14,,,1,30,,87426,14,,,1,70,,87447,14,,,1,30,,87427,14,,,1,70,,87448,14,,,1,30,,87428,14,,,1,70,,87449,14,,,1,31,,87429,14,,,1,70,,87450,14,,,1,13,,87422,14,,,1,10,,87460,14,0,6,1,10,,87430,14,,,1,50,,87442,14,,,1,10,,87462,14,0,6,1,10,,87451,14,,,1,10,,87423,14,,,1,10,,87461,14,0,6,1,10,,87431,14,,,1,52,,87443,14,,,1,15,,87452,14,,,1,30,,87432,14,,,1,70,,87453,14,,,1,30,,87433,14,,,1,69,,87454,14,,,1,30,,87434,14,,,1,70,,87455,14,,,1,30,,87435,14,,,1,70,,87456,14,,,1,30,,87436,14,,,1,70,,87457,14,,,1,32,,87437,14,,,1,68,,87458,14,,,1,30,,87438,14,,,1,70,,87459,14,,,1
900,'20261031',918,,87479,14,,,1,30,,87463,14,,,1,70,,87480,14,,,1,30,,87464,14,,,1,70,,87481,14,,,1,30,,87465,14,,,1,70,,87482,14,,,1,30,,87466,14,,,1,70,,87483,14,,,1,30,,87467,14,,,1,70,,87484,14,,,1,30,,87468,14,,,1,70,,87485,14,,,1,30,,87469,14,,,1,70,,87486,14,,,1,30,,87470,14,,,1,70,,87487,14,,,1,30,,87471,14,,,1,70,,87488,14,,,1,30,,87472,14,,,1,70,,87489,14,,,1,30,,87473,14,,,1,70,,87490,14,,,1,30,,87474,14,,,1,70,,87491,14,,,1,30,,87475,14,,,1,70,,87492,14,,,1,30,,87476,14,,,1,70,,87493,14,,,1,30,,87477,14,,,1,70,,87494,14,,,1,30,,87478,14,,,1,70,,87495,14,,,1
900,'20261101',918,,92211,14,,,1,30,,87496,14,,,1,70,,92212,14,,,1,30,,87497,14,,,1,70,,92213,14,,,1,30,,87498,14,,,1,70,,92214,14,,,1,30,,87499,14,,,1,70,,92215,14,,,1,30,,87500,14,,,1,70,,92216,14,,,1,30,,87501,14,,,1,70,,92217,14,,,1,30,,87502,14,,,1,70,,92218,14,,,1,30,,87503,14,,,1,70,,92219,14,,,1,30,,87504,14,,,1,70,,92220,14,,,1,30,,87505,14,,,1,70,,92221,14,,,1,30,,87506,14,,,1,70,,92222,14,,,1,30,,87507,14,,,1,70,,92223,14,,,1,30,,87508,14,,,1,70,,92224,14,,,1,30,,87509,14,,,1,70,,92225,14,,,1,30,,87510,14,,,1,70,,92226,14,,,1,30,,87511,14,,,1
900,'20261102',633,,87528,14,,,1,70,,87549,14,,,1,37,,87529,14,,,1,67,,87550,14,,,1,30,,87530,14,,,1,70,,87551,14,,,1,30,,87531,14,,,1,81,,87554,14,,,1,30,,87534,14,,,1,70,,87555,14,,,1,30,,87535,14,,,1,70,,87556,14,,,1,30,,87536,14,,,1,70,,87557,14,,,1,30,,87537,14,,,1,70,,87558,14,,,1,30,,87538,14,,,1,70,,87559,14,,,1,31,,87539,14,,,1,70,,87560,14,,,1,13,,87532,14,,,1,10,,87569,14,0,6,1,10,,87540,14,,,1,50,,87552,14,,,1,10,,87571,14,0,6,1,10,,87561,14,,,1,10,,87533,14,,,1,10,,87570,14,0,6,1,10,,87541,14,,,1,52,,87553,14,,,1,15,,87562,14,,,1,30,,87542,14,,,1,70,,87563,14,,,1,30,,87543,14,,,1,69,,87564,14,,,1,30,,87544,14,,,1,70,,87565,14,,,1,30,,87545,14,,,1,70,,87566,14,,,1,30,,87546,14,,,1,70,,87567,14,,,1,32,,87547,14,,,1,68,,87568,14,,,1,30,,87548,14,,,1
900,'20261103',633,,87572,14,,,1,70,,87593,14,,,1,37,,87573,14,,,1,67,,87594,14,,,1,30,,87574,14,,,1,70,,87595,14,,,1,30,,87575,14,,,1,81,,87598,14,,,1,30,,87578,14,,,1,70,,87599,14,,,1,30,,87579,14,,,1,70,,87600,14,,,1,30,,87580,14,,,1,70,,87601,14,,,1,30,,87581,14,,,1,70,,87602,14,,,1,30,,87582,14,,,1,70,,87603,14,,,1,31,,87583,14,,,1,70,,87604,14,,,1,13,,87576,14,,,1,10,,87613,14,0,6,1,10,,87584,14,,,1,50,,87596,14,,,1,10,,87615,14,0,6,1,10,,87605,14,,,1,10,,87577,14,,,1,10,,87614,14,0,6,1,10,,87585,14,,,1,52,,87597,14,,,1,15,,87606,14,,,1,30,,87586,14,,,1,70,,87607,14,,,1,30,,87587,14,,,1,69,,87608,14,,,1,30,,87588,14,,,1,70,,87609,14,,,1,30,,87589,14,,,1,70,,87610,14,,,1,30,,87590,14,,,1,70,,87611,14,,,1,32,,87591,14,,,1,68,,87612,14,,,1,30,,87592,14,,,1
900,'20261104',633,,87616,14,,,1,70,,87637,14,,,1,37,,87617,14,,,1,67,,87638,14,,,1,30,,87618,14,,,1,70,,87639,14,,,1,30,,87619,14,,,1,81,,87642,14,,,1,30,,87622,14,,,1,70,,87643,14,,,1,30,,87623,14,,,1,70,,87644,14,,,1,30,,87624,14,,,1,70,,87645,14,,,1,30,,87625,14,,,1,70,,87646,14,,,1,30,,87626,14,,,1,70,,87647,14,,,1,31,,87627,14,,,1,70,,87648,14,,,1,13,,87620,14,,,1,10,,87657,14,0,6,1,10,,87628,14,,,1,50,,87640,14,,,1,10,,87659,14,0,6,1,10,,87649,14,,,1,10,,87621,14,,,1,10,,87658,14,0,6,1,10,,87629,14,,,1,52,,87641,14,,,1,15,,87650,14,,,1,30,,87630,14,,,1,70,,87651,14,,,1,30,,87631,14,,,1,69,,87652,14,,,1,30,,87632,14,,,1,70,,87653,14,,,1,30,,87633,14,,,1,70,,87654,14,,,1,30,,87634,14,,,1,70,,87655,14,,,1,32,,87635,14,,,1,68,,87656,14,,,1,30,,87636,14,,,1
900,'20261105',633,,87660,14,,,1,70,,87681,14,,,1,37,,87661,14,,,1,67,,87682,14,,,1,30,,87662,14,,,1,70,,87683,14,,,1,30,,87663,14,,,1,81,,87686,14,,,1,30,,87666,14,,,1,70,,87687,14,,,1,30,,87667,14,,,1,70,,87688,14,,,1,30,,87668,14,,,1,70,,87689,14,,,1,30,,87669,14,,,1,70,,87690,14,,,1,30,,87670,14,,,1,70,,87691,14,,,1,31,,87671,14,,,1,70,,87692,14,,,1,13,,87664,14,,,1,10,,87701,14,0,6,1,10,,87672,14,,,1,50,,87684,14,,,1,10,,87703,14,0,6,1,10,,87693,14,,,1,10,,87665,14,,,1,10,,87702,14,0,6,1,10,,87673,14,,,1,52,,87685,14,,,1,15,,87694,14,,,1,30,,87674,14,,,1,70,,87695,14,,,1,30,,87675,14,,,1,69,,87696,14,,,1,30,,87676,14,,,1,70,,87697,14,,,1,30,,87677,14,,,1,70,,87698,14,,,1,30,,87678,14,,,1,70,,87699,14,,,1,32,,87679,14,,,1,68,,87700,14,,,1,30,,87680,14,,,1
900,'20261106',633,,87704,14,,,1,70,,87725,14,,,1,37,,87705,14,,,1,67,,87726,14,,,1,30,,87706,14,,,1,70,,87727,14,,,1,30,,87707,14,,,1,81,,87730,14,,,1,30,,87710,14,,,1,70,,87731,14,,,1,30,,87711,14,,,1,70,,87732,14,,,1,30,,87712,14,,,1,70,,87733,14,,,1,30,,87713,14,,,1,70,,87734,14,,,1,30,,87714,14,,,1,70,,87735,14,,,1,31,,87715,14,,,1,70,,87736,14,,,1,13,,87708,14,,,1,10,,87746,14,0,6,1,10,,87716,14,,,1,50,,87728,14,,,1,10,,87748,14,0,6,1,10,,87737,14,,,1,10,,87709,14,,,1,10,,87747,14,0,6,1,10,,87717,14,,,1,52,,87729,14,,,1,15,,87738,14,,,1,30,,87718,14,,,1,70,,87739,14,,,1,30,,87719,14,,,1,69,,87740,14,,,1,30,,87720,14,,,1,70,,87741,14,,,1,30,,87721,14,,,1,70,,87742,14,,,1,30,,87722,14,,,1,70,,87743,14,,,1,32,,87723,14,,,1,68,,87744,14,,,1,30,,87724,14,,,1,70,,87745,14,,,1
900,'20261107',918,,87765,14,,,1,30,,87749,14,,,1,70,,87766,14,,,1,30,,87750,14,,,1,70,,87767,14,,,1,30,,87751,14,,,1,70,,87768,14,,,1,30,,87752,14,,,1,70,,87769,14,,,1,30,,87753,14,,,1,70,,87770,14,,,1,30,,87754,14,,,1,70,,87771,14,,,1,30,,87755,14,,,1,70,,87772,14,,,1,30,,87756,14,,,1,70,,87773,14,,,1,30,,87757,14,,,1,70,,87774,14,,,1,30,,87758,14,,,1,70,,87775,14,,,1,30,,87759,14,,,1,70,,87776,14,,,1,30,,87760,14,,,1,70,,87777,14,,,1,30,,87761,14,,,1,70,,87778,14,,,1,30,,87762,14,,,1,70,,87779,14,,,1,30,,87763,14,,,1,70,,87780,14,,,1,30,,87764,14,,,1,70,,87781,14,,,1
900,'20261108',918,,92227,14,,,1,30,,87782,14,,,1,70,,92228,14,,,1,30,,87783,14,,,1,70,,92229,14,,,1,30,,87784,14,,,1,70,,92230,14,,,1,30,,87785,14,,,1,70,,92231,14,,,1,30,,87786,14,,,1,70,,92232,14,,,1,30,,87787,14,,,1,70,,92233,14,,,1,30,,87788,14,,,1,70,,92234,14,,,1,30,,87789,14,,,1,70,,92235,14,,,1,30,,87790,14,,,1,70,,92236,14,,,1,30,,87791,14,,,1,70,,92237,14,,,1,30,,87792,14,,,1,70,,92238,14,,,1,30,,87793,14,,,1,70,,92239,14,,,1,30,,87794,14,,,1,70,,92240,14,,,1,30,,87795,14,,,1,70,,92241,14,,,1,30,,87796,14,,,1,70,,92242,14,,,1,30,,87797,14,,,1
900,'20261109',633,,87814,14,,,1,70,,87835,14,,,1,37,,87815,14,,,1,67,,87836,14,,,1,30,,87816,14,,,1,70,,87837,14,,,1,30,,87817,14,,,1,81,,87840,14,,,1,30,,87820,14,,,1,70,,87841,14,,,1,30,,87821,14,,,1,70,,87842,14,,,1,30,,87822,14,,,1,70,,87843,14,,,1,30,,87823,14,,,1,70,,87844,14,,,1,30,,87824,14,,,1,70,,87845,14,,,1,31,,87825,14,,,1,70,,87846,14,,,1,13,,87818,14,,,1,10,,87855,14,0,6,1,10,,87826,14,,,1,50,,87838,14,,,1,10,,87857,14,0,6,1,10,,87847,14,,,1,10,,87819,14,,,1,10,,87856,14,0,6,1,10,,87827,14,,,1,52,,87839,14,,,1,15,,87848,14,,,1,30,,87828,14,,,1,70,,87849,14,,,1,30,,87829,14,,,1,69,,87850,14,,,1,30,,87830,14,,,1,70,,87851,14,,,1,30,,87831,14,,,1,70,,87852,14,,,1,30,,87832,14,,,1,70,,87853,14,,,1,32,,87833,14,,,1,68,,87854,14,,,1,30,,87834,14,,,1
900,'20261110',633,,87858,14,,,1,70,,87879,14,,,1,37,,87859,14,,,1,67,,87880,14,,,1,30,,87860,14,,,1,70,,87881,14,,,1,30,,87861,14,,,1,81,,87884,14,,,1,30,,87864,14,,,1,70,,87885,14,,,1,30,,87865,14,,,1,70,,87886,14,,,1,30,,87866,14,,,1,70,,87887,14,,,1,30,,87867,14,,,1,70,,87888,14,,,1,30,,87868,14,,,1,70,,87889,14,,,1,31,,87869,14,,,1,70,,87890,14,,,1,13,,87862,14,,,1,10,,87899,14,0,6,1,10,,87870,14,,,1,50,,87882,14,,,1,10,,87901,14,0,6,1,10,,87891,14,,,1,10,,87863,14,,,1,10,,87900,14,0,6,1,10,,87871,14,,,1,52,,87883,14,,,1,15,,87892,14,,,1,30,,87872,14,,,1,70,,87893,14,,,1,30,,87873,14,,,1,69,,87894,14,,,1,30,,87874,14,,,1,70,,87895,14,,,1,30,,87875,14,,,1,70,,87896,14,,,1,30,,87876,14,,,1,70,,87897,14,,,1,32,,87877,14,,,1,68,,87898,14,,,1,30,,87878,14,,,1
900,'20261111',633,,87902,14,,,1,70,,87923,14,,,1,37,,87903,14,,,1,67,,87924,14,,,1,30,,87904,14,,,1,70,,87925,14,,,1,30,,87905,14,,,1,81,,87928,14,,,1,30,,87908,14,,,1,70,,87929,14,,,1,30,,87909,14,,,1,70,,87930,14,,,1,30,,87910,14,,,1,70,,87931,14,,,1,30,,87911,14,,,1,70,,87932,14,,,1,30,,87912,14,,,1,70,,87933,14,,,1,31,,87913,14,,,1,70,,87934,14,,,1,13,,87906,14,,,1,10,,87943,14,0,6,1,10,,87914,14,,,1,50,,87926,14,,,1,10,,87945,14,0,6,1,10,,87935,14,,,1,10,,87907,14,,,1,10,,87944,14,0,6,1,10,,87915,14,,,1,52,,87927,14,,,1,15,,87936,14,,,1,30,,87916,14,,,1,70,,87937,14,,,1,30,,87917,14,,,1,69,,87938,14,,,1,30,,87918,14,,,1,70,,87939,14,,,1,30,,87919,14,,,1,70,,87940,14,,,1,30,,87920,14,,,1,70,,87941,14,,,1,32,,87921,14,,,1,68,,87942,14,,,1,30,,87922,14,,,1
900,'20261112',633,,87946,14,,,1,70,,87967,14,,,1,37,,87947,14,,,1,67,,87968,14,,,1,30,,87948,14,,,1,70,,87969,14,,,1,30,,87949,14,,,1,81,,87972,14,,,1,30,,87952,14,,,1,70,,87973,14,,,1,30,,87953,14,,,1,70,,87974,14,,,1,30,,87954,14,,,1,70,,87975,14,,,1,30,,87955,14,,,1,70,,87976,14,,,1,30,,87956,14,,,1,70,,87977,14,,,1,31,,87957,14,,,1,70,,87978,14,,,1,13,,87950,14,,,1,10,,87987,14,0,6,1,10,,87958,14,,,1,50,,87970,14,,,1,10,,87989,14,0,6,1,10,,87979,14,,,1,10,,87951,14,,,1,10,,87988,14,0,6,1,10,,87959,14,,,1,52,,87971,14,,,1,15,,87980,14,,,1,30,,87960,14,,,1,70,,87981,14,,,1,30,,87961,14,,,1,69,,87982,14,,,1,30,,87962,14,,,1,70,,87983,14,,,1,30,,87963,14,,,1,70,,87984,14,,,1,30,,87964,14,,,1,70,,87985,14,,,1,32,,87965,14,,,1,68,,87986,14,,,1,30,,87966,14,,,1
900,'20261113',633,,87990,14,,,1,70,,88011,14,,,1,37,,87991,14,,,1,67,,88012,14,,,1,30,,87992,14,,,1,70,,88013,14,,,1,30,,87993,14,,,1,81,,88016,14,,,1,30,,87996,14,,,1,70,,88017,14,,,1,30,,87997,14,,,1,70,,88018,14,,,1,30,,87998,14,,,1,70,,88019,14,,,1,30,,87999,14,,,1,70,,88020,14,,,1,30,,88000,14,,,1,70,,88021,14,,,1,31,,88001,14,,,1,70,,88022,14,,,1,13,,87994,14,,,1,10,,88032,14,0,6,1,10,,88002,14,,,1,50,,88014,14,,,1,10,,88034,14,0,6,1,10,,88023,14,,,1,10,,87995,14,,,1,10,,88033,14,0,6,1,10,,88003,14,,,1,52,,88015,14,,,1,15,,88024,14,,,1,30,,88004,14,,,1,70,,88025,14,,,1,30,,88005,14,,,1,69,,88026,14,,,1,30,,88006,14,,,1,70,,88027,14,,,1,30,,88007,14,,,1,70,,88028,14,,,1,30,,88008,14,,,1,70,,88029,14,,,1,32,,88009,14,,,1,68,,88030,14,,,1,30,,88010,14,,,1,70,,88031,14,,,1
900,'20261114',918,,88051,14,,,1,30,,88035,14,,,1,70,,88052,14,,,1,30,,88036,14,,,1,70,,88053,14,,,1,30,,88037,14,,,1,70,,88054,14,,,1,30,,88038,14,,,1,70,,88055,14,,,1,30,,88039,14,,,1,70,,88056,14,,,1,30,,88040,14,,,1,70,,88057,14,,,1,30,,88041,14,,,1,70,,88058,14,,,1,30,,88042,14,,,1,70,,88059,14,,,1,30,,88043,14,,,1,70,,88060,14,,,1,30,,88044,14,,,1,70,,88061,14,,,1,30,,88045,14,,,1,70,,88062,14,,,1,30,,88046,14,,,1,70,,88063,14,,,1,30,,88047,14,,,1,70,,88064,14,,,1,30,,88048,14,,,1,70,,88065,14,,,1,30,,88049,14,,,1,70,,88066,14,,,1,30,,88050,14,,,1,70,,88067,14,,,1
900,'20261115',918,,92243,14,,,1,30,,88068,14,,,1,70,,92244,14,,,1,30,,88069,14,,,1,70,,92245,14,,,1,30,,88070,14,,,1,70,,92246,14,,,1,30,,88071,14,,,1,70,,92247,14,,,1,30,,88072,14,,,1,70,,92248,14,,,1,30,,88073,14,,,1,70,,92249,14,,,1,30,,88074,14,,,1,70,,92250,14,,,1,30,,88075,14,,,1,70,,92251,14,,,1,30,,88076,14,,,1,70,,92252,14,,,1,30,,88077,14,,,1,70,,92253,14,,,1,30,,88078,14,,,1,70,,92254,14,,,1,30,,88079,14,,,1,70,,92255,14,,,1,30,,88080,14,,,1,70,,92256,14,,,1,30,,88081,14,,,1,70,,92257,14,,,1,30,,88082,14,,,1,70,,92258,14,,,1,30,,88083,14,,,1
900,'20261116',633,,88100,14,,,1,70,,88121,14,,,1,37,,88101,14,,,1,67,,88122,14,,,1,30,,88102,14,,,1,70,,88123,14,,,1,30,,88103,14,,,1,81,,88126,14,,,1,30,,88106,14,,,1,70,,88127,14,,,1,30,,88107,14,,,1,70,,88128,14,,,1,30,,88108,14,,,1,70,,88129,14,,,1,30,,88109,14,,,1,70,,88130,14,,,1,30,,88110,14,,,1,70,,88131,14,,,1,31,,88111,14,,,1,70,,88132,14,,,1,13,,88104,14,,,1,10,,88141,14,0,6,1,10,,88112,14,,,1,50,,88124,14,,,1,10,,88143,14,0,6,1,10,,88133,14,,,1,10,,88105,14,,,1,10,,88142,14,0,6,1,10,,88113,14,,,1,52,,88125,14,,,1,15,,88134,14,,,1,30,,88114,14,,,1,70,,88135,14,,,1,30,,88115,14,,,1,69,,88136,14,,,1,30,,88116,14,,,1,70,,88137,14,,,1,30,,88117,14,,,1,70,,88138,14,,,1,30,,88118,14,,,1,70,,88139,14,,,1,32,,88119,14,,,1,68,,88140,14,,,1,30,,88120,14,,,1
900,'20261117',633,,88144,14,,,1,70,,88165,14,,,1,37,,88145,14,,,1,67,,88166,14,,,1,30,,88146,14,,,1,70,,88167,14,,,1,30,,88147,14,,,1,81,,88170,14,,,1,30,,88150,14,,,1,70,,88171,14,,,1,30,,88151,14,,,1,70,,88172,14,,,1,30,,88152,14,,,1,70,,88173,14,,,1,30,,88153,14,,,1,70,,88174,14,,,1,30,,88154,14,,,1,70,,88175,14,,,1,31,,88155,14,,,1,70,,88176,14,,,1,13,,88148,14,,,1,10,,88185,14,0,6,1,10,,88156,14,,,1,50,,88168,14,,,1,10,,88187,14,0,6,1,10,,88177,14,,,1,10,,88149,14,,,1,10,,88186,14,0,6,1,10,,88157,14,,,1,52,,88169,14,,,1,15,,88178,14,,,1,30,,88158,14,,,1,70,,88179,14,,,1,30,,88159,14,,,1,69,,88180,14,,,1,30,,88160,14,,,1,70,,88181,14,,,1,30,,88161,14,,,1,70,,88182,14,,,1,30,,88162,14,,,1,70,,88183,14,,,1,32,,88163,14,,,1,68,,88184,14,,,1,30,,88164,14,,,1
900,'20261118',633,,88188,14,,,1,70,,88209,14,,,1,37,,88189,14,,,1,67,,88210,14,,,1,30,,88190,14,,,1,70,,88211,14,,,1,30,,88191,14,,,1,81,,88214,14,,,1,30,,88194,14,,,1,70,,88215,14,,,1,30,,88195,14,,,1,70,,88216,14,,,1,30,,88196,14,,,1,70,,88217,14,,,1,30,,88197,14,,,1,70,,88218,14,,,1,30,,88198,14,,,1,70,,88219,14,,,1,31,,88199,14,,,1,70,,88220,14,,,1,13,,88192,14,,,1,10,,88229,14,0,6,1,10,,88200,14,,,1,50,,88212,14,,,1,10,,88231,14,0,6,1,10,,88221,14,,,1,10,,88193,14,,,1,10,,88230,14,0,6,1,10,,88201,14,,,1,52,,88213,14,,,1,15,,88222,14,,,1,30,,88202,14,,,1,70,,88223,14,,,1,30,,88203,14,,,1,69,,88224,14,,,1,30,,88204,14,,,1,70,,88225,14,,,1,30,,88205,14,,,1,70,,88226,14,,,1,30,,88206,14,,,1,70,,88227,14,,,1,32,,88207,14,,,1,68,,88228,14,,,1,30,,88208,14,,,1
900,'20261119',633,,88232,14,,,1,70,,88253,14,,,1,37,,88233,14,,,1,67,,88254,14,,,1,30,,88234,14,,,1,70,,88255,14,,,1,30,,88235,14,,,1,81,,88258,14,,,1,30,,88238,14,,,1,70,,88259,14,,,1,30,,88239,14,,,1,70,,88260,14,,,1,30,,88240,14,,,1,70,,88261,14,,,1,30,,88241,14,,,1,70,,88262,14,,,1,30,,88242,14,,,1,70,,88263,14,,,1,31,,88243,14,,,1,70,,88264,14,,,1,13,,88236,14,,,1,10,,88273,14,0,6,1,10,,88244,14,,,1,50,,88256,14,,,1,10,,88275,14,0,6,1,10,,88265,14,,,1,10,,88237,14,,,1,10,,88274,14,0,6,1,10,,88245,14,,,1,52,,88257,14,,,1,15,,88266,14,,,1,30,,88246,14,,,1,70,,88267,14,,,1,30,,88247,14,,,1,69,,88268,14,,,1,30,,88248,14,,,1,70,,88269,14,,,1,30,,88249,14,,,1,70,,88270,14,,,1,30,,88250,14,,,1,70,,88271,14,,,1,32,,88251,14,,,1,68,,88272,14,,,1,30,,88252,14,,,1
900,'20261120',633,,88276,14,,,1,70,,88297,14,,,1,37,,88277,14,,,1,67,,88298,14,,,1,30,,88278,14,,,1,70,,88299,14,,,1,30,,88279,14,,,1,81,,88302,14,,,1,30,,88282,14,,,1,70,,88303,14,,,1,30,,88283,14,,,1,70,,88304,14,,,1,30,,88284,14,,,1,70,,88305,14,,,1,30,,88285,14,,,1,70,,88306,14,,,1,30,,88286,14,,,1,70,,88307,14,,,1,31,,88287,14,,,1,70,,88308,14,,,1,13,,88280,14,,,1,10,,88318,14,0,6,1,10,,88288,14,,,1,50,,88300,14,,,1,10,,88320,14,0,6,1,10,,88309,14,,,1,10,,88281,14,,,1,10,,88319,14,0,6,1,10,,88289,14,,,1,52,,88301,14,,,1,15,,88310,14,,,1,30,,88290,14,,,1,70,,88311,14,,,1,30,,88291,14,,,1,69,,88312,14,,,1,30,,88292,14,,,1,70,,88313,14,,,1,30,,88293,14,,,1,70,,88314,14,,,1,30,,88294,14,,,1,70,,88315,14,,,1,32,,88295,14,,,1,68,,88316,14,,,1,30,,88296,14,,,1,70,,88317,14,,,1
900,'20261121',918,,88337,14,,,1,30,,88321,14,,,1,70,,88338,14,,,1,30,,88322,14,,,1,70,,88339,14,,,1,30,,88323,14,,,1,70,,88340,14,,,1,30,,88324,14,,,1,70,,88341,14,,,1,30,,88325,14,,,1,70,,88342,14,,,1,30,,88326,14,,,1,70,,88343,14,,,1,30,,88327,14,,,1,70,,88344,14,,,1,30,,88328,14,,,1,70,,88345,14,,,1,30,,88329,14,,,1,70,,88346,14,,,1,30,,88330,14,,,1,70,,88347,14,,,1,30,,88331,14,,,1,70,,88348,14,,,1,30,,88332,14,,,1,70,,88349,14,,,1,30,,88333,14,,,1,70,,88350,14,,,1,30,,88334,14,,,1,70,,88351,14,,,1,30,,88335,14,,,1,70,,88352,14,,,1,30,,88336,14,,,1,70,,88353,14,,,1
900,'20261122',918,,92259,14,,,1,30,,88354,14,,,1,70,,92260,14,,,1,30,,88355,14,,,1,70,,92261,14,,,1,30,,88356,14,,,1,70,,92262,14,,,1,30,,88357,14,,,1,70,,92263,14,,,1,30,,88358,14,,,1,70,,92264,14,,,1,30,,88359,14,,,1,70,,92265,14,,,1,30,,88360,14,,,1,70,,92266,14,,,1,30,,88361,14,,,1,70,,92267,14,,,1,30,,88362,14,,,1,70,,92268,14,,,1,30,,88363,14,,,1,70,,92269,14,,,1,30,,88364,14,,,1,70,,92270,14,,,1,30,,88365,14,,,1,70,,92271,14,,,1,30,,88366,14,,,1,70,,92272,14,,,1,30,,88367,14,,,1,70,,92273,14,,,1,30,,88368,14,,,1,70,,92274,14,,,1,30,,88369,14,,,1
900,'20261123',633,,88386,14,,,1,70,,88407,14,,,1,37,,88387,14,,,1,67,,88408,14,,,1,30,,88388,14,,,1,70,,88409,14,,,1,30,,88389,14,,,1,81,,88412,14,,,1,30,,88392,14,,,1,70,,88413,14,,,1,30,,88393,14,,,1,70,,88414,14,,,1,30,,88394,14,,,1,70,,88415,14,,,1,30,,88395,14,,,1,70,,88416,14,,,1,30,,88396,14,,,1,70,,88417,14,,,1,31,,88397,14,,,1,70,,88418,14,,,1,13,,88390,14,,,1,10,,88427,14,0,6,1,10,,88398,14,,,1,50,,88410,14,,,1,10,,88429,14,0,6,1,10,,88419,14,,,1,10,,88391,14,,,1,10,,88428,14,0,6,1,10,,88399,14,,,1,52,,88411,14,,,1,15,,88420,14,,,1,30,,88400,14,,,1,70,,88421,14,,,1,30,,88401,14,,,1,69,,88422,14,,,1,30,,88402,14,,,1,70,,88423,14,,,1,30,,88403,14,,,1,70,,88424,14,,,1,30,,88404,14,,,1,70,,88425,14,,,1,32,,88405,14,,,1,68,,88426,14,,,1,30,,88406,14,,,1
900,'20261124',633,,88430,14,,,1,70,,88451,14,,,1,37,,88431,14,,,1,67,,88452,14,,,1,30,,88432,14,,,1,70,,88453,14,,,1,30,,88433,14,,,1,81,,88456,14,,,1,30,,88436,14,,,1,70,,88457,14,,,1,30,,88437,14,,,1,70,,88458,14,,,1,30,,88438,14,,,1,70,,88459,14,,,1,30,,88439,14,,,1,70,,88460,14,,,1,30,,88440,14,,,1,70,,88461,14,,,1,31,,88441,14,,,1,70,,88462,14,,,1,13,,88434,14,,,1,10,,88471,14,0,6,1,10,,88442,14,,,1,50,,88454,14,,,1,10,,88473,14,0,6,1,10,,88463,14,,,1,10,,88435,14,,,1,10,,88472,14,0,6,1,10,,88443,14,,,1,52,,88455,14,,,1,15,,88464,14,,,1,30,,88444,14,,,1,70,,88465,14,,,1,30,,88445,14,,,1,69,,88466,14,,,1,30,,88446,14,,,1,70,,88467,14,,,1,30,,88447,14,,,1,70,,88468,14,,,1,30,,88448,14,,,1,70,,88469,14,,,1,32,,88449,14,,,1,68,,88470,14,,,1,30,,88450,14,,,1
900,'20261125',633,,88474,14,,,1,70,,88495,14,,,1,37,,88475,14,,,1,67,,88496,14,,,1,30,,88476,14,,,1,70,,88497,14,,,1,30,,88477,14,,,1,81,,88500,14,,,1,30,,88480,14,,,1,70,,88501,14,,,1,30,,88481,14,,,1,70,,88502,14,,,1,30,,88482,14,,,1,70,,88503,14,,,1,30,,88483,14,,,1,70,,88504,14,,,1,30,,88484,14,,,1,70,,88505,14,,,1,31,,88485,14,,,1,70,,88506,14,,,1,13,,88478,14,,,1,10,,88515,14,0,6,1,10,,88486,14,,,1,50,,88498,14,,,1,10,,88517,14,0,6,1,10,,88507,14,,,1,10,,88479,14,,,1,10,,88516,14,0,6,1,10,,88487,14,,,1,52,,88499,14,,,1,15,,88508,14,,,1,30,,88488,14,,,1,70,,88509,14,,,1,30,,88489,14,,,1,69,,88510,14,,,1,30,,88490,14,,,1,70,,88511,14,,,1,30,,88491,14,,,1,70,,88512,14,,,1,30,,88492,14,,,1,70,,88513,14,,,1,32,,88493,14,,,1,68,,88514,14,,,1,30,,88494,14,,,1
900,'20261126',633,,88518,14,,,1,70,,88539,14,,,1,37,,88519,14,,,1,67,,88540,14,,,1,30,,88520,14,,,1,70,,88541,14,,,1,30,,88521,14,,,1,81,,88544,14,,,1,30,,88524,14,,,1,70,,88545,14,,,1,30,,88525,14,,,1,70,,88546,14,,,1,30,,88526,14,,,1,70,,88547,14,,,1,30,,88527,14,,,1,70,,88548,14,,,1,30,,88528,14,,,1,70,,88549,14,,,1,31,,88529,14,,,1,70,,88550,14,,,1,13,,88522,14,,,1,10,,88559,14,0,6,1,10,,88530,14,,,1,50,,88542,14,,,1,10,,88561,14,0,6,1,10,,88551,14,,,1,10,,88523,14,,,1,10,,88560,14,0,6,1,10,,88531,14,,,1,52,,88543,14,,,1,15,,88552,14,,,1,30,,88532,14,,,1,70,,88553,14,,,1,30,,88533,14,,,1,69,,88554,14,,,1,30,,88534,14,,,1,70,,88555,14,,,1,30,,88535,14,,,1,70,,88556,14,,,1,30,,88536,14,,,1,70,,88557,14,,,1,32,,88537,14,,,1,68,,88558,14,,,1,30,,88538,14,,,1
900,'20261127',633,,88562,14,,,1,70,,88583,14,,,1,37,,88563,14,,,1,67,,88584,14,,,1,30,,88564,14,,,1,70,,88585,14,,,1,30,,88565,14,,,1,81,,88588,14,,,1,30,,88568,14,,,1,70,,88589,14,,,1,30,,88569,14,,,1,70,,88590,14,,,1,30,,88570,14,,,1,70,,88591,14,,,1,30,,88571,14,,,1,70,,88592,14,,,1,30,,88572,14,,,1,70,,88593,14,,,1,31,,88573,14,,,1,70,,88594,14,,,1,13,,88566,14,,,1,10,,88604,14,0,6,1,10,,88574,14,,,1,50,,88586,14,,,1,10,,88606,14,0,6,1,10,,88595,14,,,1,10,,88567,14,,,1,10,,88605,14,0,6,1,10,,88575,14,,,1,52,,88587,14,,,1,15,,88596,14,,,1,30,,88576,14,,,1,70,,88597,14,,,1,30,,88577,14,,,1,69,,88598,14,,,1,30,,88578,14,,,1,70,,88599,14,,,1,30,,88579,14,,,1,70,,88600,14,,,1,30,,88580,14,,,1,70,,88601,14,,,1,32,,88581,14,,,1,68,,88602,14,,,1,30,,88582,14,,,1,70,,88603,14,,,1
901,'20260917',535,,89131,15,,,1,70,,89152,15,,,1,37,,89132,15,,,1,15,,89150,15,,,1,50,,89153,15,,,1,10,,89173,11,,,1,10,,89170,15,,,1,10,,89133,15,,,1,10,,89172,11,,,1,10,,89151,15,,,1,50,,89154,15,,,1,10,,89174,11,,,1,10,,89171,15,,,1,15,,89134,15,,,1,70,,89155,15,,,1,30,,89135,15,,,1,70,,89156,15,,,1,30,,89136,15,,,1,70,,89157,15,,,1,30,,89137,15,,,1,70,,89158,15,,,1,30,,89138,15,,,1,70,,89159,15,,,1,30,,89139,15,,,1,70,,89160,15,,,1,30,,89140,15,,,1,70,,89161,15,,,1,30,,89141,15,,,1,70,,89162,15,,,1,30,,89142,15,,,1,70,,89163,15,,,1,30,,89143,15,,,1,70,,89164,15,,,1,30,,89144,15,,,1,70,,89165,15,,,1,30,,89145,15,,,1,70,,89166,15,,,1,30,,89146,15,,,1,70,,89167,15,,,1,30,,89147,15,,,1,70,,89168,15,,,1,30,,89148,15,,,1,70,,89169,15,,,1,30,,89149,15,,,1
901,'20260918',535,,89175,15,,,1,70,,89196,15,,,1,37,,89176,15,,,1,15,,89194,15,,,1,50,,89197,15,,,1,10,,89218,11,,,1,10,,89215,15,,,1,10,,89177,15,,,1,10,,89217,11,,,1,10,,89195,15,,,1,50,,89198,15,,,1,10,,89219,11,,,1,10,,89216,15,,,1,15,,89178,15,,,1,70,,89199,15,,,1,30,,89179,15,,,1,70,,89200,15,,,1,30,,89180,15,,,1,70,,89201,15,,,1,30,,89181,15,,,1,70,,89202,15,,,1,30,,89182,15,,,1,70,,89203,15,,,1,30,,89183,15,,,1,70,,89204,15,,,1,30,,89184,15,,,1,70,,89205,15,,,1,30,,89185,15,,,1,70,,89206,15,,,1,30,,89186,15,,,1,70,,89207,15,,,1,30,,89187,15,,,1,70,,89208,15,,,1,30,,89188,15,,,1,70,,89209,15,,,1,30,,89189,15,,,1,70,,89210,15,,,1,30,,89190,15,,,1,70,,89211,15,,,1,30,,89191,15,,,1,70,,89212,15,,,1,30,,89192,15,,,1,70,,89213,15,,,1,30,,89193,15,,,1,70,,89214,15,,,1
901,'20260919',812,,89236,15,,,1,30,,89220,15,,,1,70,,89237,15,,,1,30,,89221,15,,,1,70,,89238,15,,,1,30,,89222,15,,,1,70,,89239,15,,,1,30,,89223,15,,,1,70,,89240,15,,,1,30,,89224,15,,,1,70,,89241,15,,,1,30,,89225,15,,,1,70,,89242,15,,,1,30,,89226,15,,,1,70,,89243,15,,,1,30,,89227,15,,,1,70,,89244,15,,,1,30,,89228,15,,,1,70,,89245,15,,,1,30,,89229,15,,,1,70,,89246,15,,,1,30,,89230,15,,,1,70,,89247,15,,,1,30,,89231,15,,,1,70,,89248,15,,,1,30,,89232,15,,,1,70,,89249,15,,,1,30,,89233,15,,,1,70,,89250,15,,,1,30,,89234,15,,,1,70,,89251,15,,,1,30,,89235,15,,,1,70,,89252,15,,,1
901,'20260920',812,,89269,15,,,1,30,,89253,15,,,1,70,,89270,15,,,1,30,,89254,15,,,1,70,,89271,15,,,1,30,,89255,15,,,1,70,,89272,15,,,1,30,,89256,15,,,1,70,,89273,15,,,1,30,,89257,15,,,1,70,,89274,15,,,1,30,,89258,15,,,1,70,,89275,15,,,1,30,,89259,15,,,1,70,,89276,15,,,1,30,,89260,15,,,1,70,,89277,15,,,1,30,,89261,15,,,1,70,,89278,15,,,1,30,,89262,15,,,1,70,,89279,15,,,1,30,,89263,15,,,1,70,,89280,15,,,1,30,,89264,15,,,1,70,,89281,15,,,1,30,,89265,15,,,1,70,,89282,15,,,1,30,,89266,15,,,1,70,,89283,15,,,1,30,,89267,15,,,1,70,,89284,15,,,1,30,,89268,15,,,1
901,'20260921',535,,89285,15,,,1,70,,89306,15,,,1,37,,89286,15,,,1,15,,89304,15,,,1,50,,89307,15,,,1,10,,89327,11,,,1,10,,89324,15,,,1,10,,89287,15,,,1,10,,89326,11,,,1,10,,89305,15,,,1,50,,89308,15,,,1,10,,89328,11,,,1,10,,89325,15,,,1,15,,89288,15,,,1,70,,89309,15,,,1,30,,89289,15,,,1,70,,89310,15,,,1,30,,89290,15,,,1,70,,89311,15,,,1,30,,89291,15,,,1,70,,89312,15,,,1,30,,89292,15,,,1,70,,89313,15,,,1,30,,89293,15,,,1,70,,89314,15,,,1,30,,89294,15,,,1,70,,89315,15,,,1,30,,89295,15,,,1,70,,89316,15,,,1,30,,89296,15,,,1,70,,89317,15,,,1,30,,89297,15,,,1,70,,89318,15,,,1,30,,89298,15,,,1,70,,89319,15,,,1,30,,89299,15,,,1,70,,89320,15,,,1,30,,89300,15,,,1,70,,89321,15,,,1,30,,89301,15,,,1,70,,89322,15,,,1,30,,89302,15,,,1,70,,89323,15,,,1,30,,89303,15,,,1
901,'20260922',535,,89329,15,,,1,70,,89350,15,,,1,37,,89330,15,,,1,15,,89348,15,,,1,50,,89351,15,,,1,10,,89371,11,,,1,10,,89368,15,,,1,10,,89331,15,,,1,10,,89370,11,,,1,10,,89349,15,,,1,50,,89352,15,,,1,10,,89372,11,,,1,10,,89369,15,,,1,15,,89332,15,,,1,70,,89353,15,,,1,30,,89333,15,,,1,70,,89354,15,,,1,30,,89334,15,,,1,70,,89355,15,,,1,30,,89335,15,,,1,70,,89356,15,,,1,30,,89336,15,,,1,70,,89357,15,,,1,30,,89337,15,,,1,70,,89358,15,,,1,30,,89338,15,,,1,70,,89359,15,,,1,30,,89339,15,,,1,70,,89360,15,,,1,30,,89340,15,,,1,70,,89361,15,,,1,30,,89341,15,,,1,70,,89362,15,,,1,30,,89342,15,,,1,70,,89363,15,,,1,30,,89343,15,,,1,70,,89364,15,,,1,30,,89344,15,,,1,70,,89365,15,,,1,30,,89345,15,,,1,70,,89366,15,,,1,30,,89346,15,,,1,70,,89367,15,,,1,30,,89347,15,,,1
901,'20260923',535,,89373,15,,,1,70,,89394,15,,,1,37,,89374,15,,,1,15,,89392,15,,,1,50,,89395,15,,,1,10,,89415,11,,,1,10,,89412,15,,,1,10,,89375,15,,,1,10,,89414,11,,,1,10,,89393,15,,,1,50,,89396,15,,,1,10,,89416,11,,,1,10,,89413,15,,,1,15,,89376,15,,,1,70,,89397,15,,,1,30,,89377,15,,,1,70,,89398,15,,,1,30,,89378,15,,,1,70,,89399,15,,,1,30,,89379,15,,,1,70,,89400,15,,,1,30,,89380,15,,,1,70,,89401,15,,,1,30,,89381,15,,,1,70,,89402,15,,,1,30,,89382,15,,,1,70,,89403,15,,,1,30,,89383,15,,,1,70,,89404,15,,,1,30,,89384,15,,,1,70,,89405,15,,,1,30,,89385,15,,,1,70,,89406,15,,,1,30,,89386,15,,,1,70,,89407,15,,,1,30,,89387,15,,,1,70,,89408,15,,,1,30,,89388,15,,,1,70,,89409,15,,,1,30,,89389,15,,,1,70,,89410,15,,,1,30,,89390,15,,,1,70,,89411,15,,,1,30,,89391,15,,,1
901,'20260924',535,,89417,15,,,1,70,,89438,15,,,1,37,,89418,15,,,1,15,,89436,15,,,1,50,,89439,15,,,1,10,,89459,11,,,1,10,,89456,15,,,1,10,,89419,15,,,1,10,,89458,11,,,1,10,,89437,15,,,1,50,,89440,15,,,1,10,,89460,11,,,1,10,,89457,15,,,1,15,,89420,15,,,1,70,,89441,15,,,1,30,,89421,15,,,1,70,,89442,15,,,1,30,,89422,15,,,1,70,,89443,15,,,1,30,,89423,15,,,1,70,,89444,15,,,1,30,,89424,15,,,1,70,,89445,15,,,1,30,,89425,15,,,1,70,,89446,15,,,1,30,,89426,15,,,1,70,,89447,15,,,1,30,,89427,15,,,1,70,,89448,15,,,1,30,,89428,15,,,1,70,,89449,15,,,1,30,,89429,15,,,1,70,,89450,15,,,1,30,,89430,15,,,1,70,,89451,15,,,1,30,,89431,15,,,1,70,,89452,15,,,1,30,,89432,15,,,1,70,,89453,15,,,1,30,,89433,15,,,1,70,,89454,15,,,1,30,,89434,15,,,1,70,,89455,15,,,1,30,,89435,15,,,1
901,'20260925',535,,89461,15,,,1,70,,89482,15,,,1,37,,89462,15,,,1,15,,89480,15,,,1,50,,89483,15,,,1,10,,89504,11,,,1,10,,89501,15,,,1,10,,89463,15,,,1,10,,89503,11,,,1,10,,89481,15,,,1,50,,89484,15,,,1,10,,89505,11,,,1,10,,89502,15,,,1,15,,89464,15,,,1,70,,89485,15,,,1,30,,89465,15,,,1,70,,89486,15,,,1,30,,89466,15,,,1,70,,89487,15,,,1,30,,89467,15,,,1,70,,89488,15,,,1,30,,89468,15,,,1,70,,89489,15,,,1,30,,89469,15,,,1,70,,89490,15,,,1,30,,89470,15,,,1,70,,89491,15,,,1,30,,89471,15,,,1,70,,89492,15,,,1,30,,89472,15,,,1,70,,89493,15,,,1,30,,89473,15,,,1,70,,89494,15,,,1,30,,89474,15,,,1,70,,89495,15,,,1,30,,89475,15,,,1,70,,89496,15,,,1,30,,89476,15,,,1,70,,89497,15,,,1,30,,89477,15,,,1,70,,89498,15,,,1,30,,89478,15,,,1,70,,89499,15,,,1
901,'20260928',535,,89571,15,,,1,70,,89592,15,,,1,37,,89572,15,,,1,15,,89590,15,,,1,50,,89593,15,,,1,10,,89613,11,,,1,10,,89610,15,,,1,10,,89573,15,,,1,10,,89612,11,,,1,10,,89591,15,,,1,50,,89594,15,,,1,10,,89614,11,,,1,10,,89611,15,,,1,15,,89574,15,,,1,70,,89595,15,,,1,30,,89575,15,,,1,70,,89596,15,,,1,30,,89576,15,,,1,70,,89597,15,,,1,30,,89577,15,,,1,70,,89598,15,,,1,30,,89578,15,,,1,70,,89599,15,,,1,30,,89579,15,,,1,70,,89600,15,,,1,30,,89580,15,,,1,70,,89601,15,,,1,30,,89581,15,,,1,70,,89602,15,,,1,30,,89582,15,,,1,70,,89603,15,,,1,30,,89583,15,,,1,70,,89604,15,,,1,30,,89584,15,,,1,70,,89605,15,,,1,30,,89585,15,,,1,70,,89606,15,,,1,30,,89586,15,,,1,70,,89607,15,,,1,30,,89587,15,,,1,70,,89608,15,,,1,30,,89588,15,,,1,70,,89609,15,,,1,30,,89589,15,,,1
901,'20260929',535,,89615,15,,,1,70,,89636,15,,,1,37,,89616,15,,,1,15,,89634,15,,,1,50,,89637,15,,,1,10,,89657,11,,,1,10,,89654,15,,,1,10,,89617,15,,,1,10,,89656,11,,,1,10,,89635,15,,,1,50,,89638,15,,,1,10,,89658,11,,,1,10,,89655,15,,,1,15,,89618,15,,,1,70,,89639,15,,,1,30,,89619,15,,,1,70,,89640,15,,,1,30,,89620,15,,,1,70,,89641,15,,,1,30,,89621,15,,,1,70,,89642,15,,,1,30,,89622,15,,,1,70,,89643,15,,,1,30,,89623,15,,,1,70,,89644,15,,,1,30,,89624,15,,,1,70,,89645,15,,,1,30,,89625,15,,,1,70,,89646,15,,,1,30,,89626,15,,,1,70,,89647,15,,,1,30,,89627,15,,,1,70,,89648,15,,,1,30,,89628,15,,,1,70,,89649,15,,,1,30,,89629,15,,,1,70,,89650,15,,,1,30,,89630,15,,,1,70,,89651,15,,,1,30,,89631,15,,,1,70,,89652,15,,,1,30,,89632,15,,,1,70,,89653,15,,,1,30,,89633,15,,,1
901,'20260930',535,,89659,15,,,1,70,,89680,15,,,1,37,,89660,15,,,1,15,,89678,15,,,1,50,,89681,15,,,1,10,,89701,11,,,1,10,,89698,15,,,1,10,,89661,15,,,1,10,,89700,11,,,1,10,,89679,15,,,1,50,,89682,15,,,1,10,,89702,11,,,1,10,,89699,15,,,1,15,,89662,15,,,1,70,,89683,15,,,1,30,,89663,15,,,1,70,,89684,15,,,1,30,,89664,15,,,1,70,,89685,15,,,1,30,,89665,15,,,1,70,,89686,15,,,1,30,,89666,15,,,1,70,,89687,15,,,1,30,,89667,15,,,1,70,,89688,15,,,1,30,,89668,15,,,1,70,,89689,15,,,1,30,,89669,15,,,1,70,,89690,15,,,1,30,,89670,15,,,1,70,,89691,15,,,1,30,,89671,15,,,1,70,,89692,15,,,1,30,,89672,15,,,1,70,,89693,15,,,1,30,,89673,15,,,1,70,,89694,15,,,1,30,,89674,15,,,1,70,,89695,15,,,1,30,,89675,15,,,1,70,,89696,15,,,1,30,,89676,15,,,1,70,,89697,15,,,1,30,,89677,15,,,1
901,'20261001',535,,89703,15,,,1,70,,89724,15,,,1,37,,89704,15,,,1,15,,89722,15,,,1,50,,89725,15,,,1,10,,89745,11,,,1,10,,89742,15,,,1,10,,89705,15,,,1,10,,89744,11,,,1,10,,89723,15,,,1,50,,89726,15,,,1,10,,89746,11,,,1,10,,89743,15,,,1,15,,89706,15,,,1,70,,89727,15,,,1,30,,89707,15,,,1,70,,89728,15,,,1,30,,89708,15,,,1,70,,89729,15,,,1,30,,89709,15,,,1,70,,89730,15,,,1,30,,89710,15,,,1,70,,89731,15,,,1,30,,89711,15,,,1,70,,89732,15,,,1,30,,89712,15,,,1,70,,89733,15,,,1,30,,89713,15,,,1,70,,89734,15,,,1,30,,89714,15,,,1,70,,89735,15,,,1,30,,89715,15,,,1,70,,89736,15,,,1,30,,89716,15,,,1,70,,89737,15,,,1,30,,89717,15,,,1,70,,89738,15,,,1,30,,89718,15,,,1,70,,89739,15,,,1,30,,89719,15,,,1,70,,89740,15,,,1,30,,89720,15,,,1,70,,89741,15,,,1,30,,89721,15,,,1
901,'20261002',535,,89747,15,,,1,70,,89768,15,,,1,37,,89748,15,,,1,15,,89766,15,,,1,50,,89769,15,,,1,10,,89790,11,,,1,10,,89787,15,,,1,10,,89749,15,,,1,10,,89789,11,,,1,10,,89767,15,,,1,50,,89770,15,,,1,10,,89791,11,,,1,10,,89788,15,,,1,15,,89750,15,,,1,70,,89771,15,,,1,30,,89751,15,,,1,70,,89772,15,,,1,30,,89752,15,,,1,70,,89773,15,,,1,30,,89753,15,,,1,70,,89774,15,,,1,30,,89754,15,,,1,70,,89775,15,,,1,30,,89755,15,,,1,70,,89776,15,,,1,30,,89756,15,,,1,70,,89777,15,,,1,30,,89757,15,,,1,70,,89778,15,,,1,30,,89758,15,,,1,70,,89779,15,,,1,30,,89759,15,,,1,70,,89780,15,,,1,30,,89760,15,,,1,70,,89781,15,,,1,30,,89761,15,,,1,70,,89782,15,,,1,30,,89762,15,,,1,70,,89783,15,,,1,30,,89763,15,,,1,70,,89784,15,,,1,30,,89764,15,,,1,70,,89785,15,,,1,30,,89765,15,,,1,70,,89786,15,,,1
901,'20261003',812,,89808,15,,,1,30,,89792,15,,,1,70,,89809,15,,,1,30,,89793,15,,,1,70,,89810,15,,,1,30,,89794,15,,,1,70,,89811,15,,,1,30,,89795,15,,,1,70,,89812,15,,,1,30,,89796,15,,,1,70,,89813,15,,,1,30,,89797,15,,,1,70,,89814,15,,,1,30,,89798,15,,,1,70,,89815,15,,,1,30,,89799,15,,,1,70,,89816,15,,,1,30,,89800,15,,,1,70,,89817,15,,,1,30,,89801,15,,,1,70,,89818,15,,,1,30,,89802,15,,,1,70,,89819,15,,,1,30,,89803,15,,,1,70,,89820,15,,,1,30,,89804,15,,,1,70,,89821,15,,,1,30,,89805,15,,,1,70,,89822,15,,,1,30,,89806,15,,,1,70,,89823,15,,,1,30,,89807,15,,,1,70,,89824,15,,,1
901,'20261004',812,,89841,15,,,1,30,,92275,15,,,1,70,,89842,15,,,1,30,,92276,15,,,1,70,,89843,15,,,1,30,,92277,15,,,1,70,,89844,15,,,1,30,,92278,15,,,1,70,,89845,15,,,1,30,,92279,15,,,1,70,,89846,15,,,1,30,,92280,15,,,1,70,,89847,15,,,1,30,,92281,15,,,1,70,,89848,15,,,1,30,,92282,15,,,1,70,,89849,15,,,1,30,,92283,15,,,1,70,,89850,15,,,1,30,,92284,15,,,1,70,,89851,15,,,1,30,,92285,15,,,1,70,,89852,15,,,1,30,,92286,15,,,1,70,,89853,15,,,1,30,,92287,15,,,1,70,,89854,15,,,1,30,,92288,15,,,1,70,,89855,15,,,1,30,,92289,15,,,1,70,,89856,15,,,1,30,,92290,15,,,1
901,'20261005',535,,89857,15,,,1,70,,89878,15,,,1,37,,89858,15,,,1,15,,89876,15,,,1,50,,89879,15,,,1,10,,89899,11,,,1,10,,89896,15,,,1,10,,89859,15,,,1,10,,89898,11,,,1,10,,89877,15,,,1,50,,89880,15,,,1,10,,89900,11,,,1,10,,89897,15,,,1,15,,89860,15,,,1,70,,89881,15,,,1,30,,89861,15,,,1,70,,89882,15,,,1,30,,89862,15,,,1,70,,89883,15,,,1,30,,89863,15,,,1,70,,89884,15,,,1,30,,89864,15,,,1,70,,89885,15,,,1,30,,89865,15,,,1,70,,89886,15,,,1,30,,89866,15,,,1,70,,89887,15,,,1,30,,89867,15,,,1,70,,89888,15,,,1,30,,89868,15,,,1,70,,89889,15,,,1,30,,89869,15,,,1,70,,89890,15,,,1,30,,89870,15,,,1,70,,89891,15,,,1,30,,89871,15,,,1,70,,89892,15,,,1,30,,89872,15,,,1,70,,89893,15,,,1,30,,89873,15,,,1,70,,89894,15,,,1,30,,89874,15,,,1,70,,89895,15,,,1,30,,89875,15,,,1
901,'20261006',535,,89901,15,,,1,70,,89922,15,,,1,37,,89902,15,,,1,15,,89920,15,,,1,50,,89923,15,,,1,10,,89943,11,,,1,10,,89940,15,,,1,10,,89903,15,,,1,10,,89942,11,,,1,10,,89921,15,,,1,50,,89924,15,,,1,10,,89944,11,,,1,10,,89941,15,,,1,15,,89904,15,,,1,70,,89925,15,,,1,30,,89905,15,,,1,70,,89926,15,,,1,30,,89906,15,,,1,70,,89927,15,,,1,30,,89907,15,,,1,70,,89928,15,,,1,30,,89908,15,,,1,70,,89929,15,,,1,30,,89909,15,,,1,70,,89930,15,,,1,30,,89910,15,,,1,70,,89931,15,,,1,30,,89911,15,,,1,70,,89932,15,,,1,30,,89912,15,,,1,70,,89933,15,,,1,30,,89913,15,,,1,70,,89934,15,,,1,30,,89914,15,,,1,70,,89935,15,,,1,30,,89915,15,,,1,70,,89936,15,,,1,30,,89916,15,,,1,70,,89937,15,,,1,30,,89917,15,,,1,70,,89938,15,,,1,30,,89918,15,,,1,70,,89939,15,,,1,30,,89919,15,,,1
901,'20261007',535,,89945,15,,,1,70,,89966,15,,,1,37,,89946,15,,,1,15,,89964,15,,,1,50,,89967,15,,,1,10,,89987,11,,,1,10,,89984,15,,,1,10,,89947,15,,,1,10,,89986,11,,,1,10,,89965,15,,,1,50,,89968,15,,,1,10,,89988,11,,,1,10,,89985,15,,,1,15,,89948,15,,,1,70,,89969,15,,,1,30,,89949,15,,,1,70,,89970,15,,,1,30,,89950,15,,,1,70,,89971,15,,,1,30,,89951,15,,,1,70,,89972,15,,,1,30,,89952,15,,,1,70,,89973,15,,,1,30,,89953,15,,,1,70,,89974,15,,,1,30,,89954,15,,,1,70,,89975,15,,,1,30,,89955,15,,,1,70,,89976,15,,,1,30,,89956,15,,,1,70,,89977,15,,,1,30,,89957,15,,,1,70,,89978,15,,,1,30,,89958,15,,,1,70,,89979,15,,,1,30,,89959,15,,,1,70,,89980,15,,,1,30,,89960,15,,,1,70,,89981,15,,,1,30,,89961,15,,,1,70,,89982,15,,,1,30,,89962,15,,,1,70,,89983,15,,,1,30,,89963,15,,,1
901,'20261008',535,,89989,15,,,1,70,,90010,15,,,1,37,,89990,15,,,1,15,,90008,15,,,1,50,,90011,15,,,1,10,,90031,11,,,1,10,,90028,15,,,1,10,,89991,15,,,1,10,,90030,11,,,1,10,,90009,15,,,1,50,,90012,15,,,1,10,,90032,11,,,1,10,,90029,15,,,1,15,,89992,15,,,1,70,,90013,15,,,1,30,,89993,15,,,1,70,,90014,15,,,1,30,,89994,15,,,1,70,,90015,15,,,1,30,,89995,15,,,1,70,,90016,15,,,1,30,,89996,15,,,1,70,,90017,15,,,1,30,,89997,15,,,1,70,,90018,15,,,1,30,,89998,15,,,1,70,,90019,15,,,1,30,,89999,15,,,1,70,,90020,15,,,1,30,,90000,15,,,1,70,,90021,15,,,1,30,,90001,15,,,1,70,,90022,15,,,1,30,,90002,15,,,1,70,,90023,15,,,1,30,,90003,15,,,1,70,,90024,15,,,1,30,,90004,15,,,1,70,,90025,15,,,1,30,,90005,15,,,1,70,,90026,15,,,1,30,,90006,15,,,1,70,,90027,15,,,1,30,,90007,15,,,1
901,'20261009',535,,90033,15,,,1,70,,90054,15,,,1,37,,90034,15,,,1,15,,90052,15,,,1,50,,90055,15,,,1,10,,90076,11,,,1,10,,90073,15,,,1,10,,90035,15,,,1,10,,90075,11,,,1,10,,90053,15,,,1,50,,90056,15,,,1,10,,90077,11,,,1,10,,90074,15,,,1,15,,90036,15,,,1,70,,90057,15,,,1,30,,90037,15,,,1,70,,90058,15,,,1,30,,90038,15,,,1,70,,90059,15,,,1,30,,90039,15,,,1,70,,90060,15,,,1,30,,90040,15,,,1,70,,90061,15,,,1,30,,90041,15,,,1,70,,90062,15,,,1,30,,90042,15,,,1,70,,90063,15,,,1,30,,90043,15,,,1,70,,90064,15,,,1,30,,90044,15,,,1,70,,90065,15,,,1,30,,90045,15,,,1,70,,90066,15,,,1,30,,90046,15,,,1,70,,90067,15,,,1,30,,90047,15,,,1,70,,90068,15,,,1,30,,90048,15,,,1,70,,90069,15,,,1,30,,90049,15,,,1,70,,90070,15,,,1,30,,90050,15,,,1,70,,90071,15,,,1,30,,90051,15,,,1,70,,90072,15,,,1
901,'20261010',812,,90094,15,,,1,30,,90078,15,,,1,70,,90095,15,,,1,30,,90079,15,,,1,70,,90096,15,,,1,30,,90080,15,,,1,70,,90097,15,,,1,30,,90081,15,,,1,70,,90098,15,,,1,30,,90082,15,,,1,70,,90099,15,,,1,30,,90083,15,,,1,70,,90100,15,,,1,30,,90084,15,,,1,70,,90101,15,,,1,30,,90085,15,,,1,70,,90102,15,,,1,30,,90086,15,,,1,70,,90103,15,,,1,30,,90087,15,,,1,70,,90104,15,,,1,30,,90088,15,,,1,70,,90105,15,,,1,30,,90089,15,,,1,70,,90106,15,,,1,30,,90090,15,,,1,70,,90107,15,,,1,30,,90091,15,,,1,70,,90108,15,,,1,30,,90092,15,,,1,70,,90109,15,,,1,30,,90093,15,,,1,70,,90110,15,,,1
901,'20261011',812,,90127,15,,,1,30,,92291,15,,,1,70,,90128,15,,,1,30,,92292,15,,,1,70,,90129,15,,,1,30,,92293,15,,,1,70,,90130,15,,,1,30,,92294,15,,,1,70,,90131,15,,,1,30,,92295,15,,,1,70,,90132,15,,,1,30,,92296,15,,,1,70,,90133,15,,,1,30,,92297,15,,,1,70,,90134,15,,,1,30,,92298,15,,,1,70,,90135,15,,,1,30,,92299,15,,,1,70,,90136,15,,,1,30,,92300,15,,,1,70,,90137,15,,,1,30,,92301,15,,,1,70,,90138,15,,,1,30,,92302,15,,,1,70,,90139,15,,,1,30,,92303,15,,,1,70,,90140,15,,,1,30,,92304,15,,,1,70,,90141,15,,,1,30,,92305,15,,,1,70,,90142,15,,,1,30,,92306,15,,,1
901,'20261012',535,,90143,15,,,1,70,,90164,15,,,1,37,,90144,15,,,1,15,,90162,15,,,1,50,,90165,15,,,1,10,,90185,11,,,1,10,,90182,15,,,1,10,,90145,15,,,1,10,,90184,11,,,1,10,,90163,15,,,1,50,,90166,15,,,1,10,,90186,11,,,1,10,,90183,15,,,1,15,,90146,15,,,1,70,,90167,15,,,1,30,,90147,15,,,1,70,,90168,15,,,1,30,,90148,15,,,1,70,,90169,15,,,1,30,,90149,15,,,1,70,,90170,15,,,1,30,,90150,15,,,1,70,,90171,15,,,1,30,,90151,15,,,1,70,,90172,15,,,1,30,,90152,15,,,1,70,,90173,15,,,1,30,,90153,15,,,1,70,,90174,15,,,1,30,,90154,15,,,1,70,,90175,15,,,1,30,,90155,15,,,1,70,,90176,15,,,1,30,,90156,15,,,1,70,,90177,15,,,1,30,,90157,15,,,1,70,,90178,15,,,1,30,,90158,15,,,1,70,,90179,15,,,1,30,,90159,15,,,1,70,,90180,15,,,1,30,,90160,15,,,1,70,,90181,15,,,1,30,,90161,15,,,1
901,'20261013',535,,90187,15,,,1,70,,90208,15,,,1,37,,90188,15,,,1,15,,90206,15,,,1,50,,90209,15,,,1,10,,90229,11,,,1,10,,90226,15,,,1,10,,90189,15,,,1,10,,90228,11,,,1,10,,90207,15,,,1,50,,90210,15,,,1,10,,90230,11,,,1,10,,90227,15,,,1,15,,90190,15,,,1,70,,90211,15,,,1,30,,90191,15,,,1,70,,90212,15,,,1,30,,90192,15,,,1,70,,90213,15,,,1,30,,90193,15,,,1,70,,90214,15,,,1,30,,90194,15,,,1,70,,90215,15,,,1,30,,90195,15,,,1,70,,90216,15,,,1,30,,90196,15,,,1,70,,90217,15,,,1,30,,90197,15,,,1,70,,90218,15,,,1,30,,90198,15,,,1,70,,90219,15,,,1,30,,90199,15,,,1,70,,90220,15,,,1,30,,90200,15,,,1,70,,90221,15,,,1,30,,90201,15,,,1,70,,90222,15,,,1,30,,90202,15,,,1,70,,90223,15,,,1,30,,90203,15,,,1,70,,90224,15,,,1,30,,90204,15,,,1,70,,90225,15,,,1,30,,90205,15,,,1
901,'20261014',535,,90231,15,,,1,70,,90252,15,,,1,37,,90232,15,,,1,15,,90250,15,,,1,50,,90253,15,,,1,10,,90273,11,,,1,10,,90270,15,,,1,10,,90233,15,,,1,10,,90272,11,,,1,10,,90251,15,,,1,50,,90254,15,,,1,10,,90274,11,,,1,10,,90271,15,,,1,15,,90234,15,,,1,70,,90255,15,,,1,30,,90235,15,,,1,70,,90256,15,,,1,30,,90236,15,,,1,70,,90257,15,,,1,30,,90237,15,,,1,70,,90258,15,,,1,30,,90238,15,,,1,70,,90259,15,,,1,30,,90239,15,,,1,70,,90260,15,,,1,30,,90240,15,,,1,70,,90261,15,,,1,30,,90241,15,,,1,70,,90262,15,,,1,30,,90242,15,,,1,70,,90263,15,,,1,30,,90243,15,,,1,70,,90264,15,,,1,30,,90244,15,,,1,70,,90265,15,,,1,30,,90245,15,,,1,70,,90266,15,,,1,30,,90246,15,,,1,70,,90267,15,,,1,30,,90247,15,,,1,70,,90268,15,,,1,30,,90248,15,,,1,70,,90269,15,,,1,30,,90249,15,,,1
901,'20261015',535,,90275,15,,,1,70,,90296,15,,,1,37,,90276,15,,,1,15,,90294,15,,,1,50,,90297,15,,,1,10,,90317,11,,,1,10,,90314,15,,,1,10,,90277,15,,,1,10,,90316,11,,,1,10,,90295,15,,,1,50,,90298,15,,,1,10,,90318,11,,,1,10,,90315,15,,,1,15,,90278,15,,,1,70,,90299,15,,,1,30,,90279,15,,,1,70,,90300,15,,,1,30,,90280,15,,,1,70,,90301,15,,,1,30,,90281,15,,,1,70,,90302,15,,,1,30,,90282,15,,,1,70,,90303,15,,,1,30,,90283,15,,,1,70,,90304,15,,,1,30,,90284,15,,,1,70,,90305,15,,,1,30,,90285,15,,,1,70,,90306,15,,,1,30,,90286,15,,,1,70,,90307,15,,,1,30,,90287,15,,,1,70,,90308,15,,,1,30,,90288,15,,,1,70,,90309,15,,,1,30,,90289,15,,,1,70,,90310,15,,,1,30,,90290,15,,,1,70,,90311,15,,,1,30,,90291,15,,,1,70,,90312,15,,,1,30,,90292,15,,,1,70,,90313,15,,,1,30,,90293,15,,,1
901,'20261016',535,,90319,15,,,1,70,,90340,15,,,1,37,,90320,15,,,1,15,,90338,15,,,1,50,,90341,15,,,1,10,,90362,11,,,1,10,,90359,15,,,1,10,,90321,15,,,1,10,,90361,11,,,1,10,,90339,15,,,1,50,,90342,15,,,1,10,,90363,11,,,1,10,,90360,15,,,1,15,,90322,15,,,1,70,,90343,15,,,1,30,,90323,15,,,1,70,,90344,15,,,1,30,,90324,15,,,1,70,,90345,15,,,1,30,,90325,15,,,1,70,,90346,15,,,1,30,,90326,15,,,1,70,,90347,15,,,1,30,,90327,15,,,1,70,,90348,15,,,1,30,,90328,15,,,1,70,,90349,15,,,1,30,,90329,15,,,1,70,,90350,15,,,1,30,,90330,15,,,1,70,,90351,15,,,1,30,,90331,15,,,1,70,,90352,15,,,1,30,,90332,15,,,1,70,,90353,15,,,1,30,,90333,15,,,1,70,,90354,15,,,1,30,,90334,15,,,1,70,,90355,15,,,1,30,,90335,15,,,1,70,,90356,15,,,1,30,,90336,15,,,1,70,,90357,15,,,1,30,,90337,15,,,1,70,,90358,15,,,1
901,'20261017',812,,90380,15,,,1,30,,90364,15,,,1,70,,90381,15,,,1,30,,90365,15,,,1,70,,90382,15,,,1,30,,90366,15,,,1,70,,90383,15,,,1,30,,90367,15,,,1,70,,90384,15,,,1,30,,90368,15,,,1,70,,90385,15,,,1,30,,90369,15,,,1,70,,90386,15,,,1,30,,90370,15,,,1,70,,90387,15,,,1,30,,90371,15,,,1,70,,90388,15,,,1,30,,90372,15,,,1,70,,90389,15,,,1,30,,90373,15,,,1,70,,90390,15,,,1,30,,90374,15,,,1,70,,90391,15,,,1,30,,90375,15,,,1,70,,90392,15,,,1,30,,90376,15,,,1,70,,90393,15,,,1,30,,90377,15,,,1,70,,90394,15,,,1,30,,90378,15,,,1,70,,90395,15,,,1,30,,90379,15,,,1,70,,90396,15,,,1
901,'20261018',812,,90413,15,,,1,30,,92307,15,,,1,70,,90414,15,,,1,30,,92308,15,,,1,70,,90415,15,,,1,30,,92309,15,,,1,70,,90416,15,,,1,30,,92310,15,,,1,70,,90417,15,,,1,30,,92311,15,,,1,70,,90418,15,,,1,30,,92312,15,,,1,70,,90419,15,,,1,30,,92313,15,,,1,70,,90420,15,,,1,30,,92314,15,,,1,70,,90421,15,,,1,30,,92315,15,,,1,70,,90422,15,,,1,30,,92316,15,,,1,70,,90423,15,,,1,30,,92317,15,,,1,70,,90424,15,,,1,30,,92318,15,,,1,70,,90425,15,,,1,30,,92319,15,,,1,70,,90426,15,,,1,30,,92320,15,,,1,70,,90427,15,,,1,30,,92321,15,,,1,70,,90428,15,,,1,30,,92322,15,,,1
901,'20261019',535,,90429,15,,,1,70,,90450,15,,,1,37,,90430,15,,,1,15,,90448,15,,,1,50,,90451,15,,,1,10,,90471,11,,,1,10,,90468,15,,,1,10,,90431,15,,,1,10,,90470,11,,,1,10,,90449,15,,,1,50,,90452,15,,,1,10,,90472,11,,,1,10,,90469,15,,,1,15,,90432,15,,,1,70,,90453,15,,,1,30,,90433,15,,,1,70,,90454,15,,,1,30,,90434,15,,,1,70,,90455,15,,,1,30,,90435,15,,,1,70,,90456,15,,,1,30,,90436,15,,,1,70,,90457,15,,,1,30,,90437,15,,,1,70,,90458,15,,,1,30,,90438,15,,,1,70,,90459,15,,,1,30,,90439,15,,,1,70,,90460,15,,,1,30,,90440,15,,,1,70,,90461,15,,,1,30,,90441,15,,,1,70,,90462,15,,,1,30,,90442,15,,,1,70,,90463,15,,,1,30,,90443,15,,,1,70,,90464,15,,,1,30,,90444,15,,,1,70,,90465,15,,,1,30,,90445,15,,,1,70,,90466,15,,,1,30,,90446,15,,,1,70,,90467,15,,,1,30,,90447,15,,,1
901,'20261020',535,,90473,15,,,1,70,,90494,15,,,1,37,,90474,15,,,1,15,,90492,15,,,1,50,,90495,15,,,1,10,,90515,11,,,1,10,,90512,15,,,1,10,,90475,15,,,1,10,,90514,11,,,1,10,,90493,15,,,1,50,,90496,15,,,1,10,,90516,11,,,1,10,,90513,15,,,1,15,,90476,15,,,1,70,,90497,15,,,1,30,,90477,15,,,1,70,,90498,15,,,1,30,,90478,15,,,1,70,,90499,15,,,1,30,,90479,15,,,1,70,,90500,15,,,1,30,,90480,15,,,1,70,,90501,15,,,1,30,,90481,15,,,1,70,,90502,15,,,1,30,,90482,15,,,1,70,,90503,15,,,1,30,,90483,15,,,1,70,,90504,15,,,1,30,,90484,15,,,1,70,,90505,15,,,1,30,,90485,15,,,1,70,,90506,15,,,1,30,,90486,15,,,1,70,,90507,15,,,1,30,,90487,15,,,1,70,,90508,15,,,1,30,,90488,15,,,1,70,,90509,15,,,1,30,,90489,15,,,1,70,,90510,15,,,1,30,,90490,15,,,1,70,,90511,15,,,1,30,,90491,15,,,1
901,'20261021',535,,90517,15,,,1,70,,90538,15,,,1,37,,90518,15,,,1,15,,90536,15,,,1,50,,90539,15,,,1,10,,90559,11,,,1,10,,90556,15,,,1,10,,90519,15,,,1,10,,90558,11,,,1,10,,90537,15,,,1,50,,90540,15,,,1,10,,90560,11,,,1,10,,90557,15,,,1,15,,90520,15,,,1,70,,90541,15,,,1,30,,90521,15,,,1,70,,90542,15,,,1,30,,90522,15,,,1,70,,90543,15,,,1,30,,90523,15,,,1,70,,90544,15,,,1,30,,90524,15,,,1,70,,90545,15,,,1,30,,90525,15,,,1,70,,90546,15,,,1,30,,90526,15,,,1,70,,90547,15,,,1,30,,90527,15,,,1,70,,90548,15,,,1,30,,90528,15,,,1,70,,90549,15,,,1,30,,90529,15,,,1,70,,90550,15,,,1,30,,90530,15,,,1,70,,90551,15,,,1,30,,90531,15,,,1,70,,90552,15,,,1,30,,90532,15,,,1,70,,90553,15,,,1,30,,90533,15,,,1,70,,90554,15,,,1,30,,90534,15,,,1,70,,90555,15,,,1,30,,90535,15,,,1
901,'20261022',535,,90561,15,,,1,70,,90582,15,,,1,37,,90562,15,,,1,15,,90580,15,,,1,50,,90583,15,,,1,10,,90603,11,,,1,10,,90600,15,,,1,10,,90563,15,,,1,10,,90602,11,,,1,10,,90581,15,,,1,50,,90584,15,,,1,10,,90604,11,,,1,10,,90601,15,,,1,15,,90564,15,,,1,70,,90585,15,,,1,30,,90565,15,,,1,70,,90586,15,,,1,30,,90566,15,,,1,70,,90587,15,,,1,30,,90567,15,,,1,70,,90588,15,,,1,30,,90568,15,,,1,70,,90589,15,,,1,30,,90569,15,,,1,70,,90590,15,,,1,30,,90570,15,,,1,70,,90591,15,,,1,30,,90571,15,,,1,70,,90592,15,,,1,30,,90572,15,,,1,70,,90593,15,,,1,30,,90573,15,,,1,70,,90594,15,,,1,30,,90574,15,,,1,70,,90595,15,,,1,30,,90575,15,,,1,70,,90596,15,,,1,30,,90576,15,,,1,70,,90597,15,,,1,30,,90577,15,,,1,70,,90598,15,,,1,30,,90578,15,,,1,70,,90599,15,,,1,30,,90579,15,,,1
901,'20261023',535,,90605,15,,,1,70,,90626,15,,,1,37,,90606,15,,,1,15,,90624,15,,,1,50,,90627,15,,,1,10,,90648,11,,,1,10,,90645,15,,,1,10,,90607,15,,,1,10,,90647,11,,,1,10,,90625,15,,,1,50,,90628,15,,,1,10,,90649,11,,,1,10,,90646,15,,,1,15,,90608,15,,,1,70,,90629,15,,,1,30,,90609,15,,,1,70,,90630,15,,,1,30,,90610,15,,,1,70,,90631,15,,,1,30,,90611,15,,,1,70,,90632,15,,,1,30,,90612,15,,,1,70,,90633,15,,,1,30,,90613,15,,,1,70,,90634,15,,,1,30,,90614,15,,,1,70,,90635,15,,,1,30,,90615,15,,,1,70,,90636,15,,,1,30,,90616,15,,,1,70,,90637,15,,,1,30,,90617,15,,,1,70,,90638,15,,,1,30,,90618,15,,,1,70,,90639,15,,,1,30,,90619,15,,,1,70,,90640,15,,,1,30,,90620,15,,,1,70,,90641,15,,,1,30,,90621,15,,,1,70,,90642,15,,,1,30,,90622,15,,,1,70,,90643,15,,,1,30,,90623,15,,,1,70,,90644,15,,,1
901,'20261024',812,,90666,15,,,1,30,,90650,15,,,1,70,,90667,15,,,1,30,,90651,15,,,1,70,,90668,15,,,1,30,,90652,15,,,1,70,,90669,15,,,1,30,,90653,15,,,1,70,,90670,15,,,1,30,,90654,15,,,1,70,,90671,15,,,1,30,,90655,15,,,1,70,,90672,15,,,1,30,,90656,15,,,1,70,,90673,15,,,1,30,,90657,15,,,1,70,,90674,15,,,1,30,,90658,15,,,1,70,,90675,15,,,1,30,,90659,15,,,1,70,,90676,15,,,1,30,,90660,15,,,1,70,,90677,15,,,1,30,,90661,15,,,1,70,,90678,15,,,1,30,,90662,15,,,1,70,,90679,15,,,1,30,,90663,15,,,1,70,,90680,15,,,1,30,,90664,15,,,1,70,,90681,15,,,1,30,,90665,15,,,1,70,,90682,15,,,1
901,'20261025',812,,90699,15,,,1,30,,92323,15,,,1,70,,90700,15,,,1,30,,92324,15,,,1,70,,90701,15,,,1,30,,92325,15,,,1,70,,90702,15,,,1,30,,92326,15,,,1,70,,90703,15,,,1,30,,92327,15,,,1,70,,90704,15,,,1,30,,92328,15,,,1,70,,90705,15,,,1,30,,92329,15,,,1,70,,90706,15,,,1,30,,92330,15,,,1,70,,90707,15,,,1,30,,92331,15,,,1,70,,90708,15,,,1,30,,92332,15,,,1,70,,90709,15,,,1,30,,92333,15,,,1,70,,90710,15,,,1,30,,92334,15,,,1,70,,90711,15,,,1,30,,92335,15,,,1,70,,90712,15,,,1,30,,92336,15,,,1,70,,90713,15,,,1,30,,92337,15,,,1,70,,90714,15,,,1,30,,92338,15,,,1
901,'20261026',535,,90715,15,,,1,70,,90736,15,,,1,37,,90716,15,,,1,15,,90734,15,,,1,50,,90737,15,,,1,10,,90757,11,,,1,10,,90754,15,,,1,10,,90717,15,,,1,10,,90756,11,,,1,10,,90735,15,,,1,50,,90738,15,,,1,10,,90758,11,,,1,10,,90755,15,,,1,15,,90718,15,,,1,70,,90739,15,,,1,30,,90719,15,,,1,70,,90740,15,,,1,30,,90720,15,,,1,70,,90741,15,,,1,30,,90721,15,,,1,70,,90742,15,,,1,30,,90722,15,,,1,70,,90743,15,,,1,30,,90723,15,,,1,70,,90744,15,,,1,30,,90724,15,,,1,70,,90745,15,,,1,30,,90725,15,,,1,70,,90746,15,,,1,30,,90726,15,,,1,70,,90747,15,,,1,30,,90727,15,,,1,70,,90748,15,,,1,30,,90728,15,,,1,70,,90749,15,,,1,30,,90729,15,,,1,70,,90750,15,,,1,30,,90730,15,,,1,70,,90751,15,,,1,30,,90731,15,,,1,70,,90752,15,,,1,30,,90732,15,,,1,70,,90753,15,,,1,30,,90733,15,,,1
901,'20261027',535,,90759,15,,,1,70,,90780,15,,,1,37,,90760,15,,,1,15,,90778,15,,,1,50,,90781,15,,,1,10,,90801,11,,,1,10,,90798,15,,,1,10,,90761,15,,,1,10,,90800,11,,,1,10,,90779,15,,,1,50,,90782,15,,,1,10,,90802,11,,,1,10,,90799,15,,,1,15,,90762,15,,,1,70,,90783,15,,,1,30,,90763,15,,,1,70,,90784,15,,,1,30,,90764,15,,,1,70,,90785,15,,,1,30,,90765,15,,,1,70,,90786,15,,,1,30,,90766,15,,,1,70,,90787,15,,,1,30,,90767,15,,,1,70,,90788,15,,,1,30,,90768,15,,,1,70,,90789,15,,,1,30,,90769,15,,,1,70,,90790,15,,,1,30,,90770,15,,,1,70,,90791,15,,,1,30,,90771,15,,,1,70,,90792,15,,,1,30,,90772,15,,,1,70,,90793,15,,,1,30,,90773,15,,,1,70,,90794,15,,,1,30,,90774,15,,,1,70,,90795,15,,,1,30,,90775,15,,,1,70,,90796,15,,,1,30,,90776,15,,,1,70,,90797,15,,,1,30,,90777,15,,,1
901,'20261028',535,,90803,15,,,1,70,,90824,15,,,1,37,,90804,15,,,1,15,,90822,15,,,1,50,,90825,15,,,1,10,,90845,11,,,1,10,,90842,15,,,1,10,,90805,15,,,1,10,,90844,11,,,1,10,,90823,15,,,1,50,,90826,15,,,1,10,,90846,11,,,1,10,,90843,15,,,1,15,,90806,15,,,1,70,,90827,15,,,1,30,,90807,15,,,1,70,,90828,15,,,1,30,,90808,15,,,1,70,,90829,15,,,1,30,,90809,15,,,1,70,,90830,15,,,1,30,,90810,15,,,1,70,,90831,15,,,1,30,,90811,15,,,1,70,,90832,15,,,1,30,,90812,15,,,1,70,,90833,15,,,1,30,,90813,15,,,1,70,,90834,15,,,1,30,,90814,15,,,1,70,,90835,15,,,1,30,,90815,15,,,1,70,,90836,15,,,1,30,,90816,15,,,1,70,,90837,15,,,1,30,,90817,15,,,1,70,,90838,15,,,1,30,,90818,15,,,1,70,,90839,15,,,1,30,,90819,15,,,1,70,,90840,15,,,1,30,,90820,15,,,1,70,,90841,15,,,1,30,,90821,15,,,1
901,'20261029',535,,90847,15,,,1,70,,90868,15,,,1,37,,90848,15,,,1,15,,90866,15,,,1,50,,90869,15,,,1,10,,90889,11,,,1,10,,90886,15,,,1,10,,90849,15,,,1,10,,90888,11,,,1,10,,90867,15,,,1,50,,90870,15,,,1,10,,90890,11,,,1,10,,90887,15,,,1,15,,90850,15,,,1,70,,90871,15,,,1,30,,90851,15,,,1,70,,90872,15,,,1,30,,90852,15,,,1,70,,90873,15,,,1,30,,90853,15,,,1,70,,90874,15,,,1,30,,90854,15,,,1,70,,90875,15,,,1,30,,90855,15,,,1,70,,90876,15,,,1,30,,90856,15,,,1,70,,90877,15,,,1,30,,90857,15,,,1,70,,90878,15,,,1,30,,90858,15,,,1,70,,90879,15,,,1,30,,90859,15,,,1,70,,90880,15,,,1,30,,90860,15,,,1,70,,90881,15,,,1,30,,90861,15,,,1,70,,90882,15,,,1,30,,90862,15,,,1,70,,90883,15,,,1,30,,90863,15,,,1,70,,90884,15,,,1,30,,90864,15,,,1,70,,90885,15,,,1,30,,90865,15,,,1
901,'20261030',535,,90891,15,,,1,70,,90912,15,,,1,37,,90892,15,,,1,15,,90910,15,,,1,50,,90913,15,,,1,10,,90934,11,,,1,10,,90931,15,,,1,10,,90893,15,,,1,10,,90933,11,,,1,10,,90911,15,,,1,50,,90914,15,,,1,10,,90935,11,,,1,10,,90932,15,,,1,15,,90894,15,,,1,70,,90915,15,,,1,30,,90895,15,,,1,70,,90916,15,,,1,30,,90896,15,,,1,70,,90917,15,,,1,30,,90897,15,,,1,70,,90918,15,,,1,30,,90898,15,,,1,70,,90919,15,,,1,30,,90899,15,,,1,70,,90920,15,,,1,30,,90900,15,,,1,70,,90921,15,,,1,30,,90901,15,,,1,70,,90922,15,,,1,30,,90902,15,,,1,70,,90923,15,,,1,30,,90903,15,,,1,70,,90924,15,,,1,30,,90904,15,,,1,70,,90925,15,,,1,30,,90905,15,,,1,70,,90926,15,,,1,30,,90906,15,,,1,70,,90927,15,,,1,30,,90907,15,,,1,70,,90928,15,,,1,30,,90908,15,,,1,70,,90929,15,,,1,30,,90909,15,,,1,70,,90930,15,,,1
901,'20261031',812,,90952,15,,,1,30,,90936,15,,,1,70,,90953,15,,,1,30,,90937,15,,,1,70,,90954,15,,,1,30,,90938,15,,,1,70,,90955,15,,,1,30,,90939,15,,,1,70,,90956,15,,,1,30,,90940,15,,,1,70,,90957,15,,,1,30,,90941,15,,,1,70,,90958,15,,,1,30,,90942,15,,,1,70,,90959,15,,,1,30,,90943,15,,,1,70,,90960,15,,,1,30,,90944,15,,,1,70,,90961,15,,,1,30,,90945,15,,,1,70,,90962,15,,,1,30,,90946,15,,,1,70,,90963,15,,,1,30,,90947,15,,,1,70,,90964,15,,,1,30,,90948,15,,,1,70,,90965,15,,,1,30,,90949,15,,,1,70,,90966,15,,,1,30,,90950,15,,,1,70,,90967,15,,,1,30,,90951,15,,,1,70,,90968,15,,,1
901,'20261101',812,,90985,15,,,1,30,,92339,15,,,1,70,,90986,15,,,1,30,,92340,15,,,1,70,,90987,15,,,1,30,,92341,15,,,1,70,,90988,15,,,1,30,,92342,15,,,1,70,,90989,15,,,1,30,,92343,15,,,1,70,,90990,15,,,1,30,,92344,15,,,1,70,,90991,15,,,1,30,,92345,15,,,1,70,,90992,15,,,1,30,,92346,15,,,1,70,,90993,15,,,1,30,,92347,15,,,1,70,,90994,15,,,1,30,,92348,15,,,1,70,,90995,15,,,1,30,,92349,15,,,1,70,,90996,15,,,1,30,,92350,15,,,1,70,,90997,15,,,1,30,,92351,15,,,1,70,,90998,15,,,1,30,,92352,15,,,1,70,,90999,15,,,1,30,,92353,15,,,1,70,,91000,15,,,1,30,,92354,15,,,1
901,'20261102',535,,91001,15,,,1,70,,91022,15,,,1,37,,91002,15,,,1,15,,91020,15,,,1,50,,91023,15,,,1,10,,91043,11,,,1,10,,91040,15,,,1,10,,91003,15,,,1,10,,91042,11,,,1,10,,91021,15,,,1,50,,91024,15,,,1,10,,91044,11,,,1,10,,91041,15,,,1,15,,91004,15,,,1,70,,91025,15,,,1,30,,91005,15,,,1,70,,91026,15,,,1,30,,91006,15,,,1,70,,91027,15,,,1,30,,91007,15,,,1,70,,91028,15,,,1,30,,91008,15,,,1,70,,91029,15,,,1,30,,91009,15,,,1,70,,91030,15,,,1,30,,91010,15,,,1,70,,91031,15,,,1,30,,91011,15,,,1,70,,91032,15,,,1,30,,91012,15,,,1,70,,91033,15,,,1,30,,91013,15,,,1,70,,91034,15,,,1,30,,91014,15,,,1,70,,91035,15,,,1,30,,91015,15,,,1,70,,91036,15,,,1,30,,91016,15,,,1,70,,91037,15,,,1,30,,91017,15,,,1,70,,91038,15,,,1,30,,91018,15,,,1,70,,91039,15,,,1,30,,91019,15,,,1
901,'20261103',535,,91045,15,,,1,70,,91066,15,,,1,37,,91046,15,,,1,15,,91064,15,,,1,50,,91067,15,,,1,10,,91087,11,,,1,10,,91084,15,,,1,10,,91047,15,,,1,10,,91086,11,,,1,10,,91065,15,,,1,50,,91068,15,,,1,10,,91088,11,,,1,10,,91085,15,,,1,15,,91048,15,,,1,70,,91069,15,,,1,30,,91049,15,,,1,70,,91070,15,,,1,30,,91050,15,,,1,70,,91071,15,,,1,30,,91051,15,,,1,70,,91072,15,,,1,30,,91052,15,,,1,70,,91073,15,,,1,30,,91053,15,,,1,70,,91074,15,,,1,30,,91054,15,,,1,70,,91075,15,,,1,30,,91055,15,,,1,70,,91076,15,,,1,30,,91056,15,,,1,70,,91077,15,,,1,30,,91057,15,,,1,70,,91078,15,,,1,30,,91058,15,,,1,70,,91079,15,,,1,30,,91059,15,,,1,70,,91080,15,,,1,30,,91060,15,,,1,70,,91081,15,,,1,30,,91061,15,,,1,70,,91082,15,,,1,30,,91062,15,,,1,70,,91083,15,,,1,30,,91063,15,,,1
901,'20261104',535,,91089,15,,,1,70,,91110,15,,,1,37,,91090,15,,,1,15,,91108,15,,,1,50,,91111,15,,,1,10,,91131,11,,,1,10,,91128,15,,,1,10,,91091,15,,,1,10,,91130,11,,,1,10,,91109,15,,,1,50,,91112,15,,,1,10,,91132,11,,,1,10,,91129,15,,,1,15,,91092,15,,,1,70,,91113,15,,,1,30,,91093,15,,,1,70,,91114,15,,,1,30,,91094,15,,,1,70,,91115,15,,,1,30,,91095,15,,,1,70,,91116,15,,,1,30,,91096,15,,,1,70,,91117,15,,,1,30,,91097,15,,,1,70,,91118,15,,,1,30,,91098,15,,,1,70,,91119,15,,,1,30,,91099,15,,,1,70,,91120,15,,,1,30,,91100,15,,,1,70,,91121,15,,,1,30,,91101,15,,,1,70,,91122,15,,,1,30,,91102,15,,,1,70,,91123,15,,,1,30,,91103,15,,,1,70,,91124,15,,,1,30,,91104,15,,,1,70,,91125,15,,,1,30,,91105,15,,,1,70,,91126,15,,,1,30,,91106,15,,,1,70,,91127,15,,,1,30,,91107,15,,,1
901,'20261105',535,,91133,15,,,1,70,,91154,15,,,1,37,,91134,15,,,1,15,,91152,15,,,1,50,,91155,15,,,1,10,,91175,11,,,1,10,,91172,15,,,1,10,,91135,15,,,1,10,,91174,11,,,1,10,,91153,15,,,1,50,,91156,15,,,1,10,,91176,11,,,1,10,,91173,15,,,1,15,,91136,15,,,1,70,,91157,15,,,1,30,,91137,15,,,1,70,,91158,15,,,1,30,,91138,15,,,1,70,,91159,15,,,1,30,,91139,15,,,1,70,,91160,15,,,1,30,,91140,15,,,1,70,,91161,15,,,1,30,,91141,15,,,1,70,,91162,15,,,1,30,,91142,15,,,1,70,,91163,15,,,1,30,,91143,15,,,1,70,,91164,15,,,1,30,,91144,15,,,1,70,,91165,15,,,1,30,,91145,15,,,1,70,,91166,15,,,1,30,,91146,15,,,1,70,,91167,15,,,1,30,,91147,15,,,1,70,,91168,15,,,1,30,,91148,15,,,1,70,,91169,15,,,1,30,,91149,15,,,1,70,,91170,15,,,1,30,,91150,15,,,1,70,,91171,15,,,1,30,,91151,15,,,1
901,'20261106',535,,91177,15,,,1,70,,91198,15,,,1,37,,91178,15,,,1,15,,91196,15,,,1,50,,91199,15,,,1,10,,91220,11,,,1,10,,91217,15,,,1,10,,91179,15,,,1,10,,91219,11,,,1,10,,91197,15,,,1,50,,91200,15,,,1,10,,91221,11,,,1,10,,91218,15,,,1,15,,91180,15,,,1,70,,91201,15,,,1,30,,91181,15,,,1,70,,91202,15,,,1,30,,91182,15,,,1,70,,91203,15,,,1,30,,91183,15,,,1,70,,91204,15,,,1,30,,91184,15,,,1,70,,91205,15,,,1,30,,91185,15,,,1,70,,91206,15,,,1,30,,91186,15,,,1,70,,91207,15,,,1,30,,91187,15,,,1,70,,91208,15,,,1,30,,91188,15,,,1,70,,91209,15,,,1,30,,91189,15,,,1,70,,91210,15,,,1,30,,91190,15,,,1,70,,91211,15,,,1,30,,91191,15,,,1,70,,91212,15,,,1,30,,91192,15,,,1,70,,91213,15,,,1,30,,91193,15,,,1,70,,91214,15,,,1,30,,91194,15,,,1,70,,91215,15,,,1,30,,91195,15,,,1,70,,91216,15,,,1
901,'20261107',812,,91238,15,,,1,30,,91222,15,,,1,70,,91239,15,,,1,30,,91223,15,,,1,70,,91240,15,,,1,30,,91224,15,,,1,70,,91241,15,,,1,30,,91225,15,,,1,70,,91242,15,,,1,30,,91226,15,,,1,70,,91243,15,,,1,30,,91227,15,,,1,70,,91244,15,,,1,30,,91228,15,,,1,70,,91245,15,,,1,30,,91229,15,,,1,70,,91246,15,,,1,30,,91230,15,,,1,70,,91247,15,,,1,30,,91231,15,,,1,70,,91248,15,,,1,30,,91232,15,,,1,70,,91249,15,,,1,30,,91233,15,,,1,70,,91250,15,,,1,30,,91234,15,,,1,70,,91251,15,,,1,30,,91235,15,,,1,70,,91252,15,,,1,30,,91236,15,,,1,70,,91253,15,,,1,30,,91237,15,,,1,70,,91254,15,,,1
901,'20261108',812,,91271,15,,,1,30,,92355,15,,,1,70,,91272,15,,,1,30,,92356,15,,,1,70,,91273,15,,,1,30,,92357,15,,,1,70,,91274,15,,,1,30,,92358,15,,,1,70,,91275,15,,,1,30,,92359,15,,,1,70,,91276,15,,,1,30,,92360,15,,,1,70,,91277,15,,,1,30,,92361,15,,,1,70,,91278,15,,,1,30,,92362,15,,,1,70,,91279,15,,,1,30,,92363,15,,,1,70,,91280,15,,,1,30,,92364,15,,,1,70,,91281,15,,,1,30,,92365,15,,,1,70,,91282,15,,,1,30,,92366,15,,,1,70,,91283,15,,,1,30,,92367,15,,,1,70,,91284,15,,,1,30,,92368,15,,,1,70,,91285,15,,,1,30,,92369,15,,,1,70,,91286,15,,,1,30,,92370,15,,,1
901,'20261109',535,,91287,15,,,1,70,,91308,15,,,1,37,,91288,15,,,1,15,,91306,15,,,1,50,,91309,15,,,1,10,,91329,11,,,1,10,,91326,15,,,1,10,,91289,15,,,1,10,,91328,11,,,1,10,,91307,15,,,1,50,,91310,15,,,1,10,,91330,11,,,1,10,,91327,15,,,1,15,,91290,15,,,1,70,,91311,15,,,1,30,,91291,15,,,1,70,,91312,15,,,1,30,,91292,15,,,1,70,,91313,15,,,1,30,,91293,15,,,1,70,,91314,15,,,1,30,,91294,15,,,1,70,,91315,15,,,1,30,,91295,15,,,1,70,,91316,15,,,1,30,,91296,15,,,1,70,,91317,15,,,1,30,,91297,15,,,1,70,,91318,15,,,1,30,,91298,15,,,1,70,,91319,15,,,1,30,,91299,15,,,1,70,,91320,15,,,1,30,,91300,15,,,1,70,,91321,15,,,1,30,,91301,15,,,1,70,,91322,15,,,1,30,,91302,15,,,1,70,,91323,15,,,1,30,,91303,15,,,1,70,,91324,15,,,1,30,,91304,15,,,1,70,,91325,15,,,1,30,,91305,15,,,1
901,'20261110',535,,91331,15,,,1,70,,91352,15,,,1,37,,91332,15,,,1,15,,91350,15,,,1,50,,91353,15,,,1,10,,91373,11,,,1,10,,91370,15,,,1,10,,91333,15,,,1,10,,91372,11,,,1,10,,91351,15,,,1,50,,91354,15,,,1,10,,91374,11,,,1,10,,91371,15,,,1,15,,91334,15,,,1,70,,91355,15,,,1,30,,91335,15,,,1,70,,91356,15,,,1,30,,91336,15,,,1,70,,91357,15,,,1,30,,91337,15,,,1,70,,91358,15,,,1,30,,91338,15,,,1,70,,91359,15,,,1,30,,91339,15,,,1,70,,91360,15,,,1,30,,91340,15,,,1,70,,91361,15,,,1,30,,91341,15,,,1,70,,91362,15,,,1,30,,91342,15,,,1,70,,91363,15,,,1,30,,91343,15,,,1,70,,91364,15,,,1,30,,91344,15,,,1,70,,91365,15,,,1,30,,91345,15,,,1,70,,91366,15,,,1,30,,91346,15,,,1,70,,91367,15,,,1,30,,91347,15,,,1,70,,91368,15,,,1,30,,91348,15,,,1,70,,91369,15,,,1,30,,91349,15,,,1
901,'20261111',535,,91375,15,,,1,70,,91396,15,,,1,37,,91376,15,,,1,15,,91394,15,,,1,50,,91397,15,,,1,10,,91417,11,,,1,10,,91414,15,,,1,10,,91377,15,,,1,10,,91416,11,,,1,10,,91395,15,,,1,50,,91398,15,,,1,10,,91418,11,,,1,10,,91415,15,,,1,15,,91378,15,,,1,70,,91399,15,,,1,30,,91379,15,,,1,70,,91400,15,,,1,30,,91380,15,,,1,70,,91401,15,,,1,30,,91381,15,,,1,70,,91402,15,,,1,30,,91382,15,,,1,70,,91403,15,,,1,30,,91383,15,,,1,70,,91404,15,,,1,30,,91384,15,,,1,70,,91405,15,,,1,30,,91385,15,,,1,70,,91406,15,,,1,30,,91386,15,,,1,70,,91407,15,,,1,30,,91387,15,,,1,70,,91408,15,,,1,30,,91388,15,,,1,70,,91409,15,,,1,30,,91389,15,,,1,70,,91410,15,,,1,30,,91390,15,,,1,70,,91411,15,,,1,30,,91391,15,,,1,70,,91412,15,,,1,30,,91392,15,,,1,70,,91413,15,,,1,30,,91393,15,,,1
901,'20261112',535,,91419,15,,,1,70,,91440,15,,,1,37,,91420,15,,,1,15,,91438,15,,,1,50,,91441,15,,,1,10,,91461,11,,,1,10,,91458,15,,,1,10,,91421,15,,,1,10,,91460,11,,,1,10,,91439,15,,,1,50,,91442,15,,,1,10,,91462,11,,,1,10,,91459,15,,,1,15,,91422,15,,,1,70,,91443,15,,,1,30,,91423,15,,,1,70,,91444,15,,,1,30,,91424,15,,,1,70,,91445,15,,,1,30,,91425,15,,,1,70,,91446,15,,,1,30,,91426,15,,,1,70,,91447,15,,,1,30,,91427,15,,,1,70,,91448,15,,,1,30,,91428,15,,,1,70,,91449,15,,,1,30,,91429,15,,,1,70,,91450,15,,,1,30,,91430,15,,,1,70,,91451,15,,,1,30,,91431,15,,,1,70,,91452,15,,,1,30,,91432,15,,,1,70,,91453,15,,,1,30,,91433,15,,,1,70,,91454,15,,,1,30,,91434,15,,,1,70,,91455,15,,,1,30,,91435,15,,,1,70,,91456,15,,,1,30,,91436,15,,,1,70,,91457,15,,,1,30,,91437,15,,,1
901,'20261113',535,,91463,15,,,1,70,,91484,15,,,1,37,,91464,15,,,1,15,,91482,15,,,1,50,,91485,15,,,1,10,,91506,11,,,1,10,,91503,15,,,1,10,,91465,15,,,1,10,,91505,11,,,1,10,,91483,15,,,1,50,,91486,15,,,1,10,,91507,11,,,1,10,,91504,15,,,1,15,,91466,15,,,1,70,,91487,15,,,1,30,,91467,15,,,1,70,,91488,15,,,1,30,,91468,15,,,1,70,,91489,15,,,1,30,,91469,15,,,1,70,,91490,15,,,1,30,,91470,15,,,1,70,,91491,15,,,1,30,,91471,15,,,1,70,,91492,15,,,1,30,,91472,15,,,1,70,,91493,15,,,1,30,,91473,15,,,1,70,,91494,15,,,1,30,,91474,15,,,1,70,,91495,15,,,1,30,,91475,15,,,1,70,,91496,15,,,1,30,,91476,15,,,1,70,,91497,15,,,1,30,,91477,15,,,1,70,,91498,15,,,1,30,,91478,15,,,1,70,,91499,15,,,1,30,,91479,15,,,1,70,,91500,15,,,1,30,,91480,15,,,1,70,,91501,15,,,1,30,,91481,15,,,1,70,,91502,15,,,1
901,'20261114',812,,91524,15,,,1,30,,91508,15,,,1,70,,91525,15,,,1,30,,91509,15,,,1,70,,91526,15,,,1,30,,91510,15,,,1,70,,91527,15,,,1,30,,91511,15,,,1,70,,91528,15,,,1,30,,91512,15,,,1,70,,91529,15,,,1,30,,91513,15,,,1,70,,91530,15,,,1,30,,91514,15,,,1,70,,91531,15,,,1,30,,91515,15,,,1,70,,91532,15,,,1,30,,91516,15,,,1,70,,91533,15,,,1,30,,91517,15,,,1,70,,91534,15,,,1,30,,91518,15,,,1,70,,91535,15,,,1,30,,91519,15,,,1,70,,91536,15,,,1,30,,91520,15,,,1,70,,91537,15,,,1,30,,91521,15,,,1,70,,91538,15,,,1,30,,91522,15,,,1,70,,91539,15,,,1,30,,91523,15,,,1,70,,91540,15,,,1
901,'20261115',812,,91557,15,,,1,30,,92371,15,,,1,70,,91558,15,,,1,30,,92372,15,,,1,70,,91559,15,,,1,30,,92373,15,,,1,70,,91560,15,,,1,30,,92374,15,,,1,70,,91561,15,,,1,30,,92375,15,,,1,70,,91562,15,,,1,30,,92376,15,,,1,70,,91563,15,,,1,30,,92377,15,,,1,70,,91564,15,,,1,30,,92378,15,,,1,70,,91565,15,,,1,30,,92379,15,,,1,70,,91566,15,,,1,30,,92380,15,,,1,70,,91567,15,,,1,30,,92381,15,,,1,70,,91568,15,,,1,30,,92382,15,,,1,70,,91569,15,,,1,30,,92383,15,,,1,70,,91570,15,,,1,30,,92384,15,,,1,70,,91571,15,,,1,30,,92385,15,,,1,70,,91572,15,,,1,30,,92386,15,,,1
901,'20261116',535,,91573,15,,,1,70,,91594,15,,,1,37,,91574,15,,,1,15,,91592,15,,,1,50,,91595,15,,,1,10,,91615,11,,,1,10,,91612,15,,,1,10,,91575,15,,,1,10,,91614,11,,,1,10,,91593,15,,,1,50,,91596,15,,,1,10,,91616,11,,,1,10,,91613,15,,,1,15,,91576,15,,,1,70,,91597,15,,,1,30,,91577,15,,,1,70,,91598,15,,,1,30,,91578,15,,,1,70,,91599,15,,,1,30,,91579,15,,,1,70,,91600,15,,,1,30,,91580,15,,,1,70,,91601,15,,,1,30,,91581,15,,,1,70,,91602,15,,,1,30,,91582,15,,,1,70,,91603,15,,,1,30,,91583,15,,,1,70,,91604,15,,,1,30,,91584,15,,,1,70,,91605,15,,,1,30,,91585,15,,,1,70,,91606,15,,,1,30,,91586,15,,,1,70,,91607,15,,,1,30,,91587,15,,,1,70,,91608,15,,,1,30,,91588,15,,,1,70,,91609,15,,,1,30,,91589,15,,,1,70,,91610,15,,,1,30,,91590,15,,,1,70,,91611,15,,,1,30,,91591,15,,,1
901,'20261117',535,,91617,15,,,1,70,,91638,15,,,1,37,,91618,15,,,1,15,,91636,15,,,1,50,,91639,15,,,1,10,,91659,11,,,1,10,,91656,15,,,1,10,,91619,15,,,1,10,,91658,11,,,1,10,,91637,15,,,1,50,,91640,15,,,1,10,,91660,11,,,1,10,,91657,15,,,1,15,,91620,15,,,1,70,,91641,15,,,1,30,,91621,15,,,1,70,,91642,15,,,1,30,,91622,15,,,1,70,,91643,15,,,1,30,,91623,15,,,1,70,,91644,15,,,1,30,,91624,15,,,1,70,,91645,15,,,1,30,,91625,15,,,1,70,,91646,15,,,1,30,,91626,15,,,1,70,,91647,15,,,1,30,,91627,15,,,1,70,,91648,15,,,1,30,,91628,15,,,1,70,,91649,15,,,1,30,,91629,15,,,1,70,,91650,15,,,1,30,,91630,15,,,1,70,,91651,15,,,1,30,,91631,15,,,1,70,,91652,15,,,1,30,,91632,15,,,1,70,,91653,15,,,1,30,,91633,15,,,1,70,,91654,15,,,1,30,,91634,15,,,1,70,,91655,15,,,1,30,,91635,15,,,1
901,'20261118',535,,91661,15,,,1,70,,91682,15,,,1,37,,91662,15,,,1,15,,91680,15,,,1,50,,91683,15,,,1,10,,91703,11,,,1,10,,91700,15,,,1,10,,91663,15,,,1,10,,91702,11,,,1,10,,91681,15,,,1,50,,91684,15,,,1,10,,91704,11,,,1,10,,91701,15,,,1,15,,91664,15,,,1,70,,91685,15,,,1,30,,91665,15,,,1,70,,91686,15,,,1,30,,91666,15,,,1,70,,91687,15,,,1,30,,91667,15,,,1,70,,91688,15,,,1,30,,91668,15,,,1,70,,91689,15,,,1,30,,91669,15,,,1,70,,91690,15,,,1,30,,91670,15,,,1,70,,91691,15,,,1,30,,91671,15,,,1,70,,91692,15,,,1,30,,91672,15,,,1,70,,91693,15,,,1,30,,91673,15,,,1,70,,91694,15,,,1,30,,91674,15,,,1,70,,91695,15,,,1,30,,91675,15,,,1,70,,91696,15,,,1,30,,91676,15,,,1,70,,91697,15,,,1,30,,91677,15,,,1,70,,91698,15,,,1,30,,91678,15,,,1,70,,91699,15,,,1,30,,91679,15,,,1
901,'20261119',535,,91705,15,,,1,70,,91726,15,,,1,37,,91706,15,,,1,15,,91724,15,,,1,50,,91727,15,,,1,10,,91747,11,,,1,10,,91744,15,,,1,10,,91707,15,,,1,10,,91746,11,,,1,10,,91725,15,,,1,50,,91728,15,,,1,10,,91748,11,,,1,10,,91745,15,,,1,15,,91708,15,,,1,70,,91729,15,,,1,30,,91709,15,,,1,70,,91730,15,,,1,30,,91710,15,,,1,70,,91731,15,,,1,30,,91711,15,,,1,70,,91732,15,,,1,30,,91712,15,,,1,70,,91733,15,,,1,30,,91713,15,,,1,70,,91734,15,,,1,30,,91714,15,,,1,70,,91735,15,,,1,30,,91715,15,,,1,70,,91736,15,,,1,30,,91716,15,,,1,70,,91737,15,,,1,30,,91717,15,,,1,70,,91738,15,,,1,30,,91718,15,,,1,70,,91739,15,,,1,30,,91719,15,,,1,70,,91740,15,,,1,30,,91720,15,,,1,70,,91741,15,,,1,30,,91721,15,,,1,70,,91742,15,,,1,30,,91722,15,,,1,70,,91743,15,,,1,30,,91723,15,,,1
901,'20261120',535,,91749,15,,,1,70,,91770,15,,,1,37,,91750,15,,,1,15,,91768,15,,,1,50,,91771,15,,,1,10,,91792,11,,,1,10,,91789,15,,,1,10,,91751,15,,,1,10,,91791,11,,,1,10,,91769,15,,,1,50,,91772,15,,,1,10,,91793,11,,,1,10,,91790,15,,,1,15,,91752,15,,,1,70,,91773,15,,,1,30,,91753,15,,,1,70,,91774,15,,,1,30,,91754,15,,,1,70,,91775,15,,,1,30,,91755,15,,,1,70,,91776,15,,,1,30,,91756,15,,,1,70,,91777,15,,,1,30,,91757,15,,,1,70,,91778,15,,,1,30,,91758,15,,,1,70,,91779,15,,,1,30,,91759,15,,,1,70,,91780,15,,,1,30,,91760,15,,,1,70,,91781,15,,,1,30,,91761,15,,,1,70,,91782,15,,,1,30,,91762,15,,,1,70,,91783,15,,,1,30,,91763,15,,,1,70,,91784,15,,,1,30,,91764,15,,,1,70,,91785,15,,,1,30,,91765,15,,,1,70,,91786,15,,,1,30,,91766,15,,,1,70,,91787,15,,,1,30,,91767,15,,,1,70,,91788,15,,,1
901,'20261121',812,,91810,15,,,1,30,,91794,15,,,1,70,,91811,15,,,1,30,,91795,15,,,1,70,,91812,15,,,1,30,,91796,15,,,1,70,,91813,15,,,1,30,,91797,15,,,1,70,,91814,15,,,1,30,,91798,15,,,1,70,,91815,15,,,1,30,,91799,15,,,1,70,,91816,15,,,1,30,,91800,15,,,1,70,,91817,15,,,1,30,,91801,15,,,1,70,,91818,15,,,1,30,,91802,15,,,1,70,,91819,15,,,1,30,,91803,15,,,1,70,,91820,15,,,1,30,,91804,15,,,1,70,,91821,15,,,1,30,,91805,15,,,1,70,,91822,15,,,1,30,,91806,15,,,1,70,,91823,15,,,1,30,,91807,15,,,1,70,,91824,15,,,1,30,,91808,15,,,1,70,,91825,15,,,1,30,,91809,15,,,1,70,,91826,15,,,1
901,'20261122',812,,91843,15,,,1,30,,92387,15,,,1,70,,91844,15,,,1,30,,92388,15,,,1,70,,91845,15,,,1,30,,92389,15,,,1,70,,91846,15,,,1,30,,92390,15,,,1,70,,91847,15,,,1,30,,92391,15,,,1,70,,91848,15,,,1,30,,92392,15,,,1,70,,91849,15,,,1,30,,92393,15,,,1,70,,91850,15,,,1,30,,92394,15,,,1,70,,91851,15,,,1,30,,92395,15,,,1,70,,91852,15,,,1,30,,92396,15,,,1,70,,91853,15,,,1,30,,92397,15,,,1,70,,91854,15,,,1,30,,92398,15,,,1,70,,91855,15,,,1,30,,92399,15,,,1,70,,91856,15,,,1,30,,92400,15,,,1,70,,91857,15,,,1,30,,92401,15,,,1,70,,91858,15,,,1,30,,92402,15,,,1
901,'20261123',535,,91859,15,,,1,70,,91880,15,,,1,37,,91860,15,,,1,15,,91878,15,,,1,50,,91881,15,,,1,10,,91901,11,,,1,10,,91898,15,,,1,10,,91861,15,,,1,10,,91900,11,,,1,10,,91879,15,,,1,50,,91882,15,,,1,10,,91902,11,,,1,10,,91899,15,,,1,15,,91862,15,,,1,70,,91883,15,,,1,30,,91863,15,,,1,70,,91884,15,,,1,30,,91864,15,,,1,70,,91885,15,,,1,30,,91865,15,,,1,70,,91886,15,,,1,30,,91866,15,,,1,70,,91887,15,,,1,30,,91867,15,,,1,70,,91888,15,,,1,30,,91868,15,,,1,70,,91889,15,,,1,30,,91869,15,,,1,70,,91890,15,,,1,30,,91870,15,,,1,70,,91891,15,,,1,30,,91871,15,,,1,70,,91892,15,,,1,30,,91872,15,,,1,70,,91893,15,,,1,30,,91873,15,,,1,70,,91894,15,,,1,30,,91874,15,,,1,70,,91895,15,,,1,30,,91875,15,,,1,70,,91896,15,,,1,30,,91876,15,,,1,70,,91897,15,,,1,30,,91877,15,,,1
901,'20261124',535,,91903,15,,,1,70,,91924,15,,,1,37,,91904,15,,,1,15,,91922,15,,,1,50,,91925,15,,,1,10,,91945,11,,,1,10,,91942,15,,,1,10,,91905,15,,,1,10,,91944,11,,,1,10,,91923,15,,,1,50,,91926,15,,,1,10,,91946,11,,,1,10,,91943,15,,,1,15,,91906,15,,,1,70,,91927,15,,,1,30,,91907,15,,,1,70,,91928,15,,,1,30,,91908,15,,,1,70,,91929,15,,,1,30,,91909,15,,,1,70,,91930,15,,,1,30,,91910,15,,,1,70,,91931,15,,,1,30,,91911,15,,,1,70,,91932,15,,,1,30,,91912,15,,,1,70,,91933,15,,,1,30,,91913,15,,,1,70,,91934,15,,,1,30,,91914,15,,,1,70,,91935,15,,,1,30,,91915,15,,,1,70,,91936,15,,,1,30,,91916,15,,,1,70,,91937,15,,,1,30,,91917,15,,,1,70,,91938,15,,,1,30,,91918,15,,,1,70,,91939,15,,,1,30,,91919,15,,,1,70,,91940,15,,,1,30,,91920,15,,,1,70,,91941,15,,,1,30,,91921,15,,,1
901,'20261125',535,,91947,15,,,1,70,,91968,15,,,1,37,,91948,15,,,1,15,,91966,15,,,1,50,,91969,15,,,1,10,,91989,11,,,1,10,,91986,15,,,1,10,,91949,15,,,1,10,,91988,11,,,1,10,,91967,15,,,1,50,,91970,15,,,1,10,,91990,11,,,1,10,,91987,15,,,1,15,,91950,15,,,1,70,,91971,15,,,1,30,,91951,15,,,1,70,,91972,15,,,1,30,,91952,15,,,1,70,,91973,15,,,1,30,,91953,15,,,1,70,,91974,15,,,1,30,,91954,15,,,1,70,,91975,15,,,1,30,,91955,15,,,1,70,,91976,15,,,1,30,,91956,15,,,1,70,,91977,15,,,1,30,,91957,15,,,1,70,,91978,15,,,1,30,,91958,15,,,1,70,,91979,15,,,1,30,,91959,15,,,1,70,,91980,15,,,1,30,,91960,15,,,1,70,,91981,15,,,1,30,,91961,15,,,1,70,,91982,15,,,1,30,,91962,15,,,1,70,,91983,15,,,1,30,,91963,15,,,1,70,,91984,15,,,1,30,,91964,15,,,1,70,,91985,15,,,1,30,,91965,15,,,1
901,'20261126',535,,91991,15,,,1,70,,92012,15,,,1,37,,91992,15,,,1,15,,92010,15,,,1,50,,92013,15,,,1,10,,92033,11,,,1,10,,92030,15,,,1,10,,91993,15,,,1,10,,92032,11,,,1,10,,92011,15,,,1,50,,92014,15,,,1,10,,92034,11,,,1,10,,92031,15,,,1,15,,91994,15,,,1,70,,92015,15,,,1,30,,91995,15,,,1,70,,92016,15,,,1,30,,91996,15,,,1,70,,92017,15,,,1,30,,91997,15,,,1,70,,92018,15,,,1,30,,91998,15,,,1,70,,92019,15,,,1,30,,91999,15,,,1,70,,92020,15,,,1,30,,92000,15,,,1,70,,92021,15,,,1,30,,92001,15,,,1,70,,92022,15,,,1,30,,92002,15,,,1,70,,92023,15,,,1,30,,92003,15,,,1,70,,92024,15,,,1,30,,92004,15,,,1,70,,92025,15,,,1,30,,92005,15,,,1,70,,92026,15,,,1,30,,92006,15,,,1,70,,92027,15,,,1,30,,92007,15,,,1,70,,92028,15,,,1,30,,92008,15,,,1,70,,92029,15,,,1,30,,92009,15,,,1
901,'20261127',535,,92035,15,,,1,70,,92056,15,,,1,37,,92036,15,,,1,15,,92054,15,,,1,50,,92057,15,,,1,10,,92078,11,,,1,10,,92075,15,,,1,10,,92037,15,,,1,10,,92077,11,,,1,10,,92055,15,,,1,50,,92058,15,,,1,10,,92079,11,,,1,10,,92076,15,,,1,15,,92038,15,,,1,70,,92059,15,,,1,30,,92039,15,,,1,70,,92060,15,,,1,30,,92040,15,,,1,70,,92061,15,,,1,30,,92041,15,,,1,70,,92062,15,,,1,30,,92042,15,,,1,70,,92063,15,,,1,30,,92043,15,,,1,70,,92064,15,,,1,30,,92044,15,,,1,70,,92065,15,,,1,30,,92045,15,,,1,70,,92066,15,,,1,30,,92046,15,,,1,70,,92067,15,,,1,30,,92047,15,,,1,70,,92068,15,,,1,30,,92048,15,,,1,70,,92069,15,,,1,30,,92049,15,,,1,70,,92070,15,,,1,30,,92050,15,,,1,70,,92071,15,,,1,30,,92051,15,,,1,70,,92072,15,,,1,30,,92052,15,,,1,70,,92073,15,,,1,30,,92053,15,,,1,70,,92074,15,,,1
