100,'20260910',710,,65922,28,0,10,1,30,,65945,28,0,11 12,1,78,,65923,28,0,10,1,30,,65946,28,0,11 12,1,70,,65924,28,0,10,1,30,,65947,28,0,11 12,1,70,,65925,28,0,10,1,30,,65948,28,0,11 12,1,70,,65926,28,0,10,1,30,,65949,28,0,11 12,1,70,,65927,28,0,10,1,30,,65960,28,0,13,1,70,,65928,28,0,10,1,30,,65950,28,0,11 12,1,70,,65929,28,0,10,1,30,,65951,28,0,11 12,1,70,,65930,28,0,10,1,30,,65952,28,0,11 12,1,70,,65931,28,0,10,1,24,,65963,28,0,17 18,1,9,,65962,28,0,13,1,61,,65959,28,0,11 12,1,10,,65937,28,0,10,1,20,,65964,28,0,17 18,1,9,,65967,28,,,1,61,,65965,28,0,17 18,1,10,,65938,28,0,10,1,20,,65966,28,0,17 18,1,12,,65953,28,0,11 12,1,65,,65932,28,0,10,1,30,,65961,28,0,13,1,70,,65933,28,0,10,1,30,,65954,28,0,11 12,1,70,,65934,28,0,10,1,30,,65955,28,0,11 12,1,70,,65935,28,0,10,1,30,,65956,28,0,11 12,1,70,,65936,28,0,10,1,30,,65957,28,0,11 12,1,58,,65941,28,0,10,1,42,,65958,28,0,11 12,1
100,'20260911',710,,65968,28,0,10,1,30,,65992,28,0,11 12,1,78,,65969,28,0,10,1,30,,65993,28,0,11 12,1,70,,65970,28,0,10,1,30,,65994,28,0,11 12,1,70,,65971,28,0,10,1,30,,65995,28,0,11 12,1,70,,65972,28,0,10,1,30,,65996,28,0,11 12,1,70,,65973,28,0,10,1,30,,66008,28,0,13,1,70,,65974,28,0,10,1,30,,65997,28,0,11 12,1,70,,65975,28,0,10,1,30,,65998,28,0,11 12,1,70,,65976,28,0,10,1,30,,65999,28,0,11 12,1,70,,65977,28,0,10,1,24,,66011,28,0,17 18,1,9,,66010,28,0,13,1,61,,66007,28,0,11 12,1,10,,65985,28,0,10,1,20,,66012,28,0,17 18,1,9,,66015,28,,,1,61,,66013,28,0,17 18,1,10,,65986,28,0,10,1,20,,66014,28,0,17 18,1,12,,66000,28,0,11 12,1,65,,65978,28,0,10,1,30,,66009,28,0,13,1,70,,65979,28,0,10,1,30,,66001,28,0,11 12,1,70,,65980,28,0,10,1,30,,66002,28,0,11 12,1,70,,65981,28,0,10,1,30,,66003,28,0,11 12,1,70,,65982,28,0,10,1,30,,66004,28,0,11 12,1,70,,65983,28,0,10,1,30,,66005,28,0,11 12,1,70,,65984,28,0,10,1,30,,66006,28,0,11 12,1
100,'20260912',948,,66032,28,0,11 12,1,6,,66049,28,,,1,64,,66016,28,0,10,1,30,,66033,28,0,11 12,1,70,,66017,28,0,10,1,30,,66034,28,0,11 12,1,10,,66050,28,,,1,60,,66018,28,0,10,1,30,,66035,28,0,11 12,1,70,,66019,28,0,10,1,30,,66036,28,0,11 12,1,70,,66020,28,0,10,1,30,,66037,28,0,11 12,1,70,,66021,28,0,10,1,30,,66047,28,0,13,1,70,,66022,28,0,10,1,30,,66038,28,0,11 12,1,70,,66023,28,0,10,1,30,,66039,28,0,11 12,1,8,,66051,28,,,1,63,,66024,28,0,10,1,30,,66040,28,0,11 12,1,70,,66025,28,0,10,1,30,,66041,28,0,11 12,1,62,,66052,28,,,1,8,,66026,28,0,10,1,30,,66042,28,0,11 12,1,70,,66027,28,0,10,1,30,,66048,28,0,13,1,70,,66028,28,0,10,1,30,,66043,28,0,11 12,1,70,,66029,28,0,10,1,30,,66044,28,0,11 12,1,71,,66030,28,0,10,1,31,,66045,28,0,11 12,1,70,,66031,28,0,10,1,30,,66046,28,0,11 12,1
100,'20260913',948,,66069,28,0,11 12,1,6,,66085,28,,,1,64,,66053,28,0,10,1,30,,66070,28,0,11 12,1,70,,66054,28,0,10,1,30,,66071,28,0,11 12,1,10,,66086,28,,,1,60,,66055,28,0,10,1,30,,66072,28,0,11 12,1,70,,66056,28,0,10,1,30,,66073,28,0,11 12,1,70,,66057,28,0,10,1,30,,66074,28,0,11 12,1,70,,66058,28,0,10,1,30,,66083,28,0,13,1,70,,66059,28,0,10,1,30,,66075,28,0,11 12,1,70,,66060,28,0,10,1,30,,66076,28,0,11 12,1,8,,66087,28,,,1,63,,66061,28,0,10,1,30,,66077,28,0,11 12,1,70,,66062,28,0,10,1,30,,66078,28,0,11 12,1,62,,66088,28,,,1,8,,66063,28,0,10,1,30,,66079,28,0,11 12,1,70,,66064,28,0,10,1,30,,66084,28,0,13,1,70,,66065,28,0,10,1,30,,66080,28,0,11 12,1,70,,66066,28,0,10,1,30,,66081,28,0,11 12,1,71,,66067,28,0,10,1,31,,66082,28,0,11 12,1,70,,66068,28,0,10,1
100,'20260914',710,,66089,28,0,10,1,30,,66112,28,0,11 12,1,78,,66090,28,0,10,1,30,,66113,28,0,11 12,1,70,,66091,28,0,10,1,30,,66114,28,0,11 12,1,70,,66092,28,0,10,1,30,,66115,28,0,11 12,1,70,,66093,28,0,10,1,30,,66116,28,0,11 12,1,70,,66094,28,0,10,1,30,,66127,28,0,13,1,70,,66095,28,0,10,1,30,,66117,28,0,11 12,1,70,,66096,28,0,10,1,30,,66118,28,0,11 12,1,70,,66097,28,0,10,1,30,,66119,28,0,11 12,1,70,,66098,28,0,10,1,24,,66130,28,0,17 18,1,9,,66129,28,0,13,1,61,,66126,28,0,11 12,1,10,,66104,28,0,10,1,20,,66131,28,0,17 18,1,9,,66134,28,,,1,61,,66132,28,0,17 18,1,10,,66105,28,0,10,1,20,,66133,28,0,17 18,1,12,,66120,28,0,11 12,1,65,,66099,28,0,10,1,30,,66128,28,0,13,1,70,,66100,28,0,10,1,30,,66121,28,0,11 12,1,70,,66101,28,0,10,1,30,,66122,28,0,11 12,1,70,,66102,28,0,10,1,30,,66123,28,0,11 12,1,70,,66103,28,0,10,1,30,,66124,28,0,11 12,1,58,,66108,28,0,10,1,42,,66125,28,0,11 12,1
100,'20260915',710,,66135,28,0,10,1,30,,66158,28,0,11 12,1,78,,66136,28,0,10,1,30,,66159,28,0,11 12,1,70,,66137,28,0,10,1,30,,66160,28,0,11 12,1,70,,66138,28,0,10,1,30,,66161,28,0,11 12,1,70,,66139,28,0,10,1,30,,66162,28,0,11 12,1,70,,66140,28,0,10,1,30,,66173,28,0,13,1,70,,66141,28,0,10,1,30,,66163,28,0,11 12,1,70,,66142,28,0,10,1,30,,66164,28,0,11 12,1,70,,66143,28,0,10,1,30,,66165,28,0,11 12,1,70,,66144,28,0,10,1,24,,66176,28,0,17 18,1,9,,66175,28,0,13,1,61,,66172,28,0,11 12,1,10,,66150,28,0,10,1,20,,66177,28,0,17 18,1,9,,66180,28,,,1,61,,66178,28,0,17 18,1,10,,66151,28,0,10,1,20,,66179,28,0,17 18,1,12,,66166,28,0,11 12,1,65,,66145,28,0,10,1,30,,66174,28,0,13,1,70,,66146,28,0,10,1,30,,66167,28,0,11 12,1,70,,66147,28,0,10,1,30,,66168,28,0,11 12,1,70,,66148,28,0,10,1,30,,66169,28,0,11 12,1,70,,66149,28,0,10,1,30,,66170,28,0,11 12,1,58,,66154,28,0,10,1,42,,66171,28,0,11 12,1
100,'20260916',710,,66181,28,0,10,1,30,,66204,28,0,11 12,1,78,,66182,28,0,10,1,30,,66205,28,0,11 12,1,70,,66183,28,0,10,1,30,,66206,28,0,11 12,1,70,,66184,28,0,10,1,30,,66207,28,0,11 12,1,70,,66185,28,0,10,1,30,,66208,28,0,11 12,1,70,,66186,28,0,10,1,30,,66219,28,0,13,1,70,,66187,28,0,10,1,30,,66209,28,0,11 12,1,70,,66188,28,0,10,1,30,,66210,28,0,11 12,1,70,,66189,28,0,10,1,30,,66211,28,0,11 12,1,70,,66190,28,0,10,1,24,,66222,28,0,17 18,1,9,,66221,28,0,13,1,61,,66218,28,0,11 12,1,10,,66196,28,0,10,1,20,,66223,28,0,17 18,1,9,,66226,28,,,1,61,,66224,28,0,17 18,1,10,,66197,28,0,10,1,20,,66225,28,0,17 18,1,12,,66212,28,0,11 12,1,65,,66191,28,0,10,1,30,,66220,28,0,13,1,70,,66192,28,0,10,1,30,,66213,28,0,11 12,1,70,,66193,28,0,10,1,30,,66214,28,0,11 12,1,70,,66194,28,0,10,1,30,,66215,28,0,11 12,1,70,,66195,28,0,10,1,30,,66216,28,0,11 12,1,58,,66200,28,0,10,1,42,,66217,28,0,11 12,1
100,'20260917',710,,66227,28,0,10,1,30,,66250,28,0,11 12,1,78,,66228,28,0,10,1,30,,66251,28,0,11 12,1,70,,66229,28,0,10,1,30,,66252,28,0,11 12,1,70,,66230,28,0,10,1,30,,66253,28,0,11 12,1,70,,66231,28,0,10,1,30,,66254,28,0,11 12,1,70,,66232,28,0,10,1,30,,66265,28,0,13,1,70,,66233,28,0,10,1,30,,66255,28,0,11 12,1,70,,66234,28,0,10,1,30,,66256,28,0,11 12,1,70,,66235,28,0,10,1,30,,66257,28,0,11 12,1,70,,66236,28,0,10,1,24,,66268,28,0,17 18,1,9,,66267,28,0,13,1,61,,66264,28,0,11 12,1,10,,66242,28,0,10,1,20,,66269,28,0,17 18,1,9,,66272,28,,,1,61,,66270,28,0,17 18,1,10,,66243,28,0,10,1,20,,66271,28,0,17 18,1,12,,66258,28,0,11 12,1,65,,66237,28,0,10,1,30,,66266,28,0,13,1,70,,66238,28,0,10,1,30,,66259,28,0,11 12,1,70,,66239,28,0,10,1,30,,66260,28,0,11 12,1,70,,66240,28,0,10,1,30,,66261,28,0,11 12,1,70,,66241,28,0,10,1,30,,66262,28,0,11 12,1,58,,66246,28,0,10,1,42,,66263,28,0,11 12,1
100,'20260918',710,,66273,28,0,10,1,30,,66297,28,0,11 12,1,78,,66274,28,0,10,1,30,,66298,28,0,11 12,1,70,,66275,28,0,10,1,30,,66299,28,0,11 12,1,70,,66276,28,0,10,1,30,,66300,28,0,11 12,1,70,,66277,28,0,10,1,30,,66301,28,0,11 12,1,70,,66278,28,0,10,1,30,,66313,28,0,13,1,70,,66279,28,0,10,1,30,,66302,28,0,11 12,1,70,,66280,28,0,10,1,30,,66303,28,0,11 12,1,70,,66281,28,0,10,1,30,,66304,28,0,11 12,1,70,,66282,28,0,10,1,24,,66316,28,0,17 18,1,9,,66315,28,0,13,1,61,,66312,28,0,11 12,1,10,,66290,28,0,10,1,20,,66317,28,0,17 18,1,9,,66320,28,,,1,61,,66318,28,0,17 18,1,10,,66291,28,0,10,1,20,,66319,28,0,17 18,1,12,,66305,28,0,11 12,1,65,,66283,28,0,10,1,30,,66314,28,0,13,1,70,,66284,28,0,10,1,30,,66306,28,0,11 12,1,70,,66285,28,0,10,1,30,,66307,28,0,11 12,1,70,,66286,28,0,10,1,30,,66308,28,0,11 12,1,70,,66287,28,0,10,1,30,,66309,28,0,11 12,1,70,,66288,28,0,10,1,30,,66310,28,0,11 12,1,70,,66289,28,0,10,1,30,,66311,28,0,11 12,1
100,'20260919',948,,66337,28,0,11 12,1,6,,66354,28,,,1,64,,66321,28,0,10,1,30,,66338,28,0,11 12,1,70,,66322,28,0,10,1,30,,66339,28,0,11 12,1,10,,66355,28,,,1,60,,66323,28,0,10,1,30,,66340,28,0,11 12,1,70,,66324,28,0,10,1,30,,66341,28,0,11 12,1,70,,66325,28,0,10,1,30,,66342,28,0,11 12,1,70,,66326,28,0,10,1,30,,66352,28,0,13,1,70,,66327,28,0,10,1,30,,66343,28,0,11 12,1,70,,66328,28,0,10,1,30,,66344,28,0,11 12,1,8,,66356,28,,,1,63,,66329,28,0,10,1,30,,66345,28,0,11 12,1,70,,66330,28,0,10,1,30,,66346,28,0,11 12,1,62,,66357,28,,,1,8,,66331,28,0,10,1,30,,66347,28,0,11 12,1,70,,66332,28,0,10,1,30,,66353,28,0,13,1,70,,66333,28,0,10,1,30,,66348,28,0,11 12,1,70,,66334,28,0,10,1,30,,66349,28,0,11 12,1,71,,66335,28,0,10,1,31,,66350,28,0,11 12,1,70,,66336,28,0,10,1,30,,66351,28,0,11 12,1
100,'20260920',948,,66374,28,0,11 12,1,6,,66390,28,,,1,64,,66358,28,0,10,1,30,,66375,28,0,11 12,1,70,,66359,28,0,10,1,30,,66376,28,0,11 12,1,10,,66391,28,,,1,60,,66360,28,0,10,1,30,,66377,28,0,11 12,1,70,,66361,28,0,10,1,30,,66378,28,0,11 12,1,70,,66362,28,0,10,1,30,,66379,28,0,11 12,1,70,,66363,28,0,10,1,30,,66388,28,0,13,1,70,,66364,28,0,10,1,30,,66380,28,0,11 12,1,70,,66365,28,0,10,1,30,,66381,28,0,11 12,1,8,,66392,28,,,1,63,,66366,28,0,10,1,30,,66382,28,0,11 12,1,70,,66367,28,0,10,1,30,,66383,28,0,11 12,1,62,,66393,28,,,1,8,,66368,28,0,10,1,30,,66384,28,0,11 12,1,70,,66369,28,0,10,1,30,,66389,28,0,13,1,70,,66370,28,0,10,1,30,,66385,28,0,11 12,1,70,,66371,28,0,10,1,30,,66386,28,0,11 12,1,71,,66372,28,0,10,1,31,,66387,28,0,11 12,1,70,,66373,28,0,10,1
100,'20260921',710,,66394,28,0,10,1,30,,66417,28,0,11 12,1,78,,66395,28,0,10,1,30,,66418,28,0,11 12,1,70,,66396,28,0,10,1,30,,66419,28,0,11 12,1,70,,66397,28,0,10,1,30,,66420,28,0,11 12,1,70,,66398,28,0,10,1,30,,66421,28,0,11 12,1,70,,66399,28,0,10,1,30,,66432,28,0,13,1,70,,66400,28,0,10,1,30,,66422,28,0,11 12,1,70,,66401,28,0,10,1,30,,66423,28,0,11 12,1,70,,66402,28,0,10,1,30,,66424,28,0,11 12,1,70,,66403,28,0,10,1,24,,66435,28,0,17 18,1,9,,66434,28,0,13,1,61,,66431,28,0,11 12,1,10,,66409,28,0,10,1,20,,66436,28,0,17 18,1,9,,66439,28,,,1,61,,66437,28,0,17 18,1,10,,66410,28,0,10,1,20,,66438,28,0,17 18,1,12,,66425,28,0,11 12,1,65,,66404,28,0,10,1,30,,66433,28,0,13,1,70,,66405,28,0,10,1,30,,66426,28,0,11 12,1,70,,66406,28,0,10,1,30,,66427,28,0,11 12,1,70,,66407,28,0,10,1,30,,66428,28,0,11 12,1,70,,66408,28,0,10,1,30,,66429,28,0,11 12,1,58,,66413,28,0,10,1,42,,66430,28,0,11 12,1
100,'20260922',710,,66440,28,0,10,1,30,,66463,28,0,11 12,1,78,,66441,28,0,10,1,30,,66464,28,0,11 12,1,70,,66442,28,0,10,1,30,,66465,28,0,11 12,1,70,,66443,28,0,10,1,30,,66466,28,0,11 12,1,70,,66444,28,0,10,1,30,,66467,28,0,11 12,1,70,,66445,28,0,10,1,30,,66478,28,0,13,1,70,,66446,28,0,10,1,30,,66468,28,0,11 12,1,70,,66447,28,0,10,1,30,,66469,28,0,11 12,1,70,,66448,28,0,10,1,30,,66470,28,0,11 12,1,70,,66449,28,0,10,1,24,,66481,28,0,17 18,1,9,,66480,28,0,13,1,61,,66477,28,0,11 12,1,10,,66455,28,0,10,1,20,,66482,28,0,17 18,1,9,,66485,28,,,1,61,,66483,28,0,17 18,1,10,,66456,28,0,10,1,20,,66484,28,0,17 18,1,12,,66471,28,0,11 12,1,65,,66450,28,0,10,1,30,,66479,28,0,13,1,70,,66451,28,0,10,1,30,,66472,28,0,11 12,1,70,,66452,28,0,10,1,30,,66473,28,0,11 12,1,70,,66453,28,0,10,1,30,,66474,28,0,11 12,1,70,,66454,28,0,10,1,30,,66475,28,0,11 12,1,58,,66459,28,0,10,1,42,,66476,28,0,11 12,1
100,'20260923',710,,66486,28,0,10,1,30,,66509,28,0,11 12,1,78,,66487,28,0,10,1,30,,66510,28,0,11 12,1,70,,66488,28,0,10,1,30,,66511,28,0,11 12,1,70,,66489,28,0,10,1,30,,66512,28,0,11 12,1,70,,66490,28,0,10,1,30,,66513,28,0,11 12,1,70,,66491,28,0,10,1,30,,66524,28,0,13,1,70,,66492,28,0,10,1,30,,66514,28,0,11 12,1,70,,66493,28,0,10,1,30,,66515,28,0,11 12,1,70,,66494,28,0,10,1,30,,66516,28,0,11 12,1,70,,66495,28,0,10,1,24,,66527,28,0,17 18,1,9,,66526,28,0,13,1,61,,66523,28,0,11 12,1,10,,66501,28,0,10,1,20,,66528,28,0,17 18,1,9,,66531,28,,,1,61,,66529,28,0,17 18,1,10,,66502,28,0,10,1,20,,66530,28,0,17 18,1,12,,66517,28,0,11 12,1,65,,66496,28,0,10,1,30,,66525,28,0,13,1,70,,66497,28,0,10,1,30,,66518,28,0,11 12,1,70,,66498,28,0,10,1,30,,66519,28,0,11 12,1,70,,66499,28,0,10,1,30,,66520,28,0,11 12,1,70,,66500,28,0,10,1,30,,66521,28,0,11 12,1,58,,66505,28,0,10,1,42,,66522,28,0,11 12,1
100,'20260924',710,,66532,28,0,10,1,30,,66555,28,0,11 12,1,78,,66533,28,0,10,1,30,,66556,28,0,11 12,1,70,,66534,28,0,10,1,30,,66557,28,0,11 12,1,70,,66535,28,0,10,1,30,,66558,28,0,11 12,1,70,,66536,28,0,10,1,30,,66559,28,0,11 12,1,70,,66537,28,0,10,1,30,,66570,28,0,13,1,70,,66538,28,0,10,1,30,,66560,28,0,11 12,1,70,,66539,28,0,10,1,30,,66561,28,0,11 12,1,70,,66540,28,0,10,1,30,,66562,28,0,11 12,1,70,,66541,28,0,10,1,24,,66573,28,0,17 18,1,9,,66572,28,0,13,1,61,,66569,28,0,11 12,1,10,,66547,28,0,10,1,20,,66574,28,0,17 18,1,9,,66577,28,,,1,61,,66575,28,0,17 18,1,10,,66548,28,0,10,1,20,,66576,28,0,17 18,1,12,,66563,28,0,11 12,1,65,,66542,28,0,10,1,30,,66571,28,0,13,1,70,,66543,28,0,10,1,30,,66564,28,0,11 12,1,70,,66544,28,0,10,1,30,,66565,28,0,11 12,1,70,,66545,28,0,10,1,30,,66566,28,0,11 12,1,70,,66546,28,0,10,1,30,,66567,28,0,11 12,1,58,,66551,28,0,10,1,42,,66568,28,0,11 12,1
100,'20260925',710,,66578,28,0,10,1,30,,66602,28,0,11 12,1,78,,66579,28,0,10,1,30,,66603,28,0,11 12,1,70,,66580,28,0,10,1,30,,66604,28,0,11 12,1,70,,66581,28,0,10,1,30,,66605,28,0,11 12,1,70,,66582,28,0,10,1,30,,66606,28,0,11 12,1,70,,66583,28,0,10,1,30,,66618,28,0,13,1,70,,66584,28,0,10,1,30,,66607,28,0,11 12,1,70,,66585,28,0,10,1,30,,66608,28,0,11 12,1,70,,66586,28,0,10,1,30,,66609,28,0,11 12,1,70,,66587,28,0,10,1,24,,66621,28,0,17 18,1,9,,66620,28,0,13,1,61,,66617,28,0,11 12,1,10,,66595,28,0,10,1,20,,66622,28,0,17 18,1,9,,66625,28,,,1,61,,66623,28,0,17 18,1,10,,66596,28,0,10,1,20,,66624,28,0,17 18,1,12,,66610,28,0,11 12,1,65,,66588,28,0,10,1,30,,66619,28,0,13,1,70,,66589,28,0,10,1,30,,66611,28,0,11 12,1,70,,66590,28,0,10,1,30,,66612,28,0,11 12,1,70,,66591,28,0,10,1,30,,66613,28,0,11 12,1,70,,66592,28,0,10,1,30,,66614,28,0,11 12,1,70,,66593,28,0,10,1,30,,66615,28,0,11 12,1,70,,66594,28,0,10,1,30,,66616,28,0,11 12,1
100,'20260926',948,,66642,28,0,11 12,1,6,,66659,28,,,1,64,,66626,28,0,10,1,30,,66643,28,0,11 12,1,70,,66627,28,0,10,1,30,,66644,28,0,11 12,1,10,,66660,28,,,1,60,,66628,28,0,10,1,30,,66645,28,0,11 12,1,70,,66629,28,0,10,1,30,,66646,28,0,11 12,1,70,,66630,28,0,10,1,30,,66647,28,0,11 12,1,70,,66631,28,0,10,1,30,,66657,28,0,13,1,70,,66632,28,0,10,1,30,,66648,28,0,11 12,1,70,,66633,28,0,10,1,30,,66649,28,0,11 12,1,8,,66661,28,,,1,63,,66634,28,0,10,1,30,,66650,28,0,11 12,1,70,,66635,28,0,10,1,30,,66651,28,0,11 12,1,62,,66662,28,,,1,8,,66636,28,0,10,1,30,,66652,28,0,11 12,1,70,,66637,28,0,10,1,30,,66658,28,0,13,1,70,,66638,28,0,10,1,30,,66653,28,0,11 12,1,70,,66639,28,0,10,1,30,,66654,28,0,11 12,1,71,,66640,28,0,10,1,31,,66655,28,0,11 12,1,70,,66641,28,0,10,1,30,,66656,28,0,11 12,1
100,'20260927',948,,66679,28,0,11 12,1,6,,66695,28,,,1,64,,66663,28,0,10,1,30,,66680,28,0,11 12,1,70,,66664,28,0,10,1,30,,66681,28,0,11 12,1,10,,66696,28,,,1,60,,66665,28,0,10,1,30,,66682,28,0,11 12,1,70,,66666,28,0,10,1,30,,66683,28,0,11 12,1,70,,66667,28,0,10,1,30,,66684,28,0,11 12,1,70,,66668,28,0,10,1,30,,66693,28,0,13,1,70,,66669,28,0,10,1,30,,66685,28,0,11 12,1,70,,66670,28,0,10,1,30,,66686,28,0,11 12,1,8,,66697,28,,,1,63,,66671,28,0,10,1,30,,66687,28,0,11 12,1,70,,66672,28,0,10,1,30,,66688,28,0,11 12,1,62,,66698,28,,,1,8,,66673,28,0,10,1,30,,66689,28,0,11 12,1,70,,66674,28,0,10,1,30,,66694,28,0,13,1,70,,66675,28,0,10,1,30,,66690,28,0,11 12,1,70,,66676,28,0,10,1,30,,66691,28,0,11 12,1,71,,66677,28,0,10,1,31,,66692,28,0,11 12,1,70,,66678,28,0,10,1
100,'20260928',710,,66699,28,0,10,1,30,,66722,28,0,11 12,1,78,,66700,28,0,10,1,30,,66723,28,0,11 12,1,70,,66701,28,0,10,1,30,,66724,28,0,11 12,1,70,,66702,28,0,10,1,30,,66725,28,0,11 12,1,70,,66703,28,0,10,1,30,,66726,28,0,11 12,1,70,,66704,28,0,10,1,30,,66737,28,0,13,1,70,,66705,28,0,10,1,30,,66727,28,0,11 12,1,70,,66706,28,0,10,1,30,,66728,28,0,11 12,1,70,,66707,28,0,10,1,30,,66729,28,0,11 12,1,70,,66708,28,0,10,1,24,,66740,28,0,17 18,1,9,,66739,28,0,13,1,61,,66736,28,0,11 12,1,10,,66714,28,0,10,1,20,,66741,28,0,17 18,1,9,,66744,28,,,1,61,,66742,28,0,17 18,1,10,,66715,28,0,10,1,20,,66743,28,0,17 18,1,12,,66730,28,0,11 12,1,65,,66709,28,0,10,1,30,,66738,28,0,13,1,70,,66710,28,0,10,1,30,,66731,28,0,11 12,1,70,,66711,28,0,10,1,30,,66732,28,0,11 12,1,70,,66712,28,0,10,1,30,,66733,28,0,11 12,1,70,,66713,28,0,10,1,30,,66734,28,0,11 12,1,58,,66718,28,0,10,1,42,,66735,28,0,11 12,1
100,'20260929',710,,66745,28,0,10,1,30,,66768,28,0,11 12,1,78,,66746,28,0,10,1,30,,66769,28,0,11 12,1,70,,66747,28,0,10,1,30,,66770,28,0,11 12,1,70,,66748,28,0,10,1,30,,66771,28,0,11 12,1,70,,66749,28,0,10,1,30,,66772,28,0,11 12,1,70,,66750,28,0,10,1,30,,66783,28,0,13,1,70,,66751,28,0,10,1,30,,66773,28,0,11 12,1,70,,66752,28,0,10,1,30,,66774,28,0,11 12,1,70,,66753,28,0,10,1,30,,66775,28,0,11 12,1,70,,66754,28,0,10,1,24,,66786,28,0,17 18,1,9,,66785,28,0,13,1,61,,66782,28,0,11 12,1,10,,66760,28,0,10,1,20,,66787,28,0,17 18,1,9,,66790,28,,,1,61,,66788,28,0,17 18,1,10,,66761,28,0,10,1,20,,66789,28,0,17 18,1,12,,66776,28,0,11 12,1,65,,66755,28,0,10,1,30,,66784,28,0,13,1,70,,66756,28,0,10,1,30,,66777,28,0,11 12,1,70,,66757,28,0,10,1,30,,66778,28,0,11 12,1,70,,66758,28,0,10,1,30,,66779,28,0,11 12,1,70,,66759,28,0,10,1,30,,66780,28,0,11 12,1,58,,66764,28,0,10,1,42,,66781,28,0,11 12,1
100,'20260930',710,,66791,28,0,10,1,30,,66814,28,0,11 12,1,78,,66792,28,0,10,1,30,,66815,28,0,11 12,1,70,,66793,28,0,10,1,30,,66816,28,0,11 12,1,70,,66794,28,0,10,1,30,,66817,28,0,11 12,1,70,,66795,28,0,10,1,30,,66818,28,0,11 12,1,70,,66796,28,0,10,1,30,,66829,28,0,13,1,70,,66797,28,0,10,1,30,,66819,28,0,11 12,1,70,,66798,28,0,10,1,30,,66820,28,0,11 12,1,70,,66799,28,0,10,1,30,,66821,28,0,11 12,1,70,,66800,28,0,10,1,24,,66832,28,0,17 18,1,9,,66831,28,0,13,1,61,,66828,28,0,11 12,1,10,,66806,28,0,10,1,20,,66833,28,0,17 18,1,9,,66836,28,,,1,61,,66834,28,0,17 18,1,10,,66807,28,0,10,1,20,,66835,28,0,17 18,1,12,,66822,28,0,11 12,1,65,,66801,28,0,10,1,30,,66830,28,0,13,1,70,,66802,28,0,10,1,30,,66823,28,0,11 12,1,70,,66803,28,0,10,1,30,,66824,28,0,11 12,1,70,,66804,28,0,10,1,30,,66825,28,0,11 12,1,70,,66805,28,0,10,1,30,,66826,28,0,11 12,1,58,,66810,28,0,10,1,42,,66827,28,0,11 12,1
100,'20261001',710,,66837,28,0,10,1,30,,66860,28,0,11 12,1,78,,66838,28,0,10,1,30,,66861,28,0,11 12,1,70,,66839,28,0,10,1,30,,66862,28,0,11 12,1,70,,66840,28,0,10,1,30,,66863,28,0,11 12,1,70,,66841,28,0,10,1,30,,66864,28,0,11 12,1,70,,66842,28,0,10,1,30,,66875,28,0,13,1,70,,66843,28,0,10,1,30,,66865,28,0,11 12,1,70,,66844,28,0,10,1,30,,66866,28,0,11 12,1,70,,66845,28,0,10,1,30,,66867,28,0,11 12,1,70,,66846,28,0,10,1,24,,66878,28,0,17 18,1,9,,66877,28,0,13,1,61,,66874,28,0,11 12,1,10,,66852,28,0,10,1,20,,66879,28,0,17 18,1,9,,66882,28,,,1,61,,66880,28,0,17 18,1,10,,66853,28,0,10,1,20,,66881,28,0,17 18,1,12,,66868,28,0,11 12,1,65,,66847,28,0,10,1,30,,66876,28,0,13,1,70,,66848,28,0,10,1,30,,66869,28,0,11 12,1,70,,66849,28,0,10,1,30,,66870,28,0,11 12,1,70,,66850,28,0,10,1,30,,66871,28,0,11 12,1,70,,66851,28,0,10,1,30,,66872,28,0,11 12,1,58,,66856,28,0,10,1,42,,66873,28,0,11 12,1
100,'20261002',710,,66883,28,0,10,1,30,,66907,28,0,11 12,1,78,,66884,28,0,10,1,30,,66908,28,0,11 12,1,70,,66885,28,0,10,1,30,,66909,28,0,11 12,1,70,,66886,28,0,10,1,30,,66910,28,0,11 12,1,70,,66887,28,0,10,1,30,,66911,28,0,11 12,1,70,,66888,28,0,10,1,30,,66923,28,0,13,1,70,,66889,28,0,10,1,30,,66912,28,0,11 12,1,70,,66890,28,0,10,1,30,,66913,28,0,11 12,1,70,,66891,28,0,10,1,30,,66914,28,0,11 12,1,70,,66892,28,0,10,1,24,,66926,28,0,17 18,1,9,,66925,28,0,13,1,61,,66922,28,0,11 12,1,10,,66900,28,0,10,1,20,,66927,28,0,17 18,1,9,,66930,28,,,1,61,,66928,28,0,17 18,1,10,,66901,28,0,10,1,20,,66929,28,0,17 18,1,12,,66915,28,0,11 12,1,65,,66893,28,0,10,1,30,,66924,28,0,13,1,70,,66894,28,0,10,1,30,,66916,28,0,11 12,1,70,,66895,28,0,10,1,30,,66917,28,0,11 12,1,70,,66896,28,0,10,1,30,,66918,28,0,11 12,1,70,,66897,28,0,10,1,30,,66919,28,0,11 12,1,70,,66898,28,0,10,1,30,,66920,28,0,11 12,1,70,,66899,28,0,10,1,30,,66921,28,0,11 12,1
100,'20261003',948,,66947,28,0,11 12,1,6,,66964,28,,,1,64,,66931,28,0,10,1,30,,66948,28,0,11 12,1,70,,66932,28,0,10,1,30,,66949,28,0,11 12,1,10,,66965,28,,,1,60,,66933,28,0,10,1,30,,66950,28,0,11 12,1,70,,66934,28,0,10,1,30,,66951,28,0,11 12,1,70,,66935,28,0,10,1,30,,66952,28,0,11 12,1,70,,66936,28,0,10,1,30,,66962,28,0,13,1,70,,66937,28,0,10,1,30,,66953,28,0,11 12,1,70,,66938,28,0,10,1,30,,66954,28,0,11 12,1,8,,66966,28,,,1,63,,66939,28,0,10,1,30,,66955,28,0,11 12,1,70,,66940,28,0,10,1,30,,66956,28,0,11 12,1,62,,66967,28,,,1,8,,66941,28,0,10,1,30,,66957,28,0,11 12,1,70,,66942,28,0,10,1,30,,66963,28,0,13,1,70,,66943,28,0,10,1,30,,66958,28,0,11 12,1,70,,66944,28,0,10,1,30,,66959,28,0,11 12,1,71,,66945,28,0,10,1,31,,66960,28,0,11 12,1,70,,66946,28,0,10,1,30,,66961,28,0,11 12,1
100,'20261004',948,,66984,28,0,11 12,1,6,,67000,28,,,1,64,,66968,28,0,10,1,30,,66985,28,0,11 12,1,70,,66969,28,0,10,1,30,,66986,28,0,11 12,1,10,,67001,28,,,1,60,,66970,28,0,10,1,30,,66987,28,0,11 12,1,70,,66971,28,0,10,1,30,,66988,28,0,11 12,1,70,,66972,28,0,10,1,30,,66989,28,0,11 12,1,70,,66973,28,0,10,1,30,,66998,28,0,13,1,70,,66974,28,0,10,1,30,,66990,28,0,11 12,1,70,,66975,28,0,10,1,30,,66991,28,0,11 12,1,8,,67002,28,,,1,63,,66976,28,0,10,1,30,,66992,28,0,11 12,1,70,,66977,28,0,10,1,30,,66993,28,0,11 12,1,62,,67003,28,,,1,8,,66978,28,0,10,1,30,,66994,28,0,11 12,1,70,,66979,28,0,10,1,30,,66999,28,0,13,1,70,,66980,28,0,10,1,30,,66995,28,0,11 12,1,70,,66981,28,0,10,1,30,,66996,28,0,11 12,1,71,,66982,28,0,10,1,31,,66997,28,0,11 12,1,70,,66983,28,0,10,1
100,'20261005',710,,67004,28,0,10,1,30,,67027,28,0,11 12,1,78,,67005,28,0,10,1,30,,67028,28,0,11 12,1,70,,67006,28,0,10,1,30,,67029,28,0,11 12,1,70,,67007,28,0,10,1,30,,67030,28,0,11 12,1,70,,67008,28,0,10,1,30,,67031,28,0,11 12,1,70,,67009,28,0,10,1,30,,67042,28,0,13,1,70,,67010,28,0,10,1,30,,67032,28,0,11 12,1,70,,67011,28,0,10,1,30,,67033,28,0,11 12,1,70,,67012,28,0,10,1,30,,67034,28,0,11 12,1,70,,67013,28,0,10,1,24,,67045,28,0,17 18,1,9,,67044,28,0,13,1,61,,67041,28,0,11 12,1,10,,67019,28,0,10,1,20,,67046,28,0,17 18,1,9,,67049,28,,,1,61,,67047,28,0,17 18,1,10,,67020,28,0,10,1,20,,67048,28,0,17 18,1,12,,67035,28,0,11 12,1,65,,67014,28,0,10,1,30,,67043,28,0,13,1,70,,67015,28,0,10,1,30,,67036,28,0,11 12,1,70,,67016,28,0,10,1,30,,67037,28,0,11 12,1,70,,67017,28,0,10,1,30,,67038,28,0,11 12,1,70,,67018,28,0,10,1,30,,67039,28,0,11 12,1,58,,67023,28,0,10,1,42,,67040,28,0,11 12,1
100,'20261006',710,,67050,28,0,10,1,30,,67073,28,0,11 12,1,78,,67051,28,0,10,1,30,,67074,28,0,11 12,1,70,,67052,28,0,10,1,30,,67075,28,0,11 12,1,70,,67053,28,0,10,1,30,,67076,28,0,11 12,1,70,,67054,28,0,10,1,30,,67077,28,0,11 12,1,70,,67055,28,0,10,1,30,,67088,28,0,13,1,70,,67056,28,0,10,1,30,,67078,28,0,11 12,1,70,,67057,28,0,10,1,30,,67079,28,0,11 12,1,70,,67058,28,0,10,1,30,,67080,28,0,11 12,1,70,,67059,28,0,10,1,24,,67091,28,0,17 18,1,9,,67090,28,0,13,1,61,,67087,28,0,11 12,1,10,,67065,28,0,10,1,20,,67092,28,0,17 18,1,9,,67095,28,,,1,61,,67093,28,0,17 18,1,10,,67066,28,0,10,1,20,,67094,28,0,17 18,1,12,,67081,28,0,11 12,1,65,,67060,28,0,10,1,30,,67089,28,0,13,1,70,,67061,28,0,10,1,30,,67082,28,0,11 12,1,70,,67062,28,0,10,1,30,,67083,28,0,11 12,1,70,,67063,28,0,10,1,30,,67084,28,0,11 12,1,70,,67064,28,0,10,1,30,,67085,28,0,11 12,1,58,,67069,28,0,10,1,42,,67086,28,0,11 12,1
100,'20261007',710,,67096,28,0,10,1,30,,67119,28,0,11 12,1,78,,67097,28,0,10,1,30,,67120,28,0,11 12,1,70,,67098,28,0,10,1,30,,67121,28,0,11 12,1,70,,67099,28,0,10,1,30,,67122,28,0,11 12,1,70,,67100,28,0,10,1,30,,67123,28,0,11 12,1,70,,67101,28,0,10,1,30,,67134,28,0,13,1,70,,67102,28,0,10,1,30,,67124,28,0,11 12,1,70,,67103,28,0,10,1,30,,67125,28,0,11 12,1,70,,67104,28,0,10,1,30,,67126,28,0,11 12,1,70,,67105,28,0,10,1,24,,67137,28,0,17 18,1,9,,67136,28,0,13,1,61,,67133,28,0,11 12,1,10,,67111,28,0,10,1,20,,67138,28,0,17 18,1,9,,67141,28,,,1,61,,67139,28,0,17 18,1,10,,67112,28,0,10,1,20,,67140,28,0,17 18,1,12,,67127,28,0,11 12,1,65,,67106,28,0,10,1,30,,67135,28,0,13,1,70,,67107,28,0,10,1,30,,67128,28,0,11 12,1,70,,67108,28,0,10,1,30,,67129,28,0,11 12,1,70,,67109,28,0,10,1,30,,67130,28,0,11 12,1,70,,67110,28,0,10,1,30,,67131,28,0,11 12,1,58,,67115,28,0,10,1,42,,67132,28,0,11 12,1
100,'20261008',710,,67142,28,0,10,1,30,,67165,28,0,11 12,1,78,,67143,28,0,10,1,30,,67166,28,0,11 12,1,70,,67144,28,0,10,1,30,,67167,28,0,11 12,1,70,,67145,28,0,10,1,30,,67168,28,0,11 12,1,70,,67146,28,0,10,1,30,,67169,28,0,11 12,1,70,,67147,28,0,10,1,30,,67180,28,0,13,1,70,,67148,28,0,10,1,30,,67170,28,0,11 12,1,70,,67149,28,0,10,1,30,,67171,28,0,11 12,1,70,,67150,28,0,10,1,30,,67172,28,0,11 12,1,70,,67151,28,0,10,1,24,,67183,28,0,17 18,1,9,,67182,28,0,13,1,61,,67179,28,0,11 12,1,10,,67157,28,0,10,1,20,,67184,28,0,17 18,1,9,,67187,28,,,1,61,,67185,28,0,17 18,1,10,,67158,28,0,10,1,20,,67186,28,0,17 18,1,12,,67173,28,0,11 12,1,65,,67152,28,0,10,1,30,,67181,28,0,13,1,70,,67153,28,0,10,1,30,,67174,28,0,11 12,1,70,,67154,28,0,10,1,30,,67175,28,0,11 12,1,70,,67155,28,0,10,1,30,,67176,28,0,11 12,1,70,,67156,28,0,10,1,30,,67177,28,0,11 12,1,58,,67161,28,0,10,1,42,,67178,28,0,11 12,1
100,'20261009',710,,67188,28,0,10,1,30,,67212,28,0,11 12,1,78,,67189,28,0,10,1,30,,67213,28,0,11 12,1,70,,67190,28,0,10,1,30,,67214,28,0,11 12,1,70,,67191,28,0,10,1,30,,67215,28,0,11 12,1,70,,67192,28,0,10,1,30,,67216,28,0,11 12,1,70,,67193,28,0,10,1,30,,67228,28,0,13,1,70,,67194,28,0,10,1,30,,67217,28,0,11 12,1,70,,67195,28,0,10,1,30,,67218,28,0,11 12,1,70,,67196,28,0,10,1,30,,67219,28,0,11 12,1,70,,67197,28,0,10,1,24,,67231,28,0,17 18,1,9,,67230,28,0,13,1,61,,67227,28,0,11 12,1,10,,67205,28,0,10,1,20,,67232,28,0,17 18,1,9,,67235,28,,,1,61,,67233,28,0,17 18,1,10,,67206,28,0,10,1,20,,67234,28,0,17 18,1,12,,67220,28,0,11 12,1,65,,67198,28,0,10,1,30,,67229,28,0,13,1,70,,67199,28,0,10,1,30,,67221,28,0,11 12,1,70,,67200,28,0,10,1,30,,67222,28,0,11 12,1,70,,67201,28,0,10,1,30,,67223,28,0,11 12,1,70,,67202,28,0,10,1,30,,67224,28,0,11 12,1,70,,67203,28,0,10,1,30,,67225,28,0,11 12,1,70,,67204,28,0,10,1,30,,67226,28,0,11 12,1
100,'20261010',948,,67252,28,0,11 12,1,6,,67269,28,,,1,64,,67236,28,0,10,1,30,,67253,28,0,11 12,1,70,,67237,28,0,10,1,30,,67254,28,0,11 12,1,10,,67270,28,,,1,60,,67238,28,0,10,1,30,,67255,28,0,11 12,1,70,,67239,28,0,10,1,30,,67256,28,0,11 12,1,70,,67240,28,0,10,1,30,,67257,28,0,11 12,1,70,,67241,28,0,10,1,30,,67267,28,0,13,1,70,,67242,28,0,10,1,30,,67258,28,0,11 12,1,70,,67243,28,0,10,1,30,,67259,28,0,11 12,1,8,,67271,28,,,1,63,,67244,28,0,10,1,30,,67260,28,0,11 12,1,70,,67245,28,0,10,1,30,,67261,28,0,11 12,1,62,,67272,28,,,1,8,,67246,28,0,10,1,30,,67262,28,0,11 12,1,70,,67247,28,0,10,1,30,,67268,28,0,13,1,70,,67248,28,0,10,1,30,,67263,28,0,11 12,1,70,,67249,28,0,10,1,30,,67264,28,0,11 12,1,71,,67250,28,0,10,1,31,,67265,28,0,11 12,1,70,,67251,28,0,10,1,30,,67266,28,0,11 12,1
100,'20261011',948,,67289,28,0,11 12,1,6,,67305,28,,,1,64,,67273,28,0,10,1,30,,67290,28,0,11 12,1,70,,67274,28,0,10,1,30,,67291,28,0,11 12,1,10,,67306,28,,,1,60,,67275,28,0,10,1,30,,67292,28,0,11 12,1,70,,67276,28,0,10,1,30,,67293,28,0,11 12,1,70,,67277,28,0,10,1,30,,67294,28,0,11 12,1,70,,67278,28,0,10,1,30,,67303,28,0,13,1,70,,67279,28,0,10,1,30,,67295,28,0,11 12,1,70,,67280,28,0,10,1,30,,67296,28,0,11 12,1,8,,67307,28,,,1,63,,67281,28,0,10,1,30,,67297,28,0,11 12,1,70,,67282,28,0,10,1,30,,67298,28,0,11 12,1,62,,67308,28,,,1,8,,67283,28,0,10,1,30,,67299,28,0,11 12,1,70,,67284,28,0,10,1,30,,67304,28,0,13,1,70,,67285,28,0,10,1,30,,67300,28,0,11 12,1,70,,67286,28,0,10,1,30,,67301,28,0,11 12,1,71,,67287,28,0,10,1,31,,67302,28,0,11 12,1,70,,67288,28,0,10,1
100,'20261012',710,,67309,28,0,10,1,30,,67332,28,0,11 12,1,78,,67310,28,0,10,1,30,,67333,28,0,11 12,1,70,,67311,28,0,10,1,30,,67334,28,0,11 12,1,70,,67312,28,0,10,1,30,,67335,28,0,11 12,1,70,,67313,28,0,10,1,30,,67336,28,0,11 12,1,70,,67314,28,0,10,1,30,,67347,28,0,13,1,70,,67315,28,0,10,1,30,,67337,28,0,11 12,1,70,,67316,28,0,10,1,30,,67338,28,0,11 12,1,70,,67317,28,0,10,1,30,,67339,28,0,11 12,1,70,,67318,28,0,10,1,24,,67350,28,0,17 18,1,9,,67349,28,0,13,1,61,,67346,28,0,11 12,1,10,,67324,28,0,10,1,20,,67351,28,0,17 18,1,9,,67354,28,,,1,61,,67352,28,0,17 18,1,10,,67325,28,0,10,1,20,,67353,28,0,17 18,1,12,,67340,28,0,11 12,1,65,,67319,28,0,10,1,30,,67348,28,0,13,1,70,,67320,28,0,10,1,30,,67341,28,0,11 12,1,70,,67321,28,0,10,1,30,,67342,28,0,11 12,1,70,,67322,28,0,10,1,30,,67343,28,0,11 12,1,70,,67323,28,0,10,1,30,,67344,28,0,11 12,1,58,,67328,28,0,10,1,42,,67345,28,0,11 12,1
100,'20261013',710,,67355,28,0,10,1,30,,67378,28,0,11 12,1,78,,67356,28,0,10,1,30,,67379,28,0,11 12,1,70,,67357,28,0,10,1,30,,67380,28,0,11 12,1,70,,67358,28,0,10,1,30,,67381,28,0,11 12,1,70,,67359,28,0,10,1,30,,67382,28,0,11 12,1,70,,67360,28,0,10,1,30,,67393,28,0,13,1,70,,67361,28,0,10,1,30,,67383,28,0,11 12,1,70,,67362,28,0,10,1,30,,67384,28,0,11 12,1,70,,67363,28,0,10,1,30,,67385,28,0,11 12,1,70,,67364,28,0,10,1,24,,67396,28,0,17 18,1,9,,67395,28,0,13,1,61,,67392,28,0,11 12,1,10,,67370,28,0,10,1,20,,67397,28,0,17 18,1,9,,67400,28,,,1,61,,67398,28,0,17 18,1,10,,67371,28,0,10,1,20,,67399,28,0,17 18,1,12,,67386,28,0,11 12,1,65,,67365,28,0,10,1,30,,67394,28,0,13,1,70,,67366,28,0,10,1,30,,67387,28,0,11 12,1,70,,67367,28,0,10,1,30,,67388,28,0,11 12,1,70,,67368,28,0,10,1,30,,67389,28,0,11 12,1,70,,67369,28,0,10,1,30,,67390,28,0,11 12,1,58,,67374,28,0,10,1,42,,67391,28,0,11 12,1
100,'20261014',710,,67401,28,0,10,1,30,,67424,28,0,11 12,1,78,,67402,28,0,10,1,30,,67425,28,0,11 12,1,70,,67403,28,0,10,1,30,,67426,28,0,11 12,1,70,,67404,28,0,10,1,30,,67427,28,0,11 12,1,70,,67405,28,0,10,1,30,,67428,28,0,11 12,1,70,,67406,28,0,10,1,30,,67439,28,0,13,1,70,,67407,28,0,10,1,30,,67429,28,0,11 12,1,70,,67408,28,0,10,1,30,,67430,28,0,11 12,1,70,,67409,28,0,10,1,30,,67431,28,0,11 12,1,70,,67410,28,0,10,1,24,,67442,28,0,17 18,1,9,,67441,28,0,13,1,61,,67438,28,0,11 12,1,10,,67416,28,0,10,1,20,,67443,28,0,17 18,1,9,,67446,28,,,1,61,,67444,28,0,17 18,1,10,,67417,28,0,10,1,20,,67445,28,0,17 18,1,12,,67432,28,0,11 12,1,65,,67411,28,0,10,1,30,,67440,28,0,13,1,70,,67412,28,0,10,1,30,,67433,28,0,11 12,1,70,,67413,28,0,10,1,30,,67434,28,0,11 12,1,70,,67414,28,0,10,1,30,,67435,28,0,11 12,1,70,,67415,28,0,10,1,30,,67436,28,0,11 12,1,58,,67420,28,0,10,1,42,,67437,28,0,11 12,1
100,'20261015',710,,67447,28,0,10,1,30,,67470,28,0,11 12,1,78,,67448,28,0,10,1,30,,67471,28,0,11 12,1,70,,67449,28,0,10,1,30,,67472,28,0,11 12,1,70,,67450,28,0,10,1,30,,67473,28,0,11 12,1,70,,67451,28,0,10,1,30,,67474,28,0,11 12,1,70,,67452,28,0,10,1,30,,67485,28,0,13,1,70,,67453,28,0,10,1,30,,67475,28,0,11 12,1,70,,67454,28,0,10,1,30,,67476,28,0,11 12,1,70,,67455,28,0,10,1,30,,67477,28,0,11 12,1,70,,67456,28,0,10,1,24,,67488,28,0,17 18,1,9,,67487,28,0,13,1,61,,67484,28,0,11 12,1,10,,67462,28,0,10,1,20,,67489,28,0,17 18,1,9,,67492,28,,,1,61,,67490,28,0,17 18,1,10,,67463,28,0,10,1,20,,67491,28,0,17 18,1,12,,67478,28,0,11 12,1,65,,67457,28,0,10,1,30,,67486,28,0,13,1,70,,67458,28,0,10,1,30,,67479,28,0,11 12,1,70,,67459,28,0,10,1,30,,67480,28,0,11 12,1,70,,67460,28,0,10,1,30,,67481,28,0,11 12,1,70,,67461,28,0,10,1,30,,67482,28,0,11 12,1,58,,67466,28,0,10,1,42,,67483,28,0,11 12,1
100,'20261016',710,,67493,28,0,10,1,30,,67517,28,0,11 12,1,78,,67494,28,0,10,1,30,,67518,28,0,11 12,1,70,,67495,28,0,10,1,30,,67519,28,0,11 12,1,70,,67496,28,0,10,1,30,,67520,28,0,11 12,1,70,,67497,28,0,10,1,30,,67521,28,0,11 12,1,70,,67498,28,0,10,1,30,,67533,28,0,13,1,70,,67499,28,0,10,1,30,,67522,28,0,11 12,1,70,,67500,28,0,10,1,30,,67523,28,0,11 12,1,70,,67501,28,0,10,1,30,,67524,28,0,11 12,1,70,,67502,28,0,10,1,24,,67536,28,0,17 18,1,9,,67535,28,0,13,1,61,,67532,28,0,11 12,1,10,,67510,28,0,10,1,20,,67537,28,0,17 18,1,9,,67540,28,,,1,61,,67538,28,0,17 18,1,10,,67511,28,0,10,1,20,,67539,28,0,17 18,1,12,,67525,28,0,11 12,1,65,,67503,28,0,10,1,30,,67534,28,0,13,1,70,,67504,28,0,10,1,30,,67526,28,0,11 12,1,70,,67505,28,0,10,1,30,,67527,28,0,11 12,1,70,,67506,28,0,10,1,30,,67528,28,0,11 12,1,70,,67507,28,0,10,1,30,,67529,28,0,11 12,1,70,,67508,28,0,10,1,30,,67530,28,0,11 12,1,70,,67509,28,0,10,1,30,,67531,28,0,11 12,1
100,'20261017',948,,67557,28,0,11 12,1,6,,67574,28,,,1,64,,67541,28,0,10,1,30,,67558,28,0,11 12,1,70,,67542,28,0,10,1,30,,67559,28,0,11 12,1,10,,67575,28,,,1,60,,67543,28,0,10,1,30,,67560,28,0,11 12,1,70,,67544,28,0,10,1,30,,67561,28,0,11 12,1,70,,67545,28,0,10,1,30,,67562,28,0,11 12,1,70,,67546,28,0,10,1,30,,67572,28,0,13,1,70,,67547,28,0,10,1,30,,67563,28,0,11 12,1,70,,67548,28,0,10,1,30,,67564,28,0,11 12,1,8,,67576,28,,,1,63,,67549,28,0,10,1,30,,67565,28,0,11 12,1,70,,67550,28,0,10,1,30,,67566,28,0,11 12,1,62,,67577,28,,,1,8,,67551,28,0,10,1,30,,67567,28,0,11 12,1,70,,67552,28,0,10,1,30,,67573,28,0,13,1,70,,67553,28,0,10,1,30,,67568,28,0,11 12,1,70,,67554,28,0,10,1,30,,67569,28,0,11 12,1,71,,67555,28,0,10,1,31,,67570,28,0,11 12,1,70,,67556,28,0,10,1,30,,67571,28,0,11 12,1
100,'20261018',948,,67594,28,0,11 12,1,6,,67610,28,,,1,64,,67578,28,0,10,1,30,,67595,28,0,11 12,1,70,,67579,28,0,10,1,30,,67596,28,0,11 12,1,10,,67611,28,,,1,60,,67580,28,0,10,1,30,,67597,28,0,11 12,1,70,,67581,28,0,10,1,30,,67598,28,0,11 12,1,70,,67582,28,0,10,1,30,,67599,28,0,11 12,1,70,,67583,28,0,10,1,30,,67608,28,0,13,1,70,,67584,28,0,10,1,30,,67600,28,0,11 12,1,70,,67585,28,0,10,1,30,,67601,28,0,11 12,1,8,,67612,28,,,1,63,,67586,28,0,10,1,30,,67602,28,0,11 12,1,70,,67587,28,0,10,1,30,,67603,28,0,11 12,1,62,,67613,28,,,1,8,,67588,28,0,10,1,30,,67604,28,0,11 12,1,70,,67589,28,0,10,1,30,,67609,28,0,13,1,70,,67590,28,0,10,1,30,,67605,28,0,11 12,1,70,,67591,28,0,10,1,30,,67606,28,0,11 12,1,71,,67592,28,0,10,1,31,,67607,28,0,11 12,1,70,,67593,28,0,10,1
100,'20261019',710,,67614,28,0,10,1,30,,67637,28,0,11 12,1,78,,67615,28,0,10,1,30,,67638,28,0,11 12,1,70,,67616,28,0,10,1,30,,67639,28,0,11 12,1,70,,67617,28,0,10,1,30,,67640,28,0,11 12,1,70,,67618,28,0,10,1,30,,67641,28,0,11 12,1,70,,67619,28,0,10,1,30,,67652,28,0,13,1,70,,67620,28,0,10,1,30,,67642,28,0,11 12,1,70,,67621,28,0,10,1,30,,67643,28,0,11 12,1,70,,67622,28,0,10,1,30,,67644,28,0,11 12,1,70,,67623,28,0,10,1,24,,67655,28,0,17 18,1,9,,67654,28,0,13,1,61,,67651,28,0,11 12,1,10,,67629,28,0,10,1,20,,67656,28,0,17 18,1,9,,67659,28,,,1,61,,67657,28,0,17 18,1,10,,67630,28,0,10,1,20,,67658,28,0,17 18,1,12,,67645,28,0,11 12,1,65,,67624,28,0,10,1,30,,67653,28,0,13,1,70,,67625,28,0,10,1,30,,67646,28,0,11 12,1,70,,67626,28,0,10,1,30,,67647,28,0,11 12,1,70,,67627,28,0,10,1,30,,67648,28,0,11 12,1,70,,67628,28,0,10,1,30,,67649,28,0,11 12,1,58,,67633,28,0,10,1,42,,67650,28,0,11 12,1
100,'20261020',710,,67660,28,0,10,1,30,,67683,28,0,11 12,1,78,,67661,28,0,10,1,30,,67684,28,0,11 12,1,70,,67662,28,0,10,1,30,,67685,28,0,11 12,1,70,,67663,28,0,10,1,30,,67686,28,0,11 12,1,70,,67664,28,0,10,1,30,,67687,28,0,11 12,1,70,,67665,28,0,10,1,30,,67698,28,0,13,1,70,,67666,28,0,10,1,30,,67688,28,0,11 12,1,70,,67667,28,0,10,1,30,,67689,28,0,11 12,1,70,,67668,28,0,10,1,30,,67690,28,0,11 12,1,70,,67669,28,0,10,1,24,,67701,28,0,17 18,1,9,,67700,28,0,13,1,61,,67697,28,0,11 12,1,10,,67675,28,0,10,1,20,,67702,28,0,17 18,1,9,,67705,28,,,1,61,,67703,28,0,17 18,1,10,,67676,28,0,10,1,20,,67704,28,0,17 18,1,12,,67691,28,0,11 12,1,65,,67670,28,0,10,1,30,,67699,28,0,13,1,70,,67671,28,0,10,1,30,,67692,28,0,11 12,1,70,,67672,28,0,10,1,30,,67693,28,0,11 12,1,70,,67673,28,0,10,1,30,,67694,28,0,11 12,1,70,,67674,28,0,10,1,30,,67695,28,0,11 12,1,58,,67679,28,0,10,1,42,,67696,28,0,11 12,1
100,'20261021',710,,67706,28,0,10,1,30,,67729,28,0,11 12,1,78,,67707,28,0,10,1,30,,67730,28,0,11 12,1,70,,67708,28,0,10,1,30,,67731,28,0,11 12,1,70,,67709,28,0,10,1,30,,67732,28,0,11 12,1,70,,67710,28,0,10,1,30,,67733,28,0,11 12,1,70,,67711,28,0,10,1,30,,67744,28,0,13,1,70,,67712,28,0,10,1,30,,67734,28,0,11 12,1,70,,67713,28,0,10,1,30,,67735,28,0,11 12,1,70,,67714,28,0,10,1,30,,67736,28,0,11 12,1,70,,67715,28,0,10,1,24,,67747,28,0,17 18,1,9,,67746,28,0,13,1,61,,67743,28,0,11 12,1,10,,67721,28,0,10,1,20,,67748,28,0,17 18,1,9,,67751,28,,,1,61,,67749,28,0,17 18,1,10,,67722,28,0,10,1,20,,67750,28,0,17 18,1,12,,67737,28,0,11 12,1,65,,67716,28,0,10,1,30,,67745,28,0,13,1,70,,67717,28,0,10,1,30,,67738,28,0,11 12,1,70,,67718,28,0,10,1,30,,67739,28,0,11 12,1,70,,67719,28,0,10,1,30,,67740,28,0,11 12,1,70,,67720,28,0,10,1,30,,67741,28,0,11 12,1,58,,67725,28,0,10,1,42,,67742,28,0,11 12,1
100,'20261022',710,,67752,28,0,10,1,30,,67775,28,0,11 12,1,78,,67753,28,0,10,1,30,,67776,28,0,11 12,1,70,,67754,28,0,10,1,30,,67777,28,0,11 12,1,70,,67755,28,0,10,1,30,,67778,28,0,11 12,1,70,,67756,28,0,10,1,30,,67779,28,0,11 12,1,70,,67757,28,0,10,1,30,,67790,28,0,13,1,70,,67758,28,0,10,1,30,,67780,28,0,11 12,1,70,,67759,28,0,10,1,30,,67781,28,0,11 12,1,70,,67760,28,0,10,1,30,,67782,28,0,11 12,1,70,,67761,28,0,10,1,24,,67793,28,0,17 18,1,9,,67792,28,0,13,1,61,,67789,28,0,11 12,1,10,,67767,28,0,10,1,20,,67794,28,0,17 18,1,9,,67797,28,,,1,61,,67795,28,0,17 18,1,10,,67768,28,0,10,1,20,,67796,28,0,17 18,1,12,,67783,28,0,11 12,1,65,,67762,28,0,10,1,30,,67791,28,0,13,1,70,,67763,28,0,10,1,30,,67784,28,0,11 12,1,70,,67764,28,0,10,1,30,,67785,28,0,11 12,1,70,,67765,28,0,10,1,30,,67786,28,0,11 12,1,70,,67766,28,0,10,1,30,,67787,28,0,11 12,1,58,,67771,28,0,10,1,42,,67788,28,0,11 12,1
100,'20261023',710,,67798,28,0,10,1,30,,67822,28,0,11 12,1,78,,67799,28,0,10,1,30,,67823,28,0,11 12,1,70,,67800,28,0,10,1,30,,67824,28,0,11 12,1,70,,67801,28,0,10,1,30,,67825,28,0,11 12,1,70,,67802,28,0,10,1,30,,67826,28,0,11 12,1,70,,67803,28,0,10,1,30,,67838,28,0,13,1,70,,67804,28,0,10,1,30,,67827,28,0,11 12,1,70,,67805,28,0,10,1,30,,67828,28,0,11 12,1,70,,67806,28,0,10,1,30,,67829,28,0,11 12,1,70,,67807,28,0,10,1,24,,67841,28,0,17 18,1,9,,67840,28,0,13,1,61,,67837,28,0,11 12,1,10,,67815,28,0,10,1,20,,67842,28,0,17 18,1,9,,67845,28,,,1,61,,67843,28,0,17 18,1,10,,67816,28,0,10,1,20,,67844,28,0,17 18,1,12,,67830,28,0,11 12,1,65,,67808,28,0,10,1,30,,67839,28,0,13,1,70,,67809,28,0,10,1,30,,67831,28,0,11 12,1,70,,67810,28,0,10,1,30,,67832,28,0,11 12,1,70,,67811,28,0,10,1,30,,67833,28,0,11 12,1,70,,67812,28,0,10,1,30,,67834,28,0,11 12,1,70,,67813,28,0,10,1,30,,67835,28,0,11 12,1,70,,67814,28,0,10,1,30,,67836,28,0,11 12,1
100,'20261024',948,,67862,28,0,11 12,1,6,,67879,28,,,1,64,,67846,28,0,10,1,30,,67863,28,0,11 12,1,70,,67847,28,0,10,1,30,,67864,28,0,11 12,1,10,,67880,28,,,1,60,,67848,28,0,10,1,30,,67865,28,0,11 12,1,70,,67849,28,0,10,1,30,,67866,28,0,11 12,1,70,,67850,28,0,10,1,30,,67867,28,0,11 12,1,70,,67851,28,0,10,1,30,,67877,28,0,13,1,70,,67852,28,0,10,1,30,,67868,28,0,11 12,1,70,,67853,28,0,10,1,30,,67869,28,0,11 12,1,8,,67881,28,,,1,63,,67854,28,0,10,1,30,,67870,28,0,11 12,1,70,,67855,28,0,10,1,30,,67871,28,0,11 12,1,62,,67882,28,,,1,8,,67856,28,0,10,1,30,,67872,28,0,11 12,1,70,,67857,28,0,10,1,30,,67878,28,0,13,1,70,,67858,28,0,10,1,30,,67873,28,0,11 12,1,70,,67859,28,0,10,1,30,,67874,28,0,11 12,1,71,,67860,28,0,10,1,31,,67875,28,0,11 12,1,70,,67861,28,0,10,1,30,,67876,28,0,11 12,1
100,'20261025',948,,67899,28,0,11 12,1,6,,67915,28,,,1,64,,67883,28,0,10,1,30,,67900,28,0,11 12,1,70,,67884,28,0,10,1,30,,67901,28,0,11 12,1,10,,67916,28,,,1,60,,67885,28,0,10,1,30,,67902,28,0,11 12,1,70,,67886,28,0,10,1,30,,67903,28,0,11 12,1,70,,67887,28,0,10,1,30,,67904,28,0,11 12,1,70,,67888,28,0,10,1,30,,67913,28,0,13,1,70,,67889,28,0,10,1,30,,67905,28,0,11 12,1,70,,67890,28,0,10,1,30,,67906,28,0,11 12,1,8,,67917,28,,,1,63,,67891,28,0,10,1,30,,67907,28,0,11 12,1,70,,67892,28,0,10,1,30,,67908,28,0,11 12,1,62,,67918,28,,,1,8,,67893,28,0,10,1,30,,67909,28,0,11 12,1,70,,67894,28,0,10,1,30,,67914,28,0,13,1,70,,67895,28,0,10,1,30,,67910,28,0,11 12,1,70,,67896,28,0,10,1,30,,67911,28,0,11 12,1,71,,67897,28,0,10,1,31,,67912,28,0,11 12,1,70,,67898,28,0,10,1
100,'20261026',710,,67919,28,0,10,1,30,,67942,28,0,11 12,1,78,,67920,28,0,10,1,30,,67943,28,0,11 12,1,70,,67921,28,0,10,1,30,,67944,28,0,11 12,1,70,,67922,28,0,10,1,30,,67945,28,0,11 12,1,70,,67923,28,0,10,1,30,,67946,28,0,11 12,1,70,,67924,28,0,10,1,30,,67957,28,0,13,1,70,,67925,28,0,10,1,30,,67947,28,0,11 12,1,70,,67926,28,0,10,1,30,,67948,28,0,11 12,1,70,,67927,28,0,10,1,30,,67949,28,0,11 12,1,70,,67928,28,0,10,1,24,,67960,28,0,17 18,1,9,,67959,28,0,13,1,61,,67956,28,0,11 12,1,10,,67934,28,0,10,1,20,,67961,28,0,17 18,1,9,,67964,28,,,1,61,,67962,28,0,17 18,1,10,,67935,28,0,10,1,20,,67963,28,0,17 18,1,12,,67950,28,0,11 12,1,65,,67929,28,0,10,1,30,,67958,28,0,13,1,70,,67930,28,0,10,1,30,,67951,28,0,11 12,1,70,,67931,28,0,10,1,30,,67952,28,0,11 12,1,70,,67932,28,0,10,1,30,,67953,28,0,11 12,1,70,,67933,28,0,10,1,30,,67954,28,0,11 12,1,58,,67938,28,0,10,1,42,,67955,28,0,11 12,1
100,'20261027',710,,67965,28,0,10,1,30,,67988,28,0,11 12,1,78,,67966,28,0,10,1,30,,67989,28,0,11 12,1,70,,67967,28,0,10,1,30,,67990,28,0,11 12,1,70,,67968,28,0,10,1,30,,67991,28,0,11 12,1,70,,67969,28,0,10,1,30,,67992,28,0,11 12,1,70,,67970,28,0,10,1,30,,68003,28,0,13,1,70,,67971,28,0,10,1,30,,67993,28,0,11 12,1,70,,67972,28,0,10,1,30,,67994,28,0,11 12,1,70,,67973,28,0,10,1,30,,67995,28,0,11 12,1,70,,67974,28,0,10,1,24,,68006,28,0,17 18,1,9,,68005,28,0,13,1,61,,68002,28,0,11 12,1,10,,67980,28,0,10,1,20,,68007,28,0,17 18,1,9,,68010,28,,,1,61,,68008,28,0,17 18,1,10,,67981,28,0,10,1,20,,68009,28,0,17 18,1,12,,67996,28,0,11 12,1,65,,67975,28,0,10,1,30,,68004,28,0,13,1,70,,67976,28,0,10,1,30,,67997,28,0,11 12,1,70,,67977,28,0,10,1,30,,67998,28,0,11 12,1,70,,67978,28,0,10,1,30,,67999,28,0,11 12,1,70,,67979,28,0,10,1,30,,68000,28,0,11 12,1,58,,67984,28,0,10,1,42,,68001,28,0,11 12,1
100,'20261028',710,,68011,28,0,10,1,30,,68034,28,0,11 12,1,78,,68012,28,0,10,1,30,,68035,28,0,11 12,1,70,,68013,28,0,10,1,30,,68036,28,0,11 12,1,70,,68014,28,0,10,1,30,,68037,28,0,11 12,1,70,,68015,28,0,10,1,30,,68038,28,0,11 12,1,70,,68016,28,0,10,1,30,,68049,28,0,13,1,70,,68017,28,0,10,1,30,,68039,28,0,11 12,1,70,,68018,28,0,10,1,30,,68040,28,0,11 12,1,70,,68019,28,0,10,1,30,,68041,28,0,11 12,1,70,,68020,28,0,10,1,24,,68052,28,0,17 18,1,9,,68051,28,0,13,1,61,,68048,28,0,11 12,1,10,,68026,28,0,10,1,20,,68053,28,0,17 18,1,9,,68056,28,,,1,61,,68054,28,0,17 18,1,10,,68027,28,0,10,1,20,,68055,28,0,17 18,1,12,,68042,28,0,11 12,1,65,,68021,28,0,10,1,30,,68050,28,0,13,1,70,,68022,28,0,10,1,30,,68043,28,0,11 12,1,70,,68023,28,0,10,1,30,,68044,28,0,11 12,1,70,,68024,28,0,10,1,30,,68045,28,0,11 12,1,70,,68025,28,0,10,1,30,,68046,28,0,11 12,1,58,,68030,28,0,10,1,42,,68047,28,0,11 12,1
100,'20261029',710,,68057,28,0,10,1,30,,68080,28,0,11 12,1,78,,68058,28,0,10,1,30,,68081,28,0,11 12,1,70,,68059,28,0,10,1,30,,68082,28,0,11 12,1,70,,68060,28,0,10,1,30,,68083,28,0,11 12,1,70,,68061,28,0,10,1,30,,68084,28,0,11 12,1,70,,68062,28,0,10,1,30,,68095,28,0,13,1,70,,68063,28,0,10,1,30,,68085,28,0,11 12,1,70,,68064,28,0,10,1,30,,68086,28,0,11 12,1,70,,68065,28,0,10,1,30,,68087,28,0,11 12,1,70,,68066,28,0,10,1,24,,68098,28,0,17 18,1,9,,68097,28,0,13,1,61,,68094,28,0,11 12,1,10,,68072,28,0,10,1,20,,68099,28,0,17 18,1,9,,68102,28,,,1,61,,68100,28,0,17 18,1,10,,68073,28,0,10,1,20,,68101,28,0,17 18,1,12,,68088,28,0,11 12,1,65,,68067,28,0,10,1,30,,68096,28,0,13,1,70,,68068,28,0,10,1,30,,68089,28,0,11 12,1,70,,68069,28,0,10,1,30,,68090,28,0,11 12,1,70,,68070,28,0,10,1,30,,68091,28,0,11 12,1,70,,68071,28,0,10,1,30,,68092,28,0,11 12,1,58,,68076,28,0,10,1,42,,68093,28,0,11 12,1
100,'20261030',710,,68103,28,0,10,1,30,,68127,28,0,11 12,1,78,,68104,28,0,10,1,30,,68128,28,0,11 12,1,70,,68105,28,0,10,1,30,,68129,28,0,11 12,1,70,,68106,28,0,10,1,30,,68130,28,0,11 12,1,70,,68107,28,0,10,1,30,,68131,28,0,11 12,1,70,,68108,28,0,10,1,30,,68143,28,0,13,1,70,,68109,28,0,10,1,30,,68132,28,0,11 12,1,70,,68110,28,0,10,1,30,,68133,28,0,11 12,1,70,,68111,28,0,10,1,30,,68134,28,0,11 12,1,70,,68112,28,0,10,1,24,,68146,28,0,17 18,1,9,,68145,28,0,13,1,61,,68142,28,0,11 12,1,10,,68120,28,0,10,1,20,,68147,28,0,17 18,1,9,,68150,28,,,1,61,,68148,28,0,17 18,1,10,,68121,28,0,10,1,20,,68149,28,0,17 18,1,12,,68135,28,0,11 12,1,65,,68113,28,0,10,1,30,,68144,28,0,13,1,70,,68114,28,0,10,1,30,,68136,28,0,11 12,1,70,,68115,28,0,10,1,30,,68137,28,0,11 12,1,70,,68116,28,0,10,1,30,,68138,28,0,11 12,1,70,,68117,28,0,10,1,30,,68139,28,0,11 12,1,70,,68118,28,0,10,1,30,,68140,28,0,11 12,1,70,,68119,28,0,10,1,30,,68141,28,0,11 12,1
100,'20261031',948,,68167,28,0,11 12,1,6,,68184,28,,,1,64,,68151,28,0,10,1,30,,68168,28,0,11 12,1,70,,68152,28,0,10,1,30,,68169,28,0,11 12,1,10,,68185,28,,,1,60,,68153,28,0,10,1,30,,68170,28,0,11 12,1,70,,68154,28,0,10,1,30,,68171,28,0,11 12,1,70,,68155,28,0,10,1,30,,68172,28,0,11 12,1,70,,68156,28,0,10,1,30,,68182,28,0,13,1,70,,68157,28,0,10,1,30,,68173,28,0,11 12,1,70,,68158,28,0,10,1,30,,68174,28,0,11 12,1,8,,68186,28,,,1,63,,68159,28,0,10,1,30,,68175,28,0,11 12,1,70,,68160,28,0,10,1,30,,68176,28,0,11 12,1,62,,68187,28,,,1,8,,68161,28,0,10,1,30,,68177,28,0,11 12,1,70,,68162,28,0,10,1,30,,68183,28,0,13,1,70,,68163,28,0,10,1,30,,68178,28,0,11 12,1,70,,68164,28,0,10,1,30,,68179,28,0,11 12,1,71,,68165,28,0,10,1,31,,68180,28,0,11 12,1,70,,68166,28,0,10,1,30,,68181,28,0,11 12,1
100,'20261101',948,,68204,28,0,11 12,1,6,,68220,28,,,1,64,,68188,28,0,10,1,30,,68205,28,0,11 12,1,70,,68189,28,0,10,1,30,,68206,28,0,11 12,1,10,,68221,28,,,1,60,,68190,28,0,10,1,30,,68207,28,0,11 12,1,70,,68191,28,0,10,1,30,,68208,28,0,11 12,1,70,,68192,28,0,10,1,30,,68209,28,0,11 12,1,70,,68193,28,0,10,1,30,,68218,28,0,13,1,70,,68194,28,0,10,1,30,,68210,28,0,11 12,1,70,,68195,28,0,10,1,30,,68211,28,0,11 12,1,8,,68222,28,,,1,63,,68196,28,0,10,1,30,,68212,28,0,11 12,1,70,,68197,28,0,10,1,30,,68213,28,0,11 12,1,62,,68223,28,,,1,8,,68198,28,0,10,1,30,,68214,28,0,11 12,1,70,,68199,28,0,10,1,30,,68219,28,0,13,1,70,,68200,28,0,10,1,30,,68215,28,0,11 12,1,70,,68201,28,0,10,1,30,,68216,28,0,11 12,1,71,,68202,28,0,10,1,31,,68217,28,0,11 12,1,70,,68203,28,0,10,1
100,'20261102',710,,68224,28,0,10,1,30,,68247,28,0,11 12,1,78,,68225,28,0,10,1,30,,68248,28,0,11 12,1,70,,68226,28,0,10,1,30,,68249,28,0,11 12,1,70,,68227,28,0,10,1,30,,68250,28,0,11 12,1,70,,68228,28,0,10,1,30,,68251,28,0,11 12,1,70,,68229,28,0,10,1,30,,68262,28,0,13,1,70,,68230,28,0,10,1,30,,68252,28,0,11 12,1,70,,68231,28,0,10,1,30,,68253,28,0,11 12,1,70,,68232,28,0,10,1,30,,68254,28,0,11 12,1,70,,68233,28,0,10,1,24,,68265,28,0,17 18,1,9,,68264,28,0,13,1,61,,68261,28,0,11 12,1,10,,68239,28,0,10,1,20,,68266,28,0,17 18,1,9,,68269,28,,,1,61,,68267,28,0,17 18,1,10,,68240,28,0,10,1,20,,68268,28,0,17 18,1,12,,68255,28,0,11 12,1,65,,68234,28,0,10,1,30,,68263,28,0,13,1,70,,68235,28,0,10,1,30,,68256,28,0,11 12,1,70,,68236,28,0,10,1,30,,68257,28,0,11 12,1,70,,68237,28,0,10,1,30,,68258,28,0,11 12,1,70,,68238,28,0,10,1,30,,68259,28,0,11 12,1,58,,68243,28,0,10,1,42,,68260,28,0,11 12,1
100,'20261103',710,,68270,28,0,10,1,30,,68293,28,0,11 12,1,78,,68271,28,0,10,1,30,,68294,28,0,11 12,1,70,,68272,28,0,10,1,30,,68295,28,0,11 12,1,70,,68273,28,0,10,1,30,,68296,28,0,11 12,1,70,,68274,28,0,10,1,30,,68297,28,0,11 12,1,70,,68275,28,0,10,1,30,,68308,28,0,13,1,70,,68276,28,0,10,1,30,,68298,28,0,11 12,1,70,,68277,28,0,10,1,30,,68299,28,0,11 12,1,70,,68278,28,0,10,1,30,,68300,28,0,11 12,1,70,,68279,28,0,10,1,24,,68311,28,0,17 18,1,9,,68310,28,0,13,1,61,,68307,28,0,11 12,1,10,,68285,28,0,10,1,20,,68312,28,0,17 18,1,9,,68315,28,,,1,61,,68313,28,0,17 18,1,10,,68286,28,0,10,1,20,,68314,28,0,17 18,1,12,,68301,28,0,11 12,1,65,,68280,28,0,10,1,30,,68309,28,0,13,1,70,,68281,28,0,10,1,30,,68302,28,0,11 12,1,70,,68282,28,0,10,1,30,,68303,28,0,11 12,1,70,,68283,28,0,10,1,30,,68304,28,0,11 12,1,70,,68284,28,0,10,1,30,,68305,28,0,11 12,1,58,,68289,28,0,10,1,42,,68306,28,0,11 12,1
100,'20261104',710,,68316,28,0,10,1,30,,68339,28,0,11 12,1,78,,68317,28,0,10,1,30,,68340,28,0,11 12,1,70,,68318,28,0,10,1,30,,68341,28,0,11 12,1,70,,68319,28,0,10,1,30,,68342,28,0,11 12,1,70,,68320,28,0,10,1,30,,68343,28,0,11 12,1,70,,68321,28,0,10,1,30,,68354,28,0,13,1,70,,68322,28,0,10,1,30,,68344,28,0,11 12,1,70,,68323,28,0,10,1,30,,68345,28,0,11 12,1,70,,68324,28,0,10,1,30,,68346,28,0,11 12,1,70,,68325,28,0,10,1,24,,68357,28,0,17 18,1,9,,68356,28,0,13,1,61,,68353,28,0,11 12,1,10,,68331,28,0,10,1,20,,68358,28,0,17 18,1,9,,68361,28,,,1,61,,68359,28,0,17 18,1,10,,68332,28,0,10,1,20,,68360,28,0,17 18,1,12,,68347,28,0,11 12,1,65,,68326,28,0,10,1,30,,68355,28,0,13,1,70,,68327,28,0,10,1,30,,68348,28,0,11 12,1,70,,68328,28,0,10,1,30,,68349,28,0,11 12,1,70,,68329,28,0,10,1,30,,68350,28,0,11 12,1,70,,68330,28,0,10,1,30,,68351,28,0,11 12,1,58,,68335,28,0,10,1,42,,68352,28,0,11 12,1
100,'20261105',710,,68362,28,0,10,1,30,,68385,28,0,11 12,1,78,,68363,28,0,10,1,30,,68386,28,0,11 12,1,70,,68364,28,0,10,1,30,,68387,28,0,11 12,1,70,,68365,28,0,10,1,30,,68388,28,0,11 12,1,70,,68366,28,0,10,1,30,,68389,28,0,11 12,1,70,,68367,28,0,10,1,30,,68400,28,0,13,1,70,,68368,28,0,10,1,30,,68390,28,0,11 12,1,70,,68369,28,0,10,1,30,,68391,28,0,11 12,1,70,,68370,28,0,10,1,30,,68392,28,0,11 12,1,70,,68371,28,0,10,1,24,,68403,28,0,17 18,1,9,,68402,28,0,13,1,61,,68399,28,0,11 12,1,10,,68377,28,0,10,1,20,,68404,28,0,17 18,1,9,,68407,28,,,1,61,,68405,28,0,17 18,1,10,,68378,28,0,10,1,20,,68406,28,0,17 18,1,12,,68393,28,0,11 12,1,65,,68372,28,0,10,1,30,,68401,28,0,13,1,70,,68373,28,0,10,1,30,,68394,28,0,11 12,1,70,,68374,28,0,10,1,30,,68395,28,0,11 12,1,70,,68375,28,0,10,1,30,,68396,28,0,11 12,1,70,,68376,28,0,10,1,30,,68397,28,0,11 12,1,58,,68381,28,0,10,1,42,,68398,28,0,11 12,1
100,'20261106',710,,68408,28,0,10,1,30,,68432,28,0,11 12,1,78,,68409,28,0,10,1,30,,68433,28,0,11 12,1,70,,68410,28,0,10,1,30,,68434,28,0,11 12,1,70,,68411,28,0,10,1,30,,68435,28,0,11 12,1,70,,68412,28,0,10,1,30,,68436,28,0,11 12,1,70,,68413,28,0,10,1,30,,68448,28,0,13,1,70,,68414,28,0,10,1,30,,68437,28,0,11 12,1,70,,68415,28,0,10,1,30,,68438,28,0,11 12,1,70,,68416,28,0,10,1,30,,68439,28,0,11 12,1,70,,68417,28,0,10,1,24,,68451,28,0,17 18,1,9,,68450,28,0,13,1,61,,68447,28,0,11 12,1,10,,68425,28,0,10,1,20,,68452,28,0,17 18,1,9,,68455,28,,,1,61,,68453,28,0,17 18,1,10,,68426,28,0,10,1,20,,68454,28,0,17 18,1,12,,68440,28,0,11 12,1,65,,68418,28,0,10,1,30,,68449,28,0,13,1,70,,68419,28,0,10,1,30,,68441,28,0,11 12,1,70,,68420,28,0,10,1,30,,68442,28,0,11 12,1,70,,68421,28,0,10,1,30,,68443,28,0,11 12,1,70,,68422,28,0,10,1,30,,68444,28,0,11 12,1,70,,68423,28,0,10,1,30,,68445,28,0,11 12,1,70,,68424,28,0,10,1,30,,68446,28,0,11 12,1
100,'20261107',948,,68472,28,0,11 12,1,6,,68489,28,,,1,64,,68456,28,0,10,1,30,,68473,28,0,11 12,1,70,,68457,28,0,10,1,30,,68474,28,0,11 12,1,10,,68490,28,,,1,60,,68458,28,0,10,1,30,,68475,28,0,11 12,1,70,,68459,28,0,10,1,30,,68476,28,0,11 12,1,70,,68460,28,0,10,1,30,,68477,28,0,11 12,1,70,,68461,28,0,10,1,30,,68487,28,0,13,1,70,,68462,28,0,10,1,30,,68478,28,0,11 12,1,70,,68463,28,0,10,1,30,,68479,28,0,11 12,1,8,,68491,28,,,1,63,,68464,28,0,10,1,30,,68480,28,0,11 12,1,70,,68465,28,0,10,1,30,,68481,28,0,11 12,1,62,,68492,28,,,1,8,,68466,28,0,10,1,30,,68482,28,0,11 12,1,70,,68467,28,0,10,1,30,,68488,28,0,13,1,70,,68468,28,0,10,1,30,,68483,28,0,11 12,1,70,,68469,28,0,10,1,30,,68484,28,0,11 12,1,71,,68470,28,0,10,1,31,,68485,28,0,11 12,1,70,,68471,28,0,10,1,30,,68486,28,0,11 12,1
100,'20261108',948,,68509,28,0,11 12,1,6,,68525,28,,,1,64,,68493,28,0,10,1,30,,68510,28,0,11 12,1,70,,68494,28,0,10,1,30,,68511,28,0,11 12,1,10,,68526,28,,,1,60,,68495,28,0,10,1,30,,68512,28,0,11 12,1,70,,68496,28,0,10,1,30,,68513,28,0,11 12,1,70,,68497,28,0,10,1,30,,68514,28,0,11 12,1,70,,68498,28,0,10,1,30,,68523,28,0,13,1,70,,68499,28,0,10,1,30,,68515,28,0,11 12,1,70,,68500,28,0,10,1,30,,68516,28,0,11 12,1,8,,68527,28,,,1,63,,68501,28,0,10,1,30,,68517,28,0,11 12,1,70,,68502,28,0,10,1,30,,68518,28,0,11 12,1,62,,68528,28,,,1,8,,68503,28,0,10,1,30,,68519,28,0,11 12,1,70,,68504,28,0,10,1,30,,68524,28,0,13,1,70,,68505,28,0,10,1,30,,68520,28,0,11 12,1,70,,68506,28,0,10,1,30,,68521,28,0,11 12,1,71,,68507,28,0,10,1,31,,68522,28,0,11 12,1,70,,68508,28,0,10,1
100,'20261109',710,,68529,28,0,10,1,30,,68552,28,0,11 12,1,78,,68530,28,0,10,1,30,,68553,28,0,11 12,1,70,,68531,28,0,10,1,30,,68554,28,0,11 12,1,70,,68532,28,0,10,1,30,,68555,28,0,11 12,1,70,,68533,28,0,10,1,30,,68556,28,0,11 12,1,70,,68534,28,0,10,1,30,,68567,28,0,13,1,70,,68535,28,0,10,1,30,,68557,28,0,11 12,1,70,,68536,28,0,10,1,30,,68558,28,0,11 12,1,70,,68537,28,0,10,1,30,,68559,28,0,11 12,1,70,,68538,28,0,10,1,24,,68570,28,0,17 18,1,9,,68569,28,0,13,1,61,,68566,28,0,11 12,1,10,,68544,28,0,10,1,20,,68571,28,0,17 18,1,9,,68574,28,,,1,61,,68572,28,0,17 18,1,10,,68545,28,0,10,1,20,,68573,28,0,17 18,1,12,,68560,28,0,11 12,1,65,,68539,28,0,10,1,30,,68568,28,0,13,1,70,,68540,28,0,10,1,30,,68561,28,0,11 12,1,70,,68541,28,0,10,1,30,,68562,28,0,11 12,1,70,,68542,28,0,10,1,30,,68563,28,0,11 12,1,70,,68543,28,0,10,1,30,,68564,28,0,11 12,1,58,,68548,28,0,10,1,42,,68565,28,0,11 12,1
100,'20261110',710,,68575,28,0,10,1,30,,68598,28,0,11 12,1,78,,68576,28,0,10,1,30,,68599,28,0,11 12,1,70,,68577,28,0,10,1,30,,68600,28,0,11 12,1,70,,68578,28,0,10,1,30,,68601,28,0,11 12,1,70,,68579,28,0,10,1,30,,68602,28,0,11 12,1,70,,68580,28,0,10,1,30,,68613,28,0,13,1,70,,68581,28,0,10,1,30,,68603,28,0,11 12,1,70,,68582,28,0,10,1,30,,68604,28,0,11 12,1,70,,68583,28,0,10,1,30,,68605,28,0,11 12,1,70,,68584,28,0,10,1,24,,68616,28,0,17 18,1,9,,68615,28,0,13,1,61,,68612,28,0,11 12,1,10,,68590,28,0,10,1,20,,68617,28,0,17 18,1,9,,68620,28,,,1,61,,68618,28,0,17 18,1,10,,68591,28,0,10,1,20,,68619,28,0,17 18,1,12,,68606,28,0,11 12,1,65,,68585,28,0,10,1,30,,68614,28,0,13,1,70,,68586,28,0,10,1,30,,68607,28,0,11 12,1,70,,68587,28,0,10,1,30,,68608,28,0,11 12,1,70,,68588,28,0,10,1,30,,68609,28,0,11 12,1,70,,68589,28,0,10,1,30,,68610,28,0,11 12,1,58,,68594,28,0,10,1,42,,68611,28,0,11 12,1
100,'20261111',710,,68621,28,0,10,1,30,,68644,28,0,11 12,1,78,,68622,28,0,10,1,30,,68645,28,0,11 12,1,70,,68623,28,0,10,1,30,,68646,28,0,11 12,1,70,,68624,28,0,10,1,30,,68647,28,0,11 12,1,70,,68625,28,0,10,1,30,,68648,28,0,11 12,1,70,,68626,28,0,10,1,30,,68659,28,0,13,1,70,,68627,28,0,10,1,30,,68649,28,0,11 12,1,70,,68628,28,0,10,1,30,,68650,28,0,11 12,1,70,,68629,28,0,10,1,30,,68651,28,0,11 12,1,70,,68630,28,0,10,1,24,,68662,28,0,17 18,1,9,,68661,28,0,13,1,61,,68658,28,0,11 12,1,10,,68636,28,0,10,1,20,,68663,28,0,17 18,1,9,,68666,28,,,1,61,,68664,28,0,17 18,1,10,,68637,28,0,10,1,20,,68665,28,0,17 18,1,12,,68652,28,0,11 12,1,65,,68631,28,0,10,1,30,,68660,28,0,13,1,70,,68632,28,0,10,1,30,,68653,28,0,11 12,1,70,,68633,28,0,10,1,30,,68654,28,0,11 12,1,70,,68634,28,0,10,1,30,,68655,28,0,11 12,1,70,,68635,28,0,10,1,30,,68656,28,0,11 12,1,58,,68640,28,0,10,1,42,,68657,28,0,11 12,1
100,'20261112',710,,68667,28,0,10,1,30,,68690,28,0,11 12,1,78,,68668,28,0,10,1,30,,68691,28,0,11 12,1,70,,68669,28,0,10,1,30,,68692,28,0,11 12,1,70,,68670,28,0,10,1,30,,68693,28,0,11 12,1,70,,68671,28,0,10,1,30,,68694,28,0,11 12,1,70,,68672,28,0,10,1,30,,68705,28,0,13,1,70,,68673,28,0,10,1,30,,68695,28,0,11 12,1,70,,68674,28,0,10,1,30,,68696,28,0,11 12,1,70,,68675,28,0,10,1,30,,68697,28,0,11 12,1,70,,68676,28,0,10,1,24,,68708,28,0,17 18,1,9,,68707,28,0,13,1,61,,68704,28,0,11 12,1,10,,68682,28,0,10,1,20,,68709,28,0,17 18,1,9,,68712,28,,,1,61,,68710,28,0,17 18,1,10,,68683,28,0,10,1,20,,68711,28,0,17 18,1,12,,68698,28,0,11 12,1,65,,68677,28,0,10,1,30,,68706,28,0,13,1,70,,68678,28,0,10,1,30,,68699,28,0,11 12,1,70,,68679,28,0,10,1,30,,68700,28,0,11 12,1,70,,68680,28,0,10,1,30,,68701,28,0,11 12,1,70,,68681,28,0,10,1,30,,68702,28,0,11 12,1,58,,68686,28,0,10,1,42,,68703,28,0,11 12,1
100,'20261113',710,,68713,28,0,10,1,30,,68737,28,0,11 12,1,78,,68714,28,0,10,1,30,,68738,28,0,11 12,1,70,,68715,28,0,10,1,30,,68739,28,0,11 12,1,70,,68716,28,0,10,1,30,,68740,28,0,11 12,1,70,,68717,28,0,10,1,30,,68741,28,0,11 12,1,70,,68718,28,0,10,1,30,,68753,28,0,13,1,70,,68719,28,0,10,1,30,,68742,28,0,11 12,1,70,,68720,28,0,10,1,30,,68743,28,0,11 12,1,70,,68721,28,0,10,1,30,,68744,28,0,11 12,1,70,,68722,28,0,10,1,24,,68756,28,0,17 18,1,9,,68755,28,0,13,1,61,,68752,28,0,11 12,1,10,,68730,28,0,10,1,20,,68757,28,0,17 18,1,9,,68760,28,,,1,61,,68758,28,0,17 18,1,10,,68731,28,0,10,1,20,,68759,28,0,17 18,1,12,,68745,28,0,11 12,1,65,,68723,28,0,10,1,30,,68754,28,0,13,1,70,,68724,28,0,10,1,30,,68746,28,0,11 12,1,70,,68725,28,0,10,1,30,,68747,28,0,11 12,1,70,,68726,28,0,10,1,30,,68748,28,0,11 12,1,70,,68727,28,0,10,1,30,,68749,28,0,11 12,1,70,,68728,28,0,10,1,30,,68750,28,0,11 12,1,70,,68729,28,0,10,1,30,,68751,28,0,11 12,1
100,'20261114',948,,68777,28,0,11 12,1,6,,68794,28,,,1,64,,68761,28,0,10,1,30,,68778,28,0,11 12,1,70,,68762,28,0,10,1,30,,68779,28,0,11 12,1,10,,68795,28,,,1,60,,68763,28,0,10,1,30,,68780,28,0,11 12,1,70,,68764,28,0,10,1,30,,68781,28,0,11 12,1,70,,68765,28,0,10,1,30,,68782,28,0,11 12,1,70,,68766,28,0,10,1,30,,68792,28,0,13,1,70,,68767,28,0,10,1,30,,68783,28,0,11 12,1,70,,68768,28,0,10,1,30,,68784,28,0,11 12,1,8,,68796,28,,,1,63,,68769,28,0,10,1,30,,68785,28,0,11 12,1,70,,68770,28,0,10,1,30,,68786,28,0,11 12,1,62,,68797,28,,,1,8,,68771,28,0,10,1,30,,68787,28,0,11 12,1,70,,68772,28,0,10,1,30,,68793,28,0,13,1,70,,68773,28,0,10,1,30,,68788,28,0,11 12,1,70,,68774,28,0,10,1,30,,68789,28,0,11 12,1,71,,68775,28,0,10,1,31,,68790,28,0,11 12,1,70,,68776,28,0,10,1,30,,68791,28,0,11 12,1
100,'20261115',948,,68814,28,0,11 12,1,6,,68830,28,,,1,64,,68798,28,0,10,1,30,,68815,28,0,11 12,1,70,,68799,28,0,10,1,30,,68816,28,0,11 12,1,10,,68831,28,,,1,60,,68800,28,0,10,1,30,,68817,28,0,11 12,1,70,,68801,28,0,10,1,30,,68818,28,0,11 12,1,70,,68802,28,0,10,1,30,,68819,28,0,11 12,1,70,,68803,28,0,10,1,30,,68828,28,0,13,1,70,,68804,28,0,10,1,30,,68820,28,0,11 12,1,70,,68805,28,0,10,1,30,,68821,28,0,11 12,1,8,,68832,28,,,1,63,,68806,28,0,10,1,30,,68822,28,0,11 12,1,70,,68807,28,0,10,1,30,,68823,28,0,11 12,1,62,,68833,28,,,1,8,,68808,28,0,10,1,30,,68824,28,0,11 12,1,70,,68809,28,0,10,1,30,,68829,28,0,13,1,70,,68810,28,0,10,1,30,,68825,28,0,11 12,1,70,,68811,28,0,10,1,30,,68826,28,0,11 12,1,71,,68812,28,0,10,1,31,,68827,28,0,11 12,1,70,,68813,28,0,10,1
100,'20261116',710,,68834,28,0,10,1,30,,68857,28,0,11 12,1,78,,68835,28,0,10,1,30,,68858,28,0,11 12,1,70,,68836,28,0,10,1,30,,68859,28,0,11 12,1,70,,68837,28,0,10,1,30,,68860,28,0,11 12,1,70,,68838,28,0,10,1,30,,68861,28,0,11 12,1,70,,68839,28,0,10,1,30,,68872,28,0,13,1,70,,68840,28,0,10,1,30,,68862,28,0,11 12,1,70,,68841,28,0,10,1,30,,68863,28,0,11 12,1,70,,68842,28,0,10,1,30,,68864,28,0,11 12,1,70,,68843,28,0,10,1,24,,68875,28,0,17 18,1,9,,68874,28,0,13,1,61,,68871,28,0,11 12,1,10,,68849,28,0,10,1,20,,68876,28,0,17 18,1,9,,68879,28,,,1,61,,68877,28,0,17 18,1,10,,68850,28,0,10,1,20,,68878,28,0,17 18,1,12,,68865,28,0,11 12,1,65,,68844,28,0,10,1,30,,68873,28,0,13,1,70,,68845,28,0,10,1,30,,68866,28,0,11 12,1,70,,68846,28,0,10,1,30,,68867,28,0,11 12,1,70,,68847,28,0,10,1,30,,68868,28,0,11 12,1,70,,68848,28,0,10,1,30,,68869,28,0,11 12,1,58,,68853,28,0,10,1,42,,68870,28,0,11 12,1
100,'20261117',710,,68880,28,0,10,1,30,,68903,28,0,11 12,1,78,,68881,28,0,10,1,30,,68904,28,0,11 12,1,70,,68882,28,0,10,1,30,,68905,28,0,11 12,1,70,,68883,28,0,10,1,30,,68906,28,0,11 12,1,70,,68884,28,0,10,1,30,,68907,28,0,11 12,1,70,,68885,28,0,10,1,30,,68918,28,0,13,1,70,,68886,28,0,10,1,30,,68908,28,0,11 12,1,70,,68887,28,0,10,1,30,,68909,28,0,11 12,1,70,,68888,28,0,10,1,30,,68910,28,0,11 12,1,70,,68889,28,0,10,1,24,,68921,28,0,17 18,1,9,,68920,28,0,13,1,61,,68917,28,0,11 12,1,10,,68895,28,0,10,1,20,,68922,28,0,17 18,1,9,,68925,28,,,1,61,,68923,28,0,17 18,1,10,,68896,28,0,10,1,20,,68924,28,0,17 18,1,12,,68911,28,0,11 12,1,65,,68890,28,0,10,1,30,,68919,28,0,13,1,70,,68891,28,0,10,1,30,,68912,28,0,11 12,1,70,,68892,28,0,10,1,30,,68913,28,0,11 12,1,70,,68893,28,0,10,1,30,,68914,28,0,11 12,1,70,,68894,28,0,10,1,30,,68915,28,0,11 12,1,58,,68899,28,0,10,1,42,,68916,28,0,11 12,1
100,'20261118',710,,68926,28,0,10,1,30,,68949,28,0,11 12,1,78,,68927,28,0,10,1,30,,68950,28,0,11 12,1,70,,68928,28,0,10,1,30,,68951,28,0,11 12,1,70,,68929,28,0,10,1,30,,68952,28,0,11 12,1,70,,68930,28,0,10,1,30,,68953,28,0,11 12,1,70,,68931,28,0,10,1,30,,68964,28,0,13,1,70,,68932,28,0,10,1,30,,68954,28,0,11 12,1,70,,68933,28,0,10,1,30,,68955,28,0,11 12,1,70,,68934,28,0,10,1,30,,68956,28,0,11 12,1,70,,68935,28,0,10,1,24,,68967,28,0,17 18,1,9,,68966,28,0,13,1,61,,68963,28,0,11 12,1,10,,68941,28,0,10,1,20,,68968,28,0,17 18,1,9,,68971,28,,,1,61,,68969,28,0,17 18,1,10,,68942,28,0,10,1,20,,68970,28,0,17 18,1,12,,68957,28,0,11 12,1,65,,68936,28,0,10,1,30,,68965,28,0,13,1,70,,68937,28,0,10,1,30,,68958,28,0,11 12,1,70,,68938,28,0,10,1,30,,68959,28,0,11 12,1,70,,68939,28,0,10,1,30,,68960,28,0,11 12,1,70,,68940,28,0,10,1,30,,68961,28,0,11 12,1,58,,68945,28,0,10,1,42,,68962,28,0,11 12,1
100,'20261119',710,,68972,28,0,10,1,30,,68995,28,0,11 12,1,78,,68973,28,0,10,1,30,,68996,28,0,11 12,1,70,,68974,28,0,10,1,30,,68997,28,0,11 12,1,70,,68975,28,0,10,1,30,,68998,28,0,11 12,1,70,,68976,28,0,10,1,30,,68999,28,0,11 12,1,70,,68977,28,0,10,1,30,,69010,28,0,13,1,70,,68978,28,0,10,1,30,,69000,28,0,11 12,1,70,,68979,28,0,10,1,30,,69001,28,0,11 12,1,70,,68980,28,0,10,1,30,,69002,28,0,11 12,1,70,,68981,28,0,10,1,24,,69013,28,0,17 18,1,9,,69012,28,0,13,1,61,,69009,28,0,11 12,1,10,,68987,28,0,10,1,20,,69014,28,0,17 18,1,9,,69017,28,,,1,61,,69015,28,0,17 18,1,10,,68988,28,0,10,1,20,,69016,28,0,17 18,1,12,,69003,28,0,11 12,1,65,,68982,28,0,10,1,30,,69011,28,0,13,1,70,,68983,28,0,10,1,30,,69004,28,0,11 12,1,70,,68984,28,0,10,1,30,,69005,28,0,11 12,1,70,,68985,28,0,10,1,30,,69006,28,0,11 12,1,70,,68986,28,0,10,1,30,,69007,28,0,11 12,1,58,,68991,28,0,10,1,42,,69008,28,0,11 12,1
100,'20261120',710,,69018,28,0,10,1,30,,69042,28,0,11 12,1,78,,69019,28,0,10,1,30,,69043,28,0,11 12,1,70,,69020,28,0,10,1,30,,69044,28,0,11 12,1,70,,69021,28,0,10,1,30,,69045,28,0,11 12,1,70,,69022,28,0,10,1,30,,69046,28,0,11 12,1,70,,69023,28,0,10,1,30,,69058,28,0,13,1,70,,69024,28,0,10,1,30,,69047,28,0,11 12,1,70,,69025,28,0,10,1,30,,69048,28,0,11 12,1,70,,69026,28,0,10,1,30,,69049,28,0,11 12,1,70,,69027,28,0,10,1,24,,69061,28,0,17 18,1,9,,69060,28,0,13,1,61,,69057,28,0,11 12,1,10,,69035,28,0,10,1,20,,69062,28,0,17 18,1,9,,69065,28,,,1,61,,69063,28,0,17 18,1,10,,69036,28,0,10,1,20,,69064,28,0,17 18,1,12,,69050,28,0,11 12,1,65,,69028,28,0,10,1,30,,69059,28,0,13,1,70,,69029,28,0,10,1,30,,69051,28,0,11 12,1,70,,69030,28,0,10,1,30,,69052,28,0,11 12,1,70,,69031,28,0,10,1,30,,69053,28,0,11 12,1,70,,69032,28,0,10,1,30,,69054,28,0,11 12,1,70,,69033,28,0,10,1,30,,69055,28,0,11 12,1,70,,69034,28,0,10,1,30,,69056,28,0,11 12,1
100,'20261121',948,,69082,28,0,11 12,1,6,,69099,28,,,1,64,,69066,28,0,10,1,30,,69083,28,0,11 12,1,70,,69067,28,0,10,1,30,,69084,28,0,11 12,1,10,,69100,28,,,1,60,,69068,28,0,10,1,30,,69085,28,0,11 12,1,70,,69069,28,0,10,1,30,,69086,28,0,11 12,1,70,,69070,28,0,10,1,30,,69087,28,0,11 12,1,70,,69071,28,0,10,1,30,,69097,28,0,13,1,70,,69072,28,0,10,1,30,,69088,28,0,11 12,1,70,,69073,28,0,10,1,30,,69089,28,0,11 12,1,8,,69101,28,,,1,63,,69074,28,0,10,1,30,,69090,28,0,11 12,1,70,,69075,28,0,10,1,30,,69091,28,0,11 12,1,62,,69102,28,,,1,8,,69076,28,0,10,1,30,,69092,28,0,11 12,1,70,,69077,28,0,10,1,30,,69098,28,0,13,1,70,,69078,28,0,10,1,30,,69093,28,0,11 12,1,70,,69079,28,0,10,1,30,,69094,28,0,11 12,1,71,,69080,28,0,10,1,31,,69095,28,0,11 12,1,70,,69081,28,0,10,1,30,,69096,28,0,11 12,1
100,'20261122',948,,69119,28,0,11 12,1,6,,69135,28,,,1,64,,69103,28,0,10,1,30,,69120,28,0,11 12,1,70,,69104,28,0,10,1,30,,69121,28,0,11 12,1,10,,69136,28,,,1,60,,69105,28,0,10,1,30,,69122,28,0,11 12,1,70,,69106,28,0,10,1,30,,69123,28,0,11 12,1,70,,69107,28,0,10,1,30,,69124,28,0,11 12,1,70,,69108,28,0,10,1,30,,69133,28,0,13,1,70,,69109,28,0,10,1,30,,69125,28,0,11 12,1,70,,69110,28,0,10,1,30,,69126,28,0,11 12,1,8,,69137,28,,,1,63,,69111,28,0,10,1,30,,69127,28,0,11 12,1,70,,69112,28,0,10,1,30,,69128,28,0,11 12,1,62,,69138,28,,,1,8,,69113,28,0,10,1,30,,69129,28,0,11 12,1,70,,69114,28,0,10,1,30,,69134,28,0,13,1,70,,69115,28,0,10,1,30,,69130,28,0,11 12,1,70,,69116,28,0,10,1,30,,69131,28,0,11 12,1,71,,69117,28,0,10,1,31,,69132,28,0,11 12,1,70,,69118,28,0,10,1
100,'20261123',710,,69139,28,0,10,1,30,,69162,28,0,11 12,1,78,,69140,28,0,10,1,30,,69163,28,0,11 12,1,70,,69141,28,0,10,1,30,,69164,28,0,11 12,1,70,,69142,28,0,10,1,30,,69165,28,0,11 12,1,70,,69143,28,0,10,1,30,,69166,28,0,11 12,1,70,,69144,28,0,10,1,30,,69177,28,0,13,1,70,,69145,28,0,10,1,30,,69167,28,0,11 12,1,70,,69146,28,0,10,1,30,,69168,28,0,11 12,1,70,,69147,28,0,10,1,30,,69169,28,0,11 12,1,70,,69148,28,0,10,1,24,,69180,28,0,17 18,1,9,,69179,28,0,13,1,61,,69176,28,0,11 12,1,10,,69154,28,0,10,1,20,,69181,28,0,17 18,1,9,,69184,28,,,1,61,,69182,28,0,17 18,1,10,,69155,28,0,10,1,20,,69183,28,0,17 18,1,12,,69170,28,0,11 12,1,65,,69149,28,0,10,1,30,,69178,28,0,13,1,70,,69150,28,0,10,1,30,,69171,28,0,11 12,1,70,,69151,28,0,10,1,30,,69172,28,0,11 12,1,70,,69152,28,0,10,1,30,,69173,28,0,11 12,1,70,,69153,28,0,10,1,30,,69174,28,0,11 12,1,58,,69158,28,0,10,1,42,,69175,28,0,11 12,1
100,'20261124',710,,69185,28,0,10,1,30,,69208,28,0,11 12,1,78,,69186,28,0,10,1,30,,69209,28,0,11 12,1,70,,69187,28,0,10,1,30,,69210,28,0,11 12,1,70,,69188,28,0,10,1,30,,69211,28,0,11 12,1,70,,69189,28,0,10,1,30,,69212,28,0,11 12,1,70,,69190,28,0,10,1,30,,69223,28,0,13,1,70,,69191,28,0,10,1,30,,69213,28,0,11 12,1,70,,69192,28,0,10,1,30,,69214,28,0,11 12,1,70,,69193,28,0,10,1,30,,69215,28,0,11 12,1,70,,69194,28,0,10,1,24,,69226,28,0,17 18,1,9,,69225,28,0,13,1,61,,69222,28,0,11 12,1,10,,69200,28,0,10,1,20,,69227,28,0,17 18,1,9,,69230,28,,,1,61,,69228,28,0,17 18,1,10,,69201,28,0,10,1,20,,69229,28,0,17 18,1,12,,69216,28,0,11 12,1,65,,69195,28,0,10,1,30,,69224,28,0,13,1,70,,69196,28,0,10,1,30,,69217,28,0,11 12,1,70,,69197,28,0,10,1,30,,69218,28,0,11 12,1,70,,69198,28,0,10,1,30,,69219,28,0,11 12,1,70,,69199,28,0,10,1,30,,69220,28,0,11 12,1,58,,69204,28,0,10,1,42,,69221,28,0,11 12,1
100,'20261125',710,,69231,28,0,10,1,30,,69254,28,0,11 12,1,78,,69232,28,0,10,1,30,,69255,28,0,11 12,1,70,,69233,28,0,10,1,30,,69256,28,0,11 12,1,70,,69234,28,0,10,1,30,,69257,28,0,11 12,1,70,,69235,28,0,10,1,30,,69258,28,0,11 12,1,70,,69236,28,0,10,1,30,,69269,28,0,13,1,70,,69237,28,0,10,1,30,,69259,28,0,11 12,1,70,,69238,28,0,10,1,30,,69260,28,0,11 12,1,70,,69239,28,0,10,1,30,,69261,28,0,11 12,1,70,,69240,28,0,10,1,24,,69272,28,0,17 18,1,9,,69271,28,0,13,1,61,,69268,28,0,11 12,1,10,,69246,28,0,10,1,20,,69273,28,0,17 18,1,9,,69276,28,,,1,61,,69274,28,0,17 18,1,10,,69247,28,0,10,1,20,,69275,28,0,17 18,1,12,,69262,28,0,11 12,1,65,,69241,28,0,10,1,30,,69270,28,0,13,1,70,,69242,28,0,10,1,30,,69263,28,0,11 12,1,70,,69243,28,0,10,1,30,,69264,28,0,11 12,1,70,,69244,28,0,10,1,30,,69265,28,0,11 12,1,70,,69245,28,0,10,1,30,,69266,28,0,11 12,1,58,,69250,28,0,10,1,42,,69267,28,0,11 12,1
100,'20261126',710,,69277,28,0,10,1,30,,69300,28,0,11 12,1,78,,69278,28,0,10,1,30,,69301,28,0,11 12,1,70,,69279,28,0,10,1,30,,69302,28,0,11 12,1,70,,69280,28,0,10,1,30,,69303,28,0,11 12,1,70,,69281,28,0,10,1,30,,69304,28,0,11 12,1,70,,69282,28,0,10,1,30,,69315,28,0,13,1,70,,69283,28,0,10,1,30,,69305,28,0,11 12,1,70,,69284,28,0,10,1,30,,69306,28,0,11 12,1,70,,69285,28,0,10,1,30,,69307,28,0,11 12,1,70,,69286,28,0,10,1,24,,69318,28,0,17 18,1,9,,69317,28,0,13,1,61,,69314,28,0,11 12,1,10,,69292,28,0,10,1,20,,69319,28,0,17 18,1,9,,69322,28,,,1,61,,69320,28,0,17 18,1,10,,69293,28,0,10,1,20,,69321,28,0,17 18,1,12,,69308,28,0,11 12,1,65,,69287,28,0,10,1,30,,69316,28,0,13,1,70,,69288,28,0,10,1,30,,69309,28,0,11 12,1,70,,69289,28,0,10,1,30,,69310,28,0,11 12,1,70,,69290,28,0,10,1,30,,69311,28,0,11 12,1,70,,69291,28,0,10,1,30,,69312,28,0,11 12,1,58,,69296,28,0,10,1,42,,69313,28,0,11 12,1
100,'20261127',710,,69323,28,0,10,1,30,,69347,28,0,11 12,1,78,,69324,28,0,10,1,30,,69348,28,0,11 12,1,70,,69325,28,0,10,1,30,,69349,28,0,11 12,1,70,,69326,28,0,10,1,30,,69350,28,0,11 12,1,70,,69327,28,0,10,1,30,,69351,28,0,11 12,1,70,,69328,28,0,10,1,30,,69363,28,0,13,1,70,,69329,28,0,10,1,30,,69352,28,0,11 12,1,70,,69330,28,0,10,1,30,,69353,28,0,11 12,1,70,,69331,28,0,10,1,30,,69354,28,0,11 12,1,70,,69332,28,0,10,1,24,,69366,28,0,17 18,1,9,,69365,28,0,13,1,61,,69362,28,0,11 12,1,10,,69340,28,0,10,1,20,,69367,28,0,17 18,1,9,,69370,28,,,1,61,,69368,28,0,17 18,1,10,,69341,28,0,10,1,20,,69369,28,0,17 18,1,12,,69355,28,0,11 12,1,65,,69333,28,0,10,1,30,,69364,28,0,13,1,70,,69334,28,0,10,1,30,,69356,28,0,11 12,1,70,,69335,28,0,10,1,30,,69357,28,0,11 12,1,70,,69336,28,0,10,1,30,,69358,28,0,11 12,1,70,,69337,28,0,10,1,30,,69359,28,0,11 12,1,70,,69338,28,0,10,1,30,,69360,28,0,11 12,1,70,,69339,28,0,10,1,30,,69361,28,0,11 12,1
101,'20260910',459,,69628,7,,,1,70,,69652,14,,,1,30,,69629,7,,,1,51,,69669,16,,,1,15,,69667,18,,,1,15,,69670,16,,,1,15,,69647,7,,,1,55,,69671,16,,,1,16,,69668,18,,,1,14,,69672,16,,,1,15,,69648,7,,,1,57,,69673,31,,,1,31,,69653,14,,,1,70,,69630,7,,,1,30,,69654,14,,,1,70,,69631,7,,,1,30,,69655,14,,,1,70,,69632,7,,,1,30,,69665,18,,,1,70,,69633,7,,,1,30,,69656,14,,,1,70,,69634,7,,,1,30,,69657,14,,,1,70,,69635,7,,,1,30,,69658,14,,,1,70,,69636,7,,,1,31,,69659,14,,,1,70,,69637,7,,,1,28,,69660,14,,,1,68,,69638,7,,,1,32,,69661,14,,,1,69,,69639,7,,,1,32,,69662,14,,,1,69,,69640,7,,,1,30,,69666,18,,,1,70,,69641,7,,,1,30,,69663,14,,,1,70,,69642,7,,,1,30,,69664,14,,,1,70,,69643,7,,,1,100,,69644,7,,,1
101,'20260911',459,,69674,7,,,1,70,,69698,14,,,1,30,,69675,7,,,1,51,,69717,16,,,1,15,,69715,18,,,1,15,,69718,16,,,1,15,,69693,7,,,1,55,,69719,16,,,1,16,,69716,18,,,1,14,,69720,16,,,1,15,,69694,7,,,1,57,,69721,31,,,1,31,,69699,14,,,1,70,,69676,7,,,1,30,,69700,14,,,1,70,,69677,7,,,1,30,,69701,14,,,1,70,,69678,7,,,1,30,,69713,18,,,1,70,,69679,7,,,1,30,,69702,14,,,1,70,,69680,7,,,1,30,,69703,14,,,1,70,,69681,7,,,1,30,,69704,14,,,1,70,,69682,7,,,1,31,,69705,14,,,1,70,,69683,7,,,1,28,,69706,14,,,1,68,,69684,7,,,1,32,,69707,14,,,1,69,,69685,7,,,1,32,,69708,14,,,1,69,,69686,7,,,1,30,,69714,18,,,1,70,,69687,7,,,1,30,,69709,14,,,1,70,,69688,7,,,1,30,,69710,14,,,1,70,,69689,7,,,1,30,,69711,14,,,1,70,,69690,7,,,1,30,,69712,14,,,1
101,'20260912',742,,69750,18,,,1,70,,69722,7,,,1,30,,69751,18,,,1,70,,69723,7,,,1,30,,69752,18,,,1,70,,69724,7,,,1,30,,69738,14,,,1,70,,69725,7,,,1,30,,69753,18,,,1,70,,69726,7,,,1,30,,69739,14,,,1,70,,69727,7,,,1,23,,69755,31,,,1,7,,69740,14,,,1,70,,69728,7,,,1,30,,69741,14,,,1,70,,69729,7,,,1,30,,69742,14,,,1,70,,69730,7,,,1,30,,69743,14,,,1,70,,69731,7,,,1,23,,69756,31,,,1,7,,69744,14,,,1,70,,69732,7,,,1,30,,69745,14,,,1,70,,69733,7,,,1,30,,69754,18,,,1,70,,69734,7,,,1,30,,69746,14,,,1,70,,69735,7,,,1,22,,69757,31,,,1,8,,69747,14,,,1,70,,69736,7,,,1,30,,69748,14,,,1,70,,69737,7,,,1,30,,69749,14,,,1,6,,69758,31,,,1
101,'20260913',742,,69786,18,,,1,70,,69759,7,,,1,30,,69787,18,,,1,70,,69760,7,,,1,30,,69788,18,,,1,70,,69761,7,,,1,30,,69775,14,,,1,70,,69762,7,,,1,30,,69789,18,,,1,70,,69763,7,,,1,30,,69776,14,,,1,70,,69764,7,,,1,23,,69791,31,,,1,7,,69777,14,,,1,70,,69765,7,,,1,30,,69778,14,,,1,70,,69766,7,,,1,30,,69779,14,,,1,70,,69767,7,,,1,30,,69780,14,,,1,70,,69768,7,,,1,23,,69792,31,,,1,7,,69781,14,,,1,70,,69769,7,,,1,30,,69782,14,,,1,70,,69770,7,,,1,30,,69790,18,,,1,70,,69771,7,,,1,30,,69783,14,,,1,70,,69772,7,,,1,22,,69793,31,,,1,8,,69784,14,,,1,70,,69773,7,,,1,30,,69785,14,,,1,70,,69774,7,,,1,36,,69794,31,,,1
101,'20260914',459,,69795,7,,,1,70,,69819,14,,,1,30,,69796,7,,,1,51,,69836,16,,,1,15,,69834,18,,,1,15,,69837,16,,,1,15,,69814,7,,,1,55,,69838,16,,,1,16,,69835,18,,,1,14,,69839,16,,,1,15,,69815,7,,,1,57,,69840,31,,,1,31,,69820,14,,,1,70,,69797,7,,,1,30,,69821,14,,,1,70,,69798,7,,,1,30,,69822,14,,,1,70,,69799,7,,,1,30,,69832,18,,,1,70,,69800,7,,,1,30,,69823,14,,,1,70,,69801,7,,,1,30,,69824,14,,,1,70,,69802,7,,,1,30,,69825,14,,,1,70,,69803,7,,,1,31,,69826,14,,,1,70,,69804,7,,,1,28,,69827,14,,,1,68,,69805,7,,,1,32,,69828,14,,,1,69,,69806,7,,,1,32,,69829,14,,,1,69,,69807,7,,,1,30,,69833,18,,,1,70,,69808,7,,,1,30,,69830,14,,,1,70,,69809,7,,,1,30,,69831,14,,,1,70,,69810,7,,,1,100,,69811,7,,,1
101,'20260915',459,,69841,7,,,1,70,,69865,14,,,1,30,,69842,7,,,1,51,,69882,16,,,1,15,,69880,18,,,1,15,,69883,16,,,1,15,,69860,7,,,1,55,,69884,16,,,1,16,,69881,18,,,1,14,,69885,16,,,1,15,,69861,7,,,1,57,,69886,31,,,1,31,,69866,14,,,1,70,,69843,7,,,1,30,,69867,14,,,1,70,,69844,7,,,1,30,,69868,14,,,1,70,,69845,7,,,1,30,,69878,18,,,1,70,,69846,7,,,1,30,,69869,14,,,1,70,,69847,7,,,1,30,,69870,14,,,1,70,,69848,7,,,1,30,,69871,14,,,1,70,,69849,7,,,1,31,,69872,14,,,1,70,,69850,7,,,1,28,,69873,14,,,1,68,,69851,7,,,1,32,,69874,14,,,1,69,,69852,7,,,1,32,,69875,14,,,1,69,,69853,7,,,1,30,,69879,18,,,1,70,,69854,7,,,1,30,,69876,14,,,1,70,,69855,7,,,1,30,,69877,14,,,1,70,,69856,7,,,1,100,,69857,7,,,1
101,'20260916',459,,69887,7,,,1,70,,69911,14,,,1,30,,69888,7,,,1,51,,69928,16,,,1,15,,69926,18,,,1,15,,69929,16,,,1,15,,69906,7,,,1,55,,69930,16,,,1,16,,69927,18,,,1,14,,69931,16,,,1,15,,69907,7,,,1,57,,69932,31,,,1,31,,69912,14,,,1,70,,69889,7,,,1,30,,69913,14,,,1,70,,69890,7,,,1,30,,69914,14,,,1,70,,69891,7,,,1,30,,69924,18,,,1,70,,69892,7,,,1,30,,69915,14,,,1,70,,69893,7,,,1,30,,69916,14,,,1,70,,69894,7,,,1,30,,69917,14,,,1,70,,69895,7,,,1,31,,69918,14,,,1,70,,69896,7,,,1,28,,69919,14,,,1,68,,69897,7,,,1,32,,69920,14,,,1,69,,69898,7,,,1,32,,69921,14,,,1,69,,69899,7,,,1,30,,69925,18,,,1,70,,69900,7,,,1,30,,69922,14,,,1,70,,69901,7,,,1,30,,69923,14,,,1,70,,69902,7,,,1,100,,69903,7,,,1
101,'20260917',459,,69933,7,,,1,70,,69957,14,,,1,30,,69934,7,,,1,51,,69974,16,,,1,15,,69972,18,,,1,15,,69975,16,,,1,15,,69952,7,,,1,55,,69976,16,,,1,16,,69973,18,,,1,14,,69977,16,,,1,15,,69953,7,,,1,57,,69978,31,,,1,31,,69958,14,,,1,70,,69935,7,,,1,30,,69959,14,,,1,70,,69936,7,,,1,30,,69960,14,,,1,70,,69937,7,,,1,30,,69970,18,,,1,70,,69938,7,,,1,30,,69961,14,,,1,70,,69939,7,,,1,30,,69962,14,,,1,70,,69940,7,,,1,30,,69963,14,,,1,70,,69941,7,,,1,31,,69964,14,,,1,70,,69942,7,,,1,28,,69965,14,,,1,68,,69943,7,,,1,32,,69966,14,,,1,69,,69944,7,,,1,32,,69967,14,,,1,69,,69945,7,,,1,30,,69971,18,,,1,70,,69946,7,,,1,30,,69968,14,,,1,70,,69947,7,,,1,30,,69969,14,,,1,70,,69948,7,,,1,100,,69949,7,,,1
101,'20260918',459,,69979,7,,,1,70,,70003,14,,,1,30,,69980,7,,,1,51,,70022,16,,,1,15,,70020,18,,,1,15,,70023,16,,,1,15,,69998,7,,,1,55,,70024,16,,,1,16,,70021,18,,,1,14,,70025,16,,,1,15,,69999,7,,,1,57,,70026,31,,,1,31,,70004,14,,,1,70,,69981,7,,,1,30,,70005,14,,,1,70,,69982,7,,,1,30,,70006,14,,,1,70,,69983,7,,,1,30,,70018,18,,,1,70,,69984,7,,,1,30,,70007,14,,,1,70,,69985,7,,,1,30,,70008,14,,,1,70,,69986,7,,,1,30,,70009,14,,,1,70,,69987,7,,,1,31,,70010,14,,,1,70,,69988,7,,,1,28,,70011,14,,,1,68,,69989,7,,,1,32,,70012,14,,,1,69,,69990,7,,,1,32,,70013,14,,,1,69,,69991,7,,,1,30,,70019,18,,,1,70,,69992,7,,,1,30,,70014,14,,,1,70,,69993,7,,,1,30,,70015,14,,,1,70,,69994,7,,,1,30,,70016,14,,,1,70,,69995,7,,,1,30,,70017,14,,,1
101,'20260919',742,,70055,18,,,1,70,,70027,7,,,1,30,,70056,18,,,1,70,,70028,7,,,1,30,,70057,18,,,1,70,,70029,7,,,1,30,,70043,14,,,1,70,,70030,7,,,1,30,,70058,18,,,1,70,,70031,7,,,1,30,,70044,14,,,1,70,,70032,7,,,1,23,,70060,31,,,1,7,,70045,14,,,1,70,,70033,7,,,1,30,,70046,14,,,1,70,,70034,7,,,1,30,,70047,14,,,1,70,,70035,7,,,1,30,,70048,14,,,1,70,,70036,7,,,1,23,,70061,31,,,1,7,,70049,14,,,1,70,,70037,7,,,1,30,,70050,14,,,1,70,,70038,7,,,1,30,,70059,18,,,1,70,,70039,7,,,1,30,,70051,14,,,1,70,,70040,7,,,1,22,,70062,31,,,1,8,,70052,14,,,1,70,,70041,7,,,1,30,,70053,14,,,1,70,,70042,7,,,1,30,,70054,14,,,1,6,,70063,31,,,1
101,'20260920',742,,70091,18,,,1,70,,70064,7,,,1,30,,70092,18,,,1,70,,70065,7,,,1,30,,70093,18,,,1,70,,70066,7,,,1,30,,70080,14,,,1,70,,70067,7,,,1,30,,70094,18,,,1,70,,70068,7,,,1,30,,70081,14,,,1,70,,70069,7,,,1,23,,70096,31,,,1,7,,70082,14,,,1,70,,70070,7,,,1,30,,70083,14,,,1,70,,70071,7,,,1,30,,70084,14,,,1,70,,70072,7,,,1,30,,70085,14,,,1,70,,70073,7,,,1,23,,70097,31,,,1,7,,70086,14,,,1,70,,70074,7,,,1,30,,70087,14,,,1,70,,70075,7,,,1,30,,70095,18,,,1,70,,70076,7,,,1,30,,70088,14,,,1,70,,70077,7,,,1,22,,70098,31,,,1,8,,70089,14,,,1,70,,70078,7,,,1,30,,70090,14,,,1,70,,70079,7,,,1,36,,70099,31,,,1
101,'20260921',459,,70100,7,,,1,70,,70124,14,,,1,30,,70101,7,,,1,51,,70141,16,,,1,15,,70139,18,,,1,15,,70142,16,,,1,15,,70119,7,,,1,55,,70143,16,,,1,16,,70140,18,,,1,14,,70144,16,,,1,15,,70120,7,,,1,57,,70145,31,,,1,31,,70125,14,,,1,70,,70102,7,,,1,30,,70126,14,,,1,70,,70103,7,,,1,30,,70127,14,,,1,70,,70104,7,,,1,30,,70137,18,,,1,70,,70105,7,,,1,30,,70128,14,,,1,70,,70106,7,,,1,30,,70129,14,,,1,70,,70107,7,,,1,30,,70130,14,,,1,70,,70108,7,,,1,31,,70131,14,,,1,70,,70109,7,,,1,28,,70132,14,,,1,68,,70110,7,,,1,32,,70133,14,,,1,69,,70111,7,,,1,32,,70134,14,,,1,69,,70112,7,,,1,30,,70138,18,,,1,70,,70113,7,,,1,30,,70135,14,,,1,70,,70114,7,,,1,30,,70136,14,,,1,70,,70115,7,,,1,100,,70116,7,,,1
101,'20260922',459,,70146,7,,,1,70,,70170,14,,,1,30,,70147,7,,,1,51,,70187,16,,,1,15,,70185,18,,,1,15,,70188,16,,,1,15,,70165,7,,,1,55,,70189,16,,,1,16,,70186,18,,,1,14,,70190,16,,,1,15,,70166,7,,,1,57,,70191,31,,,1,31,,70171,14,,,1,70,,70148,7,,,1,30,,70172,14,,,1,70,,70149,7,,,1,30,,70173,14,,,1,70,,70150,7,,,1,30,,70183,18,,,1,70,,70151,7,,,1,30,,70174,14,,,1,70,,70152,7,,,1,30,,70175,14,,,1,70,,70153,7,,,1,30,,70176,14,,,1,70,,70154,7,,,1,31,,70177,14,,,1,70,,70155,7,,,1,28,,70178,14,,,1,68,,70156,7,,,1,32,,70179,14,,,1,69,,70157,7,,,1,32,,70180,14,,,1,69,,70158,7,,,1,30,,70184,18,,,1,70,,70159,7,,,1,30,,70181,14,,,1,70,,70160,7,,,1,30,,70182,14,,,1,70,,70161,7,,,1,100,,70162,7,,,1
101,'20260923',459,,70192,7,,,1,70,,70216,14,,,1,30,,70193,7,,,1,51,,70233,16,,,1,15,,70231,18,,,1,15,,70234,16,,,1,15,,70211,7,,,1,55,,70235,16,,,1,16,,70232,18,,,1,14,,70236,16,,,1,15,,70212,7,,,1,57,,70237,31,,,1,31,,70217,14,,,1,70,,70194,7,,,1,30,,70218,14,,,1,70,,70195,7,,,1,30,,70219,14,,,1,70,,70196,7,,,1,30,,70229,18,,,1,70,,70197,7,,,1,30,,70220,14,,,1,70,,70198,7,,,1,30,,70221,14,,,1,70,,70199,7,,,1,30,,70222,14,,,1,70,,70200,7,,,1,31,,70223,14,,,1,70,,70201,7,,,1,28,,70224,14,,,1,68,,70202,7,,,1,32,,70225,14,,,1,69,,70203,7,,,1,32,,70226,14,,,1,69,,70204,7,,,1,30,,70230,18,,,1,70,,70205,7,,,1,30,,70227,14,,,1,70,,70206,7,,,1,30,,70228,14,,,1,70,,70207,7,,,1,100,,70208,7,,,1
101,'20260924',459,,70238,7,,,1,70,,70262,14,,,1,30,,70239,7,,,1,51,,70279,16,,,1,15,,70277,18,,,1,15,,70280,16,,,1,15,,70257,7,,,1,55,,70281,16,,,1,16,,70278,18,,,1,14,,70282,16,,,1,15,,70258,7,,,1,57,,70283,31,,,1,31,,70263,14,,,1,70,,70240,7,,,1,30,,70264,14,,,1,70,,70241,7,,,1,30,,70265,14,,,1,70,,70242,7,,,1,30,,70275,18,,,1,70,,70243,7,,,1,30,,70266,14,,,1,70,,70244,7,,,1,30,,70267,14,,,1,70,,70245,7,,,1,30,,70268,14,,,1,70,,70246,7,,,1,31,,70269,14,,,1,70,,70247,7,,,1,28,,70270,14,,,1,68,,70248,7,,,1,32,,70271,14,,,1,69,,70249,7,,,1,32,,70272,14,,,1,69,,70250,7,,,1,30,,70276,18,,,1,70,,70251,7,,,1,30,,70273,14,,,1,70,,70252,7,,,1,30,,70274,14,,,1,70,,70253,7,,,1,100,,70254,7,,,1
101,'20260925',459,,70284,7,,,1,70,,70308,14,,,1,30,,70285,7,,,1,51,,70327,16,,,1,15,,70325,18,,,1,15,,70328,16,,,1,15,,70303,7,,,1,55,,70329,16,,,1,16,,70326,18,,,1,14,,70330,16,,,1,15,,70304,7,,,1,57,,70331,31,,,1,31,,70309,14,,,1,70,,70286,7,,,1,30,,70310,14,,,1,70,,70287,7,,,1,30,,70311,14,,,1,70,,70288,7,,,1,30,,70323,18,,,1,70,,70289,7,,,1,30,,70312,14,,,1,70,,70290,7,,,1,30,,70313,14,,,1,70,,70291,7,,,1,30,,70314,14,,,1,70,,70292,7,,,1,31,,70315,14,,,1,70,,70293,7,,,1,28,,70316,14,,,1,68,,70294,7,,,1,32,,70317,14,,,1,69,,70295,7,,,1,32,,70318,14,,,1,69,,70296,7,,,1,30,,70324,18,,,1,70,,70297,7,,,1,30,,70319,14,,,1,70,,70298,7,,,1,30,,70320,14,,,1,70,,70299,7,,,1,30,,70321,14,,,1,70,,70300,7,,,1,30,,70322,14,,,1
101,'20260926',742,,70360,18,,,1,70,,70332,7,,,1,30,,70361,18,,,1,70,,70333,7,,,1,30,,70362,18,,,1,70,,70334,7,,,1,30,,70348,14,,,1,70,,70335,7,,,1,30,,70363,18,,,1,70,,70336,7,,,1,30,,70349,14,,,1,70,,70337,7,,,1,23,,70365,31,,,1,7,,70350,14,,,1,70,,70338,7,,,1,30,,70351,14,,,1,70,,70339,7,,,1,30,,70352,14,,,1,70,,70340,7,,,1,30,,70353,14,,,1,70,,70341,7,,,1,23,,70366,31,,,1,7,,70354,14,,,1,70,,70342,7,,,1,30,,70355,14,,,1,70,,70343,7,,,1,30,,70364,18,,,1,70,,70344,7,,,1,30,,70356,14,,,1,70,,70345,7,,,1,22,,70367,31,,,1,8,,70357,14,,,1,70,,70346,7,,,1,30,,70358,14,,,1,70,,70347,7,,,1,30,,70359,14,,,1,6,,70368,31,,,1
101,'20260927',742,,70396,18,,,1,70,,70369,7,,,1,30,,70397,18,,,1,70,,70370,7,,,1,30,,70398,18,,,1,70,,70371,7,,,1,30,,70385,14,,,1,70,,70372,7,,,1,30,,70399,18,,,1,70,,70373,7,,,1,30,,70386,14,,,1,70,,70374,7,,,1,23,,70401,31,,,1,7,,70387,14,,,1,70,,70375,7,,,1,30,,70388,14,,,1,70,,70376,7,,,1,30,,70389,14,,,1,70,,70377,7,,,1,30,,70390,14,,,1,70,,70378,7,,,1,23,,70402,31,,,1,7,,70391,14,,,1,70,,70379,7,,,1,30,,70392,14,,,1,70,,70380,7,,,1,30,,70400,18,,,1,70,,70381,7,,,1,30,,70393,14,,,1,70,,70382,7,,,1,22,,70403,31,,,1,8,,70394,14,,,1,70,,70383,7,,,1,30,,70395,14,,,1,70,,70384,7,,,1,36,,70404,31,,,1
101,'20260928',459,,70405,7,,,1,70,,70429,14,,,1,30,,70406,7,,,1,51,,70446,16,,,1,15,,70444,18,,,1,15,,70447,16,,,1,15,,70424,7,,,1,55,,70448,16,,,1,16,,70445,18,,,1,14,,70449,16,,,1,15,,70425,7,,,1,57,,70450,31,,,1,31,,70430,14,,,1,70,,70407,7,,,1,30,,70431,14,,,1,70,,70408,7,,,1,30,,70432,14,,,1,70,,70409,7,,,1,30,,70442,18,,,1,70,,70410,7,,,1,30,,70433,14,,,1,70,,70411,7,,,1,30,,70434,14,,,1,70,,70412,7,,,1,30,,70435,14,,,1,70,,70413,7,,,1,31,,70436,14,,,1,70,,70414,7,,,1,28,,70437,14,,,1,68,,70415,7,,,1,32,,70438,14,,,1,69,,70416,7,,,1,32,,70439,14,,,1,69,,70417,7,,,1,30,,70443,18,,,1,70,,70418,7,,,1,30,,70440,14,,,1,70,,70419,7,,,1,30,,70441,14,,,1,70,,70420,7,,,1,100,,70421,7,,,1
101,'20260929',459,,70451,7,,,1,70,,70475,14,,,1,30,,70452,7,,,1,51,,70492,16,,,1,15,,70490,18,,,1,15,,70493,16,,,1,15,,70470,7,,,1,55,,70494,16,,,1,16,,70491,18,,,1,14,,70495,16,,,1,15,,70471,7,,,1,57,,70496,31,,,1,31,,70476,14,,,1,70,,70453,7,,,1,30,,70477,14,,,1,70,,70454,7,,,1,30,,70478,14,,,1,70,,70455,7,,,1,30,,70488,18,,,1,70,,70456,7,,,1,30,,70479,14,,,1,70,,70457,7,,,1,30,,70480,14,,,1,70,,70458,7,,,1,30,,70481,14,,,1,70,,70459,7,,,1,31,,70482,14,,,1,70,,70460,7,,,1,28,,70483,14,,,1,68,,70461,7,,,1,32,,70484,14,,,1,69,,70462,7,,,1,32,,70485,14,,,1,69,,70463,7,,,1,30,,70489,18,,,1,70,,70464,7,,,1,30,,70486,14,,,1,70,,70465,7,,,1,30,,70487,14,,,1,70,,70466,7,,,1,100,,70467,7,,,1
101,'20260930',459,,70497,7,,,1,70,,70521,14,,,1,30,,70498,7,,,1,51,,70538,16,,,1,15,,70536,18,,,1,15,,70539,16,,,1,15,,70516,7,,,1,55,,70540,16,,,1,16,,70537,18,,,1,14,,70541,16,,,1,15,,70517,7,,,1,57,,70542,31,,,1,31,,70522,14,,,1,70,,70499,7,,,1,30,,70523,14,,,1,70,,70500,7,,,1,30,,70524,14,,,1,70,,70501,7,,,1,30,,70534,18,,,1,70,,70502,7,,,1,30,,70525,14,,,1,70,,70503,7,,,1,30,,70526,14,,,1,70,,70504,7,,,1,30,,70527,14,,,1,70,,70505,7,,,1,31,,70528,14,,,1,70,,70506,7,,,1,28,,70529,14,,,1,68,,70507,7,,,1,32,,70530,14,,,1,69,,70508,7,,,1,32,,70531,14,,,1,69,,70509,7,,,1,30,,70535,18,,,1,70,,70510,7,,,1,30,,70532,14,,,1,70,,70511,7,,,1,30,,70533,14,,,1,70,,70512,7,,,1,100,,70513,7,,,1
101,'20261001',459,,70543,7,,,1,70,,70567,14,,,1,30,,70544,7,,,1,51,,70584,16,,,1,15,,70582,18,,,1,15,,70585,16,,,1,15,,70562,7,,,1,55,,70586,16,,,1,16,,70583,18,,,1,14,,70587,16,,,1,15,,70563,7,,,1,57,,70588,31,,,1,31,,70568,14,,,1,70,,70545,7,,,1,30,,70569,14,,,1,70,,70546,7,,,1,30,,70570,14,,,1,70,,70547,7,,,1,30,,70580,18,,,1,70,,70548,7,,,1,30,,70571,14,,,1,70,,70549,7,,,1,30,,70572,14,,,1,70,,70550,7,,,1,30,,70573,14,,,1,70,,70551,7,,,1,31,,70574,14,,,1,70,,70552,7,,,1,28,,70575,14,,,1,68,,70553,7,,,1,32,,70576,14,,,1,69,,70554,7,,,1,32,,70577,14,,,1,69,,70555,7,,,1,30,,70581,18,,,1,70,,70556,7,,,1,30,,70578,14,,,1,70,,70557,7,,,1,30,,70579,14,,,1,70,,70558,7,,,1,100,,70559,7,,,1
101,'20261002',459,,70589,7,,,1,70,,70613,14,,,1,30,,70590,7,,,1,51,,70632,16,,,1,15,,70630,18,,,1,15,,70633,16,,,1,15,,70608,7,,,1,55,,70634,16,,,1,16,,70631,18,,,1,14,,70635,16,,,1,15,,70609,7,,,1,57,,70636,31,,,1,31,,70614,14,,,1,70,,70591,7,,,1,30,,70615,14,,,1,70,,70592,7,,,1,30,,70616,14,,,1,70,,70593,7,,,1,30,,70628,18,,,1,70,,70594,7,,,1,30,,70617,14,,,1,70,,70595,7,,,1,30,,70618,14,,,1,70,,70596,7,,,1,30,,70619,14,,,1,70,,70597,7,,,1,31,,70620,14,,,1,70,,70598,7,,,1,28,,70621,14,,,1,68,,70599,7,,,1,32,,70622,14,,,1,69,,70600,7,,,1,32,,70623,14,,,1,69,,70601,7,,,1,30,,70629,18,,,1,70,,70602,7,,,1,30,,70624,14,,,1,70,,70603,7,,,1,30,,70625,14,,,1,70,,70604,7,,,1,30,,70626,14,,,1,70,,70605,7,,,1,30,,70627,14,,,1
101,'20261003',742,,70665,18,,,1,70,,70637,7,,,1,30,,70666,18,,,1,70,,70638,7,,,1,30,,70667,18,,,1,70,,70639,7,,,1,30,,70653,14,,,1,70,,70640,7,,,1,30,,70668,18,,,1,70,,70641,7,,,1,30,,70654,14,,,1,70,,70642,7,,,1,23,,70670,31,,,1,7,,70655,14,,,1,70,,70643,7,,,1,30,,70656,14,,,1,70,,70644,7,,,1,30,,70657,14,,,1,70,,70645,7,,,1,30,,70658,14,,,1,70,,70646,7,,,1,23,,70671,31,,,1,7,,70659,14,,,1,70,,70647,7,,,1,30,,70660,14,,,1,70,,70648,7,,,1,30,,70669,18,,,1,70,,70649,7,,,1,30,,70661,14,,,1,70,,70650,7,,,1,22,,70672,31,,,1,8,,70662,14,,,1,70,,70651,7,,,1,30,,70663,14,,,1,70,,70652,7,,,1,30,,70664,14,,,1,6,,70673,31,,,1
101,'20261004',742,,70701,18,,,1,70,,70674,7,,,1,30,,70702,18,,,1,70,,70675,7,,,1,30,,70703,18,,,1,70,,70676,7,,,1,30,,70690,14,,,1,70,,70677,7,,,1,30,,70704,18,,,1,70,,70678,7,,,1,30,,70691,14,,,1,70,,70679,7,,,1,23,,70706,31,,,1,7,,70692,14,,,1,70,,70680,7,,,1,30,,70693,14,,,1,70,,70681,7,,,1,30,,70694,14,,,1,70,,70682,7,,,1,30,,70695,14,,,1,70,,70683,7,,,1,23,,70707,31,,,1,7,,70696,14,,,1,70,,70684,7,,,1,30,,70697,14,,,1,70,,70685,7,,,1,30,,70705,18,,,1,70,,70686,7,,,1,30,,70698,14,,,1,70,,70687,7,,,1,22,,70708,31,,,1,8,,70699,14,,,1,70,,70688,7,,,1,30,,70700,14,,,1,70,,70689,7,,,1,36,,70709,31,,,1
101,'20261005',459,,70710,7,,,1,70,,70734,14,,,1,30,,70711,7,,,1,51,,70751,16,,,1,15,,70749,18,,,1,15,,70752,16,,,1,15,,70729,7,,,1,55,,70753,16,,,1,16,,70750,18,,,1,14,,70754,16,,,1,15,,70730,7,,,1,57,,70755,31,,,1,31,,70735,14,,,1,70,,70712,7,,,1,30,,70736,14,,,1,70,,70713,7,,,1,30,,70737,14,,,1,70,,70714,7,,,1,30,,70747,18,,,1,70,,70715,7,,,1,30,,70738,14,,,1,70,,70716,7,,,1,30,,70739,14,,,1,70,,70717,7,,,1,30,,70740,14,,,1,70,,70718,7,,,1,31,,70741,14,,,1,70,,70719,7,,,1,28,,70742,14,,,1,68,,70720,7,,,1,32,,70743,14,,,1,69,,70721,7,,,1,32,,70744,14,,,1,69,,70722,7,,,1,30,,70748,18,,,1,70,,70723,7,,,1,30,,70745,14,,,1,70,,70724,7,,,1,30,,70746,14,,,1,70,,70725,7,,,1,100,,70726,7,,,1
101,'20261006',459,,70756,7,,,1,70,,70780,14,,,1,30,,70757,7,,,1,51,,70797,16,,,1,15,,70795,18,,,1,15,,70798,16,,,1,15,,70775,7,,,1,55,,70799,16,,,1,16,,70796,18,,,1,14,,70800,16,,,1,15,,70776,7,,,1,57,,70801,31,,,1,31,,70781,14,,,1,70,,70758,7,,,1,30,,70782,14,,,1,70,,70759,7,,,1,30,,70783,14,,,1,70,,70760,7,,,1,30,,70793,18,,,1,70,,70761,7,,,1,30,,70784,14,,,1,70,,70762,7,,,1,30,,70785,14,,,1,70,,70763,7,,,1,30,,70786,14,,,1,70,,70764,7,,,1,31,,70787,14,,,1,70,,70765,7,,,1,28,,70788,14,,,1,68,,70766,7,,,1,32,,70789,14,,,1,69,,70767,7,,,1,32,,70790,14,,,1,69,,70768,7,,,1,30,,70794,18,,,1,70,,70769,7,,,1,30,,70791,14,,,1,70,,70770,7,,,1,30,,70792,14,,,1,70,,70771,7,,,1,100,,70772,7,,,1
101,'20261007',459,,70802,7,,,1,70,,70826,14,,,1,30,,70803,7,,,1,51,,70843,16,,,1,15,,70841,18,,,1,15,,70844,16,,,1,15,,70821,7,,,1,55,,70845,16,,,1,16,,70842,18,,,1,14,,70846,16,,,1,15,,70822,7,,,1,57,,70847,31,,,1,31,,70827,14,,,1,70,,70804,7,,,1,30,,70828,14,,,1,70,,70805,7,,,1,30,,70829,14,,,1,70,,70806,7,,,1,30,,70839,18,,,1,70,,70807,7,,,1,30,,70830,14,,,1,70,,70808,7,,,1,30,,70831,14,,,1,70,,70809,7,,,1,30,,70832,14,,,1,70,,70810,7,,,1,31,,70833,14,,,1,70,,70811,7,,,1,28,,70834,14,,,1,68,,70812,7,,,1,32,,70835,14,,,1,69,,70813,7,,,1,32,,70836,14,,,1,69,,70814,7,,,1,30,,70840,18,,,1,70,,70815,7,,,1,30,,70837,14,,,1,70,,70816,7,,,1,30,,70838,14,,,1,70,,70817,7,,,1,100,,70818,7,,,1
101,'20261008',459,,70848,7,,,1,70,,70872,14,,,1,30,,70849,7,,,1,51,,70889,16,,,1,15,,70887,18,,,1,15,,70890,16,,,1,15,,70867,7,,,1,55,,70891,16,,,1,16,,70888,18,,,1,14,,70892,16,,,1,15,,70868,7,,,1,57,,70893,31,,,1,31,,70873,14,,,1,70,,70850,7,,,1,30,,70874,14,,,1,70,,70851,7,,,1,30,,70875,14,,,1,70,,70852,7,,,1,30,,70885,18,,,1,70,,70853,7,,,1,30,,70876,14,,,1,70,,70854,7,,,1,30,,70877,14,,,1,70,,70855,7,,,1,30,,70878,14,,,1,70,,70856,7,,,1,31,,70879,14,,,1,70,,70857,7,,,1,28,,70880,14,,,1,68,,70858,7,,,1,32,,70881,14,,,1,69,,70859,7,,,1,32,,70882,14,,,1,69,,70860,7,,,1,30,,70886,18,,,1,70,,70861,7,,,1,30,,70883,14,,,1,70,,70862,7,,,1,30,,70884,14,,,1,70,,70863,7,,,1,100,,70864,7,,,1
101,'20261009',459,,70894,7,,,1,70,,70918,14,,,1,30,,70895,7,,,1,51,,70937,16,,,1,15,,70935,18,,,1,15,,70938,16,,,1,15,,70913,7,,,1,55,,70939,16,,,1,16,,70936,18,,,1,14,,70940,16,,,1,15,,70914,7,,,1,57,,70941,31,,,1,31,,70919,14,,,1,70,,70896,7,,,1,30,,70920,14,,,1,70,,70897,7,,,1,30,,70921,14,,,1,70,,70898,7,,,1,30,,70933,18,,,1,70,,70899,7,,,1,30,,70922,14,,,1,70,,70900,7,,,1,30,,70923,14,,,1,70,,70901,7,,,1,30,,70924,14,,,1,70,,70902,7,,,1,31,,70925,14,,,1,70,,70903,7,,,1,28,,70926,14,,,1,68,,70904,7,,,1,32,,70927,14,,,1,69,,70905,7,,,1,32,,70928,14,,,1,69,,70906,7,,,1,30,,70934,18,,,1,70,,70907,7,,,1,30,,70929,14,,,1,70,,70908,7,,,1,30,,70930,14,,,1,70,,70909,7,,,1,30,,70931,14,,,1,70,,70910,7,,,1,30,,70932,14,,,1
101,'20261010',742,,70970,18,,,1,70,,70942,7,,,1,30,,70971,18,,,1,70,,70943,7,,,1,30,,70972,18,,,1,70,,70944,7,,,1,30,,70958,14,,,1,70,,70945,7,,,1,30,,70973,18,,,1,70,,70946,7,,,1,30,,70959,14,,,1,70,,70947,7,,,1,23,,70975,31,,,1,7,,70960,14,,,1,70,,70948,7,,,1,30,,70961,14,,,1,70,,70949,7,,,1,30,,70962,14,,,1,70,,70950,7,,,1,30,,70963,14,,,1,70,,70951,7,,,1,23,,70976,31,,,1,7,,70964,14,,,1,70,,70952,7,,,1,30,,70965,14,,,1,70,,70953,7,,,1,30,,70974,18,,,1,70,,70954,7,,,1,30,,70966,14,,,1,70,,70955,7,,,1,22,,70977,31,,,1,8,,70967,14,,,1,70,,70956,7,,,1,30,,70968,14,,,1,70,,70957,7,,,1,30,,70969,14,,,1,6,,70978,31,,,1
101,'20261011',742,,71006,18,,,1,70,,70979,7,,,1,30,,71007,18,,,1,70,,70980,7,,,1,30,,71008,18,,,1,70,,70981,7,,,1,30,,70995,14,,,1,70,,70982,7,,,1,30,,71009,18,,,1,70,,70983,7,,,1,30,,70996,14,,,1,70,,70984,7,,,1,23,,71011,31,,,1,7,,70997,14,,,1,70,,70985,7,,,1,30,,70998,14,,,1,70,,70986,7,,,1,30,,70999,14,,,1,70,,70987,7,,,1,30,,71000,14,,,1,70,,70988,7,,,1,23,,71012,31,,,1,7,,71001,14,,,1,70,,70989,7,,,1,30,,71002,14,,,1,70,,70990,7,,,1,30,,71010,18,,,1,70,,70991,7,,,1,30,,71003,14,,,1,70,,70992,7,,,1,22,,71013,31,,,1,8,,71004,14,,,1,70,,70993,7,,,1,30,,71005,14,,,1,70,,70994,7,,,1,36,,71014,31,,,1
101,'20261012',459,,71015,7,,,1,70,,71039,14,,,1,30,,71016,7,,,1,51,,71056,16,,,1,15,,71054,18,,,1,15,,71057,16,,,1,15,,71034,7,,,1,55,,71058,16,,,1,16,,71055,18,,,1,14,,71059,16,,,1,15,,71035,7,,,1,57,,71060,31,,,1,31,,71040,14,,,1,70,,71017,7,,,1,30,,71041,14,,,1,70,,71018,7,,,1,30,,71042,14,,,1,70,,71019,7,,,1,30,,71052,18,,,1,70,,71020,7,,,1,30,,71043,14,,,1,70,,71021,7,,,1,30,,71044,14,,,1,70,,71022,7,,,1,30,,71045,14,,,1,70,,71023,7,,,1,31,,71046,14,,,1,70,,71024,7,,,1,28,,71047,14,,,1,68,,71025,7,,,1,32,,71048,14,,,1,69,,71026,7,,,1,32,,71049,14,,,1,69,,71027,7,,,1,30,,71053,18,,,1,70,,71028,7,,,1,30,,71050,14,,,1,70,,71029,7,,,1,30,,71051,14,,,1,70,,71030,7,,,1,100,,71031,7,,,1
101,'20261013',459,,71061,7,,,1,70,,71085,14,,,1,30,,71062,7,,,1,51,,71102,16,,,1,15,,71100,18,,,1,15,,71103,16,,,1,15,,71080,7,,,1,55,,71104,16,,,1,16,,71101,18,,,1,14,,71105,16,,,1,15,,71081,7,,,1,57,,71106,31,,,1,31,,71086,14,,,1,70,,71063,7,,,1,30,,71087,14,,,1,70,,71064,7,,,1,30,,71088,14,,,1,70,,71065,7,,,1,30,,71098,18,,,1,70,,71066,7,,,1,30,,71089,14,,,1,70,,71067,7,,,1,30,,71090,14,,,1,70,,71068,7,,,1,30,,71091,14,,,1,70,,71069,7,,,1,31,,71092,14,,,1,70,,71070,7,,,1,28,,71093,14,,,1,68,,71071,7,,,1,32,,71094,14,,,1,69,,71072,7,,,1,32,,71095,14,,,1,69,,71073,7,,,1,30,,71099,18,,,1,70,,71074,7,,,1,30,,71096,14,,,1,70,,71075,7,,,1,30,,71097,14,,,1,70,,71076,7,,,1,100,,71077,7,,,1
101,'20261014',459,,71107,7,,,1,70,,71131,14,,,1,30,,71108,7,,,1,51,,71148,16,,,1,15,,71146,18,,,1,15,,71149,16,,,1,15,,71126,7,,,1,55,,71150,16,,,1,16,,71147,18,,,1,14,,71151,16,,,1,15,,71127,7,,,1,57,,71152,31,,,1,31,,71132,14,,,1,70,,71109,7,,,1,30,,71133,14,,,1,70,,71110,7,,,1,30,,71134,14,,,1,70,,71111,7,,,1,30,,71144,18,,,1,70,,71112,7,,,1,30,,71135,14,,,1,70,,71113,7,,,1,30,,71136,14,,,1,70,,71114,7,,,1,30,,71137,14,,,1,70,,71115,7,,,1,31,,71138,14,,,1,70,,71116,7,,,1,28,,71139,14,,,1,68,,71117,7,,,1,32,,71140,14,,,1,69,,71118,7,,,1,32,,71141,14,,,1,69,,71119,7,,,1,30,,71145,18,,,1,70,,71120,7,,,1,30,,71142,14,,,1,70,,71121,7,,,1,30,,71143,14,,,1,70,,71122,7,,,1,100,,71123,7,,,1
101,'20261015',459,,71153,7,,,1,70,,71177,14,,,1,30,,71154,7,,,1,51,,71194,16,,,1,15,,71192,18,,,1,15,,71195,16,,,1,15,,71172,7,,,1,55,,71196,16,,,1,16,,71193,18,,,1,14,,71197,16,,,1,15,,71173,7,,,1,57,,71198,31,,,1,31,,71178,14,,,1,70,,71155,7,,,1,30,,71179,14,,,1,70,,71156,7,,,1,30,,71180,14,,,1,70,,71157,7,,,1,30,,71190,18,,,1,70,,71158,7,,,1,30,,71181,14,,,1,70,,71159,7,,,1,30,,71182,14,,,1,70,,71160,7,,,1,30,,71183,14,,,1,70,,71161,7,,,1,31,,71184,14,,,1,70,,71162,7,,,1,28,,71185,14,,,1,68,,71163,7,,,1,32,,71186,14,,,1,69,,71164,7,,,1,32,,71187,14,,,1,69,,71165,7,,,1,30,,71191,18,,,1,70,,71166,7,,,1,30,,71188,14,,,1,70,,71167,7,,,1,30,,71189,14,,,1,70,,71168,7,,,1,100,,71169,7,,,1
101,'20261016',459,,71199,7,,,1,70,,71223,14,,,1,30,,71200,7,,,1,51,,71242,16,,,1,15,,71240,18,,,1,15,,71243,16,,,1,15,,71218,7,,,1,55,,71244,16,,,1,16,,71241,18,,,1,14,,71245,16,,,1,15,,71219,7,,,1,57,,71246,31,,,1,31,,71224,14,,,1,70,,71201,7,,,1,30,,71225,14,,,1,70,,71202,7,,,1,30,,71226,14,,,1,70,,71203,7,,,1,30,,71238,18,,,1,70,,71204,7,,,1,30,,71227,14,,,1,70,,71205,7,,,1,30,,71228,14,,,1,70,,71206,7,,,1,30,,71229,14,,,1,70,,71207,7,,,1,31,,71230,14,,,1,70,,71208,7,,,1,28,,71231,14,,,1,68,,71209,7,,,1,32,,71232,14,,,1,69,,71210,7,,,1,32,,71233,14,,,1,69,,71211,7,,,1,30,,71239,18,,,1,70,,71212,7,,,1,30,,71234,14,,,1,70,,71213,7,,,1,30,,71235,14,,,1,70,,71214,7,,,1,30,,71236,14,,,1,70,,71215,7,,,1,30,,71237,14,,,1
101,'20261017',742,,71275,18,,,1,70,,71247,7,,,1,30,,71276,18,,,1,70,,71248,7,,,1,30,,71277,18,,,1,70,,71249,7,,,1,30,,71263,14,,,1,70,,71250,7,,,1,30,,71278,18,,,1,70,,71251,7,,,1,30,,71264,14,,,1,70,,71252,7,,,1,23,,71280,31,,,1,7,,71265,14,,,1,70,,71253,7,,,1,30,,71266,14,,,1,70,,71254,7,,,1,30,,71267,14,,,1,70,,71255,7,,,1,30,,71268,14,,,1,70,,71256,7,,,1,23,,71281,31,,,1,7,,71269,14,,,1,70,,71257,7,,,1,30,,71270,14,,,1,70,,71258,7,,,1,30,,71279,18,,,1,70,,71259,7,,,1,30,,71271,14,,,1,70,,71260,7,,,1,22,,71282,31,,,1,8,,71272,14,,,1,70,,71261,7,,,1,30,,71273,14,,,1,70,,71262,7,,,1,30,,71274,14,,,1,6,,71283,31,,,1
101,'20261018',742,,71311,18,,,1,70,,71284,7,,,1,30,,71312,18,,,1,70,,71285,7,,,1,30,,71313,18,,,1,70,,71286,7,,,1,30,,71300,14,,,1,70,,71287,7,,,1,30,,71314,18,,,1,70,,71288,7,,,1,30,,71301,14,,,1,70,,71289,7,,,1,23,,71316,31,,,1,7,,71302,14,,,1,70,,71290,7,,,1,30,,71303,14,,,1,70,,71291,7,,,1,30,,71304,14,,,1,70,,71292,7,,,1,30,,71305,14,,,1,70,,71293,7,,,1,23,,71317,31,,,1,7,,71306,14,,,1,70,,71294,7,,,1,30,,71307,14,,,1,70,,71295,7,,,1,30,,71315,18,,,1,70,,71296,7,,,1,30,,71308,14,,,1,70,,71297,7,,,1,22,,71318,31,,,1,8,,71309,14,,,1,70,,71298,7,,,1,30,,71310,14,,,1,70,,71299,7,,,1,36,,71319,31,,,1
101,'20261019',459,,71320,7,,,1,70,,71344,14,,,1,30,,71321,7,,,1,51,,71361,16,,,1,15,,71359,18,,,1,15,,71362,16,,,1,15,,71339,7,,,1,55,,71363,16,,,1,16,,71360,18,,,1,14,,71364,16,,,1,15,,71340,7,,,1,57,,71365,31,,,1,31,,71345,14,,,1,70,,71322,7,,,1,30,,71346,14,,,1,70,,71323,7,,,1,30,,71347,14,,,1,70,,71324,7,,,1,30,,71357,18,,,1,70,,71325,7,,,1,30,,71348,14,,,1,70,,71326,7,,,1,30,,71349,14,,,1,70,,71327,7,,,1,30,,71350,14,,,1,70,,71328,7,,,1,31,,71351,14,,,1,70,,71329,7,,,1,28,,71352,14,,,1,68,,71330,7,,,1,32,,71353,14,,,1,69,,71331,7,,,1,32,,71354,14,,,1,69,,71332,7,,,1,30,,71358,18,,,1,70,,71333,7,,,1,30,,71355,14,,,1,70,,71334,7,,,1,30,,71356,14,,,1,70,,71335,7,,,1,100,,71336,7,,,1
101,'20261020',459,,71366,7,,,1,70,,71390,14,,,1,30,,71367,7,,,1,51,,71407,16,,,1,15,,71405,18,,,1,15,,71408,16,,,1,15,,71385,7,,,1,55,,71409,16,,,1,16,,71406,18,,,1,14,,71410,16,,,1,15,,71386,7,,,1,57,,71411,31,,,1,31,,71391,14,,,1,70,,71368,7,,,1,30,,71392,14,,,1,70,,71369,7,,,1,30,,71393,14,,,1,70,,71370,7,,,1,30,,71403,18,,,1,70,,71371,7,,,1,30,,71394,14,,,1,70,,71372,7,,,1,30,,71395,14,,,1,70,,71373,7,,,1,30,,71396,14,,,1,70,,71374,7,,,1,31,,71397,14,,,1,70,,71375,7,,,1,28,,71398,14,,,1,68,,71376,7,,,1,32,,71399,14,,,1,69,,71377,7,,,1,32,,71400,14,,,1,69,,71378,7,,,1,30,,71404,18,,,1,70,,71379,7,,,1,30,,71401,14,,,1,70,,71380,7,,,1,30,,71402,14,,,1,70,,71381,7,,,1,100,,71382,7,,,1
101,'20261021',459,,71412,7,,,1,70,,71436,14,,,1,30,,71413,7,,,1,51,,71453,16,,,1,15,,71451,18,,,1,15,,71454,16,,,1,15,,71431,7,,,1,55,,71455,16,,,1,16,,71452,18,,,1,14,,71456,16,,,1,15,,71432,7,,,1,57,,71457,31,,,1,31,,71437,14,,,1,70,,71414,7,,,1,30,,71438,14,,,1,70,,71415,7,,,1,30,,71439,14,,,1,70,,71416,7,,,1,30,,71449,18,,,1,70,,71417,7,,,1,30,,71440,14,,,1,70,,71418,7,,,1,30,,71441,14,,,1,70,,71419,7,,,1,30,,71442,14,,,1,70,,71420,7,,,1,31,,71443,14,,,1,70,,71421,7,,,1,28,,71444,14,,,1,68,,71422,7,,,1,32,,71445,14,,,1,69,,71423,7,,,1,32,,71446,14,,,1,69,,71424,7,,,1,30,,71450,18,,,1,70,,71425,7,,,1,30,,71447,14,,,1,70,,71426,7,,,1,30,,71448,14,,,1,70,,71427,7,,,1,100,,71428,7,,,1
101,'20261022',459,,71458,7,,,1,70,,71482,14,,,1,30,,71459,7,,,1,51,,71499,16,,,1,15,,71497,18,,,1,15,,71500,16,,,1,15,,71477,7,,,1,55,,71501,16,,,1,16,,71498,18,,,1,14,,71502,16,,,1,15,,71478,7,,,1,57,,71503,31,,,1,31,,71483,14,,,1,70,,71460,7,,,1,30,,71484,14,,,1,70,,71461,7,,,1,30,,71485,14,,,1,70,,71462,7,,,1,30,,71495,18,,,1,70,,71463,7,,,1,30,,71486,14,,,1,70,,71464,7,,,1,30,,71487,14,,,1,70,,71465,7,,,1,30,,71488,14,,,1,70,,71466,7,,,1,31,,71489,14,,,1,70,,71467,7,,,1,28,,71490,14,,,1,68,,71468,7,,,1,32,,71491,14,,,1,69,,71469,7,,,1,32,,71492,14,,,1,69,,71470,7,,,1,30,,71496,18,,,1,70,,71471,7,,,1,30,,71493,14,,,1,70,,71472,7,,,1,30,,71494,14,,,1,70,,71473,7,,,1,100,,71474,7,,,1
101,'20261023',459,,71504,7,,,1,70,,71528,14,,,1,30,,71505,7,,,1,51,,71547,16,,,1,15,,71545,18,,,1,15,,71548,16,,,1,15,,71523,7,,,1,55,,71549,16,,,1,16,,71546,18,,,1,14,,71550,16,,,1,15,,71524,7,,,1,57,,71551,31,,,1,31,,71529,14,,,1,70,,71506,7,,,1,30,,71530,14,,,1,70,,71507,7,,,1,30,,71531,14,,,1,70,,71508,7,,,1,30,,71543,18,,,1,70,,71509,7,,,1,30,,71532,14,,,1,70,,71510,7,,,1,30,,71533,14,,,1,70,,71511,7,,,1,30,,71534,14,,,1,70,,71512,7,,,1,31,,71535,14,,,1,70,,71513,7,,,1,28,,71536,14,,,1,68,,71514,7,,,1,32,,71537,14,,,1,69,,71515,7,,,1,32,,71538,14,,,1,69,,71516,7,,,1,30,,71544,18,,,1,70,,71517,7,,,1,30,,71539,14,,,1,70,,71518,7,,,1,30,,71540,14,,,1,70,,71519,7,,,1,30,,71541,14,,,1,70,,71520,7,,,1,30,,71542,14,,,1
101,'20261024',742,,71580,18,,,1,70,,71552,7,,,1,30,,71581,18,,,1,70,,71553,7,,,1,30,,71582,18,,,1,70,,71554,7,,,1,30,,71568,14,,,1,70,,71555,7,,,1,30,,71583,18,,,1,70,,71556,7,,,1,30,,71569,14,,,1,70,,71557,7,,,1,23,,71585,31,,,1,7,,71570,14,,,1,70,,71558,7,,,1,30,,71571,14,,,1,70,,71559,7,,,1,30,,71572,14,,,1,70,,71560,7,,,1,30,,71573,14,,,1,70,,71561,7,,,1,23,,71586,31,,,1,7,,71574,14,,,1,70,,71562,7,,,1,30,,71575,14,,,1,70,,71563,7,,,1,30,,71584,18,,,1,70,,71564,7,,,1,30,,71576,14,,,1,70,,71565,7,,,1,22,,71587,31,,,1,8,,71577,14,,,1,70,,71566,7,,,1,30,,71578,14,,,1,70,,71567,7,,,1,30,,71579,14,,,1,6,,71588,31,,,1
101,'20261025',742,,71616,18,,,1,70,,71589,7,,,1,30,,71617,18,,,1,70,,71590,7,,,1,30,,71618,18,,,1,70,,71591,7,,,1,30,,71605,14,,,1,70,,71592,7,,,1,30,,71619,18,,,1,70,,71593,7,,,1,30,,71606,14,,,1,70,,71594,7,,,1,23,,71621,31,,,1,7,,71607,14,,,1,70,,71595,7,,,1,30,,71608,14,,,1,70,,71596,7,,,1,30,,71609,14,,,1,70,,71597,7,,,1,30,,71610,14,,,1,70,,71598,7,,,1,23,,71622,31,,,1,7,,71611,14,,,1,70,,71599,7,,,1,30,,71612,14,,,1,70,,71600,7,,,1,30,,71620,18,,,1,70,,71601,7,,,1,30,,71613,14,,,1,70,,71602,7,,,1,22,,71623,31,,,1,8,,71614,14,,,1,70,,71603,7,,,1,30,,71615,14,,,1,70,,71604,7,,,1,36,,71624,31,,,1
101,'20261026',459,,71625,7,,,1,70,,71649,14,,,1,30,,71626,7,,,1,51,,71666,16,,,1,15,,71664,18,,,1,15,,71667,16,,,1,15,,71644,7,,,1,55,,71668,16,,,1,16,,71665,18,,,1,14,,71669,16,,,1,15,,71645,7,,,1,57,,71670,31,,,1,31,,71650,14,,,1,70,,71627,7,,,1,30,,71651,14,,,1,70,,71628,7,,,1,30,,71652,14,,,1,70,,71629,7,,,1,30,,71662,18,,,1,70,,71630,7,,,1,30,,71653,14,,,1,70,,71631,7,,,1,30,,71654,14,,,1,70,,71632,7,,,1,30,,71655,14,,,1,70,,71633,7,,,1,31,,71656,14,,,1,70,,71634,7,,,1,28,,71657,14,,,1,68,,71635,7,,,1,32,,71658,14,,,1,69,,71636,7,,,1,32,,71659,14,,,1,69,,71637,7,,,1,30,,71663,18,,,1,70,,71638,7,,,1,30,,71660,14,,,1,70,,71639,7,,,1,30,,71661,14,,,1,70,,71640,7,,,1,100,,71641,7,,,1
101,'20261027',459,,71671,7,,,1,70,,71695,14,,,1,30,,71672,7,,,1,51,,71712,16,,,1,15,,71710,18,,,1,15,,71713,16,,,1,15,,71690,7,,,1,55,,71714,16,,,1,16,,71711,18,,,1,14,,71715,16,,,1,15,,71691,7,,,1,57,,71716,31,,,1,31,,71696,14,,,1,70,,71673,7,,,1,30,,71697,14,,,1,70,,71674,7,,,1,30,,71698,14,,,1,70,,71675,7,,,1,30,,71708,18,,,1,70,,71676,7,,,1,30,,71699,14,,,1,70,,71677,7,,,1,30,,71700,14,,,1,70,,71678,7,,,1,30,,71701,14,,,1,70,,71679,7,,,1,31,,71702,14,,,1,70,,71680,7,,,1,28,,71703,14,,,1,68,,71681,7,,,1,32,,71704,14,,,1,69,,71682,7,,,1,32,,71705,14,,,1,69,,71683,7,,,1,30,,71709,18,,,1,70,,71684,7,,,1,30,,71706,14,,,1,70,,71685,7,,,1,30,,71707,14,,,1,70,,71686,7,,,1,100,,71687,7,,,1
101,'20261028',459,,71717,7,,,1,70,,71741,14,,,1,30,,71718,7,,,1,51,,71758,16,,,1,15,,71756,18,,,1,15,,71759,16,,,1,15,,71736,7,,,1,55,,71760,16,,,1,16,,71757,18,,,1,14,,71761,16,,,1,15,,71737,7,,,1,57,,71762,31,,,1,31,,71742,14,,,1,70,,71719,7,,,1,30,,71743,14,,,1,70,,71720,7,,,1,30,,71744,14,,,1,70,,71721,7,,,1,30,,71754,18,,,1,70,,71722,7,,,1,30,,71745,14,,,1,70,,71723,7,,,1,30,,71746,14,,,1,70,,71724,7,,,1,30,,71747,14,,,1,70,,71725,7,,,1,31,,71748,14,,,1,70,,71726,7,,,1,28,,71749,14,,,1,68,,71727,7,,,1,32,,71750,14,,,1,69,,71728,7,,,1,32,,71751,14,,,1,69,,71729,7,,,1,30,,71755,18,,,1,70,,71730,7,,,1,30,,71752,14,,,1,70,,71731,7,,,1,30,,71753,14,,,1,70,,71732,7,,,1,100,,71733,7,,,1
101,'20261029',459,,71763,7,,,1,70,,71787,14,,,1,30,,71764,7,,,1,51,,71804,16,,,1,15,,71802,18,,,1,15,,71805,16,,,1,15,,71782,7,,,1,55,,71806,16,,,1,16,,71803,18,,,1,14,,71807,16,,,1,15,,71783,7,,,1,57,,71808,31,,,1,31,,71788,14,,,1,70,,71765,7,,,1,30,,71789,14,,,1,70,,71766,7,,,1,30,,71790,14,,,1,70,,71767,7,,,1,30,,71800,18,,,1,70,,71768,7,,,1,30,,71791,14,,,1,70,,71769,7,,,1,30,,71792,14,,,1,70,,71770,7,,,1,30,,71793,14,,,1,70,,71771,7,,,1,31,,71794,14,,,1,70,,71772,7,,,1,28,,71795,14,,,1,68,,71773,7,,,1,32,,71796,14,,,1,69,,71774,7,,,1,32,,71797,14,,,1,69,,71775,7,,,1,30,,71801,18,,,1,70,,71776,7,,,1,30,,71798,14,,,1,70,,71777,7,,,1,30,,71799,14,,,1,70,,71778,7,,,1,100,,71779,7,,,1
101,'20261030',459,,71809,7,,,1,70,,71833,14,,,1,30,,71810,7,,,1,51,,71852,16,,,1,15,,71850,18,,,1,15,,71853,16,,,1,15,,71828,7,,,1,55,,71854,16,,,1,16,,71851,18,,,1,14,,71855,16,,,1,15,,71829,7,,,1,57,,71856,31,,,1,31,,71834,14,,,1,70,,71811,7,,,1,30,,71835,14,,,1,70,,71812,7,,,1,30,,71836,14,,,1,70,,71813,7,,,1,30,,71848,18,,,1,70,,71814,7,,,1,30,,71837,14,,,1,70,,71815,7,,,1,30,,71838,14,,,1,70,,71816,7,,,1,30,,71839,14,,,1,70,,71817,7,,,1,31,,71840,14,,,1,70,,71818,7,,,1,28,,71841,14,,,1,68,,71819,7,,,1,32,,71842,14,,,1,69,,71820,7,,,1,32,,71843,14,,,1,69,,71821,7,,,1,30,,71849,18,,,1,70,,71822,7,,,1,30,,71844,14,,,1,70,,71823,7,,,1,30,,71845,14,,,1,70,,71824,7,,,1,30,,71846,14,,,1,70,,71825,7,,,1,30,,71847,14,,,1
101,'20261031',742,,71885,18,,,1,70,,71857,7,,,1,30,,71886,18,,,1,70,,71858,7,,,1,30,,71887,18,,,1,70,,71859,7,,,1,30,,71873,14,,,1,70,,71860,7,,,1,30,,71888,18,,,1,70,,71861,7,,,1,30,,71874,14,,,1,70,,71862,7,,,1,23,,71890,31,,,1,7,,71875,14,,,1,70,,71863,7,,,1,30,,71876,14,,,1,70,,71864,7,,,1,30,,71877,14,,,1,70,,71865,7,,,1,30,,71878,14,,,1,70,,71866,7,,,1,23,,71891,31,,,1,7,,71879,14,,,1,70,,71867,7,,,1,30,,71880,14,,,1,70,,71868,7,,,1,30,,71889,18,,,1,70,,71869,7,,,1,30,,71881,14,,,1,70,,71870,7,,,1,22,,71892,31,,,1,8,,71882,14,,,1,70,,71871,7,,,1,30,,71883,14,,,1,70,,71872,7,,,1,30,,71884,14,,,1,6,,71893,31,,,1
101,'20261101',742,,71921,18,,,1,70,,71894,7,,,1,30,,71922,18,,,1,70,,71895,7,,,1,30,,71923,18,,,1,70,,71896,7,,,1,30,,71910,14,,,1,70,,71897,7,,,1,30,,71924,18,,,1,70,,71898,7,,,1,30,,71911,14,,,1,70,,71899,7,,,1,23,,71926,31,,,1,7,,71912,14,,,1,70,,71900,7,,,1,30,,71913,14,,,1,70,,71901,7,,,1,30,,71914,14,,,1,70,,71902,7,,,1,30,,71915,14,,,1,70,,71903,7,,,1,23,,71927,31,,,1,7,,71916,14,,,1,70,,71904,7,,,1,30,,71917,14,,,1,70,,71905,7,,,1,30,,71925,18,,,1,70,,71906,7,,,1,30,,71918,14,,,1,70,,71907,7,,,1,22,,71928,31,,,1,8,,71919,14,,,1,70,,71908,7,,,1,30,,71920,14,,,1,70,,71909,7,,,1,36,,71929,31,,,1
101,'20261102',459,,71930,7,,,1,70,,71954,14,,,1,30,,71931,7,,,1,51,,71971,16,,,1,15,,71969,18,,,1,15,,71972,16,,,1,15,,71949,7,,,1,55,,71973,16,,,1,16,,71970,18,,,1,14,,71974,16,,,1,15,,71950,7,,,1,57,,71975,31,,,1,31,,71955,14,,,1,70,,71932,7,,,1,30,,71956,14,,,1,70,,71933,7,,,1,30,,71957,14,,,1,70,,71934,7,,,1,30,,71967,18,,,1,70,,71935,7,,,1,30,,71958,14,,,1,70,,71936,7,,,1,30,,71959,14,,,1,70,,71937,7,,,1,30,,71960,14,,,1,70,,71938,7,,,1,31,,71961,14,,,1,70,,71939,7,,,1,28,,71962,14,,,1,68,,71940,7,,,1,32,,71963,14,,,1,69,,71941,7,,,1,32,,71964,14,,,1,69,,71942,7,,,1,30,,71968,18,,,1,70,,71943,7,,,1,30,,71965,14,,,1,70,,71944,7,,,1,30,,71966,14,,,1,70,,71945,7,,,1,100,,71946,7,,,1
101,'20261103',459,,71976,7,,,1,70,,72000,14,,,1,30,,71977,7,,,1,51,,72017,16,,,1,15,,72015,18,,,1,15,,72018,16,,,1,15,,71995,7,,,1,55,,72019,16,,,1,16,,72016,18,,,1,14,,72020,16,,,1,15,,71996,7,,,1,57,,72021,31,,,1,31,,72001,14,,,1,70,,71978,7,,,1,30,,72002,14,,,1,70,,71979,7,,,1,30,,72003,14,,,1,70,,71980,7,,,1,30,,72013,18,,,1,70,,71981,7,,,1,30,,72004,14,,,1,70,,71982,7,,,1,30,,72005,14,,,1,70,,71983,7,,,1,30,,72006,14,,,1,70,,71984,7,,,1,31,,72007,14,,,1,70,,71985,7,,,1,28,,72008,14,,,1,68,,71986,7,,,1,32,,72009,14,,,1,69,,71987,7,,,1,32,,72010,14,,,1,69,,71988,7,,,1,30,,72014,18,,,1,70,,71989,7,,,1,30,,72011,14,,,1,70,,71990,7,,,1,30,,72012,14,,,1,70,,71991,7,,,1,100,,71992,7,,,1
101,'20261104',459,,72022,7,,,1,70,,72046,14,,,1,30,,72023,7,,,1,51,,72063,16,,,1,15,,72061,18,,,1,15,,72064,16,,,1,15,,72041,7,,,1,55,,72065,16,,,1,16,,72062,18,,,1,14,,72066,16,,,1,15,,72042,7,,,1,57,,72067,31,,,1,31,,72047,14,,,1,70,,72024,7,,,1,30,,72048,14,,,1,70,,72025,7,,,1,30,,72049,14,,,1,70,,72026,7,,,1,30,,72059,18,,,1,70,,72027,7,,,1,30,,72050,14,,,1,70,,72028,7,,,1,30,,72051,14,,,1,70,,72029,7,,,1,30,,72052,14,,,1,70,,72030,7,,,1,31,,72053,14,,,1,70,,72031,7,,,1,28,,72054,14,,,1,68,,72032,7,,,1,32,,72055,14,,,1,69,,72033,7,,,1,32,,72056,14,,,1,69,,72034,7,,,1,30,,72060,18,,,1,70,,72035,7,,,1,30,,72057,14,,,1,70,,72036,7,,,1,30,,72058,14,,,1,70,,72037,7,,,1,100,,72038,7,,,1
101,'20261105',459,,72068,7,,,1,70,,72092,14,,,1,30,,72069,7,,,1,51,,72109,16,,,1,15,,72107,18,,,1,15,,72110,16,,,1,15,,72087,7,,,1,55,,72111,16,,,1,16,,72108,18,,,1,14,,72112,16,,,1,15,,72088,7,,,1,57,,72113,31,,,1,31,,72093,14,,,1,70,,72070,7,,,1,30,,72094,14,,,1,70,,72071,7,,,1,30,,72095,14,,,1,70,,72072,7,,,1,30,,72105,18,,,1,70,,72073,7,,,1,30,,72096,14,,,1,70,,72074,7,,,1,30,,72097,14,,,1,70,,72075,7,,,1,30,,72098,14,,,1,70,,72076,7,,,1,31,,72099,14,,,1,70,,72077,7,,,1,28,,72100,14,,,1,68,,72078,7,,,1,32,,72101,14,,,1,69,,72079,7,,,1,32,,72102,14,,,1,69,,72080,7,,,1,30,,72106,18,,,1,70,,72081,7,,,1,30,,72103,14,,,1,70,,72082,7,,,1,30,,72104,14,,,1,70,,72083,7,,,1,100,,72084,7,,,1
101,'20261106',459,,72114,7,,,1,70,,72138,14,,,1,30,,72115,7,,,1,51,,72157,16,,,1,15,,72155,18,,,1,15,,72158,16,,,1,15,,72133,7,,,1,55,,72159,16,,,1,16,,72156,18,,,1,14,,72160,16,,,1,15,,72134,7,,,1,57,,72161,31,,,1,31,,72139,14,,,1,70,,72116,7,,,1,30,,72140,14,,,1,70,,72117,7,,,1,30,,72141,14,,,1,70,,72118,7,,,1,30,,72153,18,,,1,70,,72119,7,,,1,30,,72142,14,,,1,70,,72120,7,,,1,30,,72143,14,,,1,70,,72121,7,,,1,30,,72144,14,,,1,70,,72122,7,,,1,31,,72145,14,,,1,70,,72123,7,,,1,28,,72146,14,,,1,68,,72124,7,,,1,32,,72147,14,,,1,69,,72125,7,,,1,32,,72148,14,,,1,69,,72126,7,,,1,30,,72154,18,,,1,70,,72127,7,,,1,30,,72149,14,,,1,70,,72128,7,,,1,30,,72150,14,,,1,70,,72129,7,,,1,30,,72151,14,,,1,70,,72130,7,,,1,30,,72152,14,,,1
101,'20261107',742,,72190,18,,,1,70,,72162,7,,,1,30,,72191,18,,,1,70,,72163,7,,,1,30,,72192,18,,,1,70,,72164,7,,,1,30,,72178,14,,,1,70,,72165,7,,,1,30,,72193,18,,,1,70,,72166,7,,,1,30,,72179,14,,,1,70,,72167,7,,,1,23,,72195,31,,,1,7,,72180,14,,,1,70,,72168,7,,,1,30,,72181,14,,,1,70,,72169,7,,,1,30,,72182,14,,,1,70,,72170,7,,,1,30,,72183,14,,,1,70,,72171,7,,,1,23,,72196,31,,,1,7,,72184,14,,,1,70,,72172,7,,,1,30,,72185,14,,,1,70,,72173,7,,,1,30,,72194,18,,,1,70,,72174,7,,,1,30,,72186,14,,,1,70,,72175,7,,,1,22,,72197,31,,,1,8,,72187,14,,,1,70,,72176,7,,,1,30,,72188,14,,,1,70,,72177,7,,,1,30,,72189,14,,,1,6,,72198,31,,,1
101,'20261108',742,,72226,18,,,1,70,,72199,7,,,1,30,,72227,18,,,1,70,,72200,7,,,1,30,,72228,18,,,1,70,,72201,7,,,1,30,,72215,14,,,1,70,,72202,7,,,1,30,,72229,18,,,1,70,,72203,7,,,1,30,,72216,14,,,1,70,,72204,7,,,1,23,,72231,31,,,1,7,,72217,14,,,1,70,,72205,7,,,1,30,,72218,14,,,1,70,,72206,7,,,1,30,,72219,14,,,1,70,,72207,7,,,1,30,,72220,14,,,1,70,,72208,7,,,1,23,,72232,31,,,1,7,,72221,14,,,1,70,,72209,7,,,1,30,,72222,14,,,1,70,,72210,7,,,1,30,,72230,18,,,1,70,,72211,7,,,1,30,,72223,14,,,1,70,,72212,7,,,1,22,,72233,31,,,1,8,,72224,14,,,1,70,,72213,7,,,1,30,,72225,14,,,1,70,,72214,7,,,1,36,,72234,31,,,1
101,'20261109',459,,72235,7,,,1,70,,72259,14,,,1,30,,72236,7,,,1,51,,72276,16,,,1,15,,72274,18,,,1,15,,72277,16,,,1,15,,72254,7,,,1,55,,72278,16,,,1,16,,72275,18,,,1,14,,72279,16,,,1,15,,72255,7,,,1,57,,72280,31,,,1,31,,72260,14,,,1,70,,72237,7,,,1,30,,72261,14,,,1,70,,72238,7,,,1,30,,72262,14,,,1,70,,72239,7,,,1,30,,72272,18,,,1,70,,72240,7,,,1,30,,72263,14,,,1,70,,72241,7,,,1,30,,72264,14,,,1,70,,72242,7,,,1,30,,72265,14,,,1,70,,72243,7,,,1,31,,72266,14,,,1,70,,72244,7,,,1,28,,72267,14,,,1,68,,72245,7,,,1,32,,72268,14,,,1,69,,72246,7,,,1,32,,72269,14,,,1,69,,72247,7,,,1,30,,72273,18,,,1,70,,72248,7,,,1,30,,72270,14,,,1,70,,72249,7,,,1,30,,72271,14,,,1,70,,72250,7,,,1,100,,72251,7,,,1
101,'20261110',459,,72281,7,,,1,70,,72305,14,,,1,30,,72282,7,,,1,51,,72322,16,,,1,15,,72320,18,,,1,15,,72323,16,,,1,15,,72300,7,,,1,55,,72324,16,,,1,16,,72321,18,,,1,14,,72325,16,,,1,15,,72301,7,,,1,57,,72326,31,,,1,31,,72306,14,,,1,70,,72283,7,,,1,30,,72307,14,,,1,70,,72284,7,,,1,30,,72308,14,,,1,70,,72285,7,,,1,30,,72318,18,,,1,70,,72286,7,,,1,30,,72309,14,,,1,70,,72287,7,,,1,30,,72310,14,,,1,70,,72288,7,,,1,30,,72311,14,,,1,70,,72289,7,,,1,31,,72312,14,,,1,70,,72290,7,,,1,28,,72313,14,,,1,68,,72291,7,,,1,32,,72314,14,,,1,69,,72292,7,,,1,32,,72315,14,,,1,69,,72293,7,,,1,30,,72319,18,,,1,70,,72294,7,,,1,30,,72316,14,,,1,70,,72295,7,,,1,30,,72317,14,,,1,70,,72296,7,,,1,100,,72297,7,,,1
101,'20261111',459,,72327,7,,,1,70,,72351,14,,,1,30,,72328,7,,,1,51,,72368,16,,,1,15,,72366,18,,,1,15,,72369,16,,,1,15,,72346,7,,,1,55,,72370,16,,,1,16,,72367,18,,,1,14,,72371,16,,,1,15,,72347,7,,,1,57,,72372,31,,,1,31,,72352,14,,,1,70,,72329,7,,,1,30,,72353,14,,,1,70,,72330,7,,,1,30,,72354,14,,,1,70,,72331,7,,,1,30,,72364,18,,,1,70,,72332,7,,,1,30,,72355,14,,,1,70,,72333,7,,,1,30,,72356,14,,,1,70,,72334,7,,,1,30,,72357,14,,,1,70,,72335,7,,,1,31,,72358,14,,,1,70,,72336,7,,,1,28,,72359,14,,,1,68,,72337,7,,,1,32,,72360,14,,,1,69,,72338,7,,,1,32,,72361,14,,,1,69,,72339,7,,,1,30,,72365,18,,,1,70,,72340,7,,,1,30,,72362,14,,,1,70,,72341,7,,,1,30,,72363,14,,,1,70,,72342,7,,,1,100,,72343,7,,,1
101,'20261112',459,,72373,7,,,1,70,,72397,14,,,1,30,,72374,7,,,1,51,,72414,16,,,1,15,,72412,18,,,1,15,,72415,16,,,1,15,,72392,7,,,1,55,,72416,16,,,1,16,,72413,18,,,1,14,,72417,16,,,1,15,,72393,7,,,1,57,,72418,31,,,1,31,,72398,14,,,1,70,,72375,7,,,1,30,,72399,14,,,1,70,,72376,7,,,1,30,,72400,14,,,1,70,,72377,7,,,1,30,,72410,18,,,1,70,,72378,7,,,1,30,,72401,14,,,1,70,,72379,7,,,1,30,,72402,14,,,1,70,,72380,7,,,1,30,,72403,14,,,1,70,,72381,7,,,1,31,,72404,14,,,1,70,,72382,7,,,1,28,,72405,14,,,1,68,,72383,7,,,1,32,,72406,14,,,1,69,,72384,7,,,1,32,,72407,14,,,1,69,,72385,7,,,1,30,,72411,18,,,1,70,,72386,7,,,1,30,,72408,14,,,1,70,,72387,7,,,1,30,,72409,14,,,1,70,,72388,7,,,1,100,,72389,7,,,1
101,'20261113',459,,72419,7,,,1,70,,72443,14,,,1,30,,72420,7,,,1,51,,72462,16,,,1,15,,72460,18,,,1,15,,72463,16,,,1,15,,72438,7,,,1,55,,72464,16,,,1,16,,72461,18,,,1,14,,72465,16,,,1,15,,72439,7,,,1,57,,72466,31,,,1,31,,72444,14,,,1,70,,72421,7,,,1,30,,72445,14,,,1,70,,72422,7,,,1,30,,72446,14,,,1,70,,72423,7,,,1,30,,72458,18,,,1,70,,72424,7,,,1,30,,72447,14,,,1,70,,72425,7,,,1,30,,72448,14,,,1,70,,72426,7,,,1,30,,72449,14,,,1,70,,72427,7,,,1,31,,72450,14,,,1,70,,72428,7,,,1,28,,72451,14,,,1,68,,72429,7,,,1,32,,72452,14,,,1,69,,72430,7,,,1,32,,72453,14,,,1,69,,72431,7,,,1,30,,72459,18,,,1,70,,72432,7,,,1,30,,72454,14,,,1,70,,72433,7,,,1,30,,72455,14,,,1,70,,72434,7,,,1,30,,72456,14,,,1,70,,72435,7,,,1,30,,72457,14,,,1
101,'20261114',742,,72495,18,,,1,70,,72467,7,,,1,30,,72496,18,,,1,70,,72468,7,,,1,30,,72497,18,,,1,70,,72469,7,,,1,30,,72483,14,,,1,70,,72470,7,,,1,30,,72498,18,,,1,70,,72471,7,,,1,30,,72484,14,,,1,70,,72472,7,,,1,23,,72500,31,,,1,7,,72485,14,,,1,70,,72473,7,,,1,30,,72486,14,,,1,70,,72474,7,,,1,30,,72487,14,,,1,70,,72475,7,,,1,30,,72488,14,,,1,70,,72476,7,,,1,23,,72501,31,,,1,7,,72489,14,,,1,70,,72477,7,,,1,30,,72490,14,,,1,70,,72478,7,,,1,30,,72499,18,,,1,70,,72479,7,,,1,30,,72491,14,,,1,70,,72480,7,,,1,22,,72502,31,,,1,8,,72492,14,,,1,70,,72481,7,,,1,30,,72493,14,,,1,70,,72482,7,,,1,30,,72494,14,,,1,6,,72503,31,,,1
101,'20261115',742,,72531,18,,,1,70,,72504,7,,,1,30,,72532,18,,,1,70,,72505,7,,,1,30,,72533,18,,,1,70,,72506,7,,,1,30,,72520,14,,,1,70,,72507,7,,,1,30,,72534,18,,,1,70,,72508,7,,,1,30,,72521,14,,,1,70,,72509,7,,,1,23,,72536,31,,,1,7,,72522,14,,,1,70,,72510,7,,,1,30,,72523,14,,,1,70,,72511,7,,,1,30,,72524,14,,,1,70,,72512,7,,,1,30,,72525,14,,,1,70,,72513,7,,,1,23,,72537,31,,,1,7,,72526,14,,,1,70,,72514,7,,,1,30,,72527,14,,,1,70,,72515,7,,,1,30,,72535,18,,,1,70,,72516,7,,,1,30,,72528,14,,,1,70,,72517,7,,,1,22,,72538,31,,,1,8,,72529,14,,,1,70,,72518,7,,,1,30,,72530,14,,,1,70,,72519,7,,,1,36,,72539,31,,,1
101,'20261116',459,,72540,7,,,1,70,,72564,14,,,1,30,,72541,7,,,1,51,,72581,16,,,1,15,,72579,18,,,1,15,,72582,16,,,1,15,,72559,7,,,1,55,,72583,16,,,1,16,,72580,18,,,1,14,,72584,16,,,1,15,,72560,7,,,1,57,,72585,31,,,1,31,,72565,14,,,1,70,,72542,7,,,1,30,,72566,14,,,1,70,,72543,7,,,1,30,,72567,14,,,1,70,,72544,7,,,1,30,,72577,18,,,1,70,,72545,7,,,1,30,,72568,14,,,1,70,,72546,7,,,1,30,,72569,14,,,1,70,,72547,7,,,1,30,,72570,14,,,1,70,,72548,7,,,1,31,,72571,14,,,1,70,,72549,7,,,1,28,,72572,14,,,1,68,,72550,7,,,1,32,,72573,14,,,1,69,,72551,7,,,1,32,,72574,14,,,1,69,,72552,7,,,1,30,,72578,18,,,1,70,,72553,7,,,1,30,,72575,14,,,1,70,,72554,7,,,1,30,,72576,14,,,1,70,,72555,7,,,1,100,,72556,7,,,1
101,'20261117',459,,72586,7,,,1,70,,72610,14,,,1,30,,72587,7,,,1,51,,72627,16,,,1,15,,72625,18,,,1,15,,72628,16,,,1,15,,72605,7,,,1,55,,72629,16,,,1,16,,72626,18,,,1,14,,72630,16,,,1,15,,72606,7,,,1,57,,72631,31,,,1,31,,72611,14,,,1,70,,72588,7,,,1,30,,72612,14,,,1,70,,72589,7,,,1,30,,72613,14,,,1,70,,72590,7,,,1,30,,72623,18,,,1,70,,72591,7,,,1,30,,72614,14,,,1,70,,72592,7,,,1,30,,72615,14,,,1,70,,72593,7,,,1,30,,72616,14,,,1,70,,72594,7,,,1,31,,72617,14,,,1,70,,72595,7,,,1,28,,72618,14,,,1,68,,72596,7,,,1,32,,72619,14,,,1,69,,72597,7,,,1,32,,72620,14,,,1,69,,72598,7,,,1,30,,72624,18,,,1,70,,72599,7,,,1,30,,72621,14,,,1,70,,72600,7,,,1,30,,72622,14,,,1,70,,72601,7,,,1,100,,72602,7,,,1
101,'20261118',459,,72632,7,,,1,70,,72656,14,,,1,30,,72633,7,,,1,51,,72673,16,,,1,15,,72671,18,,,1,15,,72674,16,,,1,15,,72651,7,,,1,55,,72675,16,,,1,16,,72672,18,,,1,14,,72676,16,,,1,15,,72652,7,,,1,57,,72677,31,,,1,31,,72657,14,,,1,70,,72634,7,,,1,30,,72658,14,,,1,70,,72635,7,,,1,30,,72659,14,,,1,70,,72636,7,,,1,30,,72669,18,,,1,70,,72637,7,,,1,30,,72660,14,,,1,70,,72638,7,,,1,30,,72661,14,,,1,70,,72639,7,,,1,30,,72662,14,,,1,70,,72640,7,,,1,31,,72663,14,,,1,70,,72641,7,,,1,28,,72664,14,,,1,68,,72642,7,,,1,32,,72665,14,,,1,69,,72643,7,,,1,32,,72666,14,,,1,69,,72644,7,,,1,30,,72670,18,,,1,70,,72645,7,,,1,30,,72667,14,,,1,70,,72646,7,,,1,30,,72668,14,,,1,70,,72647,7,,,1,100,,72648,7,,,1
101,'20261119',459,,72678,7,,,1,70,,72702,14,,,1,30,,72679,7,,,1,51,,72719,16,,,1,15,,72717,18,,,1,15,,72720,16,,,1,15,,72697,7,,,1,55,,72721,16,,,1,16,,72718,18,,,1,14,,72722,16,,,1,15,,72698,7,,,1,57,,72723,31,,,1,31,,72703,14,,,1,70,,72680,7,,,1,30,,72704,14,,,1,70,,72681,7,,,1,30,,72705,14,,,1,70,,72682,7,,,1,30,,72715,18,,,1,70,,72683,7,,,1,30,,72706,14,,,1,70,,72684,7,,,1,30,,72707,14,,,1,70,,72685,7,,,1,30,,72708,14,,,1,70,,72686,7,,,1,31,,72709,14,,,1,70,,72687,7,,,1,28,,72710,14,,,1,68,,72688,7,,,1,32,,72711,14,,,1,69,,72689,7,,,1,32,,72712,14,,,1,69,,72690,7,,,1,30,,72716,18,,,1,70,,72691,7,,,1,30,,72713,14,,,1,70,,72692,7,,,1,30,,72714,14,,,1,70,,72693,7,,,1,100,,72694,7,,,1
101,'20261120',459,,72724,7,,,1,70,,72748,14,,,1,30,,72725,7,,,1,51,,72767,16,,,1,15,,72765,18,,,1,15,,72768,16,,,1,15,,72743,7,,,1,55,,72769,16,,,1,16,,72766,18,,,1,14,,72770,16,,,1,15,,72744,7,,,1,57,,72771,31,,,1,31,,72749,14,,,1,70,,72726,7,,,1,30,,72750,14,,,1,70,,72727,7,,,1,30,,72751,14,,,1,70,,72728,7,,,1,30,,72763,18,,,1,70,,72729,7,,,1,30,,72752,14,,,1,70,,72730,7,,,1,30,,72753,14,,,1,70,,72731,7,,,1,30,,72754,14,,,1,70,,72732,7,,,1,31,,72755,14,,,1,70,,72733,7,,,1,28,,72756,14,,,1,68,,72734,7,,,1,32,,72757,14,,,1,69,,72735,7,,,1,32,,72758,14,,,1,69,,72736,7,,,1,30,,72764,18,,,1,70,,72737,7,,,1,30,,72759,14,,,1,70,,72738,7,,,1,30,,72760,14,,,1,70,,72739,7,,,1,30,,72761,14,,,1,70,,72740,7,,,1,30,,72762,14,,,1
101,'20261121',742,,72800,18,,,1,70,,72772,7,,,1,30,,72801,18,,,1,70,,72773,7,,,1,30,,72802,18,,,1,70,,72774,7,,,1,30,,72788,14,,,1,70,,72775,7,,,1,30,,72803,18,,,1,70,,72776,7,,,1,30,,72789,14,,,1,70,,72777,7,,,1,23,,72805,31,,,1,7,,72790,14,,,1,70,,72778,7,,,1,30,,72791,14,,,1,70,,72779,7,,,1,30,,72792,14,,,1,70,,72780,7,,,1,30,,72793,14,,,1,70,,72781,7,,,1,23,,72806,31,,,1,7,,72794,14,,,1,70,,72782,7,,,1,30,,72795,14,,,1,70,,72783,7,,,1,30,,72804,18,,,1,70,,72784,7,,,1,30,,72796,14,,,1,70,,72785,7,,,1,22,,72807,31,,,1,8,,72797,14,,,1,70,,72786,7,,,1,30,,72798,14,,,1,70,,72787,7,,,1,30,,72799,14,,,1,6,,72808,31,,,1
101,'20261122',742,,72836,18,,,1,70,,72809,7,,,1,30,,72837,18,,,1,70,,72810,7,,,1,30,,72838,18,,,1,70,,72811,7,,,1,30,,72825,14,,,1,70,,72812,7,,,1,30,,72839,18,,,1,70,,72813,7,,,1,30,,72826,14,,,1,70,,72814,7,,,1,23,,72841,31,,,1,7,,72827,14,,,1,70,,72815,7,,,1,30,,72828,14,,,1,70,,72816,7,,,1,30,,72829,14,,,1,70,,72817,7,,,1,30,,72830,14,,,1,70,,72818,7,,,1,23,,72842,31,,,1,7,,72831,14,,,1,70,,72819,7,,,1,30,,72832,14,,,1,70,,72820,7,,,1,30,,72840,18,,,1,70,,72821,7,,,1,30,,72833,14,,,1,70,,72822,7,,,1,22,,72843,31,,,1,8,,72834,14,,,1,70,,72823,7,,,1,30,,72835,14,,,1,70,,72824,7,,,1,36,,72844,31,,,1
101,'20261123',459,,72845,7,,,1,70,,72869,14,,,1,30,,72846,7,,,1,51,,72886,16,,,1,15,,72884,18,,,1,15,,72887,16,,,1,15,,72864,7,,,1,55,,72888,16,,,1,16,,72885,18,,,1,14,,72889,16,,,1,15,,72865,7,,,1,57,,72890,31,,,1,31,,72870,14,,,1,70,,72847,7,,,1,30,,72871,14,,,1,70,,72848,7,,,1,30,,72872,14,,,1,70,,72849,7,,,1,30,,72882,18,,,1,70,,72850,7,,,1,30,,72873,14,,,1,70,,72851,7,,,1,30,,72874,14,,,1,70,,72852,7,,,1,30,,72875,14,,,1,70,,72853,7,,,1,31,,72876,14,,,1,70,,72854,7,,,1,28,,72877,14,,,1,68,,72855,7,,,1,32,,72878,14,,,1,69,,72856,7,,,1,32,,72879,14,,,1,69,,72857,7,,,1,30,,72883,18,,,1,70,,72858,7,,,1,30,,72880,14,,,1,70,,72859,7,,,1,30,,72881,14,,,1,70,,72860,7,,,1,100,,72861,7,,,1
101,'20261124',459,,72891,7,,,1,70,,72915,14,,,1,30,,72892,7,,,1,51,,72932,16,,,1,15,,72930,18,,,1,15,,72933,16,,,1,15,,72910,7,,,1,55,,72934,16,,,1,16,,72931,18,,,1,14,,72935,16,,,1,15,,72911,7,,,1,57,,72936,31,,,1,31,,72916,14,,,1,70,,72893,7,,,1,30,,72917,14,,,1,70,,72894,7,,,1,30,,72918,14,,,1,70,,72895,7,,,1,30,,72928,18,,,1,70,,72896,7,,,1,30,,72919,14,,,1,70,,72897,7,,,1,30,,72920,14,,,1,70,,72898,7,,,1,30,,72921,14,,,1,70,,72899,7,,,1,31,,72922,14,,,1,70,,72900,7,,,1,28,,72923,14,,,1,68,,72901,7,,,1,32,,72924,14,,,1,69,,72902,7,,,1,32,,72925,14,,,1,69,,72903,7,,,1,30,,72929,18,,,1,70,,72904,7,,,1,30,,72926,14,,,1,70,,72905,7,,,1,30,,72927,14,,,1,70,,72906,7,,,1,100,,72907,7,,,1
101,'20261125',459,,72937,7,,,1,70,,72961,14,,,1,30,,72938,7,,,1,51,,72978,16,,,1,15,,72976,18,,,1,15,,72979,16,,,1,15,,72956,7,,,1,55,,72980,16,,,1,16,,72977,18,,,1,14,,72981,16,,,1,15,,72957,7,,,1,57,,72982,31,,,1,31,,72962,14,,,1,70,,72939,7,,,1,30,,72963,14,,,1,70,,72940,7,,,1,30,,72964,14,,,1,70,,72941,7,,,1,30,,72974,18,,,1,70,,72942,7,,,1,30,,72965,14,,,1,70,,72943,7,,,1,30,,72966,14,,,1,70,,72944,7,,,1,30,,72967,14,,,1,70,,72945,7,,,1,31,,72968,14,,,1,70,,72946,7,,,1,28,,72969,14,,,1,68,,72947,7,,,1,32,,72970,14,,,1,69,,72948,7,,,1,32,,72971,14,,,1,69,,72949,7,,,1,30,,72975,18,,,1,70,,72950,7,,,1,30,,72972,14,,,1,70,,72951,7,,,1,30,,72973,14,,,1,70,,72952,7,,,1,100,,72953,7,,,1
101,'20261126',459,,72983,7,,,1,70,,73007,14,,,1,30,,72984,7,,,1,51,,73024,16,,,1,15,,73022,18,,,1,15,,73025,16,,,1,15,,73002,7,,,1,55,,73026,16,,,1,16,,73023,18,,,1,14,,73027,16,,,1,15,,73003,7,,,1,57,,73028,31,,,1,31,,73008,14,,,1,70,,72985,7,,,1,30,,73009,14,,,1,70,,72986,7,,,1,30,,73010,14,,,1,70,,72987,7,,,1,30,,73020,18,,,1,70,,72988,7,,,1,30,,73011,14,,,1,70,,72989,7,,,1,30,,73012,14,,,1,70,,72990,7,,,1,30,,73013,14,,,1,70,,72991,7,,,1,31,,73014,14,,,1,70,,72992,7,,,1,28,,73015,14,,,1,68,,72993,7,,,1,32,,73016,14,,,1,69,,72994,7,,,1,32,,73017,14,,,1,69,,72995,7,,,1,30,,73021,18,,,1,70,,72996,7,,,1,30,,73018,14,,,1,70,,72997,7,,,1,30,,73019,14,,,1,70,,72998,7,,,1,100,,72999,7,,,1
101,'20261127',459,,73029,7,,,1,70,,73053,14,,,1,30,,73030,7,,,1,51,,73072,16,,,1,15,,73070,18,,,1,15,,73073,16,,,1,15,,73048,7,,,1,55,,73074,16,,,1,16,,73071,18,,,1,14,,73075,16,,,1,15,,73049,7,,,1,57,,73076,31,,,1,31,,73054,14,,,1,70,,73031,7,,,1,30,,73055,14,,,1,70,,73032,7,,,1,30,,73056,14,,,1,70,,73033,7,,,1,30,,73068,18,,,1,70,,73034,7,,,1,30,,73057,14,,,1,70,,73035,7,,,1,30,,73058,14,,,1,70,,73036,7,,,1,30,,73059,14,,,1,70,,73037,7,,,1,31,,73060,14,,,1,70,,73038,7,,,1,28,,73061,14,,,1,68,,73039,7,,,1,32,,73062,14,,,1,69,,73040,7,,,1,32,,73063,14,,,1,69,,73041,7,,,1,30,,73069,18,,,1,70,,73042,7,,,1,30,,73064,14,,,1,70,,73043,7,,,1,30,,73065,14,,,1,70,,73044,7,,,1,30,,73066,14,,,1,70,,73045,7,,,1,30,,73067,14,,,1
