900,'20260917',623,,85658,12,,,1,30,,85679,12,,,1,77,,85659,12,,,1,27,,85680,12,,,1,70,,85660,12,,,1,30,,85681,12,,,1,70,,85661,12,,,1,81,,85684,12,,,1,30,,85664,12,,,1,70,,85685,12,,,1,30,,85665,12,,,1,70,,85686,12,,,1,30,,85666,12,,,1,70,,85687,12,,,1,30,,85667,12,,,1,70,,85688,12,,,1,30,,85668,12,,,1,70,,85689,12,,,1,31,,85669,12,,,1,70,,85690,12,,,1,13,,85662,12,,,1,10,,85699,12,0,6,1,10,,85670,12,,,1,10,,85682,12,,,1,50,,85701,12,0,6,1,10,,85691,12,,,1,10,,85663,12,,,1,10,,85700,12,0,6,1,10,,85671,12,,,1,12,,85683,12,,,1,55,,85692,12,,,1,30,,85672,12,,,1,70,,85693,12,,,1,30,,85673,12,,,1,69,,85694,12,,,1,30,,85674,12,,,1,70,,85695,12,,,1,30,,85675,12,,,1,70,,85696,12,,,1,30,,85676,12,,,1,70,,85697,12,,,1,32,,85677,12,,,1,68,,85698,12,,,1,30,,85678,12,,,1
900,'20260918',623,,85702,12,,,1,30,,85723,12,,,1,77,,85703,12,,,1,27,,85724,12,,,1,70,,85704,12,,,1,30,,85725,12,,,1,70,,85705,12,,,1,81,,85728,12,,,1,30,,85708,12,,,1,70,,85729,12,,,1,30,,85709,12,,,1,70,,85730,12,,,1,30,,85710,12,,,1,70,,85731,12,,,1,30,,85711,12,,,1,70,,85732,12,,,1,30,,85712,12,,,1,70,,85733,12,,,1,31,,85713,12,,,1,70,,85734,12,,,1,13,,85706,12,,,1,10,,85744,12,0,6,1,10,,85714,12,,,1,10,,85726,12,,,1,50,,85746,12,0,6,1,10,,85735,12,,,1,10,,85707,12,,,1,10,,85745,12,0,6,1,10,,85715,12,,,1,12,,85727,12,,,1,55,,85736,12,,,1,30,,85716,12,,,1,70,,85737,12,,,1,30,,85717,12,,,1,69,,85738,12,,,1,30,,85718,12,,,1,70,,85739,12,,,1,30,,85719,12,,,1,70,,85740,12,,,1,30,,85720,12,,,1,70,,85741,12,,,1,32,,85721,12,,,1,68,,85742,12,,,1,30,,85722,12,,,1,70,,85743,12,,,1
900,'20260919',908,,85763,12,,,1,30,,85747,12,,,1,70,,85764,12,,,1,30,,85748,12,,,1,70,,85765,12,,,1,30,,85749,12,,,1,70,,85766,12,,,1,30,,85750,12,,,1,70,,85767,12,,,1,30,,85751,12,,,1,70,,85768,12,,,1,30,,85752,12,,,1,70,,85769,12,,,1,30,,85753,12,,,1,70,,85770,12,,,1,30,,85754,12,,,1,70,,85771,12,,,1,30,,85755,12,,,1,70,,85772,12,,,1,30,,85756,12,,,1,70,,85773,12,,,1,30,,85757,12,,,1,70,,85774,12,,,1,30,,85758,12,,,1,70,,85775,12,,,1,30,,85759,12,,,1,70,,85776,12,,,1,30,,85760,12,,,1,70,,85777,12,,,1,30,,85761,12,,,1,70,,85778,12,,,1,30,,85762,12,,,1,70,,85779,12,,,1
900,'20260920',908,,85796,12,,,1,30,,85780,12,,,1,70,,85797,12,,,1,30,,85781,12,,,1,70,,85798,12,,,1,30,,85782,12,,,1,70,,85799,12,,,1,30,,85783,12,,,1,70,,85800,12,,,1,30,,85784,12,,,1,70,,85801,12,,,1,30,,85785,12,,,1,70,,85802,12,,,1,30,,85786,12,,,1,70,,85803,12,,,1,30,,85787,12,,,1,70,,85804,12,,,1,30,,85788,12,,,1,70,,85805,12,,,1,30,,85789,12,,,1,70,,85806,12,,,1,30,,85790,12,,,1,70,,85807,12,,,1,30,,85791,12,,,1,70,,85808,12,,,1,30,,85792,12,,,1,70,,85809,12,,,1,30,,85793,12,,,1,70,,85810,12,,,1,30,,85794,12,,,1,70,,85811,12,,,1,30,,85795,12,,,1
900,'20260921',623,,85812,12,,,1,30,,85833,12,,,1,77,,85813,12,,,1,27,,85834,12,,,1,70,,85814,12,,,1,30,,85835,12,,,1,70,,85815,12,,,1,81,,85838,12,,,1,30,,85818,12,,,1,70,,85839,12,,,1,30,,85819,12,,,1,70,,85840,12,,,1,30,,85820,12,,,1,70,,85841,12,,,1,30,,85821,12,,,1,70,,85842,12,,,1,30,,85822,12,,,1,70,,85843,12,,,1,31,,85823,12,,,1,70,,85844,12,,,1,13,,85816,12,,,1,10,,85853,12,0,6,1,10,,85824,12,,,1,10,,85836,12,,,1,50,,85855,12,0,6,1,10,,85845,12,,,1,10,,85817,12,,,1,10,,85854,12,0,6,1,10,,85825,12,,,1,12,,85837,12,,,1,55,,85846,12,,,1,30,,85826,12,,,1,70,,85847,12,,,1,30,,85827,12,,,1,69,,85848,12,,,1,30,,85828,12,,,1,70,,85849,12,,,1,30,,85829,12,,,1,70,,85850,12,,,1,30,,85830,12,,,1,70,,85851,12,,,1,20,,92146,12,0,6,1,12,,85831,12,,,1,68,,85852,12,,,1,30,,85832,12,,,1
900,'20260922',623,,85856,12,,,1,30,,85877,12,,,1,77,,85857,12,,,1,27,,85878,12,,,1,70,,85858,12,,,1,30,,85879,12,,,1,70,,85859,12,,,1,81,,85882,12,,,1,30,,85862,12,,,1,70,,85883,12,,,1,30,,85863,12,,,1,70,,85884,12,,,1,30,,85864,12,,,1,70,,85885,12,,,1,30,,85865,12,,,1,70,,85886,12,,,1,30,,85866,12,,,1,70,,85887,12,,,1,31,,85867,12,,,1,70,,85888,12,,,1,13,,85860,12,,,1,10,,85897,12,0,6,1,10,,85868,12,,,1,10,,85880,12,,,1,50,,85899,12,0,6,1,10,,85889,12,,,1,10,,85861,12,,,1,10,,85898,12,0,6,1,10,,85869,12,,,1,12,,85881,12,,,1,55,,85890,12,,,1,30,,85870,12,,,1,70,,85891,12,,,1,30,,85871,12,,,1,69,,85892,12,,,1,30,,85872,12,,,1,70,,85893,12,,,1,30,,85873,12,,,1,70,,85894,12,,,1,30,,85874,12,,,1,70,,85895,12,,,1,32,,85875,12,,,1,68,,85896,12,,,1,30,,85876,12,,,1
900,'20260923',623,,85900,12,,,1,30,,85921,12,,,1,77,,85901,12,,,1,27,,85922,12,,,1,70,,85902,12,,,1,30,,85923,12,,,1,70,,85903,12,,,1,81,,85926,12,,,1,30,,85906,12,,,1,70,,85927,12,,,1,30,,85907,12,,,1,70,,85928,12,,,1,30,,85908,12,,,1,70,,85929,12,,,1,30,,85909,12,,,1,70,,85930,12,,,1,30,,85910,12,,,1,70,,85931,12,,,1,31,,85911,12,,,1,70,,85932,12,,,1,13,,85904,12,,,1,10,,85941,12,0,6,1,10,,85912,12,,,1,10,,85924,12,,,1,50,,85943,12,0,6,1,10,,85933,12,,,1,10,,85905,12,,,1,10,,85942,12,0,6,1,10,,85913,12,,,1,12,,85925,12,,,1,55,,85934,12,,,1,30,,85914,12,,,1,70,,85935,12,,,1,30,,85915,12,,,1,69,,85936,12,,,1,30,,85916,12,,,1,70,,85937,12,,,1,30,,85917,12,,,1,70,,85938,12,,,1,30,,85918,12,,,1,70,,85939,12,,,1,32,,85919,12,,,1,68,,85940,12,,,1,30,,85920,12,,,1
900,'20260924',623,,85944,12,,,1,30,,85965,12,,,1,77,,85945,12,,,1,27,,85966,12,,,1,70,,85946,12,,,1,30,,85967,12,,,1,70,,85947,12,,,1,81,,85970,12,,,1,30,,85950,12,,,1,70,,85971,12,,,1,30,,85951,12,,,1,70,,85972,12,,,1,30,,85952,12,,,1,70,,85973,12,,,1,30,,85953,12,,,1,70,,85974,12,,,1,30,,85954,12,,,1,70,,85975,12,,,1,31,,85955,12,,,1,70,,85976,12,,,1,13,,85948,12,,,1,10,,85985,12,0,6,1,10,,85956,12,,,1,10,,85968,12,,,1,50,,85987,12,0,6,1,10,,85977,12,,,1,10,,85949,12,,,1,10,,85986,12,0,6,1,10,,85957,12,,,1,12,,85969,12,,,1,55,,85978,12,,,1,30,,85958,12,,,1,70,,85979,12,,,1,30,,85959,12,,,1,69,,85980,12,,,1,30,,85960,12,,,1,70,,85981,12,,,1,30,,85961,12,,,1,70,,85982,12,,,1,30,,85962,12,,,1,70,,85983,12,,,1,32,,85963,12,,,1,68,,85984,12,,,1,30,,85964,12,,,1
900,'20260925',623,,85988,12,,,1,30,,86009,12,,,1,77,,85989,12,,,1,27,,86010,12,,,1,70,,85990,12,,,1,30,,86011,12,,,1,70,,85991,12,,,1,81,,86014,12,,,1,30,,85994,12,,,1,70,,86015,12,,,1,30,,85995,12,,,1,70,,86016,12,,,1,30,,85996,12,,,1,70,,86017,12,,,1,30,,85997,12,,,1,70,,86018,12,,,1,30,,85998,12,,,1,70,,86019,12,,,1,31,,85999,12,,,1,70,,86020,12,,,1,13,,85992,12,,,1,10,,86030,12,0,6,1,10,,86000,12,,,1,10,,86012,12,,,1,50,,86032,12,0,6,1,10,,86021,12,,,1,10,,85993,12,,,1,10,,86031,12,0,6,1,10,,86001,12,,,1,12,,86013,12,,,1,55,,86022,12,,,1,30,,86002,12,,,1,70,,86023,12,,,1,30,,86003,12,,,1,69,,86024,12,,,1,30,,86004,12,,,1,70,,86025,12,,,1,30,,86005,12,,,1,70,,86026,12,,,1,30,,86006,12,,,1,70,,86027,12,,,1,32,,86007,12,,,1
900,'20260928',623,,86098,12,,,1,30,,86119,12,,,1,77,,86099,12,,,1,27,,86120,12,,,1,70,,86100,12,,,1,30,,86121,12,,,1,70,,86101,12,,,1,81,,86124,12,,,1,30,,86104,12,,,1,70,,86125,12,,,1,30,,86105,12,,,1,70,,86126,12,,,1,30,,86106,12,,,1,70,,86127,12,,,1,30,,86107,12,,,1,70,,86128,12,,,1,30,,86108,12,,,1,70,,86129,12,,,1,31,,86109,12,,,1,70,,86130,12,,,1,13,,86102,12,,,1,10,,86139,12,0,6,1,10,,86110,12,,,1,10,,86122,12,,,1,50,,86141,12,0,6,1,10,,86131,12,,,1,10,,86103,12,,,1,10,,86140,12,0,6,1,10,,86111,12,,,1,12,,86123,12,,,1,55,,86132,12,,,1,30,,86112,12,,,1,70,,86133,12,,,1,30,,86113,12,,,1,69,,86134,12,,,1,30,,86114,12,,,1,70,,86135,12,,,1,30,,86115,12,,,1,70,,86136,12,,,1,30,,86116,12,,,1,70,,86137,12,,,1,32,,86117,12,,,1,68,,86138,12,,,1,30,,86118,12,,,1
900,'20260929',623,,86142,12,,,1,30,,86163,12,,,1,77,,86143,12,,,1,27,,86164,12,,,1,70,,86144,12,,,1,30,,86165,12,,,1,70,,86145,12,,,1,81,,86168,12,,,1,30,,86148,12,,,1,70,,86169,12,,,1,30,,86149,12,,,1,70,,86170,12,,,1,30,,86150,12,,,1,70,,86171,12,,,1,30,,86151,12,,,1,70,,86172,12,,,1,30,,86152,12,,,1,70,,86173,12,,,1,31,,86153,12,,,1,70,,86174,12,,,1,13,,86146,12,,,1,10,,86183,12,0,6,1,10,,86154,12,,,1,10,,86166,12,,,1,50,,86185,12,0,6,1,10,,86175,12,,,1,10,,86147,12,,,1,10,,86184,12,0,6,1,10,,86155,12,,,1,12,,86167,12,,,1,55,,86176,12,,,1,30,,86156,12,,,1,70,,86177,12,,,1,30,,86157,12,,,1,69,,86178,12,,,1,30,,86158,12,,,1,70,,86179,12,,,1,30,,86159,12,,,1,70,,86180,12,,,1,30,,86160,12,,,1,70,,86181,12,,,1,32,,86161,12,,,1,68,,86182,12,,,1,30,,86162,12,,,1
900,'20260930',623,,86186,12,,,1,30,,86207,12,,,1,77,,86187,12,,,1,27,,86208,12,,,1,70,,86188,12,,,1,30,,86209,12,,,1,70,,86189,12,,,1,81,,86212,12,,,1,30,,86192,12,,,1,70,,86213,12,,,1,30,,86193,12,,,1,70,,86214,12,,,1,30,,86194,12,,,1,70,,86215,12,,,1,30,,86195,12,,,1,70,,86216,12,,,1,30,,86196,12,,,1,70,,86217,12,,,1,31,,86197,12,,,1,70,,86218,12,,,1,13,,86190,12,,,1,10,,86227,12,0,6,1,10,,86198,12,,,1,10,,86210,12,,,1,50,,86229,12,0,6,1,10,,86219,12,,,1,10,,86191,12,,,1,10,,86228,12,0,6,1,10,,86199,12,,,1,12,,86211,12,,,1,55,,86220,12,,,1,30,,86200,12,,,1,70,,86221,12,,,1,30,,86201,12,,,1,69,,86222,12,,,1,30,,86202,12,,,1,70,,86223,12,,,1,30,,86203,12,,,1,70,,86224,12,,,1,30,,86204,12,,,1,70,,86225,12,,,1,32,,86205,12,,,1,68,,86226,12,,,1,30,,86206,12,,,1
900,'20261001',623,,86230,12,,,1,30,,86251,12,,,1,77,,86231,12,,,1,27,,86252,12,,,1,70,,86232,12,,,1,30,,86253,12,,,1,70,,86233,12,,,1,81,,86256,12,,,1,30,,86236,12,,,1,70,,86257,12,,,1,30,,86237,12,,,1,70,,86258,12,,,1,30,,86238,12,,,1,70,,86259,12,,,1,30,,86239,12,,,1,70,,86260,12,,,1,30,,86240,12,,,1,70,,86261,12,,,1,31,,86241,12,,,1,70,,86262,12,,,1,13,,86234,12,,,1,10,,86271,12,0,6,1,10,,86242,12,,,1,10,,86254,12,,,1,50,,86273,12,0,6,1,10,,86263,12,,,1,10,,86235,12,,,1,10,,86272,12,0,6,1,10,,86243,12,,,1,12,,86255,12,,,1,55,,86264,12,,,1,30,,86244,12,,,1,70,,86265,12,,,1,30,,86245,12,,,1,69,,86266,12,,,1,30,,86246,12,,,1,70,,86267,12,,,1,30,,86247,12,,,1,70,,86268,12,,,1,30,,86248,12,,,1,70,,86269,12,,,1,32,,86249,12,,,1,68,,86270,12,,,1,30,,86250,12,,,1
900,'20261002',623,,86274,12,,,1,30,,86295,12,,,1,77,,86275,12,,,1,27,,86296,12,,,1,70,,86276,12,,,1,30,,86297,12,,,1,70,,86277,12,,,1,81,,86300,12,,,1,30,,86280,12,,,1,70,,86301,12,,,1,30,,86281,12,,,1,70,,86302,12,,,1,30,,86282,12,,,1,70,,86303,12,,,1,30,,86283,12,,,1,70,,86304,12,,,1,30,,86284,12,,,1,70,,86305,12,,,1,31,,86285,12,,,1,70,,86306,12,,,1,13,,86278,12,,,1,10,,86316,12,0,6,1,10,,86286,12,,,1,10,,86298,12,,,1,50,,86318,12,0,6,1,10,,86307,12,,,1,10,,86279,12,,,1,10,,86317,12,0,6,1,10,,86287,12,,,1,12,,86299,12,,,1,55,,86308,12,,,1,30,,86288,12,,,1,70,,86309,12,,,1,30,,86289,12,,,1,69,,86310,12,,,1,30,,86290,12,,,1,70,,86311,12,,,1,30,,86291,12,,,1,70,,86312,12,,,1,30,,86292,12,,,1,70,,86313,12,,,1,32,,86293,12,,,1,68,,86314,12,,,1,30,,86294,12,,,1,70,,86315,12,,,1
900,'20261003',908,,86335,12,,,1,30,,86319,12,,,1,70,,86336,12,,,1,30,,86320,12,,,1,70,,86337,12,,,1,30,,86321,12,,,1,70,,86338,12,,,1,30,,86322,12,,,1,70,,86339,12,,,1,30,,86323,12,,,1,70,,86340,12,,,1,30,,86324,12,,,1,70,,86341,12,,,1,30,,86325,12,,,1,70,,86342,12,,,1,30,,86326,12,,,1,70,,86343,12,,,1,30,,86327,12,,,1,70,,86344,12,,,1,30,,86328,12,,,1,70,,86345,12,,,1,30,,86329,12,,,1,70,,86346,12,,,1,30,,86330,12,,,1,70,,86347,12,,,1,30,,86331,12,,,1,70,,86348,12,,,1,30,,86332,12,,,1,70,,86349,12,,,1,30,,86333,12,,,1,70,,86350,12,,,1,30,,86334,12,,,1,70,,86351,12,,,1
900,'20261004',908,,92147,12,,,1,30,,86352,12,,,1,70,,92148,12,,,1,30,,86353,12,,,1,70,,92149,12,,,1,30,,86354,12,,,1,70,,92150,12,,,1,30,,86355,12,,,1,70,,92151,12,,,1,30,,86356,12,,,1,70,,92152,12,,,1,30,,86357,12,,,1,70,,92153,12,,,1,30,,86358,12,,,1,70,,92154,12,,,1,30,,86359,12,,,1,70,,92155,12,,,1,30,,86360,12,,,1,70,,92156,12,,,1,30,,86361,12,,,1,70,,92157,12,,,1,30,,86362,12,,,1,70,,92158,12,,,1,30,,86363,12,,,1,70,,92159,12,,,1,30,,86364,12,,,1,70,,92160,12,,,1,30,,86365,12,,,1,70,,92161,12,,,1,30,,86366,12,,,1,70,,92162,12,,,1,30,,86367,12,,,1
900,'20261005',623,,86384,12,,,1,30,,86405,12,,,1,77,,86385,12,,,1,27,,86406,12,,,1,70,,86386,12,,,1,30,,86407,12,,,1,70,,86387,12,,,1,81,,86410,12,,,1,30,,86390,12,,,1,70,,86411,12,,,1,30,,86391,12,,,1,70,,86412,12,,,1,30,,86392,12,,,1,70,,86413,12,,,1,30,,86393,12,,,1,70,,86414,12,,,1,30,,86394,12,,,1,70,,86415,12,,,1,31,,86395,12,,,1,70,,86416,12,,,1,13,,86388,12,,,1,10,,86425,12,0,6,1,10,,86396,12,,,1,10,,86408,12,,,1,50,,86427,12,0,6,1,10,,86417,12,,,1,10,,86389,12,,,1,10,,86426,12,0,6,1,10,,86397,12,,,1,12,,86409,12,,,1,55,,86418,12,,,1,30,,86398,12,,,1,70,,86419,12,,,1,30,,86399,12,,,1,69,,86420,12,,,1,30,,86400,12,,,1,70,,86421,12,,,1,30,,86401,12,,,1,70,,86422,12,,,1,30,,86402,12,,,1,70,,86423,12,,,1,32,,86403,12,,,1,68,,86424,12,,,1,30,,86404,12,,,1
900,'20261006',623,,86428,12,,,1,30,,86449,12,,,1,77,,86429,12,,,1,27,,86450,12,,,1,70,,86430,12,,,1,30,,86451,12,,,1,70,,86431,12,,,1,81,,86454,12,,,1,30,,86434,12,,,1,70,,86455,12,,,1,30,,86435,12,,,1,70,,86456,12,,,1,30,,86436,12,,,1,70,,86457,12,,,1,30,,86437,12,,,1,70,,86458,12,,,1,30,,86438,12,,,1,70,,86459,12,,,1,31,,86439,12,,,1,70,,86460,12,,,1,13,,86432,12,,,1,10,,86469,12,0,6,1,10,,86440,12,,,1,10,,86452,12,,,1,50,,86471,12,0,6,1,10,,86461,12,,,1,10,,86433,12,,,1,10,,86470,12,0,6,1,10,,86441,12,,,1,12,,86453,12,,,1,55,,86462,12,,,1,30,,86442,12,,,1,70,,86463,12,,,1,30,,86443,12,,,1,69,,86464,12,,,1,30,,86444,12,,,1,70,,86465,12,,,1,30,,86445,12,,,1,70,,86466,12,,,1,30,,86446,12,,,1,70,,86467,12,,,1,32,,86447,12,,,1,68,,86468,12,,,1,30,,86448,12,,,1
900,'20261007',623,,86472,12,,,1,30,,86493,12,,,1,77,,86473,12,,,1,27,,86494,12,,,1,70,,86474,12,,,1,30,,86495,12,,,1,70,,86475,12,,,1,81,,86498,12,,,1,30,,86478,12,,,1,70,,86499,12,,,1,30,,86479,12,,,1,70,,86500,12,,,1,30,,86480,12,,,1,70,,86501,12,,,1,30,,86481,12,,,1,70,,86502,12,,,1,30,,86482,12,,,1,70,,86503,12,,,1,31,,86483,12,,,1,70,,86504,12,,,1,13,,86476,12,,,1,10,,86513,12,0,6,1,10,,86484,12,,,1,10,,86496,12,,,1,50,,86515,12,0,6,1,10,,86505,12,,,1,10,,86477,12,,,1,10,,86514,12,0,6,1,10,,86485,12,,,1,12,,86497,12,,,1,55,,86506,12,,,1,30,,86486,12,,,1,70,,86507,12,,,1,30,,86487,12,,,1,69,,86508,12,,,1,30,,86488,12,,,1,70,,86509,12,,,1,30,,86489,12,,,1,70,,86510,12,,,1,30,,86490,12,,,1,70,,86511,12,,,1,32,,86491,12,,,1,68,,86512,12,,,1,30,,86492,12,,,1
900,'20261008',623,,86516,12,,,1,30,,86537,12,,,1,77,,86517,12,,,1,27,,86538,12,,,1,70,,86518,12,,,1,30,,86539,12,,,1,70,,86519,12,,,1,81,,86542,12,,,1,30,,86522,12,,,1,70,,86543,12,,,1,30,,86523,12,,,1,70,,86544,12,,,1,30,,86524,12,,,1,70,,86545,12,,,1,30,,86525,12,,,1,70,,86546,12,,,1,30,,86526,12,,,1,70,,86547,12,,,1,31,,86527,12,,,1,70,,86548,12,,,1,13,,86520,12,,,1,10,,86557,12,0,6,1,10,,86528,12,,,1,10,,86540,12,,,1,50,,86559,12,0,6,1,10,,86549,12,,,1,10,,86521,12,,,1,10,,86558,12,0,6,1,10,,86529,12,,,1,12,,86541,12,,,1,55,,86550,12,,,1,30,,86530,12,,,1,70,,86551,12,,,1,30,,86531,12,,,1,69,,86552,12,,,1,30,,86532,12,,,1,70,,86553,12,,,1,30,,86533,12,,,1,70,,86554,12,,,1,30,,86534,12,,,1,70,,86555,12,,,1,32,,86535,12,,,1,68,,86556,12,,,1,30,,86536,12,,,1
900,'20261009',623,,86560,12,,,1,30,,86581,12,,,1,77,,86561,12,,,1,27,,86582,12,,,1,70,,86562,12,,,1,30,,86583,12,,,1,70,,86563,12,,,1,81,,86586,12,,,1,30,,86566,12,,,1,70,,86587,12,,,1,30,,86567,12,,,1,70,,86588,12,,,1,30,,86568,12,,,1,70,,86589,12,,,1,30,,86569,12,,,1,70,,86590,12,,,1,30,,86570,12,,,1,70,,86591,12,,,1,31,,86571,12,,,1,70,,86592,12,,,1,13,,86564,12,,,1,10,,86602,12,0,6,1,10,,86572,12,,,1,10,,86584,12,,,1,50,,86604,12,0,6,1,10,,86593,12,,,1,10,,86565,12,,,1,10,,86603,12,0,6,1,10,,86573,12,,,1,12,,86585,12,,,1,55,,86594,12,,,1,30,,86574,12,,,1,70,,86595,12,,,1,30,,86575,12,,,1,69,,86596,12,,,1,30,,86576,12,,,1,70,,86597,12,,,1,30,,86577,12,,,1,70,,86598,12,,,1,30,,86578,12,,,1,70,,86599,12,,,1,32,,86579,12,,,1,68,,86600,12,,,1,30,,86580,12,,,1,70,,86601,12,,,1
900,'20261010',908,,86621,12,,,1,30,,86605,12,,,1,70,,86622,12,,,1,30,,86606,12,,,1,70,,86623,12,,,1,30,,86607,12,,,1,70,,86624,12,,,1,30,,86608,12,,,1,70,,86625,12,,,1,30,,86609,12,,,1,70,,86626,12,,,1,30,,86610,12,,,1,70,,86627,12,,,1,30,,86611,12,,,1,70,,86628,12,,,1,30,,86612,12,,,1,70,,86629,12,,,1,30,,86613,12,,,1,70,,86630,12,,,1,30,,86614,12,,,1,70,,86631,12,,,1,30,,86615,12,,,1,70,,86632,12,,,1,30,,86616,12,,,1,70,,86633,12,,,1,30,,86617,12,,,1,70,,86634,12,,,1,30,,86618,12,,,1,70,,86635,12,,,1,30,,86619,12,,,1,70,,86636,12,,,1,30,,86620,12,,,1,70,,86637,12,,,1
900,'20261011',908,,92163,12,,,1,30,,86638,12,,,1,70,,92164,12,,,1,30,,86639,12,,,1,70,,92165,12,,,1,30,,86640,12,,,1,70,,92166,12,,,1,30,,86641,12,,,1,70,,92167,12,,,1,30,,86642,12,,,1,70,,92168,12,,,1,30,,86643,12,,,1,70,,92169,12,,,1,30,,86644,12,,,1,70,,92170,12,,,1,30,,86645,12,,,1,70,,92171,12,,,1,30,,86646,12,,,1,70,,92172,12,,,1,30,,86647,12,,,1,70,,92173,12,,,1,30,,86648,12,,,1,70,,92174,12,,,1,30,,86649,12,,,1,70,,92175,12,,,1,30,,86650,12,,,1,70,,92176,12,,,1,30,,86651,12,,,1,70,,92177,12,,,1,30,,86652,12,,,1,70,,92178,12,,,1,30,,86653,12,,,1
900,'20261012',623,,86670,12,,,1,30,,86691,12,,,1,77,,86671,12,,,1,27,,86692,12,,,1,70,,86672,12,,,1,30,,86693,12,,,1,70,,86673,12,,,1,81,,86696,12,,,1,30,,86676,12,,,1,70,,86697,12,,,1,30,,86677,12,,,1,70,,86698,12,,,1,30,,86678,12,,,1,70,,86699,12,,,1,30,,86679,12,,,1,70,,86700,12,,,1,30,,86680,12,,,1,70,,86701,12,,,1,31,,86681,12,,,1,70,,86702,12,,,1,13,,86674,12,,,1,10,,86711,12,0,6,1,10,,86682,12,,,1,10,,86694,12,,,1,50,,86713,12,0,6,1,10,,86703,12,,,1,10,,86675,12,,,1,10,,86712,12,0,6,1,10,,86683,12,,,1,12,,86695,12,,,1,55,,86704,12,,,1,30,,86684,12,,,1,70,,86705,12,,,1,30,,86685,12,,,1,69,,86706,12,,,1,30,,86686,12,,,1,70,,86707,12,,,1,30,,86687,12,,,1,70,,86708,12,,,1,30,,86688,12,,,1,70,,86709,12,,,1,32,,86689,12,,,1,68,,86710,12,,,1,30,,86690,12,,,1
900,'20261013',623,,86714,12,,,1,30,,86735,12,,,1,77,,86715,12,,,1,27,,86736,12,,,1,70,,86716,12,,,1,30,,86737,12,,,1,70,,86717,12,,,1,81,,86740,12,,,1,30,,86720,12,,,1,70,,86741,12,,,1,30,,86721,12,,,1,70,,86742,12,,,1,30,,86722,12,,,1,70,,86743,12,,,1,30,,86723,12,,,1,70,,86744,12,,,1,30,,86724,12,,,1,70,,86745,12,,,1,31,,86725,12,,,1,70,,86746,12,,,1,13,,86718,12,,,1,10,,86755,12,0,6,1,10,,86726,12,,,1,10,,86738,12,,,1,50,,86757,12,0,6,1,10,,86747,12,,,1,10,,86719,12,,,1,10,,86756,12,0,6,1,10,,86727,12,,,1,12,,86739,12,,,1,55,,86748,12,,,1,30,,86728,12,,,1,70,,86749,12,,,1,30,,86729,12,,,1,69,,86750,12,,,1,30,,86730,12,,,1,70,,86751,12,,,1,30,,86731,12,,,1,70,,86752,12,,,1,30,,86732,12,,,1,70,,86753,12,,,1,32,,86733,12,,,1,68,,86754,12,,,1,30,,86734,12,,,1
900,'20261014',623,,86758,12,,,1,30,,86779,12,,,1,77,,86759,12,,,1,27,,86780,12,,,1,70,,86760,12,,,1,30,,86781,12,,,1,70,,86761,12,,,1,81,,86784,12,,,1,30,,86764,12,,,1,70,,86785,12,,,1,30,,86765,12,,,1,70,,86786,12,,,1,30,,86766,12,,,1,70,,86787,12,,,1,30,,86767,12,,,1,70,,86788,12,,,1,30,,86768,12,,,1,70,,86789,12,,,1,31,,86769,12,,,1,70,,86790,12,,,1,13,,86762,12,,,1,10,,86799,12,0,6,1,10,,86770,12,,,1,10,,86782,12,,,1,50,,86801,12,0,6,1,10,,86791,12,,,1,10,,86763,12,,,1,10,,86800,12,0,6,1,10,,86771,12,,,1,12,,86783,12,,,1,55,,86792,12,,,1,30,,86772,12,,,1,70,,86793,12,,,1,30,,86773,12,,,1,69,,86794,12,,,1,30,,86774,12,,,1,70,,86795,12,,,1,30,,86775,12,,,1,70,,86796,12,,,1,30,,86776,12,,,1,70,,86797,12,,,1,32,,86777,12,,,1,68,,86798,12,,,1,30,,86778,12,,,1
900,'20261015',623,,86802,12,,,1,30,,86823,12,,,1,77,,86803,12,,,1,27,,86824,12,,,1,70,,86804,12,,,1,30,,86825,12,,,1,70,,86805,12,,,1,81,,86828,12,,,1,30,,86808,12,,,1,70,,86829,12,,,1,30,,86809,12,,,1,70,,86830,12,,,1,30,,86810,12,,,1,70,,86831,12,,,1,30,,86811,12,,,1,70,,86832,12,,,1,30,,86812,12,,,1,70,,86833,12,,,1,31,,86813,12,,,1,70,,86834,12,,,1,13,,86806,12,,,1,10,,86843,12,0,6,1,10,,86814,12,,,1,10,,86826,12,,,1,50,,86845,12,0,6,1,10,,86835,12,,,1,10,,86807,12,,,1,10,,86844,12,0,6,1,10,,86815,12,,,1,12,,86827,12,,,1,55,,86836,12,,,1,30,,86816,12,,,1,70,,86837,12,,,1,30,,86817,12,,,1,69,,86838,12,,,1,30,,86818,12,,,1,70,,86839,12,,,1,30,,86819,12,,,1,70,,86840,12,,,1,30,,86820,12,,,1,70,,86841,12,,,1,32,,86821,12,,,1,68,,86842,12,,,1,30,,86822,12,,,1
900,'20261016',623,,86846,12,,,1,30,,86867,12,,,1,77,,86847,12,,,1,27,,86868,12,,,1,70,,86848,12,,,1,30,,86869,12,,,1,70,,86849,12,,,1,81,,86872,12,,,1,30,,86852,12,,,1,70,,86873,12,,,1,30,,86853,12,,,1,70,,86874,12,,,1,30,,86854,12,,,1,70,,86875,12,,,1,30,,86855,12,,,1,70,,86876,12,,,1,30,,86856,12,,,1,70,,86877,12,,,1,31,,86857,12,,,1,70,,86878,12,,,1,13,,86850,12,,,1,10,,86888,12,0,6,1,10,,86858,12,,,1,10,,86870,12,,,1,50,,86890,12,0,6,1,10,,86879,12,,,1,10,,86851,12,,,1,10,,86889,12,0,6,1,10,,86859,12,,,1,12,,86871,12,,,1,55,,86880,12,,,1,30,,86860,12,,,1,70,,86881,12,,,1,30,,86861,12,,,1,69,,86882,12,,,1,30,,86862,12,,,1,70,,86883,12,,,1,30,,86863,12,,,1,70,,86884,12,,,1,30,,86864,12,,,1,70,,86885,12,,,1,32,,86865,12,,,1,68,,86886,12,,,1,30,,86866,12,,,1,70,,86887,12,,,1
900,'20261017',908,,86907,12,,,1,30,,86891,12,,,1,70,,86908,12,,,1,30,,86892,12,,,1,70,,86909,12,,,1,30,,86893,12,,,1,70,,86910,12,,,1,30,,86894,12,,,1,70,,86911,12,,,1,30,,86895,12,,,1,70,,86912,12,,,1,30,,86896,12,,,1,70,,86913,12,,,1,30,,86897,12,,,1,70,,86914,12,,,1,30,,86898,12,,,1,70,,86915,12,,,1,30,,86899,12,,,1,70,,86916,12,,,1,30,,86900,12,,,1,70,,86917,12,,,1,30,,86901,12,,,1,70,,86918,12,,,1,30,,86902,12,,,1,70,,86919,12,,,1,30,,86903,12,,,1,70,,86920,12,,,1,30,,86904,12,,,1,70,,86921,12,,,1,30,,86905,12,,,1,70,,86922,12,,,1,30,,86906,12,,,1,70,,86923,12,,,1
900,'20261018',908,,92179,12,,,1,30,,86924,12,,,1,70,,92180,12,,,1,30,,86925,12,,,1,70,,92181,12,,,1,30,,86926,12,,,1,70,,92182,12,,,1,30,,86927,12,,,1,70,,92183,12,,,1,30,,86928,12,,,1,70,,92184,12,,,1,30,,86929,12,,,1,70,,92185,12,,,1,30,,86930,12,,,1,70,,92186,12,,,1,30,,86931,12,,,1,70,,92187,12,,,1,30,,86932,12,,,1,70,,92188,12,,,1,30,,86933,12,,,1,70,,92189,12,,,1,30,,86934,12,,,1,70,,92190,12,,,1,30,,86935,12,,,1,70,,92191,12,,,1,30,,86936,12,,,1,70,,92192,12,,,1,30,,86937,12,,,1,70,,92193,12,,,1,30,,86938,12,,,1,70,,92194,12,,,1,30,,86939,12,,,1
900,'20261019',623,,86956,12,,,1,30,,86977,12,,,1,77,,86957,12,,,1,27,,86978,12,,,1,70,,86958,12,,,1,30,,86979,12,,,1,70,,86959,12,,,1,81,,86982,12,,,1,30,,86962,12,,,1,70,,86983,12,,,1,30,,86963,12,,,1,70,,86984,12,,,1,30,,86964,12,,,1,70,,86985,12,,,1,30,,86965,12,,,1,70,,86986,12,,,1,30,,86966,12,,,1,70,,86987,12,,,1,31,,86967,12,,,1,70,,86988,12,,,1,13,,86960,12,,,1,10,,86997,12,0,6,1,10,,86968,12,,,1,10,,86980,12,,,1,50,,86999,12,0,6,1,10,,86989,12,,,1,10,,86961,12,,,1,10,,86998,12,0,6,1,10,,86969,12,,,1,12,,86981,12,,,1,55,,86990,12,,,1,30,,86970,12,,,1,70,,86991,12,,,1,30,,86971,12,,,1,69,,86992,12,,,1,30,,86972,12,,,1,70,,86993,12,,,1,30,,86973,12,,,1,70,,86994,12,,,1,30,,86974,12,,,1,70,,86995,12,,,1,32,,86975,12,,,1,68,,86996,12,,,1,30,,86976,12,,,1
900,'20261020',623,,87000,12,,,1,30,,87021,12,,,1,77,,87001,12,,,1,27,,87022,12,,,1,70,,87002,12,,,1,30,,87023,12,,,1,70,,87003,12,,,1,81,,87026,12,,,1,30,,87006,12,,,1,70,,87027,12,,,1,30,,87007,12,,,1,70,,87028,12,,,1,30,,87008,12,,,1,70,,87029,12,,,1,30,,87009,12,,,1,70,,87030,12,,,1,30,,87010,12,,,1,70,,87031,12,,,1,31,,87011,12,,,1,70,,87032,12,,,1,13,,87004,12,,,1,10,,87041,12,0,6,1,10,,87012,12,,,1,10,,87024,12,,,1,50,,87043,12,0,6,1,10,,87033,12,,,1,10,,87005,12,,,1,10,,87042,12,0,6,1,10,,87013,12,,,1,12,,87025,12,,,1,55,,87034,12,,,1,30,,87014,12,,,1,70,,87035,12,,,1,30,,87015,12,,,1,69,,87036,12,,,1,30,,87016,12,,,1,70,,87037,12,,,1,30,,87017,12,,,1,70,,87038,12,,,1,30,,87018,12,,,1,70,,87039,12,,,1,32,,87019,12,,,1,68,,87040,12,,,1,30,,87020,12,,,1
900,'20261021',623,,87044,12,,,1,30,,87065,12,,,1,77,,87045,12,,,1,27,,87066,12,,,1,70,,87046,12,,,1,30,,87067,12,,,1,70,,87047,12,,,1,81,,87070,12,,,1,30,,87050,12,,,1,70,,87071,12,,,1,30,,87051,12,,,1,70,,87072,12,,,1,30,,87052,12,,,1,70,,87073,12,,,1,30,,87053,12,,,1,70,,87074,12,,,1,30,,87054,12,,,1,70,,87075,12,,,1,31,,87055,12,,,1,70,,87076,12,,,1,13,,87048,12,,,1,10,,87085,12,0,6,1,10,,87056,12,,,1,10,,87068,12,,,1,50,,87087,12,0,6,1,10,,87077,12,,,1,10,,87049,12,,,1,10,,87086,12,0,6,1,10,,87057,12,,,1,12,,87069,12,,,1,55,,87078,12,,,1,30,,87058,12,,,1,70,,87079,12,,,1,30,,87059,12,,,1,69,,87080,12,,,1,30,,87060,12,,,1,70,,87081,12,,,1,30,,87061,12,,,1,70,,87082,12,,,1,30,,87062,12,,,1,70,,87083,12,,,1,32,,87063,12,,,1,68,,87084,12,,,1,30,,87064,12,,,1
900,'20261022',623,,87088,12,,,1,30,,87109,12,,,1,77,,87089,12,,,1,27,,87110,12,,,1,70,,87090,12,,,1,30,,87111,12,,,1,70,,87091,12,,,1,81,,87114,12,,,1,30,,87094,12,,,1,70,,87115,12,,,1,30,,87095,12,,,1,70,,87116,12,,,1,30,,87096,12,,,1,70,,87117,12,,,1,30,,87097,12,,,1,70,,87118,12,,,1,30,,87098,12,,,1,70,,87119,12,,,1,31,,87099,12,,,1,70,,87120,12,,,1,13,,87092,12,,,1,10,,87129,12,0,6,1,10,,87100,12,,,1,10,,87112,12,,,1,50,,87131,12,0,6,1,10,,87121,12,,,1,10,,87093,12,,,1,10,,87130,12,0,6,1,10,,87101,12,,,1,12,,87113,12,,,1,55,,87122,12,,,1,30,,87102,12,,,1,70,,87123,12,,,1,30,,87103,12,,,1,69,,87124,12,,,1,30,,87104,12,,,1,70,,87125,12,,,1,30,,87105,12,,,1,70,,87126,12,,,1,30,,87106,12,,,1,70,,87127,12,,,1,32,,87107,12,,,1,68,,87128,12,,,1,30,,87108,12,,,1
900,'20261023',623,,87132,12,,,1,30,,87153,12,,,1,77,,87133,12,,,1,27,,87154,12,,,1,70,,87134,12,,,1,30,,87155,12,,,1,70,,87135,12,,,1,81,,87158,12,,,1,30,,87138,12,,,1,70,,87159,12,,,1,30,,87139,12,,,1,70,,87160,12,,,1,30,,87140,12,,,1,70,,87161,12,,,1,30,,87141,12,,,1,70,,87162,12,,,1,30,,87142,12,,,1,70,,87163,12,,,1,31,,87143,12,,,1,70,,87164,12,,,1,13,,87136,12,,,1,10,,87174,12,0,6,1,10,,87144,12,,,1,10,,87156,12,,,1,50,,87176,12,0,6,1,10,,87165,12,,,1,10,,87137,12,,,1,10,,87175,12,0,6,1,10,,87145,12,,,1,12,,87157,12,,,1,55,,87166,12,,,1,30,,87146,12,,,1,70,,87167,12,,,1,30,,87147,12,,,1,69,,87168,12,,,1,30,,87148,12,,,1,70,,87169,12,,,1,30,,87149,12,,,1,70,,87170,12,,,1,30,,87150,12,,,1,70,,87171,12,,,1,32,,87151,12,,,1,68,,87172,12,,,1,30,,87152,12,,,1,70,,87173,12,,,1
900,'20261024',908,,87193,12,,,1,30,,87177,12,,,1,70,,87194,12,,,1,30,,87178,12,,,1,70,,87195,12,,,1,30,,87179,12,,,1,70,,87196,12,,,1,30,,87180,12,,,1,70,,87197,12,,,1,30,,87181,12,,,1,70,,87198,12,,,1,30,,87182,12,,,1,70,,87199,12,,,1,30,,87183,12,,,1,70,,87200,12,,,1,30,,87184,12,,,1,70,,87201,12,,,1,30,,87185,12,,,1,70,,87202,12,,,1,30,,87186,12,,,1,70,,87203,12,,,1,30,,87187,12,,,1,70,,87204,12,,,1,30,,87188,12,,,1,70,,87205,12,,,1,30,,87189,12,,,1,70,,87206,12,,,1,30,,87190,12,,,1,70,,87207,12,,,1,30,,87191,12,,,1,70,,87208,12,,,1,30,,87192,12,,,1,70,,87209,12,,,1
900,'20261025',908,,92195,12,,,1,30,,87210,12,,,1,70,,92196,12,,,1,30,,87211,12,,,1,70,,92197,12,,,1,30,,87212,12,,,1,70,,92198,12,,,1,30,,87213,12,,,1,70,,92199,12,,,1,30,,87214,12,,,1,70,,92200,12,,,1,30,,87215,12,,,1,70,,92201,12,,,1,30,,87216,12,,,1,70,,92202,12,,,1,30,,87217,12,,,1,70,,92203,12,,,1,30,,87218,12,,,1,70,,92204,12,,,1,30,,87219,12,,,1,70,,92205,12,,,1,30,,87220,12,,,1,70,,92206,12,,,1,30,,87221,12,,,1,70,,92207,12,,,1,30,,87222,12,,,1,70,,92208,12,,,1,30,,87223,12,,,1,70,,92209,12,,,1,30,,87224,12,,,1,70,,92210,12,,,1,30,,87225,12,,,1
900,'20261026',623,,87242,12,,,1,30,,87263,12,,,1,77,,87243,12,,,1,27,,87264,12,,,1,70,,87244,12,,,1,30,,87265,12,,,1,70,,87245,12,,,1,81,,87268,12,,,1,30,,87248,12,,,1,70,,87269,12,,,1,30,,87249,12,,,1,70,,87270,12,,,1,30,,87250,12,,,1,70,,87271,12,,,1,30,,87251,12,,,1,70,,87272,12,,,1,30,,87252,12,,,1,70,,87273,12,,,1,31,,87253,12,,,1,70,,87274,12,,,1,13,,87246,12,,,1,10,,87283,12,0,6,1,10,,87254,12,,,1,10,,87266,12,,,1,50,,87285,12,0,6,1,10,,87275,12,,,1,10,,87247,12,,,1,10,,87284,12,0,6,1,10,,87255,12,,,1,12,,87267,12,,,1,55,,87276,12,,,1,30,,87256,12,,,1,70,,87277,12,,,1,30,,87257,12,,,1,69,,87278,12,,,1,30,,87258,12,,,1,70,,87279,12,,,1,30,,87259,12,,,1,70,,87280,12,,,1,30,,87260,12,,,1,70,,87281,12,,,1,32,,87261,12,,,1,68,,87282,12,,,1,30,,87262,12,,,1
900,'20261027',623,,87286,12,,,1,30,,87307,12,,,1,77,,87287,12,,,1,27,,87308,12,,,1,70,,87288,12,,,1,30,,87309,12,,,1,70,,87289,12,,,1,81,,87312,12,,,1,30,,87292,12,,,1,70,,87313,12,,,1,30,,87293,12,,,1,70,,87314,12,,,1,30,,87294,12,,,1,70,,87315,12,,,1,30,,87295,12,,,1,70,,87316,12,,,1,30,,87296,12,,,1,70,,87317,12,,,1,31,,87297,12,,,1,70,,87318,12,,,1,13,,87290,12,,,1,10,,87327,12,0,6,1,10,,87298,12,,,1,10,,87310,12,,,1,50,,87329,12,0,6,1,10,,87319,12,,,1,10,,87291,12,,,1,10,,87328,12,0,6,1,10,,87299,12,,,1,12,,87311,12,,,1,55,,87320,12,,,1,30,,87300,12,,,1,70,,87321,12,,,1,30,,87301,12,,,1,69,,87322,12,,,1,30,,87302,12,,,1,70,,87323,12,,,1,30,,87303,12,,,1,70,,87324,12,,,1,30,,87304,12,,,1,70,,87325,12,,,1,32,,87305,12,,,1,68,,87326,12,,,1,30,,87306,12,,,1
900,'20261028',623,,87330,12,,,1,30,,87351,12,,,1,77,,87331,12,,,1,27,,87352,12,,,1,70,,87332,12,,,1,30,,87353,12,,,1,70,,87333,12,,,1,81,,87356,12,,,1,30,,87336,12,,,1,70,,87357,12,,,1,30,,87337,12,,,1,70,,87358,12,,,1,30,,87338,12,,,1,70,,87359,12,,,1,30,,87339,12,,,1,70,,87360,12,,,1,30,,87340,12,,,1,70,,87361,12,,,1,31,,87341,12,,,1,70,,87362,12,,,1,13,,87334,12,,,1,10,,87371,12,0,6,1,10,,87342,12,,,1,10,,87354,12,,,1,50,,87373,12,0,6,1,10,,87363,12,,,1,10,,87335,12,,,1,10,,87372,12,0,6,1,10,,87343,12,,,1,12,,87355,12,,,1,55,,87364,12,,,1,30,,87344,12,,,1,70,,87365,12,,,1,30,,87345,12,,,1,69,,87366,12,,,1,30,,87346,12,,,1,70,,87367,12,,,1,30,,87347,12,,,1,70,,87368,12,,,1,30,,87348,12,,,1,70,,87369,12,,,1,32,,87349,12,,,1,68,,87370,12,,,1,30,,87350,12,,,1
900,'20261029',623,,87374,12,,,1,30,,87395,12,,,1,77,,87375,12,,,1,27,,87396,12,,,1,70,,87376,12,,,1,30,,87397,12,,,1,70,,87377,12,,,1,81,,87400,12,,,1,30,,87380,12,,,1,70,,87401,12,,,1,30,,87381,12,,,1,70,,87402,12,,,1,30,,87382,12,,,1,70,,87403,12,,,1,30,,87383,12,,,1,70,,87404,12,,,1,30,,87384,12,,,1,70,,87405,12,,,1,31,,87385,12,,,1,70,,87406,12,,,1,13,,87378,12,,,1,10,,87415,12,0,6,1,10,,87386,12,,,1,10,,87398,12,,,1,50,,87417,12,0,6,1,10,,87407,12,,,1,10,,87379,12,,,1,10,,87416,12,0,6,1,10,,87387,12,,,1,12,,87399,12,,,1,55,,87408,12,,,1,30,,87388,12,,,1,70,,87409,12,,,1,30,,87389,12,,,1,69,,87410,12,,,1,30,,87390,12,,,1,70,,87411,12,,,1,30,,87391,12,,,1,70,,87412,12,,,1,30,,87392,12,,,1,70,,87413,12,,,1,32,,87393,12,,,1,68,,87414,12,,,1,30,,87394,12,,,1
900,'20261030',623,,87418,12,,,1,30,,87439,12,,,1,77,,87419,12,,,1,27,,87440,12,,,1,70,,87420,12,,,1,30,,87441,12,,,1,70,,87421,12,,,1,81,,87444,12,,,1,30,,87424,12,,,1,70,,87445,12,,,1,30,,87425,12,,,1,70,,87446,12,,,1,30,,87426,12,,,1,70,,87447,12,,,1,30,,87427,12,,,1,70,,87448,12,,,1,30,,87428,12,,,1,70,,87449,12,,,1,31,,87429,12,,,1,70,,87450,12,,,1,13,,87422,12,,,1,10,,87460,12,0,6,1,10,,87430,12,,,1,10,,87442,12,,,1,50,,87462,12,0,6,1,10,,87451,12,,,1,10,,87423,12,,,1,10,,87461,12,0,6,1,10,,87431,12,,,1,12,,87443,12,,,1,55,,87452,12,,,1,30,,87432,12,,,1,70,,87453,12,,,1,30,,87433,12,,,1,69,,87454,12,,,1,30,,87434,12,,,1,70,,87455,12,,,1,30,,87435,12,,,1,70,,87456,12,,,1,30,,87436,12,,,1,70,,87457,12,,,1,32,,87437,12,,,1,68,,87458,12,,,1,30,,87438,12,,,1,70,,87459,12,,,1
900,'20261031',908,,87479,12,,,1,30,,87463,12,,,1,70,,87480,12,,,1,30,,87464,12,,,1,70,,87481,12,,,1,30,,87465,12,,,1,70,,87482,12,,,1,30,,87466,12,,,1,70,,87483,12,,,1,30,,87467,12,,,1,70,,87484,12,,,1,30,,87468,12,,,1,70,,87485,12,,,1,30,,87469,12,,,1,70,,87486,12,,,1,30,,87470,12,,,1,70,,87487,12,,,1,30,,87471,12,,,1,70,,87488,12,,,1,30,,87472,12,,,1,70,,87489,12,,,1,30,,87473,12,,,1,70,,87490,12,,,1,30,,87474,12,,,1,70,,87491,12,,,1,30,,87475,12,,,1,70,,87492,12,,,1,30,,87476,12,,,1,70,,87493,12,,,1,30,,87477,12,,,1,70,,87494,12,,,1,30,,87478,12,,,1,70,,87495,12,,,1
900,'20261101',908,,92211,12,,,1,30,,87496,12,,,1,70,,92212,12,,,1,30,,87497,12,,,1,70,,92213,12,,,1,30,,87498,12,,,1,70,,92214,12,,,1,30,,87499,12,,,1,70,,92215,12,,,1,30,,87500,12,,,1,70,,92216,12,,,1,30,,87501,12,,,1,70,,92217,12,,,1,30,,87502,12,,,1,70,,92218,12,,,1,30,,87503,12,,,1,70,,92219,12,,,1,30,,87504,12,,,1,70,,92220,12,,,1,30,,87505,12,,,1,70,,92221,12,,,1,30,,87506,12,,,1,70,,92222,12,,,1,30,,87507,12,,,1,70,,92223,12,,,1,30,,87508,12,,,1,70,,92224,12,,,1,30,,87509,12,,,1,70,,92225,12,,,1,30,,87510,12,,,1,70,,92226,12,,,1,30,,87511,12,,,1
900,'20261102',623,,87528,12,,,1,30,,87549,12,,,1,77,,87529,12,,,1,27,,87550,12,,,1,70,,87530,12,,,1,30,,87551,12,,,1,70,,87531,12,,,1,81,,87554,12,,,1,30,,87534,12,,,1,70,,87555,12,,,1,30,,87535,12,,,1,70,,87556,12,,,1,30,,87536,12,,,1,70,,87557,12,,,1,30,,87537,12,,,1,70,,87558,12,,,1,30,,87538,12,,,1,70,,87559,12,,,1,31,,87539,12,,,1,70,,87560,12,,,1,13,,87532,12,,,1,10,,87569,12,0,6,1,10,,87540,12,,,1,10,,87552,12,,,1,50,,87571,12,0,6,1,10,,87561,12,,,1,10,,87533,12,,,1,10,,87570,12,0,6,1,10,,87541,12,,,1,12,,87553,12,,,1,55,,87562,12,,,1,30,,87542,12,,,1,70,,87563,12,,,1,30,,87543,12,,,1,69,,87564,12,,,1,30,,87544,12,,,1,70,,87565,12,,,1,30,,87545,12,,,1,70,,87566,12,,,1,30,,87546,12,,,1,70,,87567,12,,,1,32,,87547,12,,,1,68,,87568,12,,,1,30,,87548,12,,,1
900,'20261103',623,,87572,12,,,1,30,,87593,12,,,1,77,,87573,12,,,1,27,,87594,12,,,1,70,,87574,12,,,1,30,,87595,12,,,1,70,,87575,12,,,1,81,,87598,12,,,1,30,,87578,12,,,1,70,,87599,12,,,1,30,,87579,12,,,1,70,,87600,12,,,1,30,,87580,12,,,1,70,,87601,12,,,1,30,,87581,12,,,1,70,,87602,12,,,1,30,,87582,12,,,1,70,,87603,12,,,1,31,,87583,12,,,1,70,,87604,12,,,1,13,,87576,12,,,1,10,,87613,12,0,6,1,10,,87584,12,,,1,10,,87596,12,,,1,50,,87615,12,0,6,1,10,,87605,12,,,1,10,,87577,12,,,1,10,,87614,12,0,6,1,10,,87585,12,,,1,12,,87597,12,,,1,55,,87606,12,,,1,30,,87586,12,,,1,70,,87607,12,,,1,30,,87587,12,,,1,69,,87608,12,,,1,30,,87588,12,,,1,70,,87609,12,,,1,30,,87589,12,,,1,70,,87610,12,,,1,30,,87590,12,,,1,70,,87611,12,,,1,32,,87591,12,,,1,68,,87612,12,,,1,30,,87592,12,,,1
900,'20261104',623,,87616,12,,,1,30,,87637,12,,,1,77,,87617,12,,,1,27,,87638,12,,,1,70,,87618,12,,,1,30,,87639,12,,,1,70,,87619,12,,,1,81,,87642,12,,,1,30,,87622,12,,,1,70,,87643,12,,,1,30,,87623,12,,,1,70,,87644,12,,,1,30,,87624,12,,,1,70,,87645,12,,,1,30,,87625,12,,,1,70,,87646,12,,,1,30,,87626,12,,,1,70,,87647,12,,,1,31,,87627,12,,,1,70,,87648,12,,,1,13,,87620,12,,,1,10,,87657,12,0,6,1,10,,87628,12,,,1,10,,87640,12,,,1,50,,87659,12,0,6,1,10,,87649,12,,,1,10,,87621,12,,,1,10,,87658,12,0,6,1,10,,87629,12,,,1,12,,87641,12,,,1,55,,87650,12,,,1,30,,87630,12,,,1,70,,87651,12,,,1,30,,87631,12,,,1,69,,87652,12,,,1,30,,87632,12,,,1,70,,87653,12,,,1,30,,87633,12,,,1,70,,87654,12,,,1,30,,87634,12,,,1,70,,87655,12,,,1,32,,87635,12,,,1,68,,87656,12,,,1,30,,87636,12,,,1
900,'20261105',623,,87660,12,,,1,30,,87681,12,,,1,77,,87661,12,,,1,27,,87682,12,,,1,70,,87662,12,,,1,30,,87683,12,,,1,70,,87663,12,,,1,81,,87686,12,,,1,30,,87666,12,,,1,70,,87687,12,,,1,30,,87667,12,,,1,70,,87688,12,,,1,30,,87668,12,,,1,70,,87689,12,,,1,30,,87669,12,,,1,70,,87690,12,,,1,30,,87670,12,,,1,70,,87691,12,,,1,31,,87671,12,,,1,70,,87692,12,,,1,13,,87664,12,,,1,10,,87701,12,0,6,1,10,,87672,12,,,1,10,,87684,12,,,1,50,,87703,12,0,6,1,10,,87693,12,,,1,10,,87665,12,,,1,10,,87702,12,0,6,1,10,,87673,12,,,1,12,,87685,12,,,1,55,,87694,12,,,1,30,,87674,12,,,1,70,,87695,12,,,1,30,,87675,12,,,1,69,,87696,12,,,1,30,,87676,12,,,1,70,,87697,12,,,1,30,,87677,12,,,1,70,,87698,12,,,1,30,,87678,12,,,1,70,,87699,12,,,1,32,,87679,12,,,1,68,,87700,12,,,1,30,,87680,12,,,1
900,'20261106',623,,87704,12,,,1,30,,87725,12,,,1,77,,87705,12,,,1,27,,87726,12,,,1,70,,87706,12,,,1,30,,87727,12,,,1,70,,87707,12,,,1,81,,87730,12,,,1,30,,87710,12,,,1,70,,87731,12,,,1,30,,87711,12,,,1,70,,87732,12,,,1,30,,87712,12,,,1,70,,87733,12,,,1,30,,87713,12,,,1,70,,87734,12,,,1,30,,87714,12,,,1,70,,87735,12,,,1,31,,87715,12,,,1,70,,87736,12,,,1,13,,87708,12,,,1,10,,87746,12,0,6,1,10,,87716,12,,,1,10,,87728,12,,,1,50,,87748,12,0,6,1,10,,87737,12,,,1,10,,87709,12,,,1,10,,87747,12,0,6,1,10,,87717,12,,,1,12,,87729,12,,,1,55,,87738,12,,,1,30,,87718,12,,,1,70,,87739,12,,,1,30,,87719,12,,,1,69,,87740,12,,,1,30,,87720,12,,,1,70,,87741,12,,,1,30,,87721,12,,,1,70,,87742,12,,,1,30,,87722,12,,,1,70,,87743,12,,,1,32,,87723,12,,,1,68,,87744,12,,,1,30,,87724,12,,,1,70,,87745,12,,,1
900,'20261107',908,,87765,12,,,1,30,,87749,12,,,1,70,,87766,12,,,1,30,,87750,12,,,1,70,,87767,12,,,1,30,,87751,12,,,1,70,,87768,12,,,1,30,,87752,12,,,1,70,,87769,12,,,1,30,,87753,12,,,1,70,,87770,12,,,1,30,,87754,12,,,1,70,,87771,12,,,1,30,,87755,12,,,1,70,,87772,12,,,1,30,,87756,12,,,1,70,,87773,12,,,1,30,,87757,12,,,1,70,,87774,12,,,1,30,,87758,12,,,1,70,,87775,12,,,1,30,,87759,12,,,1,70,,87776,12,,,1,30,,87760,12,,,1,70,,87777,12,,,1,30,,87761,12,,,1,70,,87778,12,,,1,30,,87762,12,,,1,70,,87779,12,,,1,30,,87763,12,,,1,70,,87780,12,,,1,30,,87764,12,,,1,70,,87781,12,,,1
900,'20261108',908,,92227,12,,,1,30,,87782,12,,,1,70,,92228,12,,,1,30,,87783,12,,,1,70,,92229,12,,,1,30,,87784,12,,,1,70,,92230,12,,,1,30,,87785,12,,,1,70,,92231,12,,,1,30,,87786,12,,,1,70,,92232,12,,,1,30,,87787,12,,,1,70,,92233,12,,,1,30,,87788,12,,,1,70,,92234,12,,,1,30,,87789,12,,,1,70,,92235,12,,,1,30,,87790,12,,,1,70,,92236,12,,,1,30,,87791,12,,,1,70,,92237,12,,,1,30,,87792,12,,,1,70,,92238,12,,,1,30,,87793,12,,,1,70,,92239,12,,,1,30,,87794,12,,,1,70,,92240,12,,,1,30,,87795,12,,,1,70,,92241,12,,,1,30,,87796,12,,,1,70,,92242,12,,,1,30,,87797,12,,,1
900,'20261109',623,,87814,12,,,1,30,,87835,12,,,1,77,,87815,12,,,1,27,,87836,12,,,1,70,,87816,12,,,1,30,,87837,12,,,1,70,,87817,12,,,1,81,,87840,12,,,1,30,,87820,12,,,1,70,,87841,12,,,1,30,,87821,12,,,1,70,,87842,12,,,1,30,,87822,12,,,1,70,,87843,12,,,1,30,,87823,12,,,1,70,,87844,12,,,1,30,,87824,12,,,1,70,,87845,12,,,1,31,,87825,12,,,1,70,,87846,12,,,1,13,,87818,12,,,1,10,,87855,12,0,6,1,10,,87826,12,,,1,10,,87838,12,,,1,50,,87857,12,0,6,1,10,,87847,12,,,1,10,,87819,12,,,1,10,,87856,12,0,6,1,10,,87827,12,,,1,12,,87839,12,,,1,55,,87848,12,,,1,30,,87828,12,,,1,70,,87849,12,,,1,30,,87829,12,,,1,69,,87850,12,,,1,30,,87830,12,,,1,70,,87851,12,,,1,30,,87831,12,,,1,70,,87852,12,,,1,30,,87832,12,,,1,70,,87853,12,,,1,32,,87833,12,,,1,68,,87854,12,,,1,30,,87834,12,,,1
900,'20261110',623,,87858,12,,,1,30,,87879,12,,,1,77,,87859,12,,,1,27,,87880,12,,,1,70,,87860,12,,,1,30,,87881,12,,,1,70,,87861,12,,,1,81,,87884,12,,,1,30,,87864,12,,,1,70,,87885,12,,,1,30,,87865,12,,,1,70,,87886,12,,,1,30,,87866,12,,,1,70,,87887,12,,,1,30,,87867,12,,,1,70,,87888,12,,,1,30,,87868,12,,,1,70,,87889,12,,,1,31,,87869,12,,,1,70,,87890,12,,,1,13,,87862,12,,,1,10,,87899,12,0,6,1,10,,87870,12,,,1,10,,87882,12,,,1,50,,87901,12,0,6,1,10,,87891,12,,,1,10,,87863,12,,,1,10,,87900,12,0,6,1,10,,87871,12,,,1,12,,87883,12,,,1,55,,87892,12,,,1,30,,87872,12,,,1,70,,87893,12,,,1,30,,87873,12,,,1,69,,87894,12,,,1,30,,87874,12,,,1,70,,87895,12,,,1,30,,87875,12,,,1,70,,87896,12,,,1,30,,87876,12,,,1,70,,87897,12,,,1,32,,87877,12,,,1,68,,87898,12,,,1,30,,87878,12,,,1
900,'20261111',623,,87902,12,,,1,30,,87923,12,,,1,77,,87903,12,,,1,27,,87924,12,,,1,70,,87904,12,,,1,30,,87925,12,,,1,70,,87905,12,,,1,81,,87928,12,,,1,30,,87908,12,,,1,70,,87929,12,,,1,30,,87909,12,,,1,70,,87930,12,,,1,30,,87910,12,,,1,70,,87931,12,,,1,30,,87911,12,,,1,70,,87932,12,,,1,30,,87912,12,,,1,70,,87933,12,,,1,31,,87913,12,,,1,70,,87934,12,,,1,13,,87906,12,,,1,10,,87943,12,0,6,1,10,,87914,12,,,1,10,,87926,12,,,1,50,,87945,12,0,6,1,10,,87935,12,,,1,10,,87907,12,,,1,10,,87944,12,0,6,1,10,,87915,12,,,1,12,,87927,12,,,1,55,,87936,12,,,1,30,,87916,12,,,1,70,,87937,12,,,1,30,,87917,12,,,1,69,,87938,12,,,1,30,,87918,12,,,1,70,,87939,12,,,1,30,,87919,12,,,1,70,,87940,12,,,1,30,,87920,12,,,1,70,,87941,12,,,1,32,,87921,12,,,1,68,,87942,12,,,1,30,,87922,12,,,1
900,'20261112',623,,87946,12,,,1,30,,87967,12,,,1,77,,87947,12,,,1,27,,87968,12,,,1,70,,87948,12,,,1,30,,87969,12,,,1,70,,87949,12,,,1,81,,87972,12,,,1,30,,87952,12,,,1,70,,87973,12,,,1,30,,87953,12,,,1,70,,87974,12,,,1,30,,87954,12,,,1,70,,87975,12,,,1,30,,87955,12,,,1,70,,87976,12,,,1,30,,87956,12,,,1,70,,87977,12,,,1,31,,87957,12,,,1,70,,87978,12,,,1,13,,87950,12,,,1,10,,87987,12,0,6,1,10,,87958,12,,,1,10,,87970,12,,,1,50,,87989,12,0,6,1,10,,87979,12,,,1,10,,87951,12,,,1,10,,87988,12,0,6,1,10,,87959,12,,,1,12,,87971,12,,,1,55,,87980,12,,,1,30,,87960,12,,,1,70,,87981,12,,,1,30,,87961,12,,,1,69,,87982,12,,,1,30,,87962,12,,,1,70,,87983,12,,,1,30,,87963,12,,,1,70,,87984,12,,,1,30,,87964,12,,,1,70,,87985,12,,,1,32,,87965,12,,,1,68,,87986,12,,,1,30,,87966,12,,,1
900,'20261113',623,,87990,12,,,1,30,,88011,12,,,1,77,,87991,12,,,1,27,,88012,12,,,1,70,,87992,12,,,1,30,,88013,12,,,1,70,,87993,12,,,1,81,,88016,12,,,1,30,,87996,12,,,1,70,,88017,12,,,1,30,,87997,12,,,1,70,,88018,12,,,1,30,,87998,12,,,1,70,,88019,12,,,1,30,,87999,12,,,1,70,,88020,12,,,1,30,,88000,12,,,1,70,,88021,12,,,1,31,,88001,12,,,1,70,,88022,12,,,1,13,,87994,12,,,1,10,,88032,12,0,6,1,10,,88002,12,,,1,10,,88014,12,,,1,50,,88034,12,0,6,1,10,,88023,12,,,1,10,,87995,12,,,1,10,,88033,12,0,6,1,10,,88003,12,,,1,12,,88015,12,,,1,55,,88024,12,,,1,30,,88004,12,,,1,70,,88025,12,,,1,30,,88005,12,,,1,69,,88026,12,,,1,30,,88006,12,,,1,70,,88027,12,,,1,30,,88007,12,,,1,70,,88028,12,,,1,30,,88008,12,,,1,70,,88029,12,,,1,32,,88009,12,,,1,68,,88030,12,,,1,30,,88010,12,,,1,70,,88031,12,,,1
900,'20261114',908,,88051,12,,,1,30,,88035,12,,,1,70,,88052,12,,,1,30,,88036,12,,,1,70,,88053,12,,,1,30,,88037,12,,,1,70,,88054,12,,,1,30,,88038,12,,,1,70,,88055,12,,,1,30,,88039,12,,,1,70,,88056,12,,,1,30,,88040,12,,,1,70,,88057,12,,,1,30,,88041,12,,,1,70,,88058,12,,,1,30,,88042,12,,,1,70,,88059,12,,,1,30,,88043,12,,,1,70,,88060,12,,,1,30,,88044,12,,,1,70,,88061,12,,,1,30,,88045,12,,,1,70,,88062,12,,,1,30,,88046,12,,,1,70,,88063,12,,,1,30,,88047,12,,,1,70,,88064,12,,,1,30,,88048,12,,,1,70,,88065,12,,,1,30,,88049,12,,,1,70,,88066,12,,,1,30,,88050,12,,,1,70,,88067,12,,,1
900,'20261115',908,,92243,12,,,1,30,,88068,12,,,1,70,,92244,12,,,1,30,,88069,12,,,1,70,,92245,12,,,1,30,,88070,12,,,1,70,,92246,12,,,1,30,,88071,12,,,1,70,,92247,12,,,1,30,,88072,12,,,1,70,,92248,12,,,1,30,,88073,12,,,1,70,,92249,12,,,1,30,,88074,12,,,1,70,,92250,12,,,1,30,,88075,12,,,1,70,,92251,12,,,1,30,,88076,12,,,1,70,,92252,12,,,1,30,,88077,12,,,1,70,,92253,12,,,1,30,,88078,12,,,1,70,,92254,12,,,1,30,,88079,12,,,1,70,,92255,12,,,1,30,,88080,12,,,1,70,,92256,12,,,1,30,,88081,12,,,1,70,,92257,12,,,1,30,,88082,12,,,1,70,,92258,12,,,1,30,,88083,12,,,1
900,'20261116',623,,88100,12,,,1,30,,88121,12,,,1,77,,88101,12,,,1,27,,88122,12,,,1,70,,88102,12,,,1,30,,88123,12,,,1,70,,88103,12,,,1,81,,88126,12,,,1,30,,88106,12,,,1,70,,88127,12,,,1,30,,88107,12,,,1,70,,88128,12,,,1,30,,88108,12,,,1,70,,88129,12,,,1,30,,88109,12,,,1,70,,88130,12,,,1,30,,88110,12,,,1,70,,88131,12,,,1,31,,88111,12,,,1,70,,88132,12,,,1,13,,88104,12,,,1,10,,88141,12,0,6,1,10,,88112,12,,,1,10,,88124,12,,,1,50,,88143,12,0,6,1,10,,88133,12,,,1,10,,88105,12,,,1,10,,88142,12,0,6,1,10,,88113,12,,,1,12,,88125,12,,,1,55,,88134,12,,,1,30,,88114,12,,,1,70,,88135,12,,,1,30,,88115,12,,,1,69,,88136,12,,,1,30,,88116,12,,,1,70,,88137,12,,,1,30,,88117,12,,,1,70,,88138,12,,,1,30,,88118,12,,,1,70,,88139,12,,,1,32,,88119,12,,,1,68,,88140,12,,,1,30,,88120,12,,,1
900,'20261117',623,,88144,12,,,1,30,,88165,12,,,1,77,,88145,12,,,1,27,,88166,12,,,1,70,,88146,12,,,1,30,,88167,12,,,1,70,,88147,12,,,1,81,,88170,12,,,1,30,,88150,12,,,1,70,,88171,12,,,1,30,,88151,12,,,1,70,,88172,12,,,1,30,,88152,12,,,1,70,,88173,12,,,1,30,,88153,12,,,1,70,,88174,12,,,1,30,,88154,12,,,1,70,,88175,12,,,1,31,,88155,12,,,1,70,,88176,12,,,1,13,,88148,12,,,1,10,,88185,12,0,6,1,10,,88156,12,,,1,10,,88168,12,,,1,50,,88187,12,0,6,1,10,,88177,12,,,1,10,,88149,12,,,1,10,,88186,12,0,6,1,10,,88157,12,,,1,12,,88169,12,,,1,55,,88178,12,,,1,30,,88158,12,,,1,70,,88179,12,,,1,30,,88159,12,,,1,69,,88180,12,,,1,30,,88160,12,,,1,70,,88181,12,,,1,30,,88161,12,,,1,70,,88182,12,,,1,30,,88162,12,,,1,70,,88183,12,,,1,32,,88163,12,,,1,68,,88184,12,,,1,30,,88164,12,,,1
900,'20261118',623,,88188,12,,,1,30,,88209,12,,,1,77,,88189,12,,,1,27,,88210,12,,,1,70,,88190,12,,,1,30,,88211,12,,,1,70,,88191,12,,,1,81,,88214,12,,,1,30,,88194,12,,,1,70,,88215,12,,,1,30,,88195,12,,,1,70,,88216,12,,,1,30,,88196,12,,,1,70,,88217,12,,,1,30,,88197,12,,,1,70,,88218,12,,,1,30,,88198,12,,,1,70,,88219,12,,,1,31,,88199,12,,,1,70,,88220,12,,,1,13,,88192,12,,,1,10,,88229,12,0,6,1,10,,88200,12,,,1,10,,88212,12,,,1,50,,88231,12,0,6,1,10,,88221,12,,,1,10,,88193,12,,,1,10,,88230,12,0,6,1,10,,88201,12,,,1,12,,88213,12,,,1,55,,88222,12,,,1,30,,88202,12,,,1,70,,88223,12,,,1,30,,88203,12,,,1,69,,88224,12,,,1,30,,88204,12,,,1,70,,88225,12,,,1,30,,88205,12,,,1,70,,88226,12,,,1,30,,88206,12,,,1,70,,88227,12,,,1,32,,88207,12,,,1,68,,88228,12,,,1,30,,88208,12,,,1
900,'20261119',623,,88232,12,,,1,30,,88253,12,,,1,77,,88233,12,,,1,27,,88254,12,,,1,70,,88234,12,,,1,30,,88255,12,,,1,70,,88235,12,,,1,81,,88258,12,,,1,30,,88238,12,,,1,70,,88259,12,,,1,30,,88239,12,,,1,70,,88260,12,,,1,30,,88240,12,,,1,70,,88261,12,,,1,30,,88241,12,,,1,70,,88262,12,,,1,30,,88242,12,,,1,70,,88263,12,,,1,31,,88243,12,,,1,70,,88264,12,,,1,13,,88236,12,,,1,10,,88273,12,0,6,1,10,,88244,12,,,1,10,,88256,12,,,1,50,,88275,12,0,6,1,10,,88265,12,,,1,10,,88237,12,,,1,10,,88274,12,0,6,1,10,,88245,12,,,1,12,,88257,12,,,1,55,,88266,12,,,1,30,,88246,12,,,1,70,,88267,12,,,1,30,,88247,12,,,1,69,,88268,12,,,1,30,,88248,12,,,1,70,,88269,12,,,1,30,,88249,12,,,1,70,,88270,12,,,1,30,,88250,12,,,1,70,,88271,12,,,1,32,,88251,12,,,1,68,,88272,12,,,1,30,,88252,12,,,1
900,'20261120',623,,88276,12,,,1,30,,88297,12,,,1,77,,88277,12,,,1,27,,88298,12,,,1,70,,88278,12,,,1,30,,88299,12,,,1,70,,88279,12,,,1,81,,88302,12,,,1,30,,88282,12,,,1,70,,88303,12,,,1,30,,88283,12,,,1,70,,88304,12,,,1,30,,88284,12,,,1,70,,88305,12,,,1,30,,88285,12,,,1,70,,88306,12,,,1,30,,88286,12,,,1,70,,88307,12,,,1,31,,88287,12,,,1,70,,88308,12,,,1,13,,88280,12,,,1,10,,88318,12,0,6,1,10,,88288,12,,,1,10,,88300,12,,,1,50,,88320,12,0,6,1,10,,88309,12,,,1,10,,88281,12,,,1,10,,88319,12,0,6,1,10,,88289,12,,,1,12,,88301,12,,,1,55,,88310,12,,,1,30,,88290,12,,,1,70,,88311,12,,,1,30,,88291,12,,,1,69,,88312,12,,,1,30,,88292,12,,,1,70,,88313,12,,,1,30,,88293,12,,,1,70,,88314,12,,,1,30,,88294,12,,,1,70,,88315,12,,,1,32,,88295,12,,,1,68,,88316,12,,,1,30,,88296,12,,,1,70,,88317,12,,,1
900,'20261121',908,,88337,12,,,1,30,,88321,12,,,1,70,,88338,12,,,1,30,,88322,12,,,1,70,,88339,12,,,1,30,,88323,12,,,1,70,,88340,12,,,1,30,,88324,12,,,1,70,,88341,12,,,1,30,,88325,12,,,1,70,,88342,12,,,1,30,,88326,12,,,1,70,,88343,12,,,1,30,,88327,12,,,1,70,,88344,12,,,1,30,,88328,12,,,1,70,,88345,12,,,1,30,,88329,12,,,1,70,,88346,12,,,1,30,,88330,12,,,1,70,,88347,12,,,1,30,,88331,12,,,1,70,,88348,12,,,1,30,,88332,12,,,1,70,,88349,12,,,1,30,,88333,12,,,1,70,,88350,12,,,1,30,,88334,12,,,1,70,,88351,12,,,1,30,,88335,12,,,1,70,,88352,12,,,1,30,,88336,12,,,1,70,,88353,12,,,1
900,'20261122',908,,92259,12,,,1,30,,88354,12,,,1,70,,92260,12,,,1,30,,88355,12,,,1,70,,92261,12,,,1,30,,88356,12,,,1,70,,92262,12,,,1,30,,88357,12,,,1,70,,92263,12,,,1,30,,88358,12,,,1,70,,92264,12,,,1,30,,88359,12,,,1,70,,92265,12,,,1,30,,88360,12,,,1,70,,92266,12,,,1,30,,88361,12,,,1,70,,92267,12,,,1,30,,88362,12,,,1,70,,92268,12,,,1,30,,88363,12,,,1,70,,92269,12,,,1,30,,88364,12,,,1,70,,92270,12,,,1,30,,88365,12,,,1,70,,92271,12,,,1,30,,88366,12,,,1,70,,92272,12,,,1,30,,88367,12,,,1,70,,92273,12,,,1,30,,88368,12,,,1,70,,92274,12,,,1,30,,88369,12,,,1
900,'20261123',623,,88386,12,,,1,30,,88407,12,,,1,77,,88387,12,,,1,27,,88408,12,,,1,70,,88388,12,,,1,30,,88409,12,,,1,70,,88389,12,,,1,81,,88412,12,,,1,30,,88392,12,,,1,70,,88413,12,,,1,30,,88393,12,,,1,70,,88414,12,,,1,30,,88394,12,,,1,70,,88415,12,,,1,30,,88395,12,,,1,70,,88416,12,,,1,30,,88396,12,,,1,70,,88417,12,,,1,31,,88397,12,,,1,70,,88418,12,,,1,13,,88390,12,,,1,10,,88427,12,0,6,1,10,,88398,12,,,1,10,,88410,12,,,1,50,,88429,12,0,6,1,10,,88419,12,,,1,10,,88391,12,,,1,10,,88428,12,0,6,1,10,,88399,12,,,1,12,,88411,12,,,1,55,,88420,12,,,1,30,,88400,12,,,1,70,,88421,12,,,1,30,,88401,12,,,1,69,,88422,12,,,1,30,,88402,12,,,1,70,,88423,12,,,1,30,,88403,12,,,1,70,,88424,12,,,1,30,,88404,12,,,1,70,,88425,12,,,1,32,,88405,12,,,1,68,,88426,12,,,1,30,,88406,12,,,1
900,'20261124',623,,88430,12,,,1,30,,88451,12,,,1,77,,88431,12,,,1,27,,88452,12,,,1,70,,88432,12,,,1,30,,88453,12,,,1,70,,88433,12,,,1,81,,88456,12,,,1,30,,88436,12,,,1,70,,88457,12,,,1,30,,88437,12,,,1,70,,88458,12,,,1,30,,88438,12,,,1,70,,88459,12,,,1,30,,88439,12,,,1,70,,88460,12,,,1,30,,88440,12,,,1,70,,88461,12,,,1,31,,88441,12,,,1,70,,88462,12,,,1,13,,88434,12,,,1,10,,88471,12,0,6,1,10,,88442,12,,,1,10,,88454,12,,,1,50,,88473,12,0,6,1,10,,88463,12,,,1,10,,88435,12,,,1,10,,88472,12,0,6,1,10,,88443,12,,,1,12,,88455,12,,,1,55,,88464,12,,,1,30,,88444,12,,,1,70,,88465,12,,,1,30,,88445,12,,,1,69,,88466,12,,,1,30,,88446,12,,,1,70,,88467,12,,,1,30,,88447,12,,,1,70,,88468,12,,,1,30,,88448,12,,,1,70,,88469,12,,,1,32,,88449,12,,,1,68,,88470,12,,,1,30,,88450,12,,,1
900,'20261125',623,,88474,12,,,1,30,,88495,12,,,1,77,,88475,12,,,1,27,,88496,12,,,1,70,,88476,12,,,1,30,,88497,12,,,1,70,,88477,12,,,1,81,,88500,12,,,1,30,,88480,12,,,1,70,,88501,12,,,1,30,,88481,12,,,1,70,,88502,12,,,1,30,,88482,12,,,1,70,,88503,12,,,1,30,,88483,12,,,1,70,,88504,12,,,1,30,,88484,12,,,1,70,,88505,12,,,1,31,,88485,12,,,1,70,,88506,12,,,1,13,,88478,12,,,1,10,,88515,12,0,6,1,10,,88486,12,,,1,10,,88498,12,,,1,50,,88517,12,0,6,1,10,,88507,12,,,1,10,,88479,12,,,1,10,,88516,12,0,6,1,10,,88487,12,,,1,12,,88499,12,,,1,55,,88508,12,,,1,30,,88488,12,,,1,70,,88509,12,,,1,30,,88489,12,,,1,69,,88510,12,,,1,30,,88490,12,,,1,70,,88511,12,,,1,30,,88491,12,,,1,70,,88512,12,,,1,30,,88492,12,,,1,70,,88513,12,,,1,32,,88493,12,,,1,68,,88514,12,,,1,30,,88494,12,,,1
900,'20261126',623,,88518,12,,,1,30,,88539,12,,,1,77,,88519,12,,,1,27,,88540,12,,,1,70,,88520,12,,,1,30,,88541,12,,,1,70,,88521,12,,,1,81,,88544,12,,,1,30,,88524,12,,,1,70,,88545,12,,,1,30,,88525,12,,,1,70,,88546,12,,,1,30,,88526,12,,,1,70,,88547,12,,,1,30,,88527,12,,,1,70,,88548,12,,,1,30,,88528,12,,,1,70,,88549,12,,,1,31,,88529,12,,,1,70,,88550,12,,,1,13,,88522,12,,,1,10,,88559,12,0,6,1,10,,88530,12,,,1,10,,88542,12,,,1,50,,88561,12,0,6,1,10,,88551,12,,,1,10,,88523,12,,,1,10,,88560,12,0,6,1,10,,88531,12,,,1,12,,88543,12,,,1,55,,88552,12,,,1,30,,88532,12,,,1,70,,88553,12,,,1,30,,88533,12,,,1,69,,88554,12,,,1,30,,88534,12,,,1,70,,88555,12,,,1,30,,88535,12,,,1,70,,88556,12,,,1,30,,88536,12,,,1,70,,88557,12,,,1,32,,88537,12,,,1,68,,88558,12,,,1,30,,88538,12,,,1
900,'20261127',623,,88562,12,,,1,30,,88583,12,,,1,77,,88563,12,,,1,27,,88584,12,,,1,70,,88564,12,,,1,30,,88585,12,,,1,70,,88565,12,,,1,81,,88588,12,,,1,30,,88568,12,,,1,70,,88589,12,,,1,30,,88569,12,,,1,70,,88590,12,,,1,30,,88570,12,,,1,70,,88591,12,,,1,30,,88571,12,,,1,70,,88592,12,,,1,30,,88572,12,,,1,70,,88593,12,,,1,31,,88573,12,,,1,70,,88594,12,,,1,13,,88566,12,,,1,10,,88604,12,0,6,1,10,,88574,12,,,1,10,,88586,12,,,1,50,,88606,12,0,6,1,10,,88595,12,,,1,10,,88567,12,,,1,10,,88605,12,0,6,1,10,,88575,12,,,1,12,,88587,12,,,1,55,,88596,12,,,1,30,,88576,12,,,1,70,,88597,12,,,1,30,,88577,12,,,1,69,,88598,12,,,1,30,,88578,12,,,1,70,,88599,12,,,1,30,,88579,12,,,1,70,,88600,12,,,1,30,,88580,12,,,1,70,,88601,12,,,1,32,,88581,12,,,1,68,,88602,12,,,1,30,,88582,12,,,1,70,,88603,12,,,1
901,'20260917',545,,89131,17,,,1,70,,89152,17,,,1,37,,89132,17,,,1,55,,89150,17,,,1,10,,89153,17,,,1,10,,89173,13,,,1,10,,89170,17,,,1,10,,89133,17,,,1,10,,89172,13,,,1,50,,89151,17,,,1,10,,89154,17,,,1,10,,89174,13,,,1,10,,89171,17,,,1,15,,89134,17,,,1,70,,89155,17,,,1,30,,89135,17,,,1,70,,89156,17,,,1,30,,89136,17,,,1,70,,89157,17,,,1,30,,89137,17,,,1,70,,89158,17,,,1,30,,89138,17,,,1,70,,89159,17,,,1,30,,89139,17,,,1,70,,89160,17,,,1,30,,89140,17,,,1,70,,89161,17,,,1,30,,89141,17,,,1,70,,89162,17,,,1,30,,89142,17,,,1,70,,89163,17,,,1,30,,89143,17,,,1,70,,89164,17,,,1,30,,89144,17,,,1,70,,89165,17,,,1,30,,89145,17,,,1,70,,89166,17,,,1,30,,89146,17,,,1,70,,89167,17,,,1,30,,89147,17,,,1,70,,89168,17,,,1,30,,89148,17,,,1,70,,89169,17,,,1,30,,89149,17,,,1
901,'20260918',545,,89175,17,,,1,70,,89196,17,,,1,37,,89176,17,,,1,55,,89194,17,,,1,10,,89197,17,,,1,10,,89218,13,,,1,10,,89215,17,,,1,10,,89177,17,,,1,10,,89217,13,,,1,50,,89195,17,,,1,10,,89198,17,,,1,10,,89219,13,,,1,10,,89216,17,,,1,15,,89178,17,,,1,70,,89199,17,,,1,30,,89179,17,,,1,70,,89200,17,,,1,30,,89180,17,,,1,70,,89201,17,,,1,30,,89181,17,,,1,70,,89202,17,,,1,30,,89182,17,,,1,70,,89203,17,,,1,30,,89183,17,,,1,70,,89204,17,,,1,30,,89184,17,,,1,70,,89205,17,,,1,30,,89185,17,,,1,70,,89206,17,,,1,30,,89186,17,,,1,70,,89207,17,,,1,30,,89187,17,,,1,70,,89208,17,,,1,30,,89188,17,,,1,70,,89209,17,,,1,30,,89189,17,,,1,70,,89210,17,,,1,30,,89190,17,,,1,70,,89211,17,,,1,30,,89191,17,,,1,70,,89212,17,,,1,30,,89192,17,,,1,70,,89213,17,,,1,30,,89193,17,,,1,70,,89214,17,,,1
901,'20260919',822,,89236,17,,,1,30,,89220,17,,,1,70,,89237,17,,,1,30,,89221,17,,,1,70,,89238,17,,,1,30,,89222,17,,,1,70,,89239,17,,,1,30,,89223,17,,,1,70,,89240,17,,,1,30,,89224,17,,,1,70,,89241,17,,,1,30,,89225,17,,,1,70,,89242,17,,,1,30,,89226,17,,,1,70,,89243,17,,,1,30,,89227,17,,,1,70,,89244,17,,,1,30,,89228,17,,,1,70,,89245,17,,,1,30,,89229,17,,,1,70,,89246,17,,,1,30,,89230,17,,,1,70,,89247,17,,,1,30,,89231,17,,,1,70,,89248,17,,,1,30,,89232,17,,,1,70,,89249,17,,,1,30,,89233,17,,,1,70,,89250,17,,,1,30,,89234,17,,,1,70,,89251,17,,,1,30,,89235,17,,,1,70,,89252,17,,,1
901,'20260920',822,,89269,17,,,1,30,,89253,17,,,1,70,,89270,17,,,1,30,,89254,17,,,1,70,,89271,17,,,1,30,,89255,17,,,1,70,,89272,17,,,1,30,,89256,17,,,1,70,,89273,17,,,1,30,,89257,17,,,1,70,,89274,17,,,1,30,,89258,17,,,1,70,,89275,17,,,1,30,,89259,17,,,1,70,,89276,17,,,1,30,,89260,17,,,1,70,,89277,17,,,1,30,,89261,17,,,1,70,,89278,17,,,1,30,,89262,17,,,1,70,,89279,17,,,1,30,,89263,17,,,1,70,,89280,17,,,1,30,,89264,17,,,1,70,,89281,17,,,1,30,,89265,17,,,1,70,,89282,17,,,1,30,,89266,17,,,1,70,,89283,17,,,1,30,,89267,17,,,1,70,,89284,17,,,1,30,,89268,17,,,1
901,'20260921',545,,89285,17,,,1,70,,89306,17,,,1,37,,89286,17,,,1,55,,89304,17,,,1,10,,89307,17,,,1,10,,89327,13,,,1,10,,89324,17,,,1,10,,89287,17,,,1,10,,89326,13,,,1,50,,89305,17,,,1,10,,89308,17,,,1,10,,89328,13,,,1,10,,89325,17,,,1,15,,89288,17,,,1,70,,89309,17,,,1,30,,89289,17,,,1,70,,89310,17,,,1,30,,89290,17,,,1,70,,89311,17,,,1,30,,89291,17,,,1,70,,89312,17,,,1,30,,89292,17,,,1,70,,89313,17,,,1,30,,89293,17,,,1,70,,89314,17,,,1,30,,89294,17,,,1,70,,89315,17,,,1,30,,89295,17,,,1,70,,89316,17,,,1,30,,89296,17,,,1,70,,89317,17,,,1,30,,89297,17,,,1,70,,89318,17,,,1,30,,89298,17,,,1,70,,89319,17,,,1,30,,89299,17,,,1,70,,89320,17,,,1,30,,89300,17,,,1,70,,89321,17,,,1,30,,89301,17,,,1,70,,89322,17,,,1,30,,89302,17,,,1,70,,89323,17,,,1,30,,89303,17,,,1
901,'20260922',545,,89329,17,,,1,70,,89350,17,,,1,37,,89330,17,,,1,55,,89348,17,,,1,10,,89351,17,,,1,10,,89371,13,,,1,10,,89368,17,,,1,10,,89331,17,,,1,10,,89370,13,,,1,50,,89349,17,,,1,10,,89352,17,,,1,10,,89372,13,,,1,10,,89369,17,,,1,15,,89332,17,,,1,70,,89353,17,,,1,30,,89333,17,,,1,70,,89354,17,,,1,30,,89334,17,,,1,70,,89355,17,,,1,30,,89335,17,,,1,70,,89356,17,,,1,30,,89336,17,,,1,70,,89357,17,,,1,30,,89337,17,,,1,70,,89358,17,,,1,30,,89338,17,,,1,70,,89359,17,,,1,30,,89339,17,,,1,70,,89360,17,,,1,30,,89340,17,,,1,70,,89361,17,,,1,30,,89341,17,,,1,70,,89362,17,,,1,30,,89342,17,,,1,70,,89363,17,,,1,30,,89343,17,,,1,70,,89364,17,,,1,30,,89344,17,,,1,70,,89365,17,,,1,30,,89345,17,,,1,70,,89366,17,,,1,30,,89346,17,,,1,70,,89367,17,,,1,30,,89347,17,,,1
901,'20260923',545,,89373,17,,,1,70,,89394,17,,,1,37,,89374,17,,,1,55,,89392,17,,,1,10,,89395,17,,,1,10,,89415,13,,,1,10,,89412,17,,,1,10,,89375,17,,,1,10,,89414,13,,,1,50,,89393,17,,,1,10,,89396,17,,,1,10,,89416,13,,,1,10,,89413,17,,,1,15,,89376,17,,,1,70,,89397,17,,,1,30,,89377,17,,,1,70,,89398,17,,,1,30,,89378,17,,,1,70,,89399,17,,,1,30,,89379,17,,,1,70,,89400,17,,,1,30,,89380,17,,,1,70,,89401,17,,,1,30,,89381,17,,,1,70,,89402,17,,,1,30,,89382,17,,,1,70,,89403,17,,,1,30,,89383,17,,,1,70,,89404,17,,,1,30,,89384,17,,,1,70,,89405,17,,,1,30,,89385,17,,,1,70,,89406,17,,,1,30,,89386,17,,,1,70,,89407,17,,,1,30,,89387,17,,,1,70,,89408,17,,,1,30,,89388,17,,,1,70,,89409,17,,,1,30,,89389,17,,,1,70,,89410,17,,,1,30,,89390,17,,,1,70,,89411,17,,,1,30,,89391,17,,,1
901,'20260924',545,,89417,17,,,1,70,,89438,17,,,1,37,,89418,17,,,1,55,,89436,17,,,1,10,,89439,17,,,1,10,,89459,13,,,1,10,,89456,17,,,1,10,,89419,17,,,1,10,,89458,13,,,1,50,,89437,17,,,1,10,,89440,17,,,1,10,,89460,13,,,1,10,,89457,17,,,1,15,,89420,17,,,1,70,,89441,17,,,1,30,,89421,17,,,1,70,,89442,17,,,1,30,,89422,17,,,1,70,,89443,17,,,1,30,,89423,17,,,1,70,,89444,17,,,1,30,,89424,17,,,1,70,,89445,17,,,1,30,,89425,17,,,1,70,,89446,17,,,1,30,,89426,17,,,1,70,,89447,17,,,1,30,,89427,17,,,1,70,,89448,17,,,1,30,,89428,17,,,1,70,,89449,17,,,1,30,,89429,17,,,1,70,,89450,17,,,1,30,,89430,17,,,1,70,,89451,17,,,1,30,,89431,17,,,1,70,,89452,17,,,1,30,,89432,17,,,1,70,,89453,17,,,1,30,,89433,17,,,1,70,,89454,17,,,1,30,,89434,17,,,1,70,,89455,17,,,1,30,,89435,17,,,1
901,'20260925',545,,89461,17,,,1,70,,89482,17,,,1,37,,89462,17,,,1,55,,89480,17,,,1,10,,89483,17,,,1,10,,89504,13,,,1,10,,89501,17,,,1,10,,89463,17,,,1,10,,89503,13,,,1,50,,89481,17,,,1,10,,89484,17,,,1,10,,89505,13,,,1,10,,89502,17,,,1,15,,89464,17,,,1,70,,89485,17,,,1,30,,89465,17,,,1,70,,89486,17,,,1,30,,89466,17,,,1,70,,89487,17,,,1,30,,89467,17,,,1,70,,89488,17,,,1,30,,89468,17,,,1,70,,89489,17,,,1,30,,89469,17,,,1,70,,89490,17,,,1,30,,89470,17,,,1,70,,89491,17,,,1,30,,89471,17,,,1,70,,89492,17,,,1,30,,89472,17,,,1,70,,89493,17,,,1,30,,89473,17,,,1,70,,89494,17,,,1,30,,89474,17,,,1,70,,89495,17,,,1,30,,89475,17,,,1,70,,89496,17,,,1,30,,89476,17,,,1,70,,89497,17,,,1,30,,89477,17,,,1,70,,89498,17,,,1,30,,89478,17,,,1,70,,89499,17,,,1
901,'20260928',545,,89571,17,,,1,70,,89592,17,,,1,37,,89572,17,,,1,55,,89590,17,,,1,10,,89593,17,,,1,10,,89613,13,,,1,10,,89610,17,,,1,10,,89573,17,,,1,10,,89612,13,,,1,50,,89591,17,,,1,10,,89594,17,,,1,10,,89614,13,,,1,10,,89611,17,,,1,15,,89574,17,,,1,70,,89595,17,,,1,30,,89575,17,,,1,70,,89596,17,,,1,30,,89576,17,,,1,70,,89597,17,,,1,30,,89577,17,,,1,70,,89598,17,,,1,30,,89578,17,,,1,70,,89599,17,,,1,30,,89579,17,,,1,70,,89600,17,,,1,30,,89580,17,,,1,70,,89601,17,,,1,30,,89581,17,,,1,70,,89602,17,,,1,30,,89582,17,,,1,70,,89603,17,,,1,30,,89583,17,,,1,70,,89604,17,,,1,30,,89584,17,,,1,70,,89605,17,,,1,30,,89585,17,,,1,70,,89606,17,,,1,30,,89586,17,,,1,70,,89607,17,,,1,30,,89587,17,,,1,70,,89608,17,,,1,30,,89588,17,,,1,70,,89609,17,,,1,30,,89589,17,,,1
901,'20260929',545,,89615,17,,,1,70,,89636,17,,,1,37,,89616,17,,,1,55,,89634,17,,,1,10,,89637,17,,,1,10,,89657,13,,,1,10,,89654,17,,,1,10,,89617,17,,,1,10,,89656,13,,,1,50,,89635,17,,,1,10,,89638,17,,,1,10,,89658,13,,,1,10,,89655,17,,,1,15,,89618,17,,,1,70,,89639,17,,,1,30,,89619,17,,,1,70,,89640,17,,,1,30,,89620,17,,,1,70,,89641,17,,,1,30,,89621,17,,,1,70,,89642,17,,,1,30,,89622,17,,,1,70,,89643,17,,,1,30,,89623,17,,,1,70,,89644,17,,,1,30,,89624,17,,,1,70,,89645,17,,,1,30,,89625,17,,,1,70,,89646,17,,,1,30,,89626,17,,,1,70,,89647,17,,,1,30,,89627,17,,,1,70,,89648,17,,,1,30,,89628,17,,,1,70,,89649,17,,,1,30,,89629,17,,,1,70,,89650,17,,,1,30,,89630,17,,,1,70,,89651,17,,,1,30,,89631,17,,,1,70,,89652,17,,,1,30,,89632,17,,,1,70,,89653,17,,,1,30,,89633,17,,,1
901,'20260930',545,,89659,17,,,1,70,,89680,17,,,1,37,,89660,17,,,1,55,,89678,17,,,1,10,,89681,17,,,1,10,,89701,13,,,1,10,,89698,17,,,1,10,,89661,17,,,1,10,,89700,13,,,1,50,,89679,17,,,1,10,,89682,17,,,1,10,,89702,13,,,1,10,,89699,17,,,1,15,,89662,17,,,1,70,,89683,17,,,1,30,,89663,17,,,1,70,,89684,17,,,1,30,,89664,17,,,1,70,,89685,17,,,1,30,,89665,17,,,1,70,,89686,17,,,1,30,,89666,17,,,1,70,,89687,17,,,1,30,,89667,17,,,1,70,,89688,17,,,1,30,,89668,17,,,1,70,,89689,17,,,1,30,,89669,17,,,1,70,,89690,17,,,1,30,,89670,17,,,1,70,,89691,17,,,1,30,,89671,17,,,1,70,,89692,17,,,1,30,,89672,17,,,1,70,,89693,17,,,1,30,,89673,17,,,1,70,,89694,17,,,1,30,,89674,17,,,1,70,,89695,17,,,1,30,,89675,17,,,1,70,,89696,17,,,1,30,,89676,17,,,1,70,,89697,17,,,1,30,,89677,17,,,1
901,'20261001',545,,89703,17,,,1,70,,89724,17,,,1,37,,89704,17,,,1,55,,89722,17,,,1,10,,89725,17,,,1,10,,89745,13,,,1,10,,89742,17,,,1,10,,89705,17,,,1,10,,89744,13,,,1,50,,89723,17,,,1,10,,89726,17,,,1,10,,89746,13,,,1,10,,89743,17,,,1,15,,89706,17,,,1,70,,89727,17,,,1,30,,89707,17,,,1,70,,89728,17,,,1,30,,89708,17,,,1,70,,89729,17,,,1,30,,89709,17,,,1,70,,89730,17,,,1,30,,89710,17,,,1,70,,89731,17,,,1,30,,89711,17,,,1,70,,89732,17,,,1,30,,89712,17,,,1,70,,89733,17,,,1,30,,89713,17,,,1,70,,89734,17,,,1,30,,89714,17,,,1,70,,89735,17,,,1,30,,89715,17,,,1,70,,89736,17,,,1,30,,89716,17,,,1,70,,89737,17,,,1,30,,89717,17,,,1,70,,89738,17,,,1,30,,89718,17,,,1,70,,89739,17,,,1,30,,89719,17,,,1,70,,89740,17,,,1,30,,89720,17,,,1,70,,89741,17,,,1,30,,89721,17,,,1
901,'20261002',545,,89747,17,,,1,70,,89768,17,,,1,37,,89748,17,,,1,55,,89766,17,,,1,10,,89769,17,,,1,10,,89790,13,,,1,10,,89787,17,,,1,10,,89749,17,,,1,10,,89789,13,,,1,50,,89767,17,,,1,10,,89770,17,,,1,10,,89791,13,,,1,10,,89788,17,,,1,15,,89750,17,,,1,70,,89771,17,,,1,30,,89751,17,,,1,70,,89772,17,,,1,30,,89752,17,,,1,70,,89773,17,,,1,30,,89753,17,,,1,70,,89774,17,,,1,30,,89754,17,,,1,70,,89775,17,,,1,30,,89755,17,,,1,70,,89776,17,,,1,30,,89756,17,,,1,70,,89777,17,,,1,30,,89757,17,,,1,70,,89778,17,,,1,30,,89758,17,,,1,70,,89779,17,,,1,30,,89759,17,,,1,70,,89780,17,,,1,30,,89760,17,,,1,70,,89781,17,,,1,30,,89761,17,,,1,70,,89782,17,,,1,30,,89762,17,,,1,70,,89783,17,,,1,30,,89763,17,,,1,70,,89784,17,,,1,30,,89764,17,,,1,70,,89785,17,,,1,30,,89765,17,,,1,70,,89786,17,,,1
901,'20261003',822,,89808,17,,,1,30,,89792,17,,,1,70,,89809,17,,,1,30,,89793,17,,,1,70,,89810,17,,,1,30,,89794,17,,,1,70,,89811,17,,,1,30,,89795,17,,,1,70,,89812,17,,,1,30,,89796,17,,,1,70,,89813,17,,,1,30,,89797,17,,,1,70,,89814,17,,,1,30,,89798,17,,,1,70,,89815,17,,,1,30,,89799,17,,,1,70,,89816,17,,,1,30,,89800,17,,,1,70,,89817,17,,,1,30,,89801,17,,,1,70,,89818,17,,,1,30,,89802,17,,,1,70,,89819,17,,,1,30,,89803,17,,,1,70,,89820,17,,,1,30,,89804,17,,,1,70,,89821,17,,,1,30,,89805,17,,,1,70,,89822,17,,,1,30,,89806,17,,,1,70,,89823,17,,,1,30,,89807,17,,,1,70,,89824,17,,,1
901,'20261004',822,,89841,17,,,1,30,,92275,17,,,1,70,,89842,17,,,1,30,,92276,17,,,1,70,,89843,17,,,1,30,,92277,17,,,1,70,,89844,17,,,1,30,,92278,17,,,1,70,,89845,17,,,1,30,,92279,17,,,1,70,,89846,17,,,1,30,,92280,17,,,1,70,,89847,17,,,1,30,,92281,17,,,1,70,,89848,17,,,1,30,,92282,17,,,1,70,,89849,17,,,1,30,,92283,17,,,1,70,,89850,17,,,1,30,,92284,17,,,1,70,,89851,17,,,1,30,,92285,17,,,1,70,,89852,17,,,1,30,,92286,17,,,1,70,,89853,17,,,1,30,,92287,17,,,1,70,,89854,17,,,1,30,,92288,17,,,1,70,,89855,17,,,1,30,,92289,17,,,1,70,,89856,17,,,1,30,,92290,17,,,1
901,'20261005',545,,89857,17,,,1,70,,89878,17,,,1,37,,89858,17,,,1,55,,89876,17,,,1,10,,89879,17,,,1,10,,89899,13,,,1,10,,89896,17,,,1,10,,89859,17,,,1,10,,89898,13,,,1,50,,89877,17,,,1,10,,89880,17,,,1,10,,89900,13,,,1,10,,89897,17,,,1,15,,89860,17,,,1,70,,89881,17,,,1,30,,89861,17,,,1,70,,89882,17,,,1,30,,89862,17,,,1,70,,89883,17,,,1,30,,89863,17,,,1,70,,89884,17,,,1,30,,89864,17,,,1,70,,89885,17,,,1,30,,89865,17,,,1,70,,89886,17,,,1,30,,89866,17,,,1,70,,89887,17,,,1,30,,89867,17,,,1,70,,89888,17,,,1,30,,89868,17,,,1,70,,89889,17,,,1,30,,89869,17,,,1,70,,89890,17,,,1,30,,89870,17,,,1,70,,89891,17,,,1,30,,89871,17,,,1,70,,89892,17,,,1,30,,89872,17,,,1,70,,89893,17,,,1,30,,89873,17,,,1,70,,89894,17,,,1,30,,89874,17,,,1,70,,89895,17,,,1,30,,89875,17,,,1
901,'20261006',545,,89901,17,,,1,70,,89922,17,,,1,37,,89902,17,,,1,55,,89920,17,,,1,10,,89923,17,,,1,10,,89943,13,,,1,10,,89940,17,,,1,10,,89903,17,,,1,10,,89942,13,,,1,50,,89921,17,,,1,10,,89924,17,,,1,10,,89944,13,,,1,10,,89941,17,,,1,15,,89904,17,,,1,70,,89925,17,,,1,30,,89905,17,,,1,70,,89926,17,,,1,30,,89906,17,,,1,70,,89927,17,,,1,30,,89907,17,,,1,70,,89928,17,,,1,30,,89908,17,,,1,70,,89929,17,,,1,30,,89909,17,,,1,70,,89930,17,,,1,30,,89910,17,,,1,70,,89931,17,,,1,30,,89911,17,,,1,70,,89932,17,,,1,30,,89912,17,,,1,70,,89933,17,,,1,30,,89913,17,,,1,70,,89934,17,,,1,30,,89914,17,,,1,70,,89935,17,,,1,30,,89915,17,,,1,70,,89936,17,,,1,30,,89916,17,,,1,70,,89937,17,,,1,30,,89917,17,,,1,70,,89938,17,,,1,30,,89918,17,,,1,70,,89939,17,,,1,30,,89919,17,,,1
901,'20261007',545,,89945,17,,,1,70,,89966,17,,,1,37,,89946,17,,,1,55,,89964,17,,,1,10,,89967,17,,,1,10,,89987,13,,,1,10,,89984,17,,,1,10,,89947,17,,,1,10,,89986,13,,,1,50,,89965,17,,,1,10,,89968,17,,,1,10,,89988,13,,,1,10,,89985,17,,,1,15,,89948,17,,,1,70,,89969,17,,,1,30,,89949,17,,,1,70,,89970,17,,,1,30,,89950,17,,,1,70,,89971,17,,,1,30,,89951,17,,,1,70,,89972,17,,,1,30,,89952,17,,,1,70,,89973,17,,,1,30,,89953,17,,,1,70,,89974,17,,,1,30,,89954,17,,,1,70,,89975,17,,,1,30,,89955,17,,,1,70,,89976,17,,,1,30,,89956,17,,,1,70,,89977,17,,,1,30,,89957,17,,,1,70,,89978,17,,,1,30,,89958,17,,,1,70,,89979,17,,,1,30,,89959,17,,,1,70,,89980,17,,,1,30,,89960,17,,,1,70,,89981,17,,,1,30,,89961,17,,,1,70,,89982,17,,,1,30,,89962,17,,,1,70,,89983,17,,,1,30,,89963,17,,,1
901,'20261008',545,,89989,17,,,1,70,,90010,17,,,1,37,,89990,17,,,1,55,,90008,17,,,1,10,,90011,17,,,1,10,,90031,13,,,1,10,,90028,17,,,1,10,,89991,17,,,1,10,,90030,13,,,1,50,,90009,17,,,1,10,,90012,17,,,1,10,,90032,13,,,1,10,,90029,17,,,1,15,,89992,17,,,1,70,,90013,17,,,1,30,,89993,17,,,1,70,,90014,17,,,1,30,,89994,17,,,1,70,,90015,17,,,1,30,,89995,17,,,1,70,,90016,17,,,1,30,,89996,17,,,1,70,,90017,17,,,1,30,,89997,17,,,1,70,,90018,17,,,1,30,,89998,17,,,1,70,,90019,17,,,1,30,,89999,17,,,1,70,,90020,17,,,1,30,,90000,17,,,1,70,,90021,17,,,1,30,,90001,17,,,1,70,,90022,17,,,1,30,,90002,17,,,1,70,,90023,17,,,1,30,,90003,17,,,1,70,,90024,17,,,1,30,,90004,17,,,1,70,,90025,17,,,1,30,,90005,17,,,1,70,,90026,17,,,1,30,,90006,17,,,1,70,,90027,17,,,1,30,,90007,17,,,1
901,'20261009',545,,90033,17,,,1,70,,90054,17,,,1,37,,90034,17,,,1,55,,90052,17,,,1,10,,90055,17,,,1,10,,90076,13,,,1,10,,90073,17,,,1,10,,90035,17,,,1,10,,90075,13,,,1,50,,90053,17,,,1,10,,90056,17,,,1,10,,90077,13,,,1,10,,90074,17,,,1,15,,90036,17,,,1,70,,90057,17,,,1,30,,90037,17,,,1,70,,90058,17,,,1,30,,90038,17,,,1,70,,90059,17,,,1,30,,90039,17,,,1,70,,90060,17,,,1,30,,90040,17,,,1,70,,90061,17,,,1,30,,90041,17,,,1,70,,90062,17,,,1,30,,90042,17,,,1,70,,90063,17,,,1,30,,90043,17,,,1,70,,90064,17,,,1,30,,90044,17,,,1,70,,90065,17,,,1,30,,90045,17,,,1,70,,90066,17,,,1,30,,90046,17,,,1,70,,90067,17,,,1,30,,90047,17,,,1,70,,90068,17,,,1,30,,90048,17,,,1,70,,90069,17,,,1,30,,90049,17,,,1,70,,90070,17,,,1,30,,90050,17,,,1,70,,90071,17,,,1,30,,90051,17,,,1,70,,90072,17,,,1
901,'20261010',822,,90094,17,,,1,30,,90078,17,,,1,70,,90095,17,,,1,30,,90079,17,,,1,70,,90096,17,,,1,30,,90080,17,,,1,70,,90097,17,,,1,30,,90081,17,,,1,70,,90098,17,,,1,30,,90082,17,,,1,70,,90099,17,,,1,30,,90083,17,,,1,70,,90100,17,,,1,30,,90084,17,,,1,70,,90101,17,,,1,30,,90085,17,,,1,70,,90102,17,,,1,30,,90086,17,,,1,70,,90103,17,,,1,30,,90087,17,,,1,70,,90104,17,,,1,30,,90088,17,,,1,70,,90105,17,,,1,30,,90089,17,,,1,70,,90106,17,,,1,30,,90090,17,,,1,70,,90107,17,,,1,30,,90091,17,,,1,70,,90108,17,,,1,30,,90092,17,,,1,70,,90109,17,,,1,30,,90093,17,,,1,70,,90110,17,,,1
901,'20261011',822,,90127,17,,,1,30,,92291,17,,,1,70,,90128,17,,,1,30,,92292,17,,,1,70,,90129,17,,,1,30,,92293,17,,,1,70,,90130,17,,,1,30,,92294,17,,,1,70,,90131,17,,,1,30,,92295,17,,,1,70,,90132,17,,,1,30,,92296,17,,,1,70,,90133,17,,,1,30,,92297,17,,,1,70,,90134,17,,,1,30,,92298,17,,,1,70,,90135,17,,,1,30,,92299,17,,,1,70,,90136,17,,,1,30,,92300,17,,,1,70,,90137,17,,,1,30,,92301,17,,,1,70,,90138,17,,,1,30,,92302,17,,,1,70,,90139,17,,,1,30,,92303,17,,,1,70,,90140,17,,,1,30,,92304,17,,,1,70,,90141,17,,,1,30,,92305,17,,,1,70,,90142,17,,,1,30,,92306,17,,,1
901,'20261012',545,,90143,17,,,1,70,,90164,17,,,1,37,,90144,17,,,1,55,,90162,17,,,1,10,,90165,17,,,1,10,,90185,13,,,1,10,,90182,17,,,1,10,,90145,17,,,1,10,,90184,13,,,1,50,,90163,17,,,1,10,,90166,17,,,1,10,,90186,13,,,1,10,,90183,17,,,1,15,,90146,17,,,1,70,,90167,17,,,1,30,,90147,17,,,1,70,,90168,17,,,1,30,,90148,17,,,1,70,,90169,17,,,1,30,,90149,17,,,1,70,,90170,17,,,1,30,,90150,17,,,1,70,,90171,17,,,1,30,,90151,17,,,1,70,,90172,17,,,1,30,,90152,17,,,1,70,,90173,17,,,1,30,,90153,17,,,1,70,,90174,17,,,1,30,,90154,17,,,1,70,,90175,17,,,1,30,,90155,17,,,1,70,,90176,17,,,1,30,,90156,17,,,1,70,,90177,17,,,1,30,,90157,17,,,1,70,,90178,17,,,1,30,,90158,17,,,1,70,,90179,17,,,1,30,,90159,17,,,1,70,,90180,17,,,1,30,,90160,17,,,1,70,,90181,17,,,1,30,,90161,17,,,1
901,'20261013',545,,90187,17,,,1,70,,90208,17,,,1,37,,90188,17,,,1,55,,90206,17,,,1,10,,90209,17,,,1,10,,90229,13,,,1,10,,90226,17,,,1,10,,90189,17,,,1,10,,90228,13,,,1,50,,90207,17,,,1,10,,90210,17,,,1,10,,90230,13,,,1,10,,90227,17,,,1,15,,90190,17,,,1,70,,90211,17,,,1,30,,90191,17,,,1,70,,90212,17,,,1,30,,90192,17,,,1,70,,90213,17,,,1,30,,90193,17,,,1,70,,90214,17,,,1,30,,90194,17,,,1,70,,90215,17,,,1,30,,90195,17,,,1,70,,90216,17,,,1,30,,90196,17,,,1,70,,90217,17,,,1,30,,90197,17,,,1,70,,90218,17,,,1,30,,90198,17,,,1,70,,90219,17,,,1,30,,90199,17,,,1,70,,90220,17,,,1,30,,90200,17,,,1,70,,90221,17,,,1,30,,90201,17,,,1,70,,90222,17,,,1,30,,90202,17,,,1,70,,90223,17,,,1,30,,90203,17,,,1,70,,90224,17,,,1,30,,90204,17,,,1,70,,90225,17,,,1,30,,90205,17,,,1
901,'20261014',545,,90231,17,,,1,70,,90252,17,,,1,37,,90232,17,,,1,55,,90250,17,,,1,10,,90253,17,,,1,10,,90273,13,,,1,10,,90270,17,,,1,10,,90233,17,,,1,10,,90272,13,,,1,50,,90251,17,,,1,10,,90254,17,,,1,10,,90274,13,,,1,10,,90271,17,,,1,15,,90234,17,,,1,70,,90255,17,,,1,30,,90235,17,,,1,70,,90256,17,,,1,30,,90236,17,,,1,70,,90257,17,,,1,30,,90237,17,,,1,70,,90258,17,,,1,30,,90238,17,,,1,70,,90259,17,,,1,30,,90239,17,,,1,70,,90260,17,,,1,30,,90240,17,,,1,70,,90261,17,,,1,30,,90241,17,,,1,70,,90262,17,,,1,30,,90242,17,,,1,70,,90263,17,,,1,30,,90243,17,,,1,70,,90264,17,,,1,30,,90244,17,,,1,70,,90265,17,,,1,30,,90245,17,,,1,70,,90266,17,,,1,30,,90246,17,,,1,70,,90267,17,,,1,30,,90247,17,,,1,70,,90268,17,,,1,30,,90248,17,,,1,70,,90269,17,,,1,30,,90249,17,,,1
901,'20261015',545,,90275,17,,,1,70,,90296,17,,,1,37,,90276,17,,,1,55,,90294,17,,,1,10,,90297,17,,,1,10,,90317,13,,,1,10,,90314,17,,,1,10,,90277,17,,,1,10,,90316,13,,,1,50,,90295,17,,,1,10,,90298,17,,,1,10,,90318,13,,,1,10,,90315,17,,,1,15,,90278,17,,,1,70,,90299,17,,,1,30,,90279,17,,,1,70,,90300,17,,,1,30,,90280,17,,,1,70,,90301,17,,,1,30,,90281,17,,,1,70,,90302,17,,,1,30,,90282,17,,,1,70,,90303,17,,,1,30,,90283,17,,,1,70,,90304,17,,,1,30,,90284,17,,,1,70,,90305,17,,,1,30,,90285,17,,,1,70,,90306,17,,,1,30,,90286,17,,,1,70,,90307,17,,,1,30,,90287,17,,,1,70,,90308,17,,,1,30,,90288,17,,,1,70,,90309,17,,,1,30,,90289,17,,,1,70,,90310,17,,,1,30,,90290,17,,,1,70,,90311,17,,,1,30,,90291,17,,,1,70,,90312,17,,,1,30,,90292,17,,,1,70,,90313,17,,,1,30,,90293,17,,,1
901,'20261016',545,,90319,17,,,1,70,,90340,17,,,1,37,,90320,17,,,1,55,,90338,17,,,1,10,,90341,17,,,1,10,,90362,13,,,1,10,,90359,17,,,1,10,,90321,17,,,1,10,,90361,13,,,1,50,,90339,17,,,1,10,,90342,17,,,1,10,,90363,13,,,1,10,,90360,17,,,1,15,,90322,17,,,1,70,,90343,17,,,1,30,,90323,17,,,1,70,,90344,17,,,1,30,,90324,17,,,1,70,,90345,17,,,1,30,,90325,17,,,1,70,,90346,17,,,1,30,,90326,17,,,1,70,,90347,17,,,1,30,,90327,17,,,1,70,,90348,17,,,1,30,,90328,17,,,1,70,,90349,17,,,1,30,,90329,17,,,1,70,,90350,17,,,1,30,,90330,17,,,1,70,,90351,17,,,1,30,,90331,17,,,1,70,,90352,17,,,1,30,,90332,17,,,1,70,,90353,17,,,1,30,,90333,17,,,1,70,,90354,17,,,1,30,,90334,17,,,1,70,,90355,17,,,1,30,,90335,17,,,1,70,,90356,17,,,1,30,,90336,17,,,1,70,,90357,17,,,1,30,,90337,17,,,1,70,,90358,17,,,1
901,'20261017',822,,90380,17,,,1,30,,90364,17,,,1,70,,90381,17,,,1,30,,90365,17,,,1,70,,90382,17,,,1,30,,90366,17,,,1,70,,90383,17,,,1,30,,90367,17,,,1,70,,90384,17,,,1,30,,90368,17,,,1,70,,90385,17,,,1,30,,90369,17,,,1,70,,90386,17,,,1,30,,90370,17,,,1,70,,90387,17,,,1,30,,90371,17,,,1,70,,90388,17,,,1,30,,90372,17,,,1,70,,90389,17,,,1,30,,90373,17,,,1,70,,90390,17,,,1,30,,90374,17,,,1,70,,90391,17,,,1,30,,90375,17,,,1,70,,90392,17,,,1,30,,90376,17,,,1,70,,90393,17,,,1,30,,90377,17,,,1,70,,90394,17,,,1,30,,90378,17,,,1,70,,90395,17,,,1,30,,90379,17,,,1,70,,90396,17,,,1
901,'20261018',822,,90413,17,,,1,30,,92307,17,,,1,70,,90414,17,,,1,30,,92308,17,,,1,70,,90415,17,,,1,30,,92309,17,,,1,70,,90416,17,,,1,30,,92310,17,,,1,70,,90417,17,,,1,30,,92311,17,,,1,70,,90418,17,,,1,30,,92312,17,,,1,70,,90419,17,,,1,30,,92313,17,,,1,70,,90420,17,,,1,30,,92314,17,,,1,70,,90421,17,,,1,30,,92315,17,,,1,70,,90422,17,,,1,30,,92316,17,,,1,70,,90423,17,,,1,30,,92317,17,,,1,70,,90424,17,,,1,30,,92318,17,,,1,70,,90425,17,,,1,30,,92319,17,,,1,70,,90426,17,,,1,30,,92320,17,,,1,70,,90427,17,,,1,30,,92321,17,,,1,70,,90428,17,,,1,30,,92322,17,,,1
901,'20261019',545,,90429,17,,,1,70,,90450,17,,,1,37,,90430,17,,,1,55,,90448,17,,,1,10,,90451,17,,,1,10,,90471,13,,,1,10,,90468,17,,,1,10,,90431,17,,,1,10,,90470,13,,,1,50,,90449,17,,,1,10,,90452,17,,,1,10,,90472,13,,,1,10,,90469,17,,,1,15,,90432,17,,,1,70,,90453,17,,,1,30,,90433,17,,,1,70,,90454,17,,,1,30,,90434,17,,,1,70,,90455,17,,,1,30,,90435,17,,,1,70,,90456,17,,,1,30,,90436,17,,,1,70,,90457,17,,,1,30,,90437,17,,,1,70,,90458,17,,,1,30,,90438,17,,,1,70,,90459,17,,,1,30,,90439,17,,,1,70,,90460,17,,,1,30,,90440,17,,,1,70,,90461,17,,,1,30,,90441,17,,,1,70,,90462,17,,,1,30,,90442,17,,,1,70,,90463,17,,,1,30,,90443,17,,,1,70,,90464,17,,,1,30,,90444,17,,,1,70,,90465,17,,,1,30,,90445,17,,,1,70,,90466,17,,,1,30,,90446,17,,,1,70,,90467,17,,,1,30,,90447,17,,,1
901,'20261020',545,,90473,17,,,1,70,,90494,17,,,1,37,,90474,17,,,1,55,,90492,17,,,1,10,,90495,17,,,1,10,,90515,13,,,1,10,,90512,17,,,1,10,,90475,17,,,1,10,,90514,13,,,1,50,,90493,17,,,1,10,,90496,17,,,1,10,,90516,13,,,1,10,,90513,17,,,1,15,,90476,17,,,1,70,,90497,17,,,1,30,,90477,17,,,1,70,,90498,17,,,1,30,,90478,17,,,1,70,,90499,17,,,1,30,,90479,17,,,1,70,,90500,17,,,1,30,,90480,17,,,1,70,,90501,17,,,1,30,,90481,17,,,1,70,,90502,17,,,1,30,,90482,17,,,1,70,,90503,17,,,1,30,,90483,17,,,1,70,,90504,17,,,1,30,,90484,17,,,1,70,,90505,17,,,1,30,,90485,17,,,1,70,,90506,17,,,1,30,,90486,17,,,1,70,,90507,17,,,1,30,,90487,17,,,1,70,,90508,17,,,1,30,,90488,17,,,1,70,,90509,17,,,1,30,,90489,17,,,1,70,,90510,17,,,1,30,,90490,17,,,1,70,,90511,17,,,1,30,,90491,17,,,1
901,'20261021',545,,90517,17,,,1,70,,90538,17,,,1,37,,90518,17,,,1,55,,90536,17,,,1,10,,90539,17,,,1,10,,90559,13,,,1,10,,90556,17,,,1,10,,90519,17,,,1,10,,90558,13,,,1,50,,90537,17,,,1,10,,90540,17,,,1,10,,90560,13,,,1,10,,90557,17,,,1,15,,90520,17,,,1,70,,90541,17,,,1,30,,90521,17,,,1,70,,90542,17,,,1,30,,90522,17,,,1,70,,90543,17,,,1,30,,90523,17,,,1,70,,90544,17,,,1,30,,90524,17,,,1,70,,90545,17,,,1,30,,90525,17,,,1,70,,90546,17,,,1,30,,90526,17,,,1,70,,90547,17,,,1,30,,90527,17,,,1,70,,90548,17,,,1,30,,90528,17,,,1,70,,90549,17,,,1,30,,90529,17,,,1,70,,90550,17,,,1,30,,90530,17,,,1,70,,90551,17,,,1,30,,90531,17,,,1,70,,90552,17,,,1,30,,90532,17,,,1,70,,90553,17,,,1,30,,90533,17,,,1,70,,90554,17,,,1,30,,90534,17,,,1,70,,90555,17,,,1,30,,90535,17,,,1
901,'20261022',545,,90561,17,,,1,70,,90582,17,,,1,37,,90562,17,,,1,55,,90580,17,,,1,10,,90583,17,,,1,10,,90603,13,,,1,10,,90600,17,,,1,10,,90563,17,,,1,10,,90602,13,,,1,50,,90581,17,,,1,10,,90584,17,,,1,10,,90604,13,,,1,10,,90601,17,,,1,15,,90564,17,,,1,70,,90585,17,,,1,30,,90565,17,,,1,70,,90586,17,,,1,30,,90566,17,,,1,70,,90587,17,,,1,30,,90567,17,,,1,70,,90588,17,,,1,30,,90568,17,,,1,70,,90589,17,,,1,30,,90569,17,,,1,70,,90590,17,,,1,30,,90570,17,,,1,70,,90591,17,,,1,30,,90571,17,,,1,70,,90592,17,,,1,30,,90572,17,,,1,70,,90593,17,,,1,30,,90573,17,,,1,70,,90594,17,,,1,30,,90574,17,,,1,70,,90595,17,,,1,30,,90575,17,,,1,70,,90596,17,,,1,30,,90576,17,,,1,70,,90597,17,,,1,30,,90577,17,,,1,70,,90598,17,,,1,30,,90578,17,,,1,70,,90599,17,,,1,30,,90579,17,,,1
901,'20261023',545,,90605,17,,,1,70,,90626,17,,,1,37,,90606,17,,,1,55,,90624,17,,,1,10,,90627,17,,,1,10,,90648,13,,,1,10,,90645,17,,,1,10,,90607,17,,,1,10,,90647,13,,,1,50,,90625,17,,,1,10,,90628,17,,,1,10,,90649,13,,,1,10,,90646,17,,,1,15,,90608,17,,,1,70,,90629,17,,,1,30,,90609,17,,,1,70,,90630,17,,,1,30,,90610,17,,,1,70,,90631,17,,,1,30,,90611,17,,,1,70,,90632,17,,,1,30,,90612,17,,,1,70,,90633,17,,,1,30,,90613,17,,,1,70,,90634,17,,,1,30,,90614,17,,,1,70,,90635,17,,,1,30,,90615,17,,,1,70,,90636,17,,,1,30,,90616,17,,,1,70,,90637,17,,,1,30,,90617,17,,,1,70,,90638,17,,,1,30,,90618,17,,,1,70,,90639,17,,,1,30,,90619,17,,,1,70,,90640,17,,,1,30,,90620,17,,,1,70,,90641,17,,,1,30,,90621,17,,,1,70,,90642,17,,,1,30,,90622,17,,,1,70,,90643,17,,,1,30,,90623,17,,,1,70,,90644,17,,,1
901,'20261024',822,,90666,17,,,1,30,,90650,17,,,1,70,,90667,17,,,1,30,,90651,17,,,1,70,,90668,17,,,1,30,,90652,17,,,1,70,,90669,17,,,1,30,,90653,17,,,1,70,,90670,17,,,1,30,,90654,17,,,1,70,,90671,17,,,1,30,,90655,17,,,1,70,,90672,17,,,1,30,,90656,17,,,1,70,,90673,17,,,1,30,,90657,17,,,1,70,,90674,17,,,1,30,,90658,17,,,1,70,,90675,17,,,1,30,,90659,17,,,1,70,,90676,17,,,1,30,,90660,17,,,1,70,,90677,17,,,1,30,,90661,17,,,1,70,,90678,17,,,1,30,,90662,17,,,1,70,,90679,17,,,1,30,,90663,17,,,1,70,,90680,17,,,1,30,,90664,17,,,1,70,,90681,17,,,1,30,,90665,17,,,1,70,,90682,17,,,1
901,'20261025',822,,90699,17,,,1,30,,92323,17,,,1,70,,90700,17,,,1,30,,92324,17,,,1,70,,90701,17,,,1,30,,92325,17,,,1,70,,90702,17,,,1,30,,92326,17,,,1,70,,90703,17,,,1,30,,92327,17,,,1,70,,90704,17,,,1,30,,92328,17,,,1,70,,90705,17,,,1,30,,92329,17,,,1,70,,90706,17,,,1,30,,92330,17,,,1,70,,90707,17,,,1,30,,92331,17,,,1,70,,90708,17,,,1,30,,92332,17,,,1,70,,90709,17,,,1,30,,92333,17,,,1,70,,90710,17,,,1,30,,92334,17,,,1,70,,90711,17,,,1,30,,92335,17,,,1,70,,90712,17,,,1,30,,92336,17,,,1,70,,90713,17,,,1,30,,92337,17,,,1,70,,90714,17,,,1,30,,92338,17,,,1
901,'20261026',545,,90715,17,,,1,70,,90736,17,,,1,37,,90716,17,,,1,55,,90734,17,,,1,10,,90737,17,,,1,10,,90757,13,,,1,10,,90754,17,,,1,10,,90717,17,,,1,10,,90756,13,,,1,50,,90735,17,,,1,10,,90738,17,,,1,10,,90758,13,,,1,10,,90755,17,,,1,15,,90718,17,,,1,70,,90739,17,,,1,30,,90719,17,,,1,70,,90740,17,,,1,30,,90720,17,,,1,70,,90741,17,,,1,30,,90721,17,,,1,70,,90742,17,,,1,30,,90722,17,,,1,70,,90743,17,,,1,30,,90723,17,,,1,70,,90744,17,,,1,30,,90724,17,,,1,70,,90745,17,,,1,30,,90725,17,,,1,70,,90746,17,,,1,30,,90726,17,,,1,70,,90747,17,,,1,30,,90727,17,,,1,70,,90748,17,,,1,30,,90728,17,,,1,70,,90749,17,,,1,30,,90729,17,,,1,70,,90750,17,,,1,30,,90730,17,,,1,70,,90751,17,,,1,30,,90731,17,,,1,70,,90752,17,,,1,30,,90732,17,,,1,70,,90753,17,,,1,30,,90733,17,,,1
901,'20261027',545,,90759,17,,,1,70,,90780,17,,,1,37,,90760,17,,,1,55,,90778,17,,,1,10,,90781,17,,,1,10,,90801,13,,,1,10,,90798,17,,,1,10,,90761,17,,,1,10,,90800,13,,,1,50,,90779,17,,,1,10,,90782,17,,,1,10,,90802,13,,,1,10,,90799,17,,,1,15,,90762,17,,,1,70,,90783,17,,,1,30,,90763,17,,,1,70,,90784,17,,,1,30,,90764,17,,,1,70,,90785,17,,,1,30,,90765,17,,,1,70,,90786,17,,,1,30,,90766,17,,,1,70,,90787,17,,,1,30,,90767,17,,,1,70,,90788,17,,,1,30,,90768,17,,,1,70,,90789,17,,,1,30,,90769,17,,,1,70,,90790,17,,,1,30,,90770,17,,,1,70,,90791,17,,,1,30,,90771,17,,,1,70,,90792,17,,,1,30,,90772,17,,,1,70,,90793,17,,,1,30,,90773,17,,,1,70,,90794,17,,,1,30,,90774,17,,,1,70,,90795,17,,,1,30,,90775,17,,,1,70,,90796,17,,,1,30,,90776,17,,,1,70,,90797,17,,,1,30,,90777,17,,,1
901,'20261028',545,,90803,17,,,1,70,,90824,17,,,1,37,,90804,17,,,1,55,,90822,17,,,1,10,,90825,17,,,1,10,,90845,13,,,1,10,,90842,17,,,1,10,,90805,17,,,1,10,,90844,13,,,1,50,,90823,17,,,1,10,,90826,17,,,1,10,,90846,13,,,1,10,,90843,17,,,1,15,,90806,17,,,1,70,,90827,17,,,1,30,,90807,17,,,1,70,,90828,17,,,1,30,,90808,17,,,1,70,,90829,17,,,1,30,,90809,17,,,1,70,,90830,17,,,1,30,,90810,17,,,1,70,,90831,17,,,1,30,,90811,17,,,1,70,,90832,17,,,1,30,,90812,17,,,1,70,,90833,17,,,1,30,,90813,17,,,1,70,,90834,17,,,1,30,,90814,17,,,1,70,,90835,17,,,1,30,,90815,17,,,1,70,,90836,17,,,1,30,,90816,17,,,1,70,,90837,17,,,1,30,,90817,17,,,1,70,,90838,17,,,1,30,,90818,17,,,1,70,,90839,17,,,1,30,,90819,17,,,1,70,,90840,17,,,1,30,,90820,17,,,1,70,,90841,17,,,1,30,,90821,17,,,1
901,'20261029',545,,90847,17,,,1,70,,90868,17,,,1,37,,90848,17,,,1,55,,90866,17,,,1,10,,90869,17,,,1,10,,90889,13,,,1,10,,90886,17,,,1,10,,90849,17,,,1,10,,90888,13,,,1,50,,90867,17,,,1,10,,90870,17,,,1,10,,90890,13,,,1,10,,90887,17,,,1,15,,90850,17,,,1,70,,90871,17,,,1,30,,90851,17,,,1,70,,90872,17,,,1,30,,90852,17,,,1,70,,90873,17,,,1,30,,90853,17,,,1,70,,90874,17,,,1,30,,90854,17,,,1,70,,90875,17,,,1,30,,90855,17,,,1,70,,90876,17,,,1,30,,90856,17,,,1,70,,90877,17,,,1,30,,90857,17,,,1,70,,90878,17,,,1,30,,90858,17,,,1,70,,90879,17,,,1,30,,90859,17,,,1,70,,90880,17,,,1,30,,90860,17,,,1,70,,90881,17,,,1,30,,90861,17,,,1,70,,90882,17,,,1,30,,90862,17,,,1,70,,90883,17,,,1,30,,90863,17,,,1,70,,90884,17,,,1,30,,90864,17,,,1,70,,90885,17,,,1,30,,90865,17,,,1
901,'20261030',545,,90891,17,,,1,70,,90912,17,,,1,37,,90892,17,,,1,55,,90910,17,,,1,10,,90913,17,,,1,10,,90934,13,,,1,10,,90931,17,,,1,10,,90893,17,,,1,10,,90933,13,,,1,50,,90911,17,,,1,10,,90914,17,,,1,10,,90935,13,,,1,10,,90932,17,,,1,15,,90894,17,,,1,70,,90915,17,,,1,30,,90895,17,,,1,70,,90916,17,,,1,30,,90896,17,,,1,70,,90917,17,,,1,30,,90897,17,,,1,70,,90918,17,,,1,30,,90898,17,,,1,70,,90919,17,,,1,30,,90899,17,,,1,70,,90920,17,,,1,30,,90900,17,,,1,70,,90921,17,,,1,30,,90901,17,,,1,70,,90922,17,,,1,30,,90902,17,,,1,70,,90923,17,,,1,30,,90903,17,,,1,70,,90924,17,,,1,30,,90904,17,,,1,70,,90925,17,,,1,30,,90905,17,,,1,70,,90926,17,,,1,30,,90906,17,,,1,70,,90927,17,,,1,30,,90907,17,,,1,70,,90928,17,,,1,30,,90908,17,,,1,70,,90929,17,,,1,30,,90909,17,,,1,70,,90930,17,,,1
901,'20261031',822,,90952,17,,,1,30,,90936,17,,,1,70,,90953,17,,,1,30,,90937,17,,,1,70,,90954,17,,,1,30,,90938,17,,,1,70,,90955,17,,,1,30,,90939,17,,,1,70,,90956,17,,,1,30,,90940,17,,,1,70,,90957,17,,,1,30,,90941,17,,,1,70,,90958,17,,,1,30,,90942,17,,,1,70,,90959,17,,,1,30,,90943,17,,,1,70,,90960,17,,,1,30,,90944,17,,,1,70,,90961,17,,,1,30,,90945,17,,,1,70,,90962,17,,,1,30,,90946,17,,,1,70,,90963,17,,,1,30,,90947,17,,,1,70,,90964,17,,,1,30,,90948,17,,,1,70,,90965,17,,,1,30,,90949,17,,,1,70,,90966,17,,,1,30,,90950,17,,,1,70,,90967,17,,,1,30,,90951,17,,,1,70,,90968,17,,,1
901,'20261101',822,,90985,17,,,1,30,,92339,17,,,1,70,,90986,17,,,1,30,,92340,17,,,1,70,,90987,17,,,1,30,,92341,17,,,1,70,,90988,17,,,1,30,,92342,17,,,1,70,,90989,17,,,1,30,,92343,17,,,1,70,,90990,17,,,1,30,,92344,17,,,1,70,,90991,17,,,1,30,,92345,17,,,1,70,,90992,17,,,1,30,,92346,17,,,1,70,,90993,17,,,1,30,,92347,17,,,1,70,,90994,17,,,1,30,,92348,17,,,1,70,,90995,17,,,1,30,,92349,17,,,1,70,,90996,17,,,1,30,,92350,17,,,1,70,,90997,17,,,1,30,,92351,17,,,1,70,,90998,17,,,1,30,,92352,17,,,1,70,,90999,17,,,1,30,,92353,17,,,1,70,,91000,17,,,1,30,,92354,17,,,1
901,'20261102',545,,91001,17,,,1,70,,91022,17,,,1,37,,91002,17,,,1,55,,91020,17,,,1,10,,91023,17,,,1,10,,91043,13,,,1,10,,91040,17,,,1,10,,91003,17,,,1,10,,91042,13,,,1,50,,91021,17,,,1,10,,91024,17,,,1,10,,91044,13,,,1,10,,91041,17,,,1,15,,91004,17,,,1,70,,91025,17,,,1,30,,91005,17,,,1,70,,91026,17,,,1,30,,91006,17,,,1,70,,91027,17,,,1,30,,91007,17,,,1,70,,91028,17,,,1,30,,91008,17,,,1,70,,91029,17,,,1,30,,91009,17,,,1,70,,91030,17,,,1,30,,91010,17,,,1,70,,91031,17,,,1,30,,91011,17,,,1,70,,91032,17,,,1,30,,91012,17,,,1,70,,91033,17,,,1,30,,91013,17,,,1,70,,91034,17,,,1,30,,91014,17,,,1,70,,91035,17,,,1,30,,91015,17,,,1,70,,91036,17,,,1,30,,91016,17,,,1,70,,91037,17,,,1,30,,91017,17,,,1,70,,91038,17,,,1,30,,91018,17,,,1,70,,91039,17,,,1,30,,91019,17,,,1
901,'20261103',545,,91045,17,,,1,70,,91066,17,,,1,37,,91046,17,,,1,55,,91064,17,,,1,10,,91067,17,,,1,10,,91087,13,,,1,10,,91084,17,,,1,10,,91047,17,,,1,10,,91086,13,,,1,50,,91065,17,,,1,10,,91068,17,,,1,10,,91088,13,,,1,10,,91085,17,,,1,15,,91048,17,,,1,70,,91069,17,,,1,30,,91049,17,,,1,70,,91070,17,,,1,30,,91050,17,,,1,70,,91071,17,,,1,30,,91051,17,,,1,70,,91072,17,,,1,30,,91052,17,,,1,70,,91073,17,,,1,30,,91053,17,,,1,70,,91074,17,,,1,30,,91054,17,,,1,70,,91075,17,,,1,30,,91055,17,,,1,70,,91076,17,,,1,30,,91056,17,,,1,70,,91077,17,,,1,30,,91057,17,,,1,70,,91078,17,,,1,30,,91058,17,,,1,70,,91079,17,,,1,30,,91059,17,,,1,70,,91080,17,,,1,30,,91060,17,,,1,70,,91081,17,,,1,30,,91061,17,,,1,70,,91082,17,,,1,30,,91062,17,,,1,70,,91083,17,,,1,30,,91063,17,,,1
901,'20261104',545,,91089,17,,,1,70,,91110,17,,,1,37,,91090,17,,,1,55,,91108,17,,,1,10,,91111,17,,,1,10,,91131,13,,,1,10,,91128,17,,,1,10,,91091,17,,,1,10,,91130,13,,,1,50,,91109,17,,,1,10,,91112,17,,,1,10,,91132,13,,,1,10,,91129,17,,,1,15,,91092,17,,,1,70,,91113,17,,,1,30,,91093,17,,,1,70,,91114,17,,,1,30,,91094,17,,,1,70,,91115,17,,,1,30,,91095,17,,,1,70,,91116,17,,,1,30,,91096,17,,,1,70,,91117,17,,,1,30,,91097,17,,,1,70,,91118,17,,,1,30,,91098,17,,,1,70,,91119,17,,,1,30,,91099,17,,,1,70,,91120,17,,,1,30,,91100,17,,,1,70,,91121,17,,,1,30,,91101,17,,,1,70,,91122,17,,,1,30,,91102,17,,,1,70,,91123,17,,,1,30,,91103,17,,,1,70,,91124,17,,,1,30,,91104,17,,,1,70,,91125,17,,,1,30,,91105,17,,,1,70,,91126,17,,,1,30,,91106,17,,,1,70,,91127,17,,,1,30,,91107,17,,,1
901,'20261105',545,,91133,17,,,1,70,,91154,17,,,1,37,,91134,17,,,1,55,,91152,17,,,1,10,,91155,17,,,1,10,,91175,13,,,1,10,,91172,17,,,1,10,,91135,17,,,1,10,,91174,13,,,1,50,,91153,17,,,1,10,,91156,17,,,1,10,,91176,13,,,1,10,,91173,17,,,1,15,,91136,17,,,1,70,,91157,17,,,1,30,,91137,17,,,1,70,,91158,17,,,1,30,,91138,17,,,1,70,,91159,17,,,1,30,,91139,17,,,1,70,,91160,17,,,1,30,,91140,17,,,1,70,,91161,17,,,1,30,,91141,17,,,1,70,,91162,17,,,1,30,,91142,17,,,1,70,,91163,17,,,1,30,,91143,17,,,1,70,,91164,17,,,1,30,,91144,17,,,1,70,,91165,17,,,1,30,,91145,17,,,1,70,,91166,17,,,1,30,,91146,17,,,1,70,,91167,17,,,1,30,,91147,17,,,1,70,,91168,17,,,1,30,,91148,17,,,1,70,,91169,17,,,1,30,,91149,17,,,1,70,,91170,17,,,1,30,,91150,17,,,1,70,,91171,17,,,1,30,,91151,17,,,1
901,'20261106',545,,91177,17,,,1,70,,91198,17,,,1,37,,91178,17,,,1,55,,91196,17,,,1,10,,91199,17,,,1,10,,91220,13,,,1,10,,91217,17,,,1,10,,91179,17,,,1,10,,91219,13,,,1,50,,91197,17,,,1,10,,91200,17,,,1,10,,91221,13,,,1,10,,91218,17,,,1,15,,91180,17,,,1,70,,91201,17,,,1,30,,91181,17,,,1,70,,91202,17,,,1,30,,91182,17,,,1,70,,91203,17,,,1,30,,91183,17,,,1,70,,91204,17,,,1,30,,91184,17,,,1,70,,91205,17,,,1,30,,91185,17,,,1,70,,91206,17,,,1,30,,91186,17,,,1,70,,91207,17,,,1,30,,91187,17,,,1,70,,91208,17,,,1,30,,91188,17,,,1,70,,91209,17,,,1,30,,91189,17,,,1,70,,91210,17,,,1,30,,91190,17,,,1,70,,91211,17,,,1,30,,91191,17,,,1,70,,91212,17,,,1,30,,91192,17,,,1,70,,91213,17,,,1,30,,91193,17,,,1,70,,91214,17,,,1,30,,91194,17,,,1,70,,91215,17,,,1,30,,91195,17,,,1,70,,91216,17,,,1
901,'20261107',822,,91238,17,,,1,30,,91222,17,,,1,70,,91239,17,,,1,30,,91223,17,,,1,70,,91240,17,,,1,30,,91224,17,,,1,70,,91241,17,,,1,30,,91225,17,,,1,70,,91242,17,,,1,30,,91226,17,,,1,70,,91243,17,,,1,30,,91227,17,,,1,70,,91244,17,,,1,30,,91228,17,,,1,70,,91245,17,,,1,30,,91229,17,,,1,70,,91246,17,,,1,30,,91230,17,,,1,70,,91247,17,,,1,30,,91231,17,,,1,70,,91248,17,,,1,30,,91232,17,,,1,70,,91249,17,,,1,30,,91233,17,,,1,70,,91250,17,,,1,30,,91234,17,,,1,70,,91251,17,,,1,30,,91235,17,,,1,70,,91252,17,,,1,30,,91236,17,,,1,70,,91253,17,,,1,30,,91237,17,,,1,70,,91254,17,,,1
901,'20261108',822,,91271,17,,,1,30,,92355,17,,,1,70,,91272,17,,,1,30,,92356,17,,,1,70,,91273,17,,,1,30,,92357,17,,,1,70,,91274,17,,,1,30,,92358,17,,,1,70,,91275,17,,,1,30,,92359,17,,,1,70,,91276,17,,,1,30,,92360,17,,,1,70,,91277,17,,,1,30,,92361,17,,,1,70,,91278,17,,,1,30,,92362,17,,,1,70,,91279,17,,,1,30,,92363,17,,,1,70,,91280,17,,,1,30,,92364,17,,,1,70,,91281,17,,,1,30,,92365,17,,,1,70,,91282,17,,,1,30,,92366,17,,,1,70,,91283,17,,,1,30,,92367,17,,,1,70,,91284,17,,,1,30,,92368,17,,,1,70,,91285,17,,,1,30,,92369,17,,,1,70,,91286,17,,,1,30,,92370,17,,,1
901,'20261109',545,,91287,17,,,1,70,,91308,17,,,1,37,,91288,17,,,1,55,,91306,17,,,1,10,,91309,17,,,1,10,,91329,13,,,1,10,,91326,17,,,1,10,,91289,17,,,1,10,,91328,13,,,1,50,,91307,17,,,1,10,,91310,17,,,1,10,,91330,13,,,1,10,,91327,17,,,1,15,,91290,17,,,1,70,,91311,17,,,1,30,,91291,17,,,1,70,,91312,17,,,1,30,,91292,17,,,1,70,,91313,17,,,1,30,,91293,17,,,1,70,,91314,17,,,1,30,,91294,17,,,1,70,,91315,17,,,1,30,,91295,17,,,1,70,,91316,17,,,1,30,,91296,17,,,1,70,,91317,17,,,1,30,,91297,17,,,1,70,,91318,17,,,1,30,,91298,17,,,1,70,,91319,17,,,1,30,,91299,17,,,1,70,,91320,17,,,1,30,,91300,17,,,1,70,,91321,17,,,1,30,,91301,17,,,1,70,,91322,17,,,1,30,,91302,17,,,1,70,,91323,17,,,1,30,,91303,17,,,1,70,,91324,17,,,1,30,,91304,17,,,1,70,,91325,17,,,1,30,,91305,17,,,1
901,'20261110',545,,91331,17,,,1,70,,91352,17,,,1,37,,91332,17,,,1,55,,91350,17,,,1,10,,91353,17,,,1,10,,91373,13,,,1,10,,91370,17,,,1,10,,91333,17,,,1,10,,91372,13,,,1,50,,91351,17,,,1,10,,91354,17,,,1,10,,91374,13,,,1,10,,91371,17,,,1,15,,91334,17,,,1,70,,91355,17,,,1,30,,91335,17,,,1,70,,91356,17,,,1,30,,91336,17,,,1,70,,91357,17,,,1,30,,91337,17,,,1,70,,91358,17,,,1,30,,91338,17,,,1,70,,91359,17,,,1,30,,91339,17,,,1,70,,91360,17,,,1,30,,91340,17,,,1,70,,91361,17,,,1,30,,91341,17,,,1,70,,91362,17,,,1,30,,91342,17,,,1,70,,91363,17,,,1,30,,91343,17,,,1,70,,91364,17,,,1,30,,91344,17,,,1,70,,91365,17,,,1,30,,91345,17,,,1,70,,91366,17,,,1,30,,91346,17,,,1,70,,91367,17,,,1,30,,91347,17,,,1,70,,91368,17,,,1,30,,91348,17,,,1,70,,91369,17,,,1,30,,91349,17,,,1
901,'20261111',545,,91375,17,,,1,70,,91396,17,,,1,37,,91376,17,,,1,55,,91394,17,,,1,10,,91397,17,,,1,10,,91417,13,,,1,10,,91414,17,,,1,10,,91377,17,,,1,10,,91416,13,,,1,50,,91395,17,,,1,10,,91398,17,,,1,10,,91418,13,,,1,10,,91415,17,,,1,15,,91378,17,,,1,70,,91399,17,,,1,30,,91379,17,,,1,70,,91400,17,,,1,30,,91380,17,,,1,70,,91401,17,,,1,30,,91381,17,,,1,70,,91402,17,,,1,30,,91382,17,,,1,70,,91403,17,,,1,30,,91383,17,,,1,70,,91404,17,,,1,30,,91384,17,,,1,70,,91405,17,,,1,30,,91385,17,,,1,70,,91406,17,,,1,30,,91386,17,,,1,70,,91407,17,,,1,30,,91387,17,,,1,70,,91408,17,,,1,30,,91388,17,,,1,70,,91409,17,,,1,30,,91389,17,,,1,70,,91410,17,,,1,30,,91390,17,,,1,70,,91411,17,,,1,30,,91391,17,,,1,70,,91412,17,,,1,30,,91392,17,,,1,70,,91413,17,,,1,30,,91393,17,,,1
901,'20261112',545,,91419,17,,,1,70,,91440,17,,,1,37,,91420,17,,,1,55,,91438,17,,,1,10,,91441,17,,,1,10,,91461,13,,,1,10,,91458,17,,,1,10,,91421,17,,,1,10,,91460,13,,,1,50,,91439,17,,,1,10,,91442,17,,,1,10,,91462,13,,,1,10,,91459,17,,,1,15,,91422,17,,,1,70,,91443,17,,,1,30,,91423,17,,,1,70,,91444,17,,,1,30,,91424,17,,,1,70,,91445,17,,,1,30,,91425,17,,,1,70,,91446,17,,,1,30,,91426,17,,,1,70,,91447,17,,,1,30,,91427,17,,,1,70,,91448,17,,,1,30,,91428,17,,,1,70,,91449,17,,,1,30,,91429,17,,,1,70,,91450,17,,,1,30,,91430,17,,,1,70,,91451,17,,,1,30,,91431,17,,,1,70,,91452,17,,,1,30,,91432,17,,,1,70,,91453,17,,,1,30,,91433,17,,,1,70,,91454,17,,,1,30,,91434,17,,,1,70,,91455,17,,,1,30,,91435,17,,,1,70,,91456,17,,,1,30,,91436,17,,,1,70,,91457,17,,,1,30,,91437,17,,,1
901,'20261113',545,,91463,17,,,1,70,,91484,17,,,1,37,,91464,17,,,1,55,,91482,17,,,1,10,,91485,17,,,1,10,,91506,13,,,1,10,,91503,17,,,1,10,,91465,17,,,1,10,,91505,13,,,1,50,,91483,17,,,1,10,,91486,17,,,1,10,,91507,13,,,1,10,,91504,17,,,1,15,,91466,17,,,1,70,,91487,17,,,1,30,,91467,17,,,1,70,,91488,17,,,1,30,,91468,17,,,1,70,,91489,17,,,1,30,,91469,17,,,1,70,,91490,17,,,1,30,,91470,17,,,1,70,,91491,17,,,1,30,,91471,17,,,1,70,,91492,17,,,1,30,,91472,17,,,1,70,,91493,17,,,1,30,,91473,17,,,1,70,,91494,17,,,1,30,,91474,17,,,1,70,,91495,17,,,1,30,,91475,17,,,1,70,,91496,17,,,1,30,,91476,17,,,1,70,,91497,17,,,1,30,,91477,17,,,1,70,,91498,17,,,1,30,,91478,17,,,1,70,,91499,17,,,1,30,,91479,17,,,1,70,,91500,17,,,1,30,,91480,17,,,1,70,,91501,17,,,1,30,,91481,17,,,1,70,,91502,17,,,1
901,'20261114',822,,91524,17,,,1,30,,91508,17,,,1,70,,91525,17,,,1,30,,91509,17,,,1,70,,91526,17,,,1,30,,91510,17,,,1,70,,91527,17,,,1,30,,91511,17,,,1,70,,91528,17,,,1,30,,91512,17,,,1,70,,91529,17,,,1,30,,91513,17,,,1,70,,91530,17,,,1,30,,91514,17,,,1,70,,91531,17,,,1,30,,91515,17,,,1,70,,91532,17,,,1,30,,91516,17,,,1,70,,91533,17,,,1,30,,91517,17,,,1,70,,91534,17,,,1,30,,91518,17,,,1,70,,91535,17,,,1,30,,91519,17,,,1,70,,91536,17,,,1,30,,91520,17,,,1,70,,91537,17,,,1,30,,91521,17,,,1,70,,91538,17,,,1,30,,91522,17,,,1,70,,91539,17,,,1,30,,91523,17,,,1,70,,91540,17,,,1
901,'20261115',822,,91557,17,,,1,30,,92371,17,,,1,70,,91558,17,,,1,30,,92372,17,,,1,70,,91559,17,,,1,30,,92373,17,,,1,70,,91560,17,,,1,30,,92374,17,,,1,70,,91561,17,,,1,30,,92375,17,,,1,70,,91562,17,,,1,30,,92376,17,,,1,70,,91563,17,,,1,30,,92377,17,,,1,70,,91564,17,,,1,30,,92378,17,,,1,70,,91565,17,,,1,30,,92379,17,,,1,70,,91566,17,,,1,30,,92380,17,,,1,70,,91567,17,,,1,30,,92381,17,,,1,70,,91568,17,,,1,30,,92382,17,,,1,70,,91569,17,,,1,30,,92383,17,,,1,70,,91570,17,,,1,30,,92384,17,,,1,70,,91571,17,,,1,30,,92385,17,,,1,70,,91572,17,,,1,30,,92386,17,,,1
901,'20261116',545,,91573,17,,,1,70,,91594,17,,,1,37,,91574,17,,,1,55,,91592,17,,,1,10,,91595,17,,,1,10,,91615,13,,,1,10,,91612,17,,,1,10,,91575,17,,,1,10,,91614,13,,,1,50,,91593,17,,,1,10,,91596,17,,,1,10,,91616,13,,,1,10,,91613,17,,,1,15,,91576,17,,,1,70,,91597,17,,,1,30,,91577,17,,,1,70,,91598,17,,,1,30,,91578,17,,,1,70,,91599,17,,,1,30,,91579,17,,,1,70,,91600,17,,,1,30,,91580,17,,,1,70,,91601,17,,,1,30,,91581,17,,,1,70,,91602,17,,,1,30,,91582,17,,,1,70,,91603,17,,,1,30,,91583,17,,,1,70,,91604,17,,,1,30,,91584,17,,,1,70,,91605,17,,,1,30,,91585,17,,,1,70,,91606,17,,,1,30,,91586,17,,,1,70,,91607,17,,,1,30,,91587,17,,,1,70,,91608,17,,,1,30,,91588,17,,,1,70,,91609,17,,,1,30,,91589,17,,,1,70,,91610,17,,,1,30,,91590,17,,,1,70,,91611,17,,,1,30,,91591,17,,,1
901,'20261117',545,,91617,17,,,1,70,,91638,17,,,1,37,,91618,17,,,1,55,,91636,17,,,1,10,,91639,17,,,1,10,,91659,13,,,1,10,,91656,17,,,1,10,,91619,17,,,1,10,,91658,13,,,1,50,,91637,17,,,1,10,,91640,17,,,1,10,,91660,13,,,1,10,,91657,17,,,1,15,,91620,17,,,1,70,,91641,17,,,1,30,,91621,17,,,1,70,,91642,17,,,1,30,,91622,17,,,1,70,,91643,17,,,1,30,,91623,17,,,1,70,,91644,17,,,1,30,,91624,17,,,1,70,,91645,17,,,1,30,,91625,17,,,1,70,,91646,17,,,1,30,,91626,17,,,1,70,,91647,17,,,1,30,,91627,17,,,1,70,,91648,17,,,1,30,,91628,17,,,1,70,,91649,17,,,1,30,,91629,17,,,1,70,,91650,17,,,1,30,,91630,17,,,1,70,,91651,17,,,1,30,,91631,17,,,1,70,,91652,17,,,1,30,,91632,17,,,1,70,,91653,17,,,1,30,,91633,17,,,1,70,,91654,17,,,1,30,,91634,17,,,1,70,,91655,17,,,1,30,,91635,17,,,1
901,'20261118',545,,91661,17,,,1,70,,91682,17,,,1,37,,91662,17,,,1,55,,91680,17,,,1,10,,91683,17,,,1,10,,91703,13,,,1,10,,91700,17,,,1,10,,91663,17,,,1,10,,91702,13,,,1,50,,91681,17,,,1,10,,91684,17,,,1,10,,91704,13,,,1,10,,91701,17,,,1,15,,91664,17,,,1,70,,91685,17,,,1,30,,91665,17,,,1,70,,91686,17,,,1,30,,91666,17,,,1,70,,91687,17,,,1,30,,91667,17,,,1,70,,91688,17,,,1,30,,91668,17,,,1,70,,91689,17,,,1,30,,91669,17,,,1,70,,91690,17,,,1,30,,91670,17,,,1,70,,91691,17,,,1,30,,91671,17,,,1,70,,91692,17,,,1,30,,91672,17,,,1,70,,91693,17,,,1,30,,91673,17,,,1,70,,91694,17,,,1,30,,91674,17,,,1,70,,91695,17,,,1,30,,91675,17,,,1,70,,91696,17,,,1,30,,91676,17,,,1,70,,91697,17,,,1,30,,91677,17,,,1,70,,91698,17,,,1,30,,91678,17,,,1,70,,91699,17,,,1,30,,91679,17,,,1
901,'20261119',545,,91705,17,,,1,70,,91726,17,,,1,37,,91706,17,,,1,55,,91724,17,,,1,10,,91727,17,,,1,10,,91747,13,,,1,10,,91744,17,,,1,10,,91707,17,,,1,10,,91746,13,,,1,50,,91725,17,,,1,10,,91728,17,,,1,10,,91748,13,,,1,10,,91745,17,,,1,15,,91708,17,,,1,70,,91729,17,,,1,30,,91709,17,,,1,70,,91730,17,,,1,30,,91710,17,,,1,70,,91731,17,,,1,30,,91711,17,,,1,70,,91732,17,,,1,30,,91712,17,,,1,70,,91733,17,,,1,30,,91713,17,,,1,70,,91734,17,,,1,30,,91714,17,,,1,70,,91735,17,,,1,30,,91715,17,,,1,70,,91736,17,,,1,30,,91716,17,,,1,70,,91737,17,,,1,30,,91717,17,,,1,70,,91738,17,,,1,30,,91718,17,,,1,70,,91739,17,,,1,30,,91719,17,,,1,70,,91740,17,,,1,30,,91720,17,,,1,70,,91741,17,,,1,30,,91721,17,,,1,70,,91742,17,,,1,30,,91722,17,,,1,70,,91743,17,,,1,30,,91723,17,,,1
901,'20261120',545,,91749,17,,,1,70,,91770,17,,,1,37,,91750,17,,,1,55,,91768,17,,,1,10,,91771,17,,,1,10,,91792,13,,,1,10,,91789,17,,,1,10,,91751,17,,,1,10,,91791,13,,,1,50,,91769,17,,,1,10,,91772,17,,,1,10,,91793,13,,,1,10,,91790,17,,,1,15,,91752,17,,,1,70,,91773,17,,,1,30,,91753,17,,,1,70,,91774,17,,,1,30,,91754,17,,,1,70,,91775,17,,,1,30,,91755,17,,,1,70,,91776,17,,,1,30,,91756,17,,,1,70,,91777,17,,,1,30,,91757,17,,,1,70,,91778,17,,,1,30,,91758,17,,,1,70,,91779,17,,,1,30,,91759,17,,,1,70,,91780,17,,,1,30,,91760,17,,,1,70,,91781,17,,,1,30,,91761,17,,,1,70,,91782,17,,,1,30,,91762,17,,,1,70,,91783,17,,,1,30,,91763,17,,,1,70,,91784,17,,,1,30,,91764,17,,,1,70,,91785,17,,,1,30,,91765,17,,,1,70,,91786,17,,,1,30,,91766,17,,,1,70,,91787,17,,,1,30,,91767,17,,,1,70,,91788,17,,,1
901,'20261121',822,,91810,17,,,1,30,,91794,17,,,1,70,,91811,17,,,1,30,,91795,17,,,1,70,,91812,17,,,1,30,,91796,17,,,1,70,,91813,17,,,1,30,,91797,17,,,1,70,,91814,17,,,1,30,,91798,17,,,1,70,,91815,17,,,1,30,,91799,17,,,1,70,,91816,17,,,1,30,,91800,17,,,1,70,,91817,17,,,1,30,,91801,17,,,1,70,,91818,17,,,1,30,,91802,17,,,1,70,,91819,17,,,1,30,,91803,17,,,1,70,,91820,17,,,1,30,,91804,17,,,1,70,,91821,17,,,1,30,,91805,17,,,1,70,,91822,17,,,1,30,,91806,17,,,1,70,,91823,17,,,1,30,,91807,17,,,1,70,,91824,17,,,1,30,,91808,17,,,1,70,,91825,17,,,1,30,,91809,17,,,1,70,,91826,17,,,1
901,'20261122',822,,91843,17,,,1,30,,92387,17,,,1,70,,91844,17,,,1,30,,92388,17,,,1,70,,91845,17,,,1,30,,92389,17,,,1,70,,91846,17,,,1,30,,92390,17,,,1,70,,91847,17,,,1,30,,92391,17,,,1,70,,91848,17,,,1,30,,92392,17,,,1,70,,91849,17,,,1,30,,92393,17,,,1,70,,91850,17,,,1,30,,92394,17,,,1,70,,91851,17,,,1,30,,92395,17,,,1,70,,91852,17,,,1,30,,92396,17,,,1,70,,91853,17,,,1,30,,92397,17,,,1,70,,91854,17,,,1,30,,92398,17,,,1,70,,91855,17,,,1,30,,92399,17,,,1,70,,91856,17,,,1,30,,92400,17,,,1,70,,91857,17,,,1,30,,92401,17,,,1,70,,91858,17,,,1,30,,92402,17,,,1
901,'20261123',545,,91859,17,,,1,70,,91880,17,,,1,37,,91860,17,,,1,55,,91878,17,,,1,10,,91881,17,,,1,10,,91901,13,,,1,10,,91898,17,,,1,10,,91861,17,,,1,10,,91900,13,,,1,50,,91879,17,,,1,10,,91882,17,,,1,10,,91902,13,,,1,10,,91899,17,,,1,15,,91862,17,,,1,70,,91883,17,,,1,30,,91863,17,,,1,70,,91884,17,,,1,30,,91864,17,,,1,70,,91885,17,,,1,30,,91865,17,,,1,70,,91886,17,,,1,30,,91866,17,,,1,70,,91887,17,,,1,30,,91867,17,,,1,70,,91888,17,,,1,30,,91868,17,,,1,70,,91889,17,,,1,30,,91869,17,,,1,70,,91890,17,,,1,30,,91870,17,,,1,70,,91891,17,,,1,30,,91871,17,,,1,70,,91892,17,,,1,30,,91872,17,,,1,70,,91893,17,,,1,30,,91873,17,,,1,70,,91894,17,,,1,30,,91874,17,,,1,70,,91895,17,,,1,30,,91875,17,,,1,70,,91896,17,,,1,30,,91876,17,,,1,70,,91897,17,,,1,30,,91877,17,,,1
901,'20261124',545,,91903,17,,,1,70,,91924,17,,,1,37,,91904,17,,,1,55,,91922,17,,,1,10,,91925,17,,,1,10,,91945,13,,,1,10,,91942,17,,,1,10,,91905,17,,,1,10,,91944,13,,,1,50,,91923,17,,,1,10,,91926,17,,,1,10,,91946,13,,,1,10,,91943,17,,,1,15,,91906,17,,,1,70,,91927,17,,,1,30,,91907,17,,,1,70,,91928,17,,,1,30,,91908,17,,,1,70,,91929,17,,,1,30,,91909,17,,,1,70,,91930,17,,,1,30,,91910,17,,,1,70,,91931,17,,,1,30,,91911,17,,,1,70,,91932,17,,,1,30,,91912,17,,,1,70,,91933,17,,,1,30,,91913,17,,,1,70,,91934,17,,,1,30,,91914,17,,,1,70,,91935,17,,,1,30,,91915,17,,,1,70,,91936,17,,,1,30,,91916,17,,,1,70,,91937,17,,,1,30,,91917,17,,,1,70,,91938,17,,,1,30,,91918,17,,,1,70,,91939,17,,,1,30,,91919,17,,,1,70,,91940,17,,,1,30,,91920,17,,,1,70,,91941,17,,,1,30,,91921,17,,,1
901,'20261125',545,,91947,17,,,1,70,,91968,17,,,1,37,,91948,17,,,1,55,,91966,17,,,1,10,,91969,17,,,1,10,,91989,13,,,1,10,,91986,17,,,1,10,,91949,17,,,1,10,,91988,13,,,1,50,,91967,17,,,1,10,,91970,17,,,1,10,,91990,13,,,1,10,,91987,17,,,1,15,,91950,17,,,1,70,,91971,17,,,1,30,,91951,17,,,1,70,,91972,17,,,1,30,,91952,17,,,1,70,,91973,17,,,1,30,,91953,17,,,1,70,,91974,17,,,1,30,,91954,17,,,1,70,,91975,17,,,1,30,,91955,17,,,1,70,,91976,17,,,1,30,,91956,17,,,1,70,,91977,17,,,1,30,,91957,17,,,1,70,,91978,17,,,1,30,,91958,17,,,1,70,,91979,17,,,1,30,,91959,17,,,1,70,,91980,17,,,1,30,,91960,17,,,1,70,,91981,17,,,1,30,,91961,17,,,1,70,,91982,17,,,1,30,,91962,17,,,1,70,,91983,17,,,1,30,,91963,17,,,1,70,,91984,17,,,1,30,,91964,17,,,1,70,,91985,17,,,1,30,,91965,17,,,1
901,'20261126',545,,91991,17,,,1,70,,92012,17,,,1,37,,91992,17,,,1,55,,92010,17,,,1,10,,92013,17,,,1,10,,92033,13,,,1,10,,92030,17,,,1,10,,91993,17,,,1,10,,92032,13,,,1,50,,92011,17,,,1,10,,92014,17,,,1,10,,92034,13,,,1,10,,92031,17,,,1,15,,91994,17,,,1,70,,92015,17,,,1,30,,91995,17,,,1,70,,92016,17,,,1,30,,91996,17,,,1,70,,92017,17,,,1,30,,91997,17,,,1,70,,92018,17,,,1,30,,91998,17,,,1,70,,92019,17,,,1,30,,91999,17,,,1,70,,92020,17,,,1,30,,92000,17,,,1,70,,92021,17,,,1,30,,92001,17,,,1,70,,92022,17,,,1,30,,92002,17,,,1,70,,92023,17,,,1,30,,92003,17,,,1,70,,92024,17,,,1,30,,92004,17,,,1,70,,92025,17,,,1,30,,92005,17,,,1,70,,92026,17,,,1,30,,92006,17,,,1,70,,92027,17,,,1,30,,92007,17,,,1,70,,92028,17,,,1,30,,92008,17,,,1,70,,92029,17,,,1,30,,92009,17,,,1
901,'20261127',545,,92035,17,,,1,70,,92056,17,,,1,37,,92036,17,,,1,55,,92054,17,,,1,10,,92057,17,,,1,10,,92078,13,,,1,10,,92075,17,,,1,10,,92037,17,,,1,10,,92077,13,,,1,50,,92055,17,,,1,10,,92058,17,,,1,10,,92079,13,,,1,10,,92076,17,,,1,15,,92038,17,,,1,70,,92059,17,,,1,30,,92039,17,,,1,70,,92060,17,,,1,30,,92040,17,,,1,70,,92061,17,,,1,30,,92041,17,,,1,70,,92062,17,,,1,30,,92042,17,,,1,70,,92063,17,,,1,30,,92043,17,,,1,70,,92064,17,,,1,30,,92044,17,,,1,70,,92065,17,,,1,30,,92045,17,,,1,70,,92066,17,,,1,30,,92046,17,,,1,70,,92067,17,,,1,30,,92047,17,,,1,70,,92068,17,,,1,30,,92048,17,,,1,70,,92069,17,,,1,30,,92049,17,,,1,70,,92070,17,,,1,30,,92050,17,,,1,70,,92071,17,,,1,30,,92051,17,,,1,70,,92072,17,,,1,30,,92052,17,,,1,70,,92073,17,,,1,30,,92053,17,,,1,70,,92074,17,,,1
