100,'20260910',617,,65922,7,0,10,1,30,,65945,7,0,11 12,1,77,,65923,7,0,10,1,30,,65946,7,0,11 12,1,70,,65924,7,0,10,1,30,,65947,7,0,11 12,1,70,,65925,7,0,10,1,30,,65948,7,0,11 12,1,70,,65926,7,0,10,1,30,,65949,7,0,11 12,1,70,,65927,7,0,10,1,30,,65960,7,0,13,1,70,,65928,7,0,10,1,30,,65950,7,0,11 12,1,70,,65929,7,0,10,1,30,,65951,7,0,11 12,1,70,,65930,7,0,10,1,30,,65952,7,0,11 12,1,70,,65931,7,0,10,1,18,,65942,7,0,14,1,70,,65939,7,0,14,1,30,,65943,7,0,14,1,70,,65940,7,0,14,1,30,,65944,7,0,15,1,58,,65953,7,0,11 12,1,25,,65932,7,0,10,1,30,,65961,7,0,13,1,70,,65933,7,0,10,1,30,,65954,7,0,11 12,1,70,,65934,7,0,10,1,30,,65955,7,0,11 12,1,70,,65935,7,0,10,1,30,,65956,7,0,11 12,1,70,,65936,7,0,10,1,30,,65957,7,0,11 12,1,57,,65941,7,0,10,1,43,,65958,7,0,11 12,1
100,'20260911',617,,65968,7,0,10,1,30,,65992,7,0,11 12,1,77,,65969,7,0,10,1,30,,65993,7,0,11 12,1,70,,65970,7,0,10,1,30,,65994,7,0,11 12,1,70,,65971,7,0,10,1,30,,65995,7,0,11 12,1,70,,65972,7,0,10,1,30,,65996,7,0,11 12,1,70,,65973,7,0,10,1,30,,66008,7,0,13,1,70,,65974,7,0,10,1,30,,65997,7,0,11 12,1,70,,65975,7,0,10,1,30,,65998,7,0,11 12,1,70,,65976,7,0,10,1,30,,65999,7,0,11 12,1,70,,65977,7,0,10,1,18,,65989,7,0,14,1,70,,65987,7,0,14,1,30,,65990,7,0,14,1,70,,65988,7,0,14,1,30,,65991,7,0,15,1,58,,66000,7,0,11 12,1,25,,65978,7,0,10,1,30,,66009,7,0,13,1,70,,65979,7,0,10,1,30,,66001,7,0,11 12,1,70,,65980,7,0,10,1,30,,66002,7,0,11 12,1,70,,65981,7,0,10,1,30,,66003,7,0,11 12,1,70,,65982,7,0,10,1,30,,66004,7,0,11 12,1,70,,65983,7,0,10,1,30,,66005,7,0,11 12,1,70,,65984,7,0,10,1,30,,66006,7,0,11 12,1
100,'20260912',855,,66032,7,0,11 12,1,58,,66049,7,,,1,12,,66016,7,0,10,1,30,,66033,7,0,11 12,1,70,,66017,7,0,10,1,30,,66034,7,0,11 12,1,63,,66050,7,,,1,7,,66018,7,0,10,1,30,,66035,7,0,11 12,1,70,,66019,7,0,10,1,30,,66036,7,0,11 12,1,70,,66020,7,0,10,1,30,,66037,7,0,11 12,1,70,,66021,7,0,10,1,30,,66047,7,0,13,1,70,,66022,7,0,10,1,30,,66038,7,0,11 12,1,70,,66023,7,0,10,1,30,,66039,7,0,11 12,1,61,,66051,7,,,1,9,,66024,7,0,10,1,30,,66040,7,0,11 12,1,70,,66025,7,0,10,1,30,,66041,7,0,11 12,1,70,,66026,7,0,10,1,6,,66052,7,,,1,24,,66042,7,0,11 12,1,70,,66027,7,0,10,1,30,,66048,7,0,13,1,70,,66028,7,0,10,1,30,,66043,7,0,11 12,1,70,,66029,7,0,10,1,30,,66044,7,0,11 12,1,70,,66030,7,0,10,1,30,,66045,7,0,11 12,1,70,,66031,7,0,10,1,30,,66046,7,0,11 12,1
100,'20260913',855,,66069,7,0,11 12,1,58,,66085,7,,,1,12,,66053,7,0,10,1,30,,66070,7,0,11 12,1,70,,66054,7,0,10,1,30,,66071,7,0,11 12,1,63,,66086,7,,,1,7,,66055,7,0,10,1,30,,66072,7,0,11 12,1,70,,66056,7,0,10,1,30,,66073,7,0,11 12,1,70,,66057,7,0,10,1,30,,66074,7,0,11 12,1,70,,66058,7,0,10,1,30,,66083,7,0,13,1,70,,66059,7,0,10,1,30,,66075,7,0,11 12,1,70,,66060,7,0,10,1,30,,66076,7,0,11 12,1,61,,66087,7,,,1,9,,66061,7,0,10,1,30,,66077,7,0,11 12,1,70,,66062,7,0,10,1,30,,66078,7,0,11 12,1,70,,66063,7,0,10,1,6,,66088,7,,,1,24,,66079,7,0,11 12,1,70,,66064,7,0,10,1,30,,66084,7,0,13,1,70,,66065,7,0,10,1,30,,66080,7,0,11 12,1,70,,66066,7,0,10,1,30,,66081,7,0,11 12,1,70,,66067,7,0,10,1,30,,66082,7,0,11 12,1,70,,66068,7,0,10,1
100,'20260914',617,,66089,7,0,10,1,30,,66112,7,0,11 12,1,77,,66090,7,0,10,1,30,,66113,7,0,11 12,1,70,,66091,7,0,10,1,30,,66114,7,0,11 12,1,70,,66092,7,0,10,1,30,,66115,7,0,11 12,1,70,,66093,7,0,10,1,30,,66116,7,0,11 12,1,70,,66094,7,0,10,1,30,,66127,7,0,13,1,70,,66095,7,0,10,1,30,,66117,7,0,11 12,1,70,,66096,7,0,10,1,30,,66118,7,0,11 12,1,70,,66097,7,0,10,1,30,,66119,7,0,11 12,1,70,,66098,7,0,10,1,18,,66109,7,0,14,1,70,,66106,7,0,14,1,30,,66110,7,0,14,1,70,,66107,7,0,14,1,30,,66111,7,0,15,1,58,,66120,7,0,11 12,1,25,,66099,7,0,10,1,30,,66128,7,0,13,1,70,,66100,7,0,10,1,30,,66121,7,0,11 12,1,70,,66101,7,0,10,1,30,,66122,7,0,11 12,1,70,,66102,7,0,10,1,30,,66123,7,0,11 12,1,70,,66103,7,0,10,1,30,,66124,7,0,11 12,1,57,,66108,7,0,10,1,43,,66125,7,0,11 12,1
100,'20260915',617,,66135,7,0,10,1,30,,66158,7,0,11 12,1,77,,66136,7,0,10,1,30,,66159,7,0,11 12,1,70,,66137,7,0,10,1,30,,66160,7,0,11 12,1,70,,66138,7,0,10,1,30,,66161,7,0,11 12,1,70,,66139,7,0,10,1,30,,66162,7,0,11 12,1,70,,66140,7,0,10,1,30,,66173,7,0,13,1,70,,66141,7,0,10,1,30,,66163,7,0,11 12,1,70,,66142,7,0,10,1,30,,66164,7,0,11 12,1,70,,66143,7,0,10,1,30,,66165,7,0,11 12,1,70,,66144,7,0,10,1,18,,66155,7,0,14,1,70,,66152,7,0,14,1,30,,66156,7,0,14,1,70,,66153,7,0,14,1,30,,66157,7,0,15,1,58,,66166,7,0,11 12,1,25,,66145,7,0,10,1,30,,66174,7,0,13,1,70,,66146,7,0,10,1,30,,66167,7,0,11 12,1,70,,66147,7,0,10,1,30,,66168,7,0,11 12,1,70,,66148,7,0,10,1,30,,66169,7,0,11 12,1,70,,66149,7,0,10,1,30,,66170,7,0,11 12,1,57,,66154,7,0,10,1,43,,66171,7,0,11 12,1
100,'20260916',617,,66181,7,0,10,1,30,,66204,7,0,11 12,1,77,,66182,7,0,10,1,30,,66205,7,0,11 12,1,70,,66183,7,0,10,1,30,,66206,7,0,11 12,1,70,,66184,7,0,10,1,30,,66207,7,0,11 12,1,70,,66185,7,0,10,1,30,,66208,7,0,11 12,1,70,,66186,7,0,10,1,30,,66219,7,0,13,1,70,,66187,7,0,10,1,30,,66209,7,0,11 12,1,70,,66188,7,0,10,1,30,,66210,7,0,11 12,1,70,,66189,7,0,10,1,30,,66211,7,0,11 12,1,70,,66190,7,0,10,1,18,,66201,7,0,14,1,70,,66198,7,0,14,1,30,,66202,7,0,14,1,70,,66199,7,0,14,1,30,,66203,7,0,15,1,58,,66212,7,0,11 12,1,25,,66191,7,0,10,1,30,,66220,7,0,13,1,70,,66192,7,0,10,1,30,,66213,7,0,11 12,1,70,,66193,7,0,10,1,30,,66214,7,0,11 12,1,70,,66194,7,0,10,1,30,,66215,7,0,11 12,1,70,,66195,7,0,10,1,30,,66216,7,0,11 12,1,57,,66200,7,0,10,1,43,,66217,7,0,11 12,1
100,'20260917',617,,66227,7,0,10,1,30,,66250,7,0,11 12,1,77,,66228,7,0,10,1,30,,66251,7,0,11 12,1,70,,66229,7,0,10,1,30,,66252,7,0,11 12,1,70,,66230,7,0,10,1,30,,66253,7,0,11 12,1,70,,66231,7,0,10,1,30,,66254,7,0,11 12,1,70,,66232,7,0,10,1,30,,66265,7,0,13,1,70,,66233,7,0,10,1,30,,66255,7,0,11 12,1,70,,66234,7,0,10,1,30,,66256,7,0,11 12,1,70,,66235,7,0,10,1,30,,66257,7,0,11 12,1,70,,66236,7,0,10,1,18,,66247,7,0,14,1,70,,66244,7,0,14,1,30,,66248,7,0,14,1,70,,66245,7,0,14,1,30,,66249,7,0,15,1,58,,66258,7,0,11 12,1,25,,66237,7,0,10,1,30,,66266,7,0,13,1,70,,66238,7,0,10,1,30,,66259,7,0,11 12,1,70,,66239,7,0,10,1,30,,66260,7,0,11 12,1,70,,66240,7,0,10,1,30,,66261,7,0,11 12,1,70,,66241,7,0,10,1,30,,66262,7,0,11 12,1,57,,66246,7,0,10,1,43,,66263,7,0,11 12,1
100,'20260918',617,,66273,7,0,10,1,30,,66297,7,0,11 12,1,77,,66274,7,0,10,1,30,,66298,7,0,11 12,1,70,,66275,7,0,10,1,30,,66299,7,0,11 12,1,70,,66276,7,0,10,1,30,,66300,7,0,11 12,1,70,,66277,7,0,10,1,30,,66301,7,0,11 12,1,70,,66278,7,0,10,1,30,,66313,7,0,13,1,70,,66279,7,0,10,1,30,,66302,7,0,11 12,1,70,,66280,7,0,10,1,30,,66303,7,0,11 12,1,70,,66281,7,0,10,1,30,,66304,7,0,11 12,1,70,,66282,7,0,10,1,18,,66294,7,0,14,1,70,,66292,7,0,14,1,30,,66295,7,0,14,1,70,,66293,7,0,14,1,30,,66296,7,0,15,1,58,,66305,7,0,11 12,1,25,,66283,7,0,10,1,30,,66314,7,0,13,1,70,,66284,7,0,10,1,30,,66306,7,0,11 12,1,70,,66285,7,0,10,1,30,,66307,7,0,11 12,1,70,,66286,7,0,10,1,30,,66308,7,0,11 12,1,70,,66287,7,0,10,1,30,,66309,7,0,11 12,1,70,,66288,7,0,10,1,30,,66310,7,0,11 12,1,70,,66289,7,0,10,1,30,,66311,7,0,11 12,1
100,'20260919',855,,66337,7,0,11 12,1,58,,66354,7,,,1,12,,66321,7,0,10,1,30,,66338,7,0,11 12,1,70,,66322,7,0,10,1,30,,66339,7,0,11 12,1,63,,66355,7,,,1,7,,66323,7,0,10,1,30,,66340,7,0,11 12,1,70,,66324,7,0,10,1,30,,66341,7,0,11 12,1,70,,66325,7,0,10,1,30,,66342,7,0,11 12,1,70,,66326,7,0,10,1,30,,66352,7,0,13,1,70,,66327,7,0,10,1,30,,66343,7,0,11 12,1,70,,66328,7,0,10,1,30,,66344,7,0,11 12,1,61,,66356,7,,,1,9,,66329,7,0,10,1,30,,66345,7,0,11 12,1,70,,66330,7,0,10,1,30,,66346,7,0,11 12,1,70,,66331,7,0,10,1,6,,66357,7,,,1,24,,66347,7,0,11 12,1,70,,66332,7,0,10,1,30,,66353,7,0,13,1,70,,66333,7,0,10,1,30,,66348,7,0,11 12,1,70,,66334,7,0,10,1,30,,66349,7,0,11 12,1,70,,66335,7,0,10,1,30,,66350,7,0,11 12,1,70,,66336,7,0,10,1,30,,66351,7,0,11 12,1
100,'20260920',855,,66374,7,0,11 12,1,58,,66390,7,,,1,12,,66358,7,0,10,1,30,,66375,7,0,11 12,1,70,,66359,7,0,10,1,30,,66376,7,0,11 12,1,63,,66391,7,,,1,7,,66360,7,0,10,1,30,,66377,7,0,11 12,1,70,,66361,7,0,10,1,30,,66378,7,0,11 12,1,70,,66362,7,0,10,1,30,,66379,7,0,11 12,1,70,,66363,7,0,10,1,30,,66388,7,0,13,1,70,,66364,7,0,10,1,30,,66380,7,0,11 12,1,70,,66365,7,0,10,1,30,,66381,7,0,11 12,1,61,,66392,7,,,1,9,,66366,7,0,10,1,30,,66382,7,0,11 12,1,70,,66367,7,0,10,1,30,,66383,7,0,11 12,1,70,,66368,7,0,10,1,6,,66393,7,,,1,24,,66384,7,0,11 12,1,70,,66369,7,0,10,1,30,,66389,7,0,13,1,70,,66370,7,0,10,1,30,,66385,7,0,11 12,1,70,,66371,7,0,10,1,30,,66386,7,0,11 12,1,70,,66372,7,0,10,1,30,,66387,7,0,11 12,1,70,,66373,7,0,10,1
100,'20260921',617,,66394,7,0,10,1,30,,66417,7,0,11 12,1,77,,66395,7,0,10,1,30,,66418,7,0,11 12,1,70,,66396,7,0,10,1,30,,66419,7,0,11 12,1,70,,66397,7,0,10,1,30,,66420,7,0,11 12,1,70,,66398,7,0,10,1,30,,66421,7,0,11 12,1,70,,66399,7,0,10,1,30,,66432,7,0,13,1,70,,66400,7,0,10,1,30,,66422,7,0,11 12,1,70,,66401,7,0,10,1,30,,66423,7,0,11 12,1,70,,66402,7,0,10,1,30,,66424,7,0,11 12,1,70,,66403,7,0,10,1,18,,66414,7,0,14,1,70,,66411,7,0,14,1,30,,66415,7,0,14,1,70,,66412,7,0,14,1,30,,66416,7,0,15,1,58,,66425,7,0,11 12,1,25,,66404,7,0,10,1,30,,66433,7,0,13,1,70,,66405,7,0,10,1,30,,66426,7,0,11 12,1,70,,66406,7,0,10,1,30,,66427,7,0,11 12,1,70,,66407,7,0,10,1,30,,66428,7,0,11 12,1,70,,66408,7,0,10,1,30,,66429,7,0,11 12,1,57,,66413,7,0,10,1,43,,66430,7,0,11 12,1
100,'20260922',617,,66440,7,0,10,1,30,,66463,7,0,11 12,1,77,,66441,7,0,10,1,30,,66464,7,0,11 12,1,70,,66442,7,0,10,1,30,,66465,7,0,11 12,1,70,,66443,7,0,10,1,30,,66466,7,0,11 12,1,70,,66444,7,0,10,1,30,,66467,7,0,11 12,1,70,,66445,7,0,10,1,30,,66478,7,0,13,1,70,,66446,7,0,10,1,30,,66468,7,0,11 12,1,70,,66447,7,0,10,1,30,,66469,7,0,11 12,1,70,,66448,7,0,10,1,30,,66470,7,0,11 12,1,70,,66449,7,0,10,1,18,,66460,7,0,14,1,70,,66457,7,0,14,1,30,,66461,7,0,14,1,70,,66458,7,0,14,1,30,,66462,7,0,15,1,58,,66471,7,0,11 12,1,25,,66450,7,0,10,1,30,,66479,7,0,13,1,70,,66451,7,0,10,1,30,,66472,7,0,11 12,1,70,,66452,7,0,10,1,30,,66473,7,0,11 12,1,70,,66453,7,0,10,1,30,,66474,7,0,11 12,1,70,,66454,7,0,10,1,30,,66475,7,0,11 12,1,57,,66459,7,0,10,1,43,,66476,7,0,11 12,1
100,'20260923',617,,66486,7,0,10,1,30,,66509,7,0,11 12,1,77,,66487,7,0,10,1,30,,66510,7,0,11 12,1,70,,66488,7,0,10,1,30,,66511,7,0,11 12,1,70,,66489,7,0,10,1,30,,66512,7,0,11 12,1,70,,66490,7,0,10,1,30,,66513,7,0,11 12,1,70,,66491,7,0,10,1,30,,66524,7,0,13,1,70,,66492,7,0,10,1,30,,66514,7,0,11 12,1,70,,66493,7,0,10,1,30,,66515,7,0,11 12,1,70,,66494,7,0,10,1,30,,66516,7,0,11 12,1,70,,66495,7,0,10,1,18,,66506,7,0,14,1,70,,66503,7,0,14,1,30,,66507,7,0,14,1,70,,66504,7,0,14,1,30,,66508,7,0,15,1,58,,66517,7,0,11 12,1,25,,66496,7,0,10,1,30,,66525,7,0,13,1,70,,66497,7,0,10,1,30,,66518,7,0,11 12,1,70,,66498,7,0,10,1,30,,66519,7,0,11 12,1,70,,66499,7,0,10,1,30,,66520,7,0,11 12,1,70,,66500,7,0,10,1,30,,66521,7,0,11 12,1,57,,66505,7,0,10,1,43,,66522,7,0,11 12,1
100,'20260924',617,,66532,7,0,10,1,30,,66555,7,0,11 12,1,77,,66533,7,0,10,1,30,,66556,7,0,11 12,1,70,,66534,7,0,10,1,30,,66557,7,0,11 12,1,70,,66535,7,0,10,1,30,,66558,7,0,11 12,1,70,,66536,7,0,10,1,30,,66559,7,0,11 12,1,70,,66537,7,0,10,1,30,,66570,7,0,13,1,70,,66538,7,0,10,1,30,,66560,7,0,11 12,1,70,,66539,7,0,10,1,30,,66561,7,0,11 12,1,70,,66540,7,0,10,1,30,,66562,7,0,11 12,1,70,,66541,7,0,10,1,18,,66552,7,0,14,1,70,,66549,7,0,14,1,30,,66553,7,0,14,1,70,,66550,7,0,14,1,30,,66554,7,0,15,1,58,,66563,7,0,11 12,1,25,,66542,7,0,10,1,30,,66571,7,0,13,1,70,,66543,7,0,10,1,30,,66564,7,0,11 12,1,70,,66544,7,0,10,1,30,,66565,7,0,11 12,1,70,,66545,7,0,10,1,30,,66566,7,0,11 12,1,70,,66546,7,0,10,1,30,,66567,7,0,11 12,1,57,,66551,7,0,10,1,43,,66568,7,0,11 12,1
100,'20260925',617,,66578,7,0,10,1,30,,66602,7,0,11 12,1,77,,66579,7,0,10,1,30,,66603,7,0,11 12,1,70,,66580,7,0,10,1,30,,66604,7,0,11 12,1,70,,66581,7,0,10,1,30,,66605,7,0,11 12,1,70,,66582,7,0,10,1,30,,66606,7,0,11 12,1,70,,66583,7,0,10,1,30,,66618,7,0,13,1,70,,66584,7,0,10,1,30,,66607,7,0,11 12,1,70,,66585,7,0,10,1,30,,66608,7,0,11 12,1,70,,66586,7,0,10,1,30,,66609,7,0,11 12,1,70,,66587,7,0,10,1,18,,66599,7,0,14,1,70,,66597,7,0,14,1,30,,66600,7,0,14,1,70,,66598,7,0,14,1,30,,66601,7,0,15,1,58,,66610,7,0,11 12,1,25,,66588,7,0,10,1,30,,66619,7,0,13,1,70,,66589,7,0,10,1,30,,66611,7,0,11 12,1,70,,66590,7,0,10,1,30,,66612,7,0,11 12,1,70,,66591,7,0,10,1,30,,66613,7,0,11 12,1,70,,66592,7,0,10,1,30,,66614,7,0,11 12,1,70,,66593,7,0,10,1,30,,66615,7,0,11 12,1,70,,66594,7,0,10,1,30,,66616,7,0,11 12,1
100,'20260926',855,,66642,7,0,11 12,1,58,,66659,7,,,1,12,,66626,7,0,10,1,30,,66643,7,0,11 12,1,70,,66627,7,0,10,1,30,,66644,7,0,11 12,1,63,,66660,7,,,1,7,,66628,7,0,10,1,30,,66645,7,0,11 12,1,70,,66629,7,0,10,1,30,,66646,7,0,11 12,1,70,,66630,7,0,10,1,30,,66647,7,0,11 12,1,70,,66631,7,0,10,1,30,,66657,7,0,13,1,70,,66632,7,0,10,1,30,,66648,7,0,11 12,1,70,,66633,7,0,10,1,30,,66649,7,0,11 12,1,61,,66661,7,,,1,9,,66634,7,0,10,1,30,,66650,7,0,11 12,1,70,,66635,7,0,10,1,30,,66651,7,0,11 12,1,70,,66636,7,0,10,1,6,,66662,7,,,1,24,,66652,7,0,11 12,1,70,,66637,7,0,10,1,30,,66658,7,0,13,1,70,,66638,7,0,10,1,30,,66653,7,0,11 12,1,70,,66639,7,0,10,1,30,,66654,7,0,11 12,1,70,,66640,7,0,10,1,30,,66655,7,0,11 12,1,70,,66641,7,0,10,1,30,,66656,7,0,11 12,1
100,'20260927',855,,66679,7,0,11 12,1,58,,66695,7,,,1,12,,66663,7,0,10,1,30,,66680,7,0,11 12,1,70,,66664,7,0,10,1,30,,66681,7,0,11 12,1,63,,66696,7,,,1,7,,66665,7,0,10,1,30,,66682,7,0,11 12,1,70,,66666,7,0,10,1,30,,66683,7,0,11 12,1,70,,66667,7,0,10,1,30,,66684,7,0,11 12,1,70,,66668,7,0,10,1,30,,66693,7,0,13,1,70,,66669,7,0,10,1,30,,66685,7,0,11 12,1,70,,66670,7,0,10,1,30,,66686,7,0,11 12,1,61,,66697,7,,,1,9,,66671,7,0,10,1,30,,66687,7,0,11 12,1,70,,66672,7,0,10,1,30,,66688,7,0,11 12,1,70,,66673,7,0,10,1,6,,66698,7,,,1,24,,66689,7,0,11 12,1,70,,66674,7,0,10,1,30,,66694,7,0,13,1,70,,66675,7,0,10,1,30,,66690,7,0,11 12,1,70,,66676,7,0,10,1,30,,66691,7,0,11 12,1,70,,66677,7,0,10,1,30,,66692,7,0,11 12,1,70,,66678,7,0,10,1
100,'20260928',617,,66699,7,0,10,1,30,,66722,7,0,11 12,1,77,,66700,7,0,10,1,30,,66723,7,0,11 12,1,70,,66701,7,0,10,1,30,,66724,7,0,11 12,1,70,,66702,7,0,10,1,30,,66725,7,0,11 12,1,70,,66703,7,0,10,1,30,,66726,7,0,11 12,1,70,,66704,7,0,10,1,30,,66737,7,0,13,1,70,,66705,7,0,10,1,30,,66727,7,0,11 12,1,70,,66706,7,0,10,1,30,,66728,7,0,11 12,1,70,,66707,7,0,10,1,30,,66729,7,0,11 12,1,70,,66708,7,0,10,1,18,,66719,7,0,14,1,70,,66716,7,0,14,1,30,,66720,7,0,14,1,70,,66717,7,0,14,1,30,,66721,7,0,15,1,58,,66730,7,0,11 12,1,25,,66709,7,0,10,1,30,,66738,7,0,13,1,70,,66710,7,0,10,1,30,,66731,7,0,11 12,1,70,,66711,7,0,10,1,30,,66732,7,0,11 12,1,70,,66712,7,0,10,1,30,,66733,7,0,11 12,1,70,,66713,7,0,10,1,30,,66734,7,0,11 12,1,57,,66718,7,0,10,1,43,,66735,7,0,11 12,1
100,'20260929',617,,66745,7,0,10,1,30,,66768,7,0,11 12,1,77,,66746,7,0,10,1,30,,66769,7,0,11 12,1,70,,66747,7,0,10,1,30,,66770,7,0,11 12,1,70,,66748,7,0,10,1,30,,66771,7,0,11 12,1,70,,66749,7,0,10,1,30,,66772,7,0,11 12,1,70,,66750,7,0,10,1,30,,66783,7,0,13,1,70,,66751,7,0,10,1,30,,66773,7,0,11 12,1,70,,66752,7,0,10,1,30,,66774,7,0,11 12,1,70,,66753,7,0,10,1,30,,66775,7,0,11 12,1,70,,66754,7,0,10,1,18,,66765,7,0,14,1,70,,66762,7,0,14,1,30,,66766,7,0,14,1,70,,66763,7,0,14,1,30,,66767,7,0,15,1,58,,66776,7,0,11 12,1,25,,66755,7,0,10,1,30,,66784,7,0,13,1,70,,66756,7,0,10,1,30,,66777,7,0,11 12,1,70,,66757,7,0,10,1,30,,66778,7,0,11 12,1,70,,66758,7,0,10,1,30,,66779,7,0,11 12,1,70,,66759,7,0,10,1,30,,66780,7,0,11 12,1,57,,66764,7,0,10,1,43,,66781,7,0,11 12,1
100,'20260930',617,,66791,7,0,10,1,30,,66814,7,0,11 12,1,77,,66792,7,0,10,1,30,,66815,7,0,11 12,1,70,,66793,7,0,10,1,30,,66816,7,0,11 12,1,70,,66794,7,0,10,1,30,,66817,7,0,11 12,1,70,,66795,7,0,10,1,30,,66818,7,0,11 12,1,70,,66796,7,0,10,1,30,,66829,7,0,13,1,70,,66797,7,0,10,1,30,,66819,7,0,11 12,1,70,,66798,7,0,10,1,30,,66820,7,0,11 12,1,70,,66799,7,0,10,1,30,,66821,7,0,11 12,1,70,,66800,7,0,10,1,18,,66811,7,0,14,1,70,,66808,7,0,14,1,30,,66812,7,0,14,1,70,,66809,7,0,14,1,30,,66813,7,0,15,1,58,,66822,7,0,11 12,1,25,,66801,7,0,10,1,30,,66830,7,0,13,1,70,,66802,7,0,10,1,30,,66823,7,0,11 12,1,70,,66803,7,0,10,1,30,,66824,7,0,11 12,1,70,,66804,7,0,10,1,30,,66825,7,0,11 12,1,70,,66805,7,0,10,1,30,,66826,7,0,11 12,1,57,,66810,7,0,10,1,43,,66827,7,0,11 12,1
100,'20261001',617,,66837,7,0,10,1,30,,66860,7,0,11 12,1,77,,66838,7,0,10,1,30,,66861,7,0,11 12,1,70,,66839,7,0,10,1,30,,66862,7,0,11 12,1,70,,66840,7,0,10,1,30,,66863,7,0,11 12,1,70,,66841,7,0,10,1,30,,66864,7,0,11 12,1,70,,66842,7,0,10,1,30,,66875,7,0,13,1,70,,66843,7,0,10,1,30,,66865,7,0,11 12,1,70,,66844,7,0,10,1,30,,66866,7,0,11 12,1,70,,66845,7,0,10,1,30,,66867,7,0,11 12,1,70,,66846,7,0,10,1,18,,66857,7,0,14,1,70,,66854,7,0,14,1,30,,66858,7,0,14,1,70,,66855,7,0,14,1,30,,66859,7,0,15,1,58,,66868,7,0,11 12,1,25,,66847,7,0,10,1,30,,66876,7,0,13,1,70,,66848,7,0,10,1,30,,66869,7,0,11 12,1,70,,66849,7,0,10,1,30,,66870,7,0,11 12,1,70,,66850,7,0,10,1,30,,66871,7,0,11 12,1,70,,66851,7,0,10,1,30,,66872,7,0,11 12,1,57,,66856,7,0,10,1,43,,66873,7,0,11 12,1
100,'20261002',617,,66883,7,0,10,1,30,,66907,7,0,11 12,1,77,,66884,7,0,10,1,30,,66908,7,0,11 12,1,70,,66885,7,0,10,1,30,,66909,7,0,11 12,1,70,,66886,7,0,10,1,30,,66910,7,0,11 12,1,70,,66887,7,0,10,1,30,,66911,7,0,11 12,1,70,,66888,7,0,10,1,30,,66923,7,0,13,1,70,,66889,7,0,10,1,30,,66912,7,0,11 12,1,70,,66890,7,0,10,1,30,,66913,7,0,11 12,1,70,,66891,7,0,10,1,30,,66914,7,0,11 12,1,70,,66892,7,0,10,1,18,,66904,7,0,14,1,70,,66902,7,0,14,1,30,,66905,7,0,14,1,70,,66903,7,0,14,1,30,,66906,7,0,15,1,58,,66915,7,0,11 12,1,25,,66893,7,0,10,1,30,,66924,7,0,13,1,70,,66894,7,0,10,1,30,,66916,7,0,11 12,1,70,,66895,7,0,10,1,30,,66917,7,0,11 12,1,70,,66896,7,0,10,1,30,,66918,7,0,11 12,1,70,,66897,7,0,10,1,30,,66919,7,0,11 12,1,70,,66898,7,0,10,1,30,,66920,7,0,11 12,1,70,,66899,7,0,10,1,30,,66921,7,0,11 12,1
100,'20261003',855,,66947,7,0,11 12,1,58,,66964,7,,,1,12,,66931,7,0,10,1,30,,66948,7,0,11 12,1,70,,66932,7,0,10,1,30,,66949,7,0,11 12,1,63,,66965,7,,,1,7,,66933,7,0,10,1,30,,66950,7,0,11 12,1,70,,66934,7,0,10,1,30,,66951,7,0,11 12,1,70,,66935,7,0,10,1,30,,66952,7,0,11 12,1,70,,66936,7,0,10,1,30,,66962,7,0,13,1,70,,66937,7,0,10,1,30,,66953,7,0,11 12,1,70,,66938,7,0,10,1,30,,66954,7,0,11 12,1,61,,66966,7,,,1,9,,66939,7,0,10,1,30,,66955,7,0,11 12,1,70,,66940,7,0,10,1,30,,66956,7,0,11 12,1,70,,66941,7,0,10,1,6,,66967,7,,,1,24,,66957,7,0,11 12,1,70,,66942,7,0,10,1,30,,66963,7,0,13,1,70,,66943,7,0,10,1,30,,66958,7,0,11 12,1,70,,66944,7,0,10,1,30,,66959,7,0,11 12,1,70,,66945,7,0,10,1,30,,66960,7,0,11 12,1,70,,66946,7,0,10,1,30,,66961,7,0,11 12,1
100,'20261004',855,,66984,7,0,11 12,1,58,,67000,7,,,1,12,,66968,7,0,10,1,30,,66985,7,0,11 12,1,70,,66969,7,0,10,1,30,,66986,7,0,11 12,1,63,,67001,7,,,1,7,,66970,7,0,10,1,30,,66987,7,0,11 12,1,70,,66971,7,0,10,1,30,,66988,7,0,11 12,1,70,,66972,7,0,10,1,30,,66989,7,0,11 12,1,70,,66973,7,0,10,1,30,,66998,7,0,13,1,70,,66974,7,0,10,1,30,,66990,7,0,11 12,1,70,,66975,7,0,10,1,30,,66991,7,0,11 12,1,61,,67002,7,,,1,9,,66976,7,0,10,1,30,,66992,7,0,11 12,1,70,,66977,7,0,10,1,30,,66993,7,0,11 12,1,70,,66978,7,0,10,1,6,,67003,7,,,1,24,,66994,7,0,11 12,1,70,,66979,7,0,10,1,30,,66999,7,0,13,1,70,,66980,7,0,10,1,30,,66995,7,0,11 12,1,70,,66981,7,0,10,1,30,,66996,7,0,11 12,1,70,,66982,7,0,10,1,30,,66997,7,0,11 12,1,70,,66983,7,0,10,1
100,'20261005',617,,67004,7,0,10,1,30,,67027,7,0,11 12,1,77,,67005,7,0,10,1,30,,67028,7,0,11 12,1,70,,67006,7,0,10,1,30,,67029,7,0,11 12,1,70,,67007,7,0,10,1,30,,67030,7,0,11 12,1,70,,67008,7,0,10,1,30,,67031,7,0,11 12,1,70,,67009,7,0,10,1,30,,67042,7,0,13,1,70,,67010,7,0,10,1,30,,67032,7,0,11 12,1,70,,67011,7,0,10,1,30,,67033,7,0,11 12,1,70,,67012,7,0,10,1,30,,67034,7,0,11 12,1,70,,67013,7,0,10,1,18,,67024,7,0,14,1,70,,67021,7,0,14,1,30,,67025,7,0,14,1,70,,67022,7,0,14,1,30,,67026,7,0,15,1,58,,67035,7,0,11 12,1,25,,67014,7,0,10,1,30,,67043,7,0,13,1,70,,67015,7,0,10,1,30,,67036,7,0,11 12,1,70,,67016,7,0,10,1,30,,67037,7,0,11 12,1,70,,67017,7,0,10,1,30,,67038,7,0,11 12,1,70,,67018,7,0,10,1,30,,67039,7,0,11 12,1,57,,67023,7,0,10,1,43,,67040,7,0,11 12,1
100,'20261006',617,,67050,7,0,10,1,30,,67073,7,0,11 12,1,77,,67051,7,0,10,1,30,,67074,7,0,11 12,1,70,,67052,7,0,10,1,30,,67075,7,0,11 12,1,70,,67053,7,0,10,1,30,,67076,7,0,11 12,1,70,,67054,7,0,10,1,30,,67077,7,0,11 12,1,70,,67055,7,0,10,1,30,,67088,7,0,13,1,70,,67056,7,0,10,1,30,,67078,7,0,11 12,1,70,,67057,7,0,10,1,30,,67079,7,0,11 12,1,70,,67058,7,0,10,1,30,,67080,7,0,11 12,1,70,,67059,7,0,10,1,18,,67070,7,0,14,1,70,,67067,7,0,14,1,30,,67071,7,0,14,1,70,,67068,7,0,14,1,30,,67072,7,0,15,1,58,,67081,7,0,11 12,1,25,,67060,7,0,10,1,30,,67089,7,0,13,1,70,,67061,7,0,10,1,30,,67082,7,0,11 12,1,70,,67062,7,0,10,1,30,,67083,7,0,11 12,1,70,,67063,7,0,10,1,30,,67084,7,0,11 12,1,70,,67064,7,0,10,1,30,,67085,7,0,11 12,1,57,,67069,7,0,10,1,43,,67086,7,0,11 12,1
100,'20261007',617,,67096,7,0,10,1,30,,67119,7,0,11 12,1,77,,67097,7,0,10,1,30,,67120,7,0,11 12,1,70,,67098,7,0,10,1,30,,67121,7,0,11 12,1,70,,67099,7,0,10,1,30,,67122,7,0,11 12,1,70,,67100,7,0,10,1,30,,67123,7,0,11 12,1,70,,67101,7,0,10,1,30,,67134,7,0,13,1,70,,67102,7,0,10,1,30,,67124,7,0,11 12,1,70,,67103,7,0,10,1,30,,67125,7,0,11 12,1,70,,67104,7,0,10,1,30,,67126,7,0,11 12,1,70,,67105,7,0,10,1,18,,67116,7,0,14,1,70,,67113,7,0,14,1,30,,67117,7,0,14,1,70,,67114,7,0,14,1,30,,67118,7,0,15,1,58,,67127,7,0,11 12,1,25,,67106,7,0,10,1,30,,67135,7,0,13,1,70,,67107,7,0,10,1,30,,67128,7,0,11 12,1,70,,67108,7,0,10,1,30,,67129,7,0,11 12,1,70,,67109,7,0,10,1,30,,67130,7,0,11 12,1,70,,67110,7,0,10,1,30,,67131,7,0,11 12,1,57,,67115,7,0,10,1,43,,67132,7,0,11 12,1
100,'20261008',617,,67142,7,0,10,1,30,,67165,7,0,11 12,1,77,,67143,7,0,10,1,30,,67166,7,0,11 12,1,70,,67144,7,0,10,1,30,,67167,7,0,11 12,1,70,,67145,7,0,10,1,30,,67168,7,0,11 12,1,70,,67146,7,0,10,1,30,,67169,7,0,11 12,1,70,,67147,7,0,10,1,30,,67180,7,0,13,1,70,,67148,7,0,10,1,30,,67170,7,0,11 12,1,70,,67149,7,0,10,1,30,,67171,7,0,11 12,1,70,,67150,7,0,10,1,30,,67172,7,0,11 12,1,70,,67151,7,0,10,1,18,,67162,7,0,14,1,70,,67159,7,0,14,1,30,,67163,7,0,14,1,70,,67160,7,0,14,1,30,,67164,7,0,15,1,58,,67173,7,0,11 12,1,25,,67152,7,0,10,1,30,,67181,7,0,13,1,70,,67153,7,0,10,1,30,,67174,7,0,11 12,1,70,,67154,7,0,10,1,30,,67175,7,0,11 12,1,70,,67155,7,0,10,1,30,,67176,7,0,11 12,1,70,,67156,7,0,10,1,30,,67177,7,0,11 12,1,57,,67161,7,0,10,1,43,,67178,7,0,11 12,1
100,'20261009',617,,67188,7,0,10,1,30,,67212,7,0,11 12,1,77,,67189,7,0,10,1,30,,67213,7,0,11 12,1,70,,67190,7,0,10,1,30,,67214,7,0,11 12,1,70,,67191,7,0,10,1,30,,67215,7,0,11 12,1,70,,67192,7,0,10,1,30,,67216,7,0,11 12,1,70,,67193,7,0,10,1,30,,67228,7,0,13,1,70,,67194,7,0,10,1,30,,67217,7,0,11 12,1,70,,67195,7,0,10,1,30,,67218,7,0,11 12,1,70,,67196,7,0,10,1,30,,67219,7,0,11 12,1,70,,67197,7,0,10,1,18,,67209,7,0,14,1,70,,67207,7,0,14,1,30,,67210,7,0,14,1,70,,67208,7,0,14,1,30,,67211,7,0,15,1,58,,67220,7,0,11 12,1,25,,67198,7,0,10,1,30,,67229,7,0,13,1,70,,67199,7,0,10,1,30,,67221,7,0,11 12,1,70,,67200,7,0,10,1,30,,67222,7,0,11 12,1,70,,67201,7,0,10,1,30,,67223,7,0,11 12,1,70,,67202,7,0,10,1,30,,67224,7,0,11 12,1,70,,67203,7,0,10,1,30,,67225,7,0,11 12,1,70,,67204,7,0,10,1,30,,67226,7,0,11 12,1
100,'20261010',855,,67252,7,0,11 12,1,58,,67269,7,,,1,12,,67236,7,0,10,1,30,,67253,7,0,11 12,1,70,,67237,7,0,10,1,30,,67254,7,0,11 12,1,63,,67270,7,,,1,7,,67238,7,0,10,1,30,,67255,7,0,11 12,1,70,,67239,7,0,10,1,30,,67256,7,0,11 12,1,70,,67240,7,0,10,1,30,,67257,7,0,11 12,1,70,,67241,7,0,10,1,30,,67267,7,0,13,1,70,,67242,7,0,10,1,30,,67258,7,0,11 12,1,70,,67243,7,0,10,1,30,,67259,7,0,11 12,1,61,,67271,7,,,1,9,,67244,7,0,10,1,30,,67260,7,0,11 12,1,70,,67245,7,0,10,1,30,,67261,7,0,11 12,1,70,,67246,7,0,10,1,6,,67272,7,,,1,24,,67262,7,0,11 12,1,70,,67247,7,0,10,1,30,,67268,7,0,13,1,70,,67248,7,0,10,1,30,,67263,7,0,11 12,1,70,,67249,7,0,10,1,30,,67264,7,0,11 12,1,70,,67250,7,0,10,1,30,,67265,7,0,11 12,1,70,,67251,7,0,10,1,30,,67266,7,0,11 12,1
100,'20261011',855,,67289,7,0,11 12,1,58,,67305,7,,,1,12,,67273,7,0,10,1,30,,67290,7,0,11 12,1,70,,67274,7,0,10,1,30,,67291,7,0,11 12,1,63,,67306,7,,,1,7,,67275,7,0,10,1,30,,67292,7,0,11 12,1,70,,67276,7,0,10,1,30,,67293,7,0,11 12,1,70,,67277,7,0,10,1,30,,67294,7,0,11 12,1,70,,67278,7,0,10,1,30,,67303,7,0,13,1,70,,67279,7,0,10,1,30,,67295,7,0,11 12,1,70,,67280,7,0,10,1,30,,67296,7,0,11 12,1,61,,67307,7,,,1,9,,67281,7,0,10,1,30,,67297,7,0,11 12,1,70,,67282,7,0,10,1,30,,67298,7,0,11 12,1,70,,67283,7,0,10,1,6,,67308,7,,,1,24,,67299,7,0,11 12,1,70,,67284,7,0,10,1,30,,67304,7,0,13,1,70,,67285,7,0,10,1,30,,67300,7,0,11 12,1,70,,67286,7,0,10,1,30,,67301,7,0,11 12,1,70,,67287,7,0,10,1,30,,67302,7,0,11 12,1,70,,67288,7,0,10,1
100,'20261012',617,,67309,7,0,10,1,30,,67332,7,0,11 12,1,77,,67310,7,0,10,1,30,,67333,7,0,11 12,1,70,,67311,7,0,10,1,30,,67334,7,0,11 12,1,70,,67312,7,0,10,1,30,,67335,7,0,11 12,1,70,,67313,7,0,10,1,30,,67336,7,0,11 12,1,70,,67314,7,0,10,1,30,,67347,7,0,13,1,70,,67315,7,0,10,1,30,,67337,7,0,11 12,1,70,,67316,7,0,10,1,30,,67338,7,0,11 12,1,70,,67317,7,0,10,1,30,,67339,7,0,11 12,1,70,,67318,7,0,10,1,18,,67329,7,0,14,1,70,,67326,7,0,14,1,30,,67330,7,0,14,1,70,,67327,7,0,14,1,30,,67331,7,0,15,1,58,,67340,7,0,11 12,1,25,,67319,7,0,10,1,30,,67348,7,0,13,1,70,,67320,7,0,10,1,30,,67341,7,0,11 12,1,70,,67321,7,0,10,1,30,,67342,7,0,11 12,1,70,,67322,7,0,10,1,30,,67343,7,0,11 12,1,70,,67323,7,0,10,1,30,,67344,7,0,11 12,1,57,,67328,7,0,10,1,43,,67345,7,0,11 12,1
100,'20261013',617,,67355,7,0,10,1,30,,67378,7,0,11 12,1,77,,67356,7,0,10,1,30,,67379,7,0,11 12,1,70,,67357,7,0,10,1,30,,67380,7,0,11 12,1,70,,67358,7,0,10,1,30,,67381,7,0,11 12,1,70,,67359,7,0,10,1,30,,67382,7,0,11 12,1,70,,67360,7,0,10,1,30,,67393,7,0,13,1,70,,67361,7,0,10,1,30,,67383,7,0,11 12,1,70,,67362,7,0,10,1,30,,67384,7,0,11 12,1,70,,67363,7,0,10,1,30,,67385,7,0,11 12,1,70,,67364,7,0,10,1,18,,67375,7,0,14,1,70,,67372,7,0,14,1,30,,67376,7,0,14,1,70,,67373,7,0,14,1,30,,67377,7,0,15,1,58,,67386,7,0,11 12,1,25,,67365,7,0,10,1,30,,67394,7,0,13,1,70,,67366,7,0,10,1,30,,67387,7,0,11 12,1,70,,67367,7,0,10,1,30,,67388,7,0,11 12,1,70,,67368,7,0,10,1,30,,67389,7,0,11 12,1,70,,67369,7,0,10,1,30,,67390,7,0,11 12,1,57,,67374,7,0,10,1,43,,67391,7,0,11 12,1
100,'20261014',617,,67401,7,0,10,1,30,,67424,7,0,11 12,1,77,,67402,7,0,10,1,30,,67425,7,0,11 12,1,70,,67403,7,0,10,1,30,,67426,7,0,11 12,1,70,,67404,7,0,10,1,30,,67427,7,0,11 12,1,70,,67405,7,0,10,1,30,,67428,7,0,11 12,1,70,,67406,7,0,10,1,30,,67439,7,0,13,1,70,,67407,7,0,10,1,30,,67429,7,0,11 12,1,70,,67408,7,0,10,1,30,,67430,7,0,11 12,1,70,,67409,7,0,10,1,30,,67431,7,0,11 12,1,70,,67410,7,0,10,1,18,,67421,7,0,14,1,70,,67418,7,0,14,1,30,,67422,7,0,14,1,70,,67419,7,0,14,1,30,,67423,7,0,15,1,58,,67432,7,0,11 12,1,25,,67411,7,0,10,1,30,,67440,7,0,13,1,70,,67412,7,0,10,1,30,,67433,7,0,11 12,1,70,,67413,7,0,10,1,30,,67434,7,0,11 12,1,70,,67414,7,0,10,1,30,,67435,7,0,11 12,1,70,,67415,7,0,10,1,30,,67436,7,0,11 12,1,57,,67420,7,0,10,1,43,,67437,7,0,11 12,1
100,'20261015',617,,67447,7,0,10,1,30,,67470,7,0,11 12,1,77,,67448,7,0,10,1,30,,67471,7,0,11 12,1,70,,67449,7,0,10,1,30,,67472,7,0,11 12,1,70,,67450,7,0,10,1,30,,67473,7,0,11 12,1,70,,67451,7,0,10,1,30,,67474,7,0,11 12,1,70,,67452,7,0,10,1,30,,67485,7,0,13,1,70,,67453,7,0,10,1,30,,67475,7,0,11 12,1,70,,67454,7,0,10,1,30,,67476,7,0,11 12,1,70,,67455,7,0,10,1,30,,67477,7,0,11 12,1,70,,67456,7,0,10,1,18,,67467,7,0,14,1,70,,67464,7,0,14,1,30,,67468,7,0,14,1,70,,67465,7,0,14,1,30,,67469,7,0,15,1,58,,67478,7,0,11 12,1,25,,67457,7,0,10,1,30,,67486,7,0,13,1,70,,67458,7,0,10,1,30,,67479,7,0,11 12,1,70,,67459,7,0,10,1,30,,67480,7,0,11 12,1,70,,67460,7,0,10,1,30,,67481,7,0,11 12,1,70,,67461,7,0,10,1,30,,67482,7,0,11 12,1,57,,67466,7,0,10,1,43,,67483,7,0,11 12,1
100,'20261016',617,,67493,7,0,10,1,30,,67517,7,0,11 12,1,77,,67494,7,0,10,1,30,,67518,7,0,11 12,1,70,,67495,7,0,10,1,30,,67519,7,0,11 12,1,70,,67496,7,0,10,1,30,,67520,7,0,11 12,1,70,,67497,7,0,10,1,30,,67521,7,0,11 12,1,70,,67498,7,0,10,1,30,,67533,7,0,13,1,70,,67499,7,0,10,1,30,,67522,7,0,11 12,1,70,,67500,7,0,10,1,30,,67523,7,0,11 12,1,70,,67501,7,0,10,1,30,,67524,7,0,11 12,1,70,,67502,7,0,10,1,18,,67514,7,0,14,1,70,,67512,7,0,14,1,30,,67515,7,0,14,1,70,,67513,7,0,14,1,30,,67516,7,0,15,1,58,,67525,7,0,11 12,1,25,,67503,7,0,10,1,30,,67534,7,0,13,1,70,,67504,7,0,10,1,30,,67526,7,0,11 12,1,70,,67505,7,0,10,1,30,,67527,7,0,11 12,1,70,,67506,7,0,10,1,30,,67528,7,0,11 12,1,70,,67507,7,0,10,1,30,,67529,7,0,11 12,1,70,,67508,7,0,10,1,30,,67530,7,0,11 12,1,70,,67509,7,0,10,1,30,,67531,7,0,11 12,1
100,'20261017',855,,67557,7,0,11 12,1,58,,67574,7,,,1,12,,67541,7,0,10,1,30,,67558,7,0,11 12,1,70,,67542,7,0,10,1,30,,67559,7,0,11 12,1,63,,67575,7,,,1,7,,67543,7,0,10,1,30,,67560,7,0,11 12,1,70,,67544,7,0,10,1,30,,67561,7,0,11 12,1,70,,67545,7,0,10,1,30,,67562,7,0,11 12,1,70,,67546,7,0,10,1,30,,67572,7,0,13,1,70,,67547,7,0,10,1,30,,67563,7,0,11 12,1,70,,67548,7,0,10,1,30,,67564,7,0,11 12,1,61,,67576,7,,,1,9,,67549,7,0,10,1,30,,67565,7,0,11 12,1,70,,67550,7,0,10,1,30,,67566,7,0,11 12,1,70,,67551,7,0,10,1,6,,67577,7,,,1,24,,67567,7,0,11 12,1,70,,67552,7,0,10,1,30,,67573,7,0,13,1,70,,67553,7,0,10,1,30,,67568,7,0,11 12,1,70,,67554,7,0,10,1,30,,67569,7,0,11 12,1,70,,67555,7,0,10,1,30,,67570,7,0,11 12,1,70,,67556,7,0,10,1,30,,67571,7,0,11 12,1
100,'20261018',855,,67594,7,0,11 12,1,58,,67610,7,,,1,12,,67578,7,0,10,1,30,,67595,7,0,11 12,1,70,,67579,7,0,10,1,30,,67596,7,0,11 12,1,63,,67611,7,,,1,7,,67580,7,0,10,1,30,,67597,7,0,11 12,1,70,,67581,7,0,10,1,30,,67598,7,0,11 12,1,70,,67582,7,0,10,1,30,,67599,7,0,11 12,1,70,,67583,7,0,10,1,30,,67608,7,0,13,1,70,,67584,7,0,10,1,30,,67600,7,0,11 12,1,70,,67585,7,0,10,1,30,,67601,7,0,11 12,1,61,,67612,7,,,1,9,,67586,7,0,10,1,30,,67602,7,0,11 12,1,70,,67587,7,0,10,1,30,,67603,7,0,11 12,1,70,,67588,7,0,10,1,6,,67613,7,,,1,24,,67604,7,0,11 12,1,70,,67589,7,0,10,1,30,,67609,7,0,13,1,70,,67590,7,0,10,1,30,,67605,7,0,11 12,1,70,,67591,7,0,10,1,30,,67606,7,0,11 12,1,70,,67592,7,0,10,1,30,,67607,7,0,11 12,1,70,,67593,7,0,10,1
100,'20261019',617,,67614,7,0,10,1,30,,67637,7,0,11 12,1,77,,67615,7,0,10,1,30,,67638,7,0,11 12,1,70,,67616,7,0,10,1,30,,67639,7,0,11 12,1,70,,67617,7,0,10,1,30,,67640,7,0,11 12,1,70,,67618,7,0,10,1,30,,67641,7,0,11 12,1,70,,67619,7,0,10,1,30,,67652,7,0,13,1,70,,67620,7,0,10,1,30,,67642,7,0,11 12,1,70,,67621,7,0,10,1,30,,67643,7,0,11 12,1,70,,67622,7,0,10,1,30,,67644,7,0,11 12,1,70,,67623,7,0,10,1,18,,67634,7,0,14,1,70,,67631,7,0,14,1,30,,67635,7,0,14,1,70,,67632,7,0,14,1,30,,67636,7,0,15,1,58,,67645,7,0,11 12,1,25,,67624,7,0,10,1,30,,67653,7,0,13,1,70,,67625,7,0,10,1,30,,67646,7,0,11 12,1,70,,67626,7,0,10,1,30,,67647,7,0,11 12,1,70,,67627,7,0,10,1,30,,67648,7,0,11 12,1,70,,67628,7,0,10,1,30,,67649,7,0,11 12,1,57,,67633,7,0,10,1,43,,67650,7,0,11 12,1
100,'20261020',617,,67660,7,0,10,1,30,,67683,7,0,11 12,1,77,,67661,7,0,10,1,30,,67684,7,0,11 12,1,70,,67662,7,0,10,1,30,,67685,7,0,11 12,1,70,,67663,7,0,10,1,30,,67686,7,0,11 12,1,70,,67664,7,0,10,1,30,,67687,7,0,11 12,1,70,,67665,7,0,10,1,30,,67698,7,0,13,1,70,,67666,7,0,10,1,30,,67688,7,0,11 12,1,70,,67667,7,0,10,1,30,,67689,7,0,11 12,1,70,,67668,7,0,10,1,30,,67690,7,0,11 12,1,70,,67669,7,0,10,1,18,,67680,7,0,14,1,70,,67677,7,0,14,1,30,,67681,7,0,14,1,70,,67678,7,0,14,1,30,,67682,7,0,15,1,58,,67691,7,0,11 12,1,25,,67670,7,0,10,1,30,,67699,7,0,13,1,70,,67671,7,0,10,1,30,,67692,7,0,11 12,1,70,,67672,7,0,10,1,30,,67693,7,0,11 12,1,70,,67673,7,0,10,1,30,,67694,7,0,11 12,1,70,,67674,7,0,10,1,30,,67695,7,0,11 12,1,57,,67679,7,0,10,1,43,,67696,7,0,11 12,1
100,'20261021',617,,67706,7,0,10,1,30,,67729,7,0,11 12,1,77,,67707,7,0,10,1,30,,67730,7,0,11 12,1,70,,67708,7,0,10,1,30,,67731,7,0,11 12,1,70,,67709,7,0,10,1,30,,67732,7,0,11 12,1,70,,67710,7,0,10,1,30,,67733,7,0,11 12,1,70,,67711,7,0,10,1,30,,67744,7,0,13,1,70,,67712,7,0,10,1,30,,67734,7,0,11 12,1,70,,67713,7,0,10,1,30,,67735,7,0,11 12,1,70,,67714,7,0,10,1,30,,67736,7,0,11 12,1,70,,67715,7,0,10,1,18,,67726,7,0,14,1,70,,67723,7,0,14,1,30,,67727,7,0,14,1,70,,67724,7,0,14,1,30,,67728,7,0,15,1,58,,67737,7,0,11 12,1,25,,67716,7,0,10,1,30,,67745,7,0,13,1,70,,67717,7,0,10,1,30,,67738,7,0,11 12,1,70,,67718,7,0,10,1,30,,67739,7,0,11 12,1,70,,67719,7,0,10,1,30,,67740,7,0,11 12,1,70,,67720,7,0,10,1,30,,67741,7,0,11 12,1,57,,67725,7,0,10,1,43,,67742,7,0,11 12,1
100,'20261022',617,,67752,7,0,10,1,30,,67775,7,0,11 12,1,77,,67753,7,0,10,1,30,,67776,7,0,11 12,1,70,,67754,7,0,10,1,30,,67777,7,0,11 12,1,70,,67755,7,0,10,1,30,,67778,7,0,11 12,1,70,,67756,7,0,10,1,30,,67779,7,0,11 12,1,70,,67757,7,0,10,1,30,,67790,7,0,13,1,70,,67758,7,0,10,1,30,,67780,7,0,11 12,1,70,,67759,7,0,10,1,30,,67781,7,0,11 12,1,70,,67760,7,0,10,1,30,,67782,7,0,11 12,1,70,,67761,7,0,10,1,18,,67772,7,0,14,1,70,,67769,7,0,14,1,30,,67773,7,0,14,1,70,,67770,7,0,14,1,30,,67774,7,0,15,1,58,,67783,7,0,11 12,1,25,,67762,7,0,10,1,30,,67791,7,0,13,1,70,,67763,7,0,10,1,30,,67784,7,0,11 12,1,70,,67764,7,0,10,1,30,,67785,7,0,11 12,1,70,,67765,7,0,10,1,30,,67786,7,0,11 12,1,70,,67766,7,0,10,1,30,,67787,7,0,11 12,1,57,,67771,7,0,10,1,43,,67788,7,0,11 12,1
100,'20261023',617,,67798,7,0,10,1,30,,67822,7,0,11 12,1,77,,67799,7,0,10,1,30,,67823,7,0,11 12,1,70,,67800,7,0,10,1,30,,67824,7,0,11 12,1,70,,67801,7,0,10,1,30,,67825,7,0,11 12,1,70,,67802,7,0,10,1,30,,67826,7,0,11 12,1,70,,67803,7,0,10,1,30,,67838,7,0,13,1,70,,67804,7,0,10,1,30,,67827,7,0,11 12,1,70,,67805,7,0,10,1,30,,67828,7,0,11 12,1,70,,67806,7,0,10,1,30,,67829,7,0,11 12,1,70,,67807,7,0,10,1,18,,67819,7,0,14,1,70,,67817,7,0,14,1,30,,67820,7,0,14,1,70,,67818,7,0,14,1,30,,67821,7,0,15,1,58,,67830,7,0,11 12,1,25,,67808,7,0,10,1,30,,67839,7,0,13,1,70,,67809,7,0,10,1,30,,67831,7,0,11 12,1,70,,67810,7,0,10,1,30,,67832,7,0,11 12,1,70,,67811,7,0,10,1,30,,67833,7,0,11 12,1,70,,67812,7,0,10,1,30,,67834,7,0,11 12,1,70,,67813,7,0,10,1,30,,67835,7,0,11 12,1,70,,67814,7,0,10,1,30,,67836,7,0,11 12,1
100,'20261024',855,,67862,7,0,11 12,1,58,,67879,7,,,1,12,,67846,7,0,10,1,30,,67863,7,0,11 12,1,70,,67847,7,0,10,1,30,,67864,7,0,11 12,1,63,,67880,7,,,1,7,,67848,7,0,10,1,30,,67865,7,0,11 12,1,70,,67849,7,0,10,1,30,,67866,7,0,11 12,1,70,,67850,7,0,10,1,30,,67867,7,0,11 12,1,70,,67851,7,0,10,1,30,,67877,7,0,13,1,70,,67852,7,0,10,1,30,,67868,7,0,11 12,1,70,,67853,7,0,10,1,30,,67869,7,0,11 12,1,61,,67881,7,,,1,9,,67854,7,0,10,1,30,,67870,7,0,11 12,1,70,,67855,7,0,10,1,30,,67871,7,0,11 12,1,70,,67856,7,0,10,1,6,,67882,7,,,1,24,,67872,7,0,11 12,1,70,,67857,7,0,10,1,30,,67878,7,0,13,1,70,,67858,7,0,10,1,30,,67873,7,0,11 12,1,70,,67859,7,0,10,1,30,,67874,7,0,11 12,1,70,,67860,7,0,10,1,30,,67875,7,0,11 12,1,70,,67861,7,0,10,1,30,,67876,7,0,11 12,1
100,'20261025',855,,67899,7,0,11 12,1,58,,67915,7,,,1,12,,67883,7,0,10,1,30,,67900,7,0,11 12,1,70,,67884,7,0,10,1,30,,67901,7,0,11 12,1,63,,67916,7,,,1,7,,67885,7,0,10,1,30,,67902,7,0,11 12,1,70,,67886,7,0,10,1,30,,67903,7,0,11 12,1,70,,67887,7,0,10,1,30,,67904,7,0,11 12,1,70,,67888,7,0,10,1,30,,67913,7,0,13,1,70,,67889,7,0,10,1,30,,67905,7,0,11 12,1,70,,67890,7,0,10,1,30,,67906,7,0,11 12,1,61,,67917,7,,,1,9,,67891,7,0,10,1,30,,67907,7,0,11 12,1,70,,67892,7,0,10,1,30,,67908,7,0,11 12,1,70,,67893,7,0,10,1,6,,67918,7,,,1,24,,67909,7,0,11 12,1,70,,67894,7,0,10,1,30,,67914,7,0,13,1,70,,67895,7,0,10,1,30,,67910,7,0,11 12,1,70,,67896,7,0,10,1,30,,67911,7,0,11 12,1,70,,67897,7,0,10,1,30,,67912,7,0,11 12,1,70,,67898,7,0,10,1
100,'20261026',617,,67919,7,0,10,1,30,,67942,7,0,11 12,1,77,,67920,7,0,10,1,30,,67943,7,0,11 12,1,70,,67921,7,0,10,1,30,,67944,7,0,11 12,1,70,,67922,7,0,10,1,30,,67945,7,0,11 12,1,70,,67923,7,0,10,1,30,,67946,7,0,11 12,1,70,,67924,7,0,10,1,30,,67957,7,0,13,1,70,,67925,7,0,10,1,30,,67947,7,0,11 12,1,70,,67926,7,0,10,1,30,,67948,7,0,11 12,1,70,,67927,7,0,10,1,30,,67949,7,0,11 12,1,70,,67928,7,0,10,1,18,,67939,7,0,14,1,70,,67936,7,0,14,1,30,,67940,7,0,14,1,70,,67937,7,0,14,1,30,,67941,7,0,15,1,58,,67950,7,0,11 12,1,25,,67929,7,0,10,1,30,,67958,7,0,13,1,70,,67930,7,0,10,1,30,,67951,7,0,11 12,1,70,,67931,7,0,10,1,30,,67952,7,0,11 12,1,70,,67932,7,0,10,1,30,,67953,7,0,11 12,1,70,,67933,7,0,10,1,30,,67954,7,0,11 12,1,57,,67938,7,0,10,1,43,,67955,7,0,11 12,1
100,'20261027',617,,67965,7,0,10,1,30,,67988,7,0,11 12,1,77,,67966,7,0,10,1,30,,67989,7,0,11 12,1,70,,67967,7,0,10,1,30,,67990,7,0,11 12,1,70,,67968,7,0,10,1,30,,67991,7,0,11 12,1,70,,67969,7,0,10,1,30,,67992,7,0,11 12,1,70,,67970,7,0,10,1,30,,68003,7,0,13,1,70,,67971,7,0,10,1,30,,67993,7,0,11 12,1,70,,67972,7,0,10,1,30,,67994,7,0,11 12,1,70,,67973,7,0,10,1,30,,67995,7,0,11 12,1,70,,67974,7,0,10,1,18,,67985,7,0,14,1,70,,67982,7,0,14,1,30,,67986,7,0,14,1,70,,67983,7,0,14,1,30,,67987,7,0,15,1,58,,67996,7,0,11 12,1,25,,67975,7,0,10,1,30,,68004,7,0,13,1,70,,67976,7,0,10,1,30,,67997,7,0,11 12,1,70,,67977,7,0,10,1,30,,67998,7,0,11 12,1,70,,67978,7,0,10,1,30,,67999,7,0,11 12,1,70,,67979,7,0,10,1,30,,68000,7,0,11 12,1,57,,67984,7,0,10,1,43,,68001,7,0,11 12,1
100,'20261028',617,,68011,7,0,10,1,30,,68034,7,0,11 12,1,77,,68012,7,0,10,1,30,,68035,7,0,11 12,1,70,,68013,7,0,10,1,30,,68036,7,0,11 12,1,70,,68014,7,0,10,1,30,,68037,7,0,11 12,1,70,,68015,7,0,10,1,30,,68038,7,0,11 12,1,70,,68016,7,0,10,1,30,,68049,7,0,13,1,70,,68017,7,0,10,1,30,,68039,7,0,11 12,1,70,,68018,7,0,10,1,30,,68040,7,0,11 12,1,70,,68019,7,0,10,1,30,,68041,7,0,11 12,1,70,,68020,7,0,10,1,18,,68031,7,0,14,1,70,,68028,7,0,14,1,30,,68032,7,0,14,1,70,,68029,7,0,14,1,30,,68033,7,0,15,1,58,,68042,7,0,11 12,1,25,,68021,7,0,10,1,30,,68050,7,0,13,1,70,,68022,7,0,10,1,30,,68043,7,0,11 12,1,70,,68023,7,0,10,1,30,,68044,7,0,11 12,1,70,,68024,7,0,10,1,30,,68045,7,0,11 12,1,70,,68025,7,0,10,1,30,,68046,7,0,11 12,1,57,,68030,7,0,10,1,43,,68047,7,0,11 12,1
100,'20261029',617,,68057,7,0,10,1,30,,68080,7,0,11 12,1,77,,68058,7,0,10,1,30,,68081,7,0,11 12,1,70,,68059,7,0,10,1,30,,68082,7,0,11 12,1,70,,68060,7,0,10,1,30,,68083,7,0,11 12,1,70,,68061,7,0,10,1,30,,68084,7,0,11 12,1,70,,68062,7,0,10,1,30,,68095,7,0,13,1,70,,68063,7,0,10,1,30,,68085,7,0,11 12,1,70,,68064,7,0,10,1,30,,68086,7,0,11 12,1,70,,68065,7,0,10,1,30,,68087,7,0,11 12,1,70,,68066,7,0,10,1,18,,68077,7,0,14,1,70,,68074,7,0,14,1,30,,68078,7,0,14,1,70,,68075,7,0,14,1,30,,68079,7,0,15,1,58,,68088,7,0,11 12,1,25,,68067,7,0,10,1,30,,68096,7,0,13,1,70,,68068,7,0,10,1,30,,68089,7,0,11 12,1,70,,68069,7,0,10,1,30,,68090,7,0,11 12,1,70,,68070,7,0,10,1,30,,68091,7,0,11 12,1,70,,68071,7,0,10,1,30,,68092,7,0,11 12,1,57,,68076,7,0,10,1,43,,68093,7,0,11 12,1
100,'20261030',617,,68103,7,0,10,1,30,,68127,7,0,11 12,1,77,,68104,7,0,10,1,30,,68128,7,0,11 12,1,70,,68105,7,0,10,1,30,,68129,7,0,11 12,1,70,,68106,7,0,10,1,30,,68130,7,0,11 12,1,70,,68107,7,0,10,1,30,,68131,7,0,11 12,1,70,,68108,7,0,10,1,30,,68143,7,0,13,1,70,,68109,7,0,10,1,30,,68132,7,0,11 12,1,70,,68110,7,0,10,1,30,,68133,7,0,11 12,1,70,,68111,7,0,10,1,30,,68134,7,0,11 12,1,70,,68112,7,0,10,1,18,,68124,7,0,14,1,70,,68122,7,0,14,1,30,,68125,7,0,14,1,70,,68123,7,0,14,1,30,,68126,7,0,15,1,58,,68135,7,0,11 12,1,25,,68113,7,0,10,1,30,,68144,7,0,13,1,70,,68114,7,0,10,1,30,,68136,7,0,11 12,1,70,,68115,7,0,10,1,30,,68137,7,0,11 12,1,70,,68116,7,0,10,1,30,,68138,7,0,11 12,1,70,,68117,7,0,10,1,30,,68139,7,0,11 12,1,70,,68118,7,0,10,1,30,,68140,7,0,11 12,1,70,,68119,7,0,10,1,30,,68141,7,0,11 12,1
100,'20261031',855,,68167,7,0,11 12,1,58,,68184,7,,,1,12,,68151,7,0,10,1,30,,68168,7,0,11 12,1,70,,68152,7,0,10,1,30,,68169,7,0,11 12,1,63,,68185,7,,,1,7,,68153,7,0,10,1,30,,68170,7,0,11 12,1,70,,68154,7,0,10,1,30,,68171,7,0,11 12,1,70,,68155,7,0,10,1,30,,68172,7,0,11 12,1,70,,68156,7,0,10,1,30,,68182,7,0,13,1,70,,68157,7,0,10,1,30,,68173,7,0,11 12,1,70,,68158,7,0,10,1,30,,68174,7,0,11 12,1,61,,68186,7,,,1,9,,68159,7,0,10,1,30,,68175,7,0,11 12,1,70,,68160,7,0,10,1,30,,68176,7,0,11 12,1,70,,68161,7,0,10,1,6,,68187,7,,,1,24,,68177,7,0,11 12,1,70,,68162,7,0,10,1,30,,68183,7,0,13,1,70,,68163,7,0,10,1,30,,68178,7,0,11 12,1,70,,68164,7,0,10,1,30,,68179,7,0,11 12,1,70,,68165,7,0,10,1,30,,68180,7,0,11 12,1,70,,68166,7,0,10,1,30,,68181,7,0,11 12,1
100,'20261101',855,,68204,7,0,11 12,1,58,,68220,7,,,1,12,,68188,7,0,10,1,30,,68205,7,0,11 12,1,70,,68189,7,0,10,1,30,,68206,7,0,11 12,1,63,,68221,7,,,1,7,,68190,7,0,10,1,30,,68207,7,0,11 12,1,70,,68191,7,0,10,1,30,,68208,7,0,11 12,1,70,,68192,7,0,10,1,30,,68209,7,0,11 12,1,70,,68193,7,0,10,1,30,,68218,7,0,13,1,70,,68194,7,0,10,1,30,,68210,7,0,11 12,1,70,,68195,7,0,10,1,30,,68211,7,0,11 12,1,61,,68222,7,,,1,9,,68196,7,0,10,1,30,,68212,7,0,11 12,1,70,,68197,7,0,10,1,30,,68213,7,0,11 12,1,70,,68198,7,0,10,1,6,,68223,7,,,1,24,,68214,7,0,11 12,1,70,,68199,7,0,10,1,30,,68219,7,0,13,1,70,,68200,7,0,10,1,30,,68215,7,0,11 12,1,70,,68201,7,0,10,1,30,,68216,7,0,11 12,1,70,,68202,7,0,10,1,30,,68217,7,0,11 12,1,70,,68203,7,0,10,1
100,'20261102',617,,68224,7,0,10,1,30,,68247,7,0,11 12,1,77,,68225,7,0,10,1,30,,68248,7,0,11 12,1,70,,68226,7,0,10,1,30,,68249,7,0,11 12,1,70,,68227,7,0,10,1,30,,68250,7,0,11 12,1,70,,68228,7,0,10,1,30,,68251,7,0,11 12,1,70,,68229,7,0,10,1,30,,68262,7,0,13,1,70,,68230,7,0,10,1,30,,68252,7,0,11 12,1,70,,68231,7,0,10,1,30,,68253,7,0,11 12,1,70,,68232,7,0,10,1,30,,68254,7,0,11 12,1,70,,68233,7,0,10,1,18,,68244,7,0,14,1,70,,68241,7,0,14,1,30,,68245,7,0,14,1,70,,68242,7,0,14,1,30,,68246,7,0,15,1,58,,68255,7,0,11 12,1,25,,68234,7,0,10,1,30,,68263,7,0,13,1,70,,68235,7,0,10,1,30,,68256,7,0,11 12,1,70,,68236,7,0,10,1,30,,68257,7,0,11 12,1,70,,68237,7,0,10,1,30,,68258,7,0,11 12,1,70,,68238,7,0,10,1,30,,68259,7,0,11 12,1,57,,68243,7,0,10,1,43,,68260,7,0,11 12,1
100,'20261103',617,,68270,7,0,10,1,30,,68293,7,0,11 12,1,77,,68271,7,0,10,1,30,,68294,7,0,11 12,1,70,,68272,7,0,10,1,30,,68295,7,0,11 12,1,70,,68273,7,0,10,1,30,,68296,7,0,11 12,1,70,,68274,7,0,10,1,30,,68297,7,0,11 12,1,70,,68275,7,0,10,1,30,,68308,7,0,13,1,70,,68276,7,0,10,1,30,,68298,7,0,11 12,1,70,,68277,7,0,10,1,30,,68299,7,0,11 12,1,70,,68278,7,0,10,1,30,,68300,7,0,11 12,1,70,,68279,7,0,10,1,18,,68290,7,0,14,1,70,,68287,7,0,14,1,30,,68291,7,0,14,1,70,,68288,7,0,14,1,30,,68292,7,0,15,1,58,,68301,7,0,11 12,1,25,,68280,7,0,10,1,30,,68309,7,0,13,1,70,,68281,7,0,10,1,30,,68302,7,0,11 12,1,70,,68282,7,0,10,1,30,,68303,7,0,11 12,1,70,,68283,7,0,10,1,30,,68304,7,0,11 12,1,70,,68284,7,0,10,1,30,,68305,7,0,11 12,1,57,,68289,7,0,10,1,43,,68306,7,0,11 12,1
100,'20261104',617,,68316,7,0,10,1,30,,68339,7,0,11 12,1,77,,68317,7,0,10,1,30,,68340,7,0,11 12,1,70,,68318,7,0,10,1,30,,68341,7,0,11 12,1,70,,68319,7,0,10,1,30,,68342,7,0,11 12,1,70,,68320,7,0,10,1,30,,68343,7,0,11 12,1,70,,68321,7,0,10,1,30,,68354,7,0,13,1,70,,68322,7,0,10,1,30,,68344,7,0,11 12,1,70,,68323,7,0,10,1,30,,68345,7,0,11 12,1,70,,68324,7,0,10,1,30,,68346,7,0,11 12,1,70,,68325,7,0,10,1,18,,68336,7,0,14,1,70,,68333,7,0,14,1,30,,68337,7,0,14,1,70,,68334,7,0,14,1,30,,68338,7,0,15,1,58,,68347,7,0,11 12,1,25,,68326,7,0,10,1,30,,68355,7,0,13,1,70,,68327,7,0,10,1,30,,68348,7,0,11 12,1,70,,68328,7,0,10,1,30,,68349,7,0,11 12,1,70,,68329,7,0,10,1,30,,68350,7,0,11 12,1,70,,68330,7,0,10,1,30,,68351,7,0,11 12,1,57,,68335,7,0,10,1,43,,68352,7,0,11 12,1
100,'20261105',617,,68362,7,0,10,1,30,,68385,7,0,11 12,1,77,,68363,7,0,10,1,30,,68386,7,0,11 12,1,70,,68364,7,0,10,1,30,,68387,7,0,11 12,1,70,,68365,7,0,10,1,30,,68388,7,0,11 12,1,70,,68366,7,0,10,1,30,,68389,7,0,11 12,1,70,,68367,7,0,10,1,30,,68400,7,0,13,1,70,,68368,7,0,10,1,30,,68390,7,0,11 12,1,70,,68369,7,0,10,1,30,,68391,7,0,11 12,1,70,,68370,7,0,10,1,30,,68392,7,0,11 12,1,70,,68371,7,0,10,1,18,,68382,7,0,14,1,70,,68379,7,0,14,1,30,,68383,7,0,14,1,70,,68380,7,0,14,1,30,,68384,7,0,15,1,58,,68393,7,0,11 12,1,25,,68372,7,0,10,1,30,,68401,7,0,13,1,70,,68373,7,0,10,1,30,,68394,7,0,11 12,1,70,,68374,7,0,10,1,30,,68395,7,0,11 12,1,70,,68375,7,0,10,1,30,,68396,7,0,11 12,1,70,,68376,7,0,10,1,30,,68397,7,0,11 12,1,57,,68381,7,0,10,1,43,,68398,7,0,11 12,1
100,'20261106',617,,68408,7,0,10,1,30,,68432,7,0,11 12,1,77,,68409,7,0,10,1,30,,68433,7,0,11 12,1,70,,68410,7,0,10,1,30,,68434,7,0,11 12,1,70,,68411,7,0,10,1,30,,68435,7,0,11 12,1,70,,68412,7,0,10,1,30,,68436,7,0,11 12,1,70,,68413,7,0,10,1,30,,68448,7,0,13,1,70,,68414,7,0,10,1,30,,68437,7,0,11 12,1,70,,68415,7,0,10,1,30,,68438,7,0,11 12,1,70,,68416,7,0,10,1,30,,68439,7,0,11 12,1,70,,68417,7,0,10,1,18,,68429,7,0,14,1,70,,68427,7,0,14,1,30,,68430,7,0,14,1,70,,68428,7,0,14,1,30,,68431,7,0,15,1,58,,68440,7,0,11 12,1,25,,68418,7,0,10,1,30,,68449,7,0,13,1,70,,68419,7,0,10,1,30,,68441,7,0,11 12,1,70,,68420,7,0,10,1,30,,68442,7,0,11 12,1,70,,68421,7,0,10,1,30,,68443,7,0,11 12,1,70,,68422,7,0,10,1,30,,68444,7,0,11 12,1,70,,68423,7,0,10,1,30,,68445,7,0,11 12,1,70,,68424,7,0,10,1,30,,68446,7,0,11 12,1
100,'20261107',855,,68472,7,0,11 12,1,58,,68489,7,,,1,12,,68456,7,0,10,1,30,,68473,7,0,11 12,1,70,,68457,7,0,10,1,30,,68474,7,0,11 12,1,63,,68490,7,,,1,7,,68458,7,0,10,1,30,,68475,7,0,11 12,1,70,,68459,7,0,10,1,30,,68476,7,0,11 12,1,70,,68460,7,0,10,1,30,,68477,7,0,11 12,1,70,,68461,7,0,10,1,30,,68487,7,0,13,1,70,,68462,7,0,10,1,30,,68478,7,0,11 12,1,70,,68463,7,0,10,1,30,,68479,7,0,11 12,1,61,,68491,7,,,1,9,,68464,7,0,10,1,30,,68480,7,0,11 12,1,70,,68465,7,0,10,1,30,,68481,7,0,11 12,1,70,,68466,7,0,10,1,6,,68492,7,,,1,24,,68482,7,0,11 12,1,70,,68467,7,0,10,1,30,,68488,7,0,13,1,70,,68468,7,0,10,1,30,,68483,7,0,11 12,1,70,,68469,7,0,10,1,30,,68484,7,0,11 12,1,70,,68470,7,0,10,1,30,,68485,7,0,11 12,1,70,,68471,7,0,10,1,30,,68486,7,0,11 12,1
100,'20261108',855,,68509,7,0,11 12,1,58,,68525,7,,,1,12,,68493,7,0,10,1,30,,68510,7,0,11 12,1,70,,68494,7,0,10,1,30,,68511,7,0,11 12,1,63,,68526,7,,,1,7,,68495,7,0,10,1,30,,68512,7,0,11 12,1,70,,68496,7,0,10,1,30,,68513,7,0,11 12,1,70,,68497,7,0,10,1,30,,68514,7,0,11 12,1,70,,68498,7,0,10,1,30,,68523,7,0,13,1,70,,68499,7,0,10,1,30,,68515,7,0,11 12,1,70,,68500,7,0,10,1,30,,68516,7,0,11 12,1,61,,68527,7,,,1,9,,68501,7,0,10,1,30,,68517,7,0,11 12,1,70,,68502,7,0,10,1,30,,68518,7,0,11 12,1,70,,68503,7,0,10,1,6,,68528,7,,,1,24,,68519,7,0,11 12,1,70,,68504,7,0,10,1,30,,68524,7,0,13,1,70,,68505,7,0,10,1,30,,68520,7,0,11 12,1,70,,68506,7,0,10,1,30,,68521,7,0,11 12,1,70,,68507,7,0,10,1,30,,68522,7,0,11 12,1,70,,68508,7,0,10,1
100,'20261109',617,,68529,7,0,10,1,30,,68552,7,0,11 12,1,77,,68530,7,0,10,1,30,,68553,7,0,11 12,1,70,,68531,7,0,10,1,30,,68554,7,0,11 12,1,70,,68532,7,0,10,1,30,,68555,7,0,11 12,1,70,,68533,7,0,10,1,30,,68556,7,0,11 12,1,70,,68534,7,0,10,1,30,,68567,7,0,13,1,70,,68535,7,0,10,1,30,,68557,7,0,11 12,1,70,,68536,7,0,10,1,30,,68558,7,0,11 12,1,70,,68537,7,0,10,1,30,,68559,7,0,11 12,1,70,,68538,7,0,10,1,18,,68549,7,0,14,1,70,,68546,7,0,14,1,30,,68550,7,0,14,1,70,,68547,7,0,14,1,30,,68551,7,0,15,1,58,,68560,7,0,11 12,1,25,,68539,7,0,10,1,30,,68568,7,0,13,1,70,,68540,7,0,10,1,30,,68561,7,0,11 12,1,70,,68541,7,0,10,1,30,,68562,7,0,11 12,1,70,,68542,7,0,10,1,30,,68563,7,0,11 12,1,70,,68543,7,0,10,1,30,,68564,7,0,11 12,1,57,,68548,7,0,10,1,43,,68565,7,0,11 12,1
100,'20261110',617,,68575,7,0,10,1,30,,68598,7,0,11 12,1,77,,68576,7,0,10,1,30,,68599,7,0,11 12,1,70,,68577,7,0,10,1,30,,68600,7,0,11 12,1,70,,68578,7,0,10,1,30,,68601,7,0,11 12,1,70,,68579,7,0,10,1,30,,68602,7,0,11 12,1,70,,68580,7,0,10,1,30,,68613,7,0,13,1,70,,68581,7,0,10,1,30,,68603,7,0,11 12,1,70,,68582,7,0,10,1,30,,68604,7,0,11 12,1,70,,68583,7,0,10,1,30,,68605,7,0,11 12,1,70,,68584,7,0,10,1,18,,68595,7,0,14,1,70,,68592,7,0,14,1,30,,68596,7,0,14,1,70,,68593,7,0,14,1,30,,68597,7,0,15,1,58,,68606,7,0,11 12,1,25,,68585,7,0,10,1,30,,68614,7,0,13,1,70,,68586,7,0,10,1,30,,68607,7,0,11 12,1,70,,68587,7,0,10,1,30,,68608,7,0,11 12,1,70,,68588,7,0,10,1,30,,68609,7,0,11 12,1,70,,68589,7,0,10,1,30,,68610,7,0,11 12,1,57,,68594,7,0,10,1,43,,68611,7,0,11 12,1
100,'20261111',617,,68621,7,0,10,1,30,,68644,7,0,11 12,1,77,,68622,7,0,10,1,30,,68645,7,0,11 12,1,70,,68623,7,0,10,1,30,,68646,7,0,11 12,1,70,,68624,7,0,10,1,30,,68647,7,0,11 12,1,70,,68625,7,0,10,1,30,,68648,7,0,11 12,1,70,,68626,7,0,10,1,30,,68659,7,0,13,1,70,,68627,7,0,10,1,30,,68649,7,0,11 12,1,70,,68628,7,0,10,1,30,,68650,7,0,11 12,1,70,,68629,7,0,10,1,30,,68651,7,0,11 12,1,70,,68630,7,0,10,1,18,,68641,7,0,14,1,70,,68638,7,0,14,1,30,,68642,7,0,14,1,70,,68639,7,0,14,1,30,,68643,7,0,15,1,58,,68652,7,0,11 12,1,25,,68631,7,0,10,1,30,,68660,7,0,13,1,70,,68632,7,0,10,1,30,,68653,7,0,11 12,1,70,,68633,7,0,10,1,30,,68654,7,0,11 12,1,70,,68634,7,0,10,1,30,,68655,7,0,11 12,1,70,,68635,7,0,10,1,30,,68656,7,0,11 12,1,57,,68640,7,0,10,1,43,,68657,7,0,11 12,1
100,'20261112',617,,68667,7,0,10,1,30,,68690,7,0,11 12,1,77,,68668,7,0,10,1,30,,68691,7,0,11 12,1,70,,68669,7,0,10,1,30,,68692,7,0,11 12,1,70,,68670,7,0,10,1,30,,68693,7,0,11 12,1,70,,68671,7,0,10,1,30,,68694,7,0,11 12,1,70,,68672,7,0,10,1,30,,68705,7,0,13,1,70,,68673,7,0,10,1,30,,68695,7,0,11 12,1,70,,68674,7,0,10,1,30,,68696,7,0,11 12,1,70,,68675,7,0,10,1,30,,68697,7,0,11 12,1,70,,68676,7,0,10,1,18,,68687,7,0,14,1,70,,68684,7,0,14,1,30,,68688,7,0,14,1,70,,68685,7,0,14,1,30,,68689,7,0,15,1,58,,68698,7,0,11 12,1,25,,68677,7,0,10,1,30,,68706,7,0,13,1,70,,68678,7,0,10,1,30,,68699,7,0,11 12,1,70,,68679,7,0,10,1,30,,68700,7,0,11 12,1,70,,68680,7,0,10,1,30,,68701,7,0,11 12,1,70,,68681,7,0,10,1,30,,68702,7,0,11 12,1,57,,68686,7,0,10,1,43,,68703,7,0,11 12,1
100,'20261113',617,,68713,7,0,10,1,30,,68737,7,0,11 12,1,77,,68714,7,0,10,1,30,,68738,7,0,11 12,1,70,,68715,7,0,10,1,30,,68739,7,0,11 12,1,70,,68716,7,0,10,1,30,,68740,7,0,11 12,1,70,,68717,7,0,10,1,30,,68741,7,0,11 12,1,70,,68718,7,0,10,1,30,,68753,7,0,13,1,70,,68719,7,0,10,1,30,,68742,7,0,11 12,1,70,,68720,7,0,10,1,30,,68743,7,0,11 12,1,70,,68721,7,0,10,1,30,,68744,7,0,11 12,1,70,,68722,7,0,10,1,18,,68734,7,0,14,1,70,,68732,7,0,14,1,30,,68735,7,0,14,1,70,,68733,7,0,14,1,30,,68736,7,0,15,1,58,,68745,7,0,11 12,1,25,,68723,7,0,10,1,30,,68754,7,0,13,1,70,,68724,7,0,10,1,30,,68746,7,0,11 12,1,70,,68725,7,0,10,1,30,,68747,7,0,11 12,1,70,,68726,7,0,10,1,30,,68748,7,0,11 12,1,70,,68727,7,0,10,1,30,,68749,7,0,11 12,1,70,,68728,7,0,10,1,30,,68750,7,0,11 12,1,70,,68729,7,0,10,1,30,,68751,7,0,11 12,1
100,'20261114',855,,68777,7,0,11 12,1,58,,68794,7,,,1,12,,68761,7,0,10,1,30,,68778,7,0,11 12,1,70,,68762,7,0,10,1,30,,68779,7,0,11 12,1,63,,68795,7,,,1,7,,68763,7,0,10,1,30,,68780,7,0,11 12,1,70,,68764,7,0,10,1,30,,68781,7,0,11 12,1,70,,68765,7,0,10,1,30,,68782,7,0,11 12,1,70,,68766,7,0,10,1,30,,68792,7,0,13,1,70,,68767,7,0,10,1,30,,68783,7,0,11 12,1,70,,68768,7,0,10,1,30,,68784,7,0,11 12,1,61,,68796,7,,,1,9,,68769,7,0,10,1,30,,68785,7,0,11 12,1,70,,68770,7,0,10,1,30,,68786,7,0,11 12,1,70,,68771,7,0,10,1,6,,68797,7,,,1,24,,68787,7,0,11 12,1,70,,68772,7,0,10,1,30,,68793,7,0,13,1,70,,68773,7,0,10,1,30,,68788,7,0,11 12,1,70,,68774,7,0,10,1,30,,68789,7,0,11 12,1,70,,68775,7,0,10,1,30,,68790,7,0,11 12,1,70,,68776,7,0,10,1,30,,68791,7,0,11 12,1
100,'20261115',855,,68814,7,0,11 12,1,58,,68830,7,,,1,12,,68798,7,0,10,1,30,,68815,7,0,11 12,1,70,,68799,7,0,10,1,30,,68816,7,0,11 12,1,63,,68831,7,,,1,7,,68800,7,0,10,1,30,,68817,7,0,11 12,1,70,,68801,7,0,10,1,30,,68818,7,0,11 12,1,70,,68802,7,0,10,1,30,,68819,7,0,11 12,1,70,,68803,7,0,10,1,30,,68828,7,0,13,1,70,,68804,7,0,10,1,30,,68820,7,0,11 12,1,70,,68805,7,0,10,1,30,,68821,7,0,11 12,1,61,,68832,7,,,1,9,,68806,7,0,10,1,30,,68822,7,0,11 12,1,70,,68807,7,0,10,1,30,,68823,7,0,11 12,1,70,,68808,7,0,10,1,6,,68833,7,,,1,24,,68824,7,0,11 12,1,70,,68809,7,0,10,1,30,,68829,7,0,13,1,70,,68810,7,0,10,1,30,,68825,7,0,11 12,1,70,,68811,7,0,10,1,30,,68826,7,0,11 12,1,70,,68812,7,0,10,1,30,,68827,7,0,11 12,1,70,,68813,7,0,10,1
100,'20261116',617,,68834,7,0,10,1,30,,68857,7,0,11 12,1,77,,68835,7,0,10,1,30,,68858,7,0,11 12,1,70,,68836,7,0,10,1,30,,68859,7,0,11 12,1,70,,68837,7,0,10,1,30,,68860,7,0,11 12,1,70,,68838,7,0,10,1,30,,68861,7,0,11 12,1,70,,68839,7,0,10,1,30,,68872,7,0,13,1,70,,68840,7,0,10,1,30,,68862,7,0,11 12,1,70,,68841,7,0,10,1,30,,68863,7,0,11 12,1,70,,68842,7,0,10,1,30,,68864,7,0,11 12,1,70,,68843,7,0,10,1,18,,68854,7,0,14,1,70,,68851,7,0,14,1,30,,68855,7,0,14,1,70,,68852,7,0,14,1,30,,68856,7,0,15,1,58,,68865,7,0,11 12,1,25,,68844,7,0,10,1,30,,68873,7,0,13,1,70,,68845,7,0,10,1,30,,68866,7,0,11 12,1,70,,68846,7,0,10,1,30,,68867,7,0,11 12,1,70,,68847,7,0,10,1,30,,68868,7,0,11 12,1,70,,68848,7,0,10,1,30,,68869,7,0,11 12,1,57,,68853,7,0,10,1,43,,68870,7,0,11 12,1
100,'20261117',617,,68880,7,0,10,1,30,,68903,7,0,11 12,1,77,,68881,7,0,10,1,30,,68904,7,0,11 12,1,70,,68882,7,0,10,1,30,,68905,7,0,11 12,1,70,,68883,7,0,10,1,30,,68906,7,0,11 12,1,70,,68884,7,0,10,1,30,,68907,7,0,11 12,1,70,,68885,7,0,10,1,30,,68918,7,0,13,1,70,,68886,7,0,10,1,30,,68908,7,0,11 12,1,70,,68887,7,0,10,1,30,,68909,7,0,11 12,1,70,,68888,7,0,10,1,30,,68910,7,0,11 12,1,70,,68889,7,0,10,1,18,,68900,7,0,14,1,70,,68897,7,0,14,1,30,,68901,7,0,14,1,70,,68898,7,0,14,1,30,,68902,7,0,15,1,58,,68911,7,0,11 12,1,25,,68890,7,0,10,1,30,,68919,7,0,13,1,70,,68891,7,0,10,1,30,,68912,7,0,11 12,1,70,,68892,7,0,10,1,30,,68913,7,0,11 12,1,70,,68893,7,0,10,1,30,,68914,7,0,11 12,1,70,,68894,7,0,10,1,30,,68915,7,0,11 12,1,57,,68899,7,0,10,1,43,,68916,7,0,11 12,1
100,'20261118',617,,68926,7,0,10,1,30,,68949,7,0,11 12,1,77,,68927,7,0,10,1,30,,68950,7,0,11 12,1,70,,68928,7,0,10,1,30,,68951,7,0,11 12,1,70,,68929,7,0,10,1,30,,68952,7,0,11 12,1,70,,68930,7,0,10,1,30,,68953,7,0,11 12,1,70,,68931,7,0,10,1,30,,68964,7,0,13,1,70,,68932,7,0,10,1,30,,68954,7,0,11 12,1,70,,68933,7,0,10,1,30,,68955,7,0,11 12,1,70,,68934,7,0,10,1,30,,68956,7,0,11 12,1,70,,68935,7,0,10,1,18,,68946,7,0,14,1,70,,68943,7,0,14,1,30,,68947,7,0,14,1,70,,68944,7,0,14,1,30,,68948,7,0,15,1,58,,68957,7,0,11 12,1,25,,68936,7,0,10,1,30,,68965,7,0,13,1,70,,68937,7,0,10,1,30,,68958,7,0,11 12,1,70,,68938,7,0,10,1,30,,68959,7,0,11 12,1,70,,68939,7,0,10,1,30,,68960,7,0,11 12,1,70,,68940,7,0,10,1,30,,68961,7,0,11 12,1,57,,68945,7,0,10,1,43,,68962,7,0,11 12,1
100,'20261119',617,,68972,7,0,10,1,30,,68995,7,0,11 12,1,77,,68973,7,0,10,1,30,,68996,7,0,11 12,1,70,,68974,7,0,10,1,30,,68997,7,0,11 12,1,70,,68975,7,0,10,1,30,,68998,7,0,11 12,1,70,,68976,7,0,10,1,30,,68999,7,0,11 12,1,70,,68977,7,0,10,1,30,,69010,7,0,13,1,70,,68978,7,0,10,1,30,,69000,7,0,11 12,1,70,,68979,7,0,10,1,30,,69001,7,0,11 12,1,70,,68980,7,0,10,1,30,,69002,7,0,11 12,1,70,,68981,7,0,10,1,18,,68992,7,0,14,1,70,,68989,7,0,14,1,30,,68993,7,0,14,1,70,,68990,7,0,14,1,30,,68994,7,0,15,1,58,,69003,7,0,11 12,1,25,,68982,7,0,10,1,30,,69011,7,0,13,1,70,,68983,7,0,10,1,30,,69004,7,0,11 12,1,70,,68984,7,0,10,1,30,,69005,7,0,11 12,1,70,,68985,7,0,10,1,30,,69006,7,0,11 12,1,70,,68986,7,0,10,1,30,,69007,7,0,11 12,1,57,,68991,7,0,10,1,43,,69008,7,0,11 12,1
100,'20261120',617,,69018,7,0,10,1,30,,69042,7,0,11 12,1,77,,69019,7,0,10,1,30,,69043,7,0,11 12,1,70,,69020,7,0,10,1,30,,69044,7,0,11 12,1,70,,69021,7,0,10,1,30,,69045,7,0,11 12,1,70,,69022,7,0,10,1,30,,69046,7,0,11 12,1,70,,69023,7,0,10,1,30,,69058,7,0,13,1,70,,69024,7,0,10,1,30,,69047,7,0,11 12,1,70,,69025,7,0,10,1,30,,69048,7,0,11 12,1,70,,69026,7,0,10,1,30,,69049,7,0,11 12,1,70,,69027,7,0,10,1,18,,69039,7,0,14,1,70,,69037,7,0,14,1,30,,69040,7,0,14,1,70,,69038,7,0,14,1,30,,69041,7,0,15,1,58,,69050,7,0,11 12,1,25,,69028,7,0,10,1,30,,69059,7,0,13,1,70,,69029,7,0,10,1,30,,69051,7,0,11 12,1,70,,69030,7,0,10,1,30,,69052,7,0,11 12,1,70,,69031,7,0,10,1,30,,69053,7,0,11 12,1,70,,69032,7,0,10,1,30,,69054,7,0,11 12,1,70,,69033,7,0,10,1,30,,69055,7,0,11 12,1,70,,69034,7,0,10,1,30,,69056,7,0,11 12,1
100,'20261121',855,,69082,7,0,11 12,1,58,,69099,7,,,1,12,,69066,7,0,10,1,30,,69083,7,0,11 12,1,70,,69067,7,0,10,1,30,,69084,7,0,11 12,1,63,,69100,7,,,1,7,,69068,7,0,10,1,30,,69085,7,0,11 12,1,70,,69069,7,0,10,1,30,,69086,7,0,11 12,1,70,,69070,7,0,10,1,30,,69087,7,0,11 12,1,70,,69071,7,0,10,1,30,,69097,7,0,13,1,70,,69072,7,0,10,1,30,,69088,7,0,11 12,1,70,,69073,7,0,10,1,30,,69089,7,0,11 12,1,61,,69101,7,,,1,9,,69074,7,0,10,1,30,,69090,7,0,11 12,1,70,,69075,7,0,10,1,30,,69091,7,0,11 12,1,70,,69076,7,0,10,1,6,,69102,7,,,1,24,,69092,7,0,11 12,1,70,,69077,7,0,10,1,30,,69098,7,0,13,1,70,,69078,7,0,10,1,30,,69093,7,0,11 12,1,70,,69079,7,0,10,1,30,,69094,7,0,11 12,1,70,,69080,7,0,10,1,30,,69095,7,0,11 12,1,70,,69081,7,0,10,1,30,,69096,7,0,11 12,1
100,'20261122',855,,69119,7,0,11 12,1,58,,69135,7,,,1,12,,69103,7,0,10,1,30,,69120,7,0,11 12,1,70,,69104,7,0,10,1,30,,69121,7,0,11 12,1,63,,69136,7,,,1,7,,69105,7,0,10,1,30,,69122,7,0,11 12,1,70,,69106,7,0,10,1,30,,69123,7,0,11 12,1,70,,69107,7,0,10,1,30,,69124,7,0,11 12,1,70,,69108,7,0,10,1,30,,69133,7,0,13,1,70,,69109,7,0,10,1,30,,69125,7,0,11 12,1,70,,69110,7,0,10,1,30,,69126,7,0,11 12,1,61,,69137,7,,,1,9,,69111,7,0,10,1,30,,69127,7,0,11 12,1,70,,69112,7,0,10,1,30,,69128,7,0,11 12,1,70,,69113,7,0,10,1,6,,69138,7,,,1,24,,69129,7,0,11 12,1,70,,69114,7,0,10,1,30,,69134,7,0,13,1,70,,69115,7,0,10,1,30,,69130,7,0,11 12,1,70,,69116,7,0,10,1,30,,69131,7,0,11 12,1,70,,69117,7,0,10,1,30,,69132,7,0,11 12,1,70,,69118,7,0,10,1
100,'20261123',617,,69139,7,0,10,1,30,,69162,7,0,11 12,1,77,,69140,7,0,10,1,30,,69163,7,0,11 12,1,70,,69141,7,0,10,1,30,,69164,7,0,11 12,1,70,,69142,7,0,10,1,30,,69165,7,0,11 12,1,70,,69143,7,0,10,1,30,,69166,7,0,11 12,1,70,,69144,7,0,10,1,30,,69177,7,0,13,1,70,,69145,7,0,10,1,30,,69167,7,0,11 12,1,70,,69146,7,0,10,1,30,,69168,7,0,11 12,1,70,,69147,7,0,10,1,30,,69169,7,0,11 12,1,70,,69148,7,0,10,1,18,,69159,7,0,14,1,70,,69156,7,0,14,1,30,,69160,7,0,14,1,70,,69157,7,0,14,1,30,,69161,7,0,15,1,58,,69170,7,0,11 12,1,25,,69149,7,0,10,1,30,,69178,7,0,13,1,70,,69150,7,0,10,1,30,,69171,7,0,11 12,1,70,,69151,7,0,10,1,30,,69172,7,0,11 12,1,70,,69152,7,0,10,1,30,,69173,7,0,11 12,1,70,,69153,7,0,10,1,30,,69174,7,0,11 12,1,57,,69158,7,0,10,1,43,,69175,7,0,11 12,1
100,'20261124',617,,69185,7,0,10,1,30,,69208,7,0,11 12,1,77,,69186,7,0,10,1,30,,69209,7,0,11 12,1,70,,69187,7,0,10,1,30,,69210,7,0,11 12,1,70,,69188,7,0,10,1,30,,69211,7,0,11 12,1,70,,69189,7,0,10,1,30,,69212,7,0,11 12,1,70,,69190,7,0,10,1,30,,69223,7,0,13,1,70,,69191,7,0,10,1,30,,69213,7,0,11 12,1,70,,69192,7,0,10,1,30,,69214,7,0,11 12,1,70,,69193,7,0,10,1,30,,69215,7,0,11 12,1,70,,69194,7,0,10,1,18,,69205,7,0,14,1,70,,69202,7,0,14,1,30,,69206,7,0,14,1,70,,69203,7,0,14,1,30,,69207,7,0,15,1,58,,69216,7,0,11 12,1,25,,69195,7,0,10,1,30,,69224,7,0,13,1,70,,69196,7,0,10,1,30,,69217,7,0,11 12,1,70,,69197,7,0,10,1,30,,69218,7,0,11 12,1,70,,69198,7,0,10,1,30,,69219,7,0,11 12,1,70,,69199,7,0,10,1,30,,69220,7,0,11 12,1,57,,69204,7,0,10,1,43,,69221,7,0,11 12,1
100,'20261125',617,,69231,7,0,10,1,30,,69254,7,0,11 12,1,77,,69232,7,0,10,1,30,,69255,7,0,11 12,1,70,,69233,7,0,10,1,30,,69256,7,0,11 12,1,70,,69234,7,0,10,1,30,,69257,7,0,11 12,1,70,,69235,7,0,10,1,30,,69258,7,0,11 12,1,70,,69236,7,0,10,1,30,,69269,7,0,13,1,70,,69237,7,0,10,1,30,,69259,7,0,11 12,1,70,,69238,7,0,10,1,30,,69260,7,0,11 12,1,70,,69239,7,0,10,1,30,,69261,7,0,11 12,1,70,,69240,7,0,10,1,18,,69251,7,0,14,1,70,,69248,7,0,14,1,30,,69252,7,0,14,1,70,,69249,7,0,14,1,30,,69253,7,0,15,1,58,,69262,7,0,11 12,1,25,,69241,7,0,10,1,30,,69270,7,0,13,1,70,,69242,7,0,10,1,30,,69263,7,0,11 12,1,70,,69243,7,0,10,1,30,,69264,7,0,11 12,1,70,,69244,7,0,10,1,30,,69265,7,0,11 12,1,70,,69245,7,0,10,1,30,,69266,7,0,11 12,1,57,,69250,7,0,10,1,43,,69267,7,0,11 12,1
100,'20261126',617,,69277,7,0,10,1,30,,69300,7,0,11 12,1,77,,69278,7,0,10,1,30,,69301,7,0,11 12,1,70,,69279,7,0,10,1,30,,69302,7,0,11 12,1,70,,69280,7,0,10,1,30,,69303,7,0,11 12,1,70,,69281,7,0,10,1,30,,69304,7,0,11 12,1,70,,69282,7,0,10,1,30,,69315,7,0,13,1,70,,69283,7,0,10,1,30,,69305,7,0,11 12,1,70,,69284,7,0,10,1,30,,69306,7,0,11 12,1,70,,69285,7,0,10,1,30,,69307,7,0,11 12,1,70,,69286,7,0,10,1,18,,69297,7,0,14,1,70,,69294,7,0,14,1,30,,69298,7,0,14,1,70,,69295,7,0,14,1,30,,69299,7,0,15,1,58,,69308,7,0,11 12,1,25,,69287,7,0,10,1,30,,69316,7,0,13,1,70,,69288,7,0,10,1,30,,69309,7,0,11 12,1,70,,69289,7,0,10,1,30,,69310,7,0,11 12,1,70,,69290,7,0,10,1,30,,69311,7,0,11 12,1,70,,69291,7,0,10,1,30,,69312,7,0,11 12,1,57,,69296,7,0,10,1,43,,69313,7,0,11 12,1
100,'20261127',617,,69323,7,0,10,1,30,,69347,7,0,11 12,1,77,,69324,7,0,10,1,30,,69348,7,0,11 12,1,70,,69325,7,0,10,1,30,,69349,7,0,11 12,1,70,,69326,7,0,10,1,30,,69350,7,0,11 12,1,70,,69327,7,0,10,1,30,,69351,7,0,11 12,1,70,,69328,7,0,10,1,30,,69363,7,0,13,1,70,,69329,7,0,10,1,30,,69352,7,0,11 12,1,70,,69330,7,0,10,1,30,,69353,7,0,11 12,1,70,,69331,7,0,10,1,30,,69354,7,0,11 12,1,70,,69332,7,0,10,1,18,,69344,7,0,14,1,70,,69342,7,0,14,1,30,,69345,7,0,14,1,70,,69343,7,0,14,1,30,,69346,7,0,15,1,58,,69355,7,0,11 12,1,25,,69333,7,0,10,1,30,,69364,7,0,13,1,70,,69334,7,0,10,1,30,,69356,7,0,11 12,1,70,,69335,7,0,10,1,30,,69357,7,0,11 12,1,70,,69336,7,0,10,1,30,,69358,7,0,11 12,1,70,,69337,7,0,10,1,30,,69359,7,0,11 12,1,70,,69338,7,0,10,1,30,,69360,7,0,11 12,1,70,,69339,7,0,10,1,30,,69361,7,0,11 12,1
101,'20260910',551,,69628,28,,,1,70,,69652,35,,,1,30,,69629,28,,,1,74,,69649,20,,,1,30,,69645,20,,,1,71,,69650,20,,,1,29,,69646,20,,,1,56,,69651,20,,,1,25,,69653,35,,,1,70,,69630,28,,,1,30,,69654,35,,,1,70,,69631,28,,,1,30,,69655,35,,,1,70,,69632,28,,,1,30,,69665,39,,,1,70,,69633,28,,,1,30,,69656,35,,,1,70,,69634,28,,,1,30,,69657,35,,,1,70,,69635,28,,,1,30,,69658,35,,,1,70,,69636,28,,,1,30,,69659,35,,,1,70,,69637,28,,,1,30,,69660,35,,,1,70,,69638,28,,,1,30,,69661,35,,,1,70,,69639,28,,,1,30,,69662,35,,,1,70,,69640,28,,,1,30,,69666,39,,,1,70,,69641,28,,,1,30,,69663,35,,,1,70,,69642,28,,,1,30,,69664,35,,,1,70,,69643,28,,,1,100,,69644,28,,,1
101,'20260911',551,,69674,28,,,1,70,,69698,35,,,1,30,,69675,28,,,1,74,,69695,20,,,1,30,,69691,20,,,1,71,,69696,20,,,1,29,,69692,20,,,1,56,,69697,20,,,1,25,,69699,35,,,1,70,,69676,28,,,1,30,,69700,35,,,1,70,,69677,28,,,1,30,,69701,35,,,1,70,,69678,28,,,1,30,,69713,39,,,1,70,,69679,28,,,1,30,,69702,35,,,1,70,,69680,28,,,1,30,,69703,35,,,1,70,,69681,28,,,1,30,,69704,35,,,1,70,,69682,28,,,1,30,,69705,35,,,1,70,,69683,28,,,1,30,,69706,35,,,1,70,,69684,28,,,1,30,,69707,35,,,1,70,,69685,28,,,1,30,,69708,35,,,1,70,,69686,28,,,1,30,,69714,39,,,1,70,,69687,28,,,1,30,,69709,35,,,1,70,,69688,28,,,1,30,,69710,35,,,1,70,,69689,28,,,1,30,,69711,35,,,1,70,,69690,28,,,1,30,,69712,35,,,1
101,'20260912',836,,69750,39,,,1,70,,69722,28,,,1,30,,69751,39,,,1,70,,69723,28,,,1,30,,69752,39,,,1,70,,69724,28,,,1,30,,69738,35,,,1,70,,69725,28,,,1,30,,69753,39,,,1,70,,69726,28,,,1,30,,69739,35,,,1,70,,69727,28,,,1,10,,69755,52,,,1,20,,69740,35,,,1,70,,69728,28,,,1,30,,69741,35,,,1,70,,69729,28,,,1,30,,69742,35,,,1,70,,69730,28,,,1,30,,69743,35,,,1,70,,69731,28,,,1,9,,69756,52,,,1,21,,69744,35,,,1,70,,69732,28,,,1,30,,69745,35,,,1,70,,69733,28,,,1,30,,69754,39,,,1,70,,69734,28,,,1,30,,69746,35,,,1,70,,69735,28,,,1,8,,69757,52,,,1,22,,69747,35,,,1,70,,69736,28,,,1,30,,69748,35,,,1,70,,69737,28,,,1,23,,69758,52,,,1,7,,69749,35,,,1
101,'20260913',836,,69786,39,,,1,70,,69759,28,,,1,30,,69787,39,,,1,70,,69760,28,,,1,30,,69788,39,,,1,70,,69761,28,,,1,30,,69775,35,,,1,70,,69762,28,,,1,30,,69789,39,,,1,70,,69763,28,,,1,30,,69776,35,,,1,70,,69764,28,,,1,10,,69791,52,,,1,20,,69777,35,,,1,70,,69765,28,,,1,30,,69778,35,,,1,70,,69766,28,,,1,30,,69779,35,,,1,70,,69767,28,,,1,30,,69780,35,,,1,70,,69768,28,,,1,9,,69792,52,,,1,21,,69781,35,,,1,70,,69769,28,,,1,30,,69782,35,,,1,70,,69770,28,,,1,30,,69790,39,,,1,70,,69771,28,,,1,30,,69783,35,,,1,70,,69772,28,,,1,8,,69793,52,,,1,22,,69784,35,,,1,70,,69773,28,,,1,30,,69785,35,,,1,70,,69774,28,,,1,23,,69794,52,,,1
101,'20260914',551,,69795,28,,,1,70,,69819,35,,,1,30,,69796,28,,,1,74,,69816,20,,,1,30,,69812,20,,,1,71,,69817,20,,,1,29,,69813,20,,,1,56,,69818,20,,,1,25,,69820,35,,,1,70,,69797,28,,,1,30,,69821,35,,,1,70,,69798,28,,,1,30,,69822,35,,,1,70,,69799,28,,,1,30,,69832,39,,,1,70,,69800,28,,,1,30,,69823,35,,,1,70,,69801,28,,,1,30,,69824,35,,,1,70,,69802,28,,,1,30,,69825,35,,,1,70,,69803,28,,,1,30,,69826,35,,,1,70,,69804,28,,,1,30,,69827,35,,,1,70,,69805,28,,,1,30,,69828,35,,,1,70,,69806,28,,,1,30,,69829,35,,,1,70,,69807,28,,,1,30,,69833,39,,,1,70,,69808,28,,,1,30,,69830,35,,,1,70,,69809,28,,,1,30,,69831,35,,,1,70,,69810,28,,,1,100,,69811,28,,,1
101,'20260915',551,,69841,28,,,1,70,,69865,35,,,1,30,,69842,28,,,1,74,,69862,20,,,1,30,,69858,20,,,1,71,,69863,20,,,1,29,,69859,20,,,1,56,,69864,20,,,1,25,,69866,35,,,1,70,,69843,28,,,1,30,,69867,35,,,1,70,,69844,28,,,1,30,,69868,35,,,1,70,,69845,28,,,1,30,,69878,39,,,1,70,,69846,28,,,1,30,,69869,35,,,1,70,,69847,28,,,1,30,,69870,35,,,1,70,,69848,28,,,1,30,,69871,35,,,1,70,,69849,28,,,1,30,,69872,35,,,1,70,,69850,28,,,1,30,,69873,35,,,1,70,,69851,28,,,1,30,,69874,35,,,1,70,,69852,28,,,1,30,,69875,35,,,1,70,,69853,28,,,1,30,,69879,39,,,1,70,,69854,28,,,1,30,,69876,35,,,1,70,,69855,28,,,1,30,,69877,35,,,1,70,,69856,28,,,1,100,,69857,28,,,1
101,'20260916',551,,69887,28,,,1,70,,69911,35,,,1,30,,69888,28,,,1,74,,69908,20,,,1,30,,69904,20,,,1,71,,69909,20,,,1,29,,69905,20,,,1,56,,69910,20,,,1,25,,69912,35,,,1,70,,69889,28,,,1,30,,69913,35,,,1,70,,69890,28,,,1,30,,69914,35,,,1,70,,69891,28,,,1,30,,69924,39,,,1,70,,69892,28,,,1,30,,69915,35,,,1,70,,69893,28,,,1,30,,69916,35,,,1,70,,69894,28,,,1,30,,69917,35,,,1,70,,69895,28,,,1,30,,69918,35,,,1,70,,69896,28,,,1,30,,69919,35,,,1,70,,69897,28,,,1,30,,69920,35,,,1,70,,69898,28,,,1,30,,69921,35,,,1,70,,69899,28,,,1,30,,69925,39,,,1,70,,69900,28,,,1,30,,69922,35,,,1,70,,69901,28,,,1,30,,69923,35,,,1,70,,69902,28,,,1,100,,69903,28,,,1
101,'20260917',551,,69933,28,,,1,70,,69957,35,,,1,30,,69934,28,,,1,74,,69954,20,,,1,30,,69950,20,,,1,71,,69955,20,,,1,29,,69951,20,,,1,56,,69956,20,,,1,25,,69958,35,,,1,70,,69935,28,,,1,30,,69959,35,,,1,70,,69936,28,,,1,30,,69960,35,,,1,70,,69937,28,,,1,30,,69970,39,,,1,70,,69938,28,,,1,30,,69961,35,,,1,70,,69939,28,,,1,30,,69962,35,,,1,70,,69940,28,,,1,30,,69963,35,,,1,70,,69941,28,,,1,30,,69964,35,,,1,70,,69942,28,,,1,30,,69965,35,,,1,70,,69943,28,,,1,30,,69966,35,,,1,70,,69944,28,,,1,30,,69967,35,,,1,70,,69945,28,,,1,30,,69971,39,,,1,70,,69946,28,,,1,30,,69968,35,,,1,70,,69947,28,,,1,30,,69969,35,,,1,70,,69948,28,,,1,100,,69949,28,,,1
101,'20260918',551,,69979,28,,,1,70,,70003,35,,,1,30,,69980,28,,,1,74,,70000,20,,,1,30,,69996,20,,,1,71,,70001,20,,,1,29,,69997,20,,,1,56,,70002,20,,,1,25,,70004,35,,,1,70,,69981,28,,,1,30,,70005,35,,,1,70,,69982,28,,,1,30,,70006,35,,,1,70,,69983,28,,,1,30,,70018,39,,,1,70,,69984,28,,,1,30,,70007,35,,,1,70,,69985,28,,,1,30,,70008,35,,,1,70,,69986,28,,,1,30,,70009,35,,,1,70,,69987,28,,,1,30,,70010,35,,,1,70,,69988,28,,,1,30,,70011,35,,,1,70,,69989,28,,,1,30,,70012,35,,,1,70,,69990,28,,,1,30,,70013,35,,,1,70,,69991,28,,,1,30,,70019,39,,,1,70,,69992,28,,,1,30,,70014,35,,,1,70,,69993,28,,,1,30,,70015,35,,,1,70,,69994,28,,,1,30,,70016,35,,,1,70,,69995,28,,,1,30,,70017,35,,,1
101,'20260919',836,,70055,39,,,1,70,,70027,28,,,1,30,,70056,39,,,1,70,,70028,28,,,1,30,,70057,39,,,1,70,,70029,28,,,1,30,,70043,35,,,1,70,,70030,28,,,1,30,,70058,39,,,1,70,,70031,28,,,1,30,,70044,35,,,1,70,,70032,28,,,1,10,,70060,52,,,1,20,,70045,35,,,1,70,,70033,28,,,1,30,,70046,35,,,1,70,,70034,28,,,1,30,,70047,35,,,1,70,,70035,28,,,1,30,,70048,35,,,1,70,,70036,28,,,1,9,,70061,52,,,1,21,,70049,35,,,1,70,,70037,28,,,1,30,,70050,35,,,1,70,,70038,28,,,1,30,,70059,39,,,1,70,,70039,28,,,1,30,,70051,35,,,1,70,,70040,28,,,1,8,,70062,52,,,1,22,,70052,35,,,1,70,,70041,28,,,1,30,,70053,35,,,1,70,,70042,28,,,1,23,,70063,52,,,1,7,,70054,35,,,1
101,'20260920',836,,70091,39,,,1,70,,70064,28,,,1,30,,70092,39,,,1,70,,70065,28,,,1,30,,70093,39,,,1,70,,70066,28,,,1,30,,70080,35,,,1,70,,70067,28,,,1,30,,70094,39,,,1,70,,70068,28,,,1,30,,70081,35,,,1,70,,70069,28,,,1,10,,70096,52,,,1,20,,70082,35,,,1,70,,70070,28,,,1,30,,70083,35,,,1,70,,70071,28,,,1,30,,70084,35,,,1,70,,70072,28,,,1,30,,70085,35,,,1,70,,70073,28,,,1,9,,70097,52,,,1,21,,70086,35,,,1,70,,70074,28,,,1,30,,70087,35,,,1,70,,70075,28,,,1,30,,70095,39,,,1,70,,70076,28,,,1,30,,70088,35,,,1,70,,70077,28,,,1,8,,70098,52,,,1,22,,70089,35,,,1,70,,70078,28,,,1,30,,70090,35,,,1,70,,70079,28,,,1,23,,70099,52,,,1
101,'20260921',551,,70100,28,,,1,70,,70124,35,,,1,30,,70101,28,,,1,74,,70121,20,,,1,30,,70117,20,,,1,71,,70122,20,,,1,29,,70118,20,,,1,56,,70123,20,,,1,25,,70125,35,,,1,70,,70102,28,,,1,30,,70126,35,,,1,70,,70103,28,,,1,30,,70127,35,,,1,70,,70104,28,,,1,30,,70137,39,,,1,70,,70105,28,,,1,30,,70128,35,,,1,70,,70106,28,,,1,30,,70129,35,,,1,70,,70107,28,,,1,30,,70130,35,,,1,70,,70108,28,,,1,30,,70131,35,,,1,70,,70109,28,,,1,30,,70132,35,,,1,70,,70110,28,,,1,30,,70133,35,,,1,70,,70111,28,,,1,30,,70134,35,,,1,70,,70112,28,,,1,30,,70138,39,,,1,70,,70113,28,,,1,30,,70135,35,,,1,70,,70114,28,,,1,30,,70136,35,,,1,70,,70115,28,,,1,100,,70116,28,,,1
101,'20260922',551,,70146,28,,,1,70,,70170,35,,,1,30,,70147,28,,,1,74,,70167,20,,,1,30,,70163,20,,,1,71,,70168,20,,,1,29,,70164,20,,,1,56,,70169,20,,,1,25,,70171,35,,,1,70,,70148,28,,,1,30,,70172,35,,,1,70,,70149,28,,,1,30,,70173,35,,,1,70,,70150,28,,,1,30,,70183,39,,,1,70,,70151,28,,,1,30,,70174,35,,,1,70,,70152,28,,,1,30,,70175,35,,,1,70,,70153,28,,,1,30,,70176,35,,,1,70,,70154,28,,,1,30,,70177,35,,,1,70,,70155,28,,,1,30,,70178,35,,,1,70,,70156,28,,,1,30,,70179,35,,,1,70,,70157,28,,,1,30,,70180,35,,,1,70,,70158,28,,,1,30,,70184,39,,,1,70,,70159,28,,,1,30,,70181,35,,,1,70,,70160,28,,,1,30,,70182,35,,,1,70,,70161,28,,,1,100,,70162,28,,,1
101,'20260923',551,,70192,28,,,1,70,,70216,35,,,1,30,,70193,28,,,1,74,,70213,20,,,1,30,,70209,20,,,1,71,,70214,20,,,1,29,,70210,20,,,1,56,,70215,20,,,1,25,,70217,35,,,1,70,,70194,28,,,1,30,,70218,35,,,1,70,,70195,28,,,1,30,,70219,35,,,1,70,,70196,28,,,1,30,,70229,39,,,1,70,,70197,28,,,1,30,,70220,35,,,1,70,,70198,28,,,1,30,,70221,35,,,1,70,,70199,28,,,1,30,,70222,35,,,1,70,,70200,28,,,1,30,,70223,35,,,1,70,,70201,28,,,1,30,,70224,35,,,1,70,,70202,28,,,1,30,,70225,35,,,1,70,,70203,28,,,1,30,,70226,35,,,1,70,,70204,28,,,1,30,,70230,39,,,1,70,,70205,28,,,1,30,,70227,35,,,1,70,,70206,28,,,1,30,,70228,35,,,1,70,,70207,28,,,1,100,,70208,28,,,1
101,'20260924',551,,70238,28,,,1,70,,70262,35,,,1,30,,70239,28,,,1,74,,70259,20,,,1,30,,70255,20,,,1,71,,70260,20,,,1,29,,70256,20,,,1,56,,70261,20,,,1,25,,70263,35,,,1,70,,70240,28,,,1,30,,70264,35,,,1,70,,70241,28,,,1,30,,70265,35,,,1,70,,70242,28,,,1,30,,70275,39,,,1,70,,70243,28,,,1,30,,70266,35,,,1,70,,70244,28,,,1,30,,70267,35,,,1,70,,70245,28,,,1,30,,70268,35,,,1,70,,70246,28,,,1,30,,70269,35,,,1,70,,70247,28,,,1,30,,70270,35,,,1,70,,70248,28,,,1,30,,70271,35,,,1,70,,70249,28,,,1,30,,70272,35,,,1,70,,70250,28,,,1,30,,70276,39,,,1,70,,70251,28,,,1,30,,70273,35,,,1,70,,70252,28,,,1,30,,70274,35,,,1,70,,70253,28,,,1,100,,70254,28,,,1
101,'20260925',551,,70284,28,,,1,70,,70308,35,,,1,30,,70285,28,,,1,74,,70305,20,,,1,30,,70301,20,,,1,71,,70306,20,,,1,29,,70302,20,,,1,56,,70307,20,,,1,25,,70309,35,,,1,70,,70286,28,,,1,30,,70310,35,,,1,70,,70287,28,,,1,30,,70311,35,,,1,70,,70288,28,,,1,30,,70323,39,,,1,70,,70289,28,,,1,30,,70312,35,,,1,70,,70290,28,,,1,30,,70313,35,,,1,70,,70291,28,,,1,30,,70314,35,,,1,70,,70292,28,,,1,30,,70315,35,,,1,70,,70293,28,,,1,30,,70316,35,,,1,70,,70294,28,,,1,30,,70317,35,,,1,70,,70295,28,,,1,30,,70318,35,,,1,70,,70296,28,,,1,30,,70324,39,,,1,70,,70297,28,,,1,30,,70319,35,,,1,70,,70298,28,,,1,30,,70320,35,,,1,70,,70299,28,,,1,30,,70321,35,,,1,70,,70300,28,,,1,30,,70322,35,,,1
101,'20260926',836,,70360,39,,,1,70,,70332,28,,,1,30,,70361,39,,,1,70,,70333,28,,,1,30,,70362,39,,,1,70,,70334,28,,,1,30,,70348,35,,,1,70,,70335,28,,,1,30,,70363,39,,,1,70,,70336,28,,,1,30,,70349,35,,,1,70,,70337,28,,,1,10,,70365,52,,,1,20,,70350,35,,,1,70,,70338,28,,,1,30,,70351,35,,,1,70,,70339,28,,,1,30,,70352,35,,,1,70,,70340,28,,,1,30,,70353,35,,,1,70,,70341,28,,,1,9,,70366,52,,,1,21,,70354,35,,,1,70,,70342,28,,,1,30,,70355,35,,,1,70,,70343,28,,,1,30,,70364,39,,,1,70,,70344,28,,,1,30,,70356,35,,,1,70,,70345,28,,,1,8,,70367,52,,,1,22,,70357,35,,,1,70,,70346,28,,,1,30,,70358,35,,,1,70,,70347,28,,,1,23,,70368,52,,,1,7,,70359,35,,,1
101,'20260927',836,,70396,39,,,1,70,,70369,28,,,1,30,,70397,39,,,1,70,,70370,28,,,1,30,,70398,39,,,1,70,,70371,28,,,1,30,,70385,35,,,1,70,,70372,28,,,1,30,,70399,39,,,1,70,,70373,28,,,1,30,,70386,35,,,1,70,,70374,28,,,1,10,,70401,52,,,1,20,,70387,35,,,1,70,,70375,28,,,1,30,,70388,35,,,1,70,,70376,28,,,1,30,,70389,35,,,1,70,,70377,28,,,1,30,,70390,35,,,1,70,,70378,28,,,1,9,,70402,52,,,1,21,,70391,35,,,1,70,,70379,28,,,1,30,,70392,35,,,1,70,,70380,28,,,1,30,,70400,39,,,1,70,,70381,28,,,1,30,,70393,35,,,1,70,,70382,28,,,1,8,,70403,52,,,1,22,,70394,35,,,1,70,,70383,28,,,1,30,,70395,35,,,1,70,,70384,28,,,1,23,,70404,52,,,1
101,'20260928',551,,70405,28,,,1,70,,70429,35,,,1,30,,70406,28,,,1,74,,70426,20,,,1,30,,70422,20,,,1,71,,70427,20,,,1,29,,70423,20,,,1,56,,70428,20,,,1,25,,70430,35,,,1,70,,70407,28,,,1,30,,70431,35,,,1,70,,70408,28,,,1,30,,70432,35,,,1,70,,70409,28,,,1,30,,70442,39,,,1,70,,70410,28,,,1,30,,70433,35,,,1,70,,70411,28,,,1,30,,70434,35,,,1,70,,70412,28,,,1,30,,70435,35,,,1,70,,70413,28,,,1,30,,70436,35,,,1,70,,70414,28,,,1,30,,70437,35,,,1,70,,70415,28,,,1,30,,70438,35,,,1,70,,70416,28,,,1,30,,70439,35,,,1,70,,70417,28,,,1,30,,70443,39,,,1,70,,70418,28,,,1,30,,70440,35,,,1,70,,70419,28,,,1,30,,70441,35,,,1,70,,70420,28,,,1,100,,70421,28,,,1
101,'20260929',551,,70451,28,,,1,70,,70475,35,,,1,30,,70452,28,,,1,74,,70472,20,,,1,30,,70468,20,,,1,71,,70473,20,,,1,29,,70469,20,,,1,56,,70474,20,,,1,25,,70476,35,,,1,70,,70453,28,,,1,30,,70477,35,,,1,70,,70454,28,,,1,30,,70478,35,,,1,70,,70455,28,,,1,30,,70488,39,,,1,70,,70456,28,,,1,30,,70479,35,,,1,70,,70457,28,,,1,30,,70480,35,,,1,70,,70458,28,,,1,30,,70481,35,,,1,70,,70459,28,,,1,30,,70482,35,,,1,70,,70460,28,,,1,30,,70483,35,,,1,70,,70461,28,,,1,30,,70484,35,,,1,70,,70462,28,,,1,30,,70485,35,,,1,70,,70463,28,,,1,30,,70489,39,,,1,70,,70464,28,,,1,30,,70486,35,,,1,70,,70465,28,,,1,30,,70487,35,,,1,70,,70466,28,,,1,100,,70467,28,,,1
101,'20260930',551,,70497,28,,,1,70,,70521,35,,,1,30,,70498,28,,,1,74,,70518,20,,,1,30,,70514,20,,,1,71,,70519,20,,,1,29,,70515,20,,,1,56,,70520,20,,,1,25,,70522,35,,,1,70,,70499,28,,,1,30,,70523,35,,,1,70,,70500,28,,,1,30,,70524,35,,,1,70,,70501,28,,,1,30,,70534,39,,,1,70,,70502,28,,,1,30,,70525,35,,,1,70,,70503,28,,,1,30,,70526,35,,,1,70,,70504,28,,,1,30,,70527,35,,,1,70,,70505,28,,,1,30,,70528,35,,,1,70,,70506,28,,,1,30,,70529,35,,,1,70,,70507,28,,,1,30,,70530,35,,,1,70,,70508,28,,,1,30,,70531,35,,,1,70,,70509,28,,,1,30,,70535,39,,,1,70,,70510,28,,,1,30,,70532,35,,,1,70,,70511,28,,,1,30,,70533,35,,,1,70,,70512,28,,,1,100,,70513,28,,,1
101,'20261001',551,,70543,28,,,1,70,,70567,35,,,1,30,,70544,28,,,1,74,,70564,20,,,1,30,,70560,20,,,1,71,,70565,20,,,1,29,,70561,20,,,1,56,,70566,20,,,1,25,,70568,35,,,1,70,,70545,28,,,1,30,,70569,35,,,1,70,,70546,28,,,1,30,,70570,35,,,1,70,,70547,28,,,1,30,,70580,39,,,1,70,,70548,28,,,1,30,,70571,35,,,1,70,,70549,28,,,1,30,,70572,35,,,1,70,,70550,28,,,1,30,,70573,35,,,1,70,,70551,28,,,1,30,,70574,35,,,1,70,,70552,28,,,1,30,,70575,35,,,1,70,,70553,28,,,1,30,,70576,35,,,1,70,,70554,28,,,1,30,,70577,35,,,1,70,,70555,28,,,1,30,,70581,39,,,1,70,,70556,28,,,1,30,,70578,35,,,1,70,,70557,28,,,1,30,,70579,35,,,1,70,,70558,28,,,1,100,,70559,28,,,1
101,'20261002',551,,70589,28,,,1,70,,70613,35,,,1,30,,70590,28,,,1,74,,70610,20,,,1,30,,70606,20,,,1,71,,70611,20,,,1,29,,70607,20,,,1,56,,70612,20,,,1,25,,70614,35,,,1,70,,70591,28,,,1,30,,70615,35,,,1,70,,70592,28,,,1,30,,70616,35,,,1,70,,70593,28,,,1,30,,70628,39,,,1,70,,70594,28,,,1,30,,70617,35,,,1,70,,70595,28,,,1,30,,70618,35,,,1,70,,70596,28,,,1,30,,70619,35,,,1,70,,70597,28,,,1,30,,70620,35,,,1,70,,70598,28,,,1,30,,70621,35,,,1,70,,70599,28,,,1,30,,70622,35,,,1,70,,70600,28,,,1,30,,70623,35,,,1,70,,70601,28,,,1,30,,70629,39,,,1,70,,70602,28,,,1,30,,70624,35,,,1,70,,70603,28,,,1,30,,70625,35,,,1,70,,70604,28,,,1,30,,70626,35,,,1,70,,70605,28,,,1,30,,70627,35,,,1
101,'20261003',836,,70665,39,,,1,70,,70637,28,,,1,30,,70666,39,,,1,70,,70638,28,,,1,30,,70667,39,,,1,70,,70639,28,,,1,30,,70653,35,,,1,70,,70640,28,,,1,30,,70668,39,,,1,70,,70641,28,,,1,30,,70654,35,,,1,70,,70642,28,,,1,10,,70670,52,,,1,20,,70655,35,,,1,70,,70643,28,,,1,30,,70656,35,,,1,70,,70644,28,,,1,30,,70657,35,,,1,70,,70645,28,,,1,30,,70658,35,,,1,70,,70646,28,,,1,9,,70671,52,,,1,21,,70659,35,,,1,70,,70647,28,,,1,30,,70660,35,,,1,70,,70648,28,,,1,30,,70669,39,,,1,70,,70649,28,,,1,30,,70661,35,,,1,70,,70650,28,,,1,8,,70672,52,,,1,22,,70662,35,,,1,70,,70651,28,,,1,30,,70663,35,,,1,70,,70652,28,,,1,23,,70673,52,,,1,7,,70664,35,,,1
101,'20261004',836,,70701,39,,,1,70,,70674,28,,,1,30,,70702,39,,,1,70,,70675,28,,,1,30,,70703,39,,,1,70,,70676,28,,,1,30,,70690,35,,,1,70,,70677,28,,,1,30,,70704,39,,,1,70,,70678,28,,,1,30,,70691,35,,,1,70,,70679,28,,,1,10,,70706,52,,,1,20,,70692,35,,,1,70,,70680,28,,,1,30,,70693,35,,,1,70,,70681,28,,,1,30,,70694,35,,,1,70,,70682,28,,,1,30,,70695,35,,,1,70,,70683,28,,,1,9,,70707,52,,,1,21,,70696,35,,,1,70,,70684,28,,,1,30,,70697,35,,,1,70,,70685,28,,,1,30,,70705,39,,,1,70,,70686,28,,,1,30,,70698,35,,,1,70,,70687,28,,,1,8,,70708,52,,,1,22,,70699,35,,,1,70,,70688,28,,,1,30,,70700,35,,,1,70,,70689,28,,,1,23,,70709,52,,,1
101,'20261005',551,,70710,28,,,1,70,,70734,35,,,1,30,,70711,28,,,1,74,,70731,20,,,1,30,,70727,20,,,1,71,,70732,20,,,1,29,,70728,20,,,1,56,,70733,20,,,1,25,,70735,35,,,1,70,,70712,28,,,1,30,,70736,35,,,1,70,,70713,28,,,1,30,,70737,35,,,1,70,,70714,28,,,1,30,,70747,39,,,1,70,,70715,28,,,1,30,,70738,35,,,1,70,,70716,28,,,1,30,,70739,35,,,1,70,,70717,28,,,1,30,,70740,35,,,1,70,,70718,28,,,1,30,,70741,35,,,1,70,,70719,28,,,1,30,,70742,35,,,1,70,,70720,28,,,1,30,,70743,35,,,1,70,,70721,28,,,1,30,,70744,35,,,1,70,,70722,28,,,1,30,,70748,39,,,1,70,,70723,28,,,1,30,,70745,35,,,1,70,,70724,28,,,1,30,,70746,35,,,1,70,,70725,28,,,1,100,,70726,28,,,1
101,'20261006',551,,70756,28,,,1,70,,70780,35,,,1,30,,70757,28,,,1,74,,70777,20,,,1,30,,70773,20,,,1,71,,70778,20,,,1,29,,70774,20,,,1,56,,70779,20,,,1,25,,70781,35,,,1,70,,70758,28,,,1,30,,70782,35,,,1,70,,70759,28,,,1,30,,70783,35,,,1,70,,70760,28,,,1,30,,70793,39,,,1,70,,70761,28,,,1,30,,70784,35,,,1,70,,70762,28,,,1,30,,70785,35,,,1,70,,70763,28,,,1,30,,70786,35,,,1,70,,70764,28,,,1,30,,70787,35,,,1,70,,70765,28,,,1,30,,70788,35,,,1,70,,70766,28,,,1,30,,70789,35,,,1,70,,70767,28,,,1,30,,70790,35,,,1,70,,70768,28,,,1,30,,70794,39,,,1,70,,70769,28,,,1,30,,70791,35,,,1,70,,70770,28,,,1,30,,70792,35,,,1,70,,70771,28,,,1,100,,70772,28,,,1
101,'20261007',551,,70802,28,,,1,70,,70826,35,,,1,30,,70803,28,,,1,74,,70823,20,,,1,30,,70819,20,,,1,71,,70824,20,,,1,29,,70820,20,,,1,56,,70825,20,,,1,25,,70827,35,,,1,70,,70804,28,,,1,30,,70828,35,,,1,70,,70805,28,,,1,30,,70829,35,,,1,70,,70806,28,,,1,30,,70839,39,,,1,70,,70807,28,,,1,30,,70830,35,,,1,70,,70808,28,,,1,30,,70831,35,,,1,70,,70809,28,,,1,30,,70832,35,,,1,70,,70810,28,,,1,30,,70833,35,,,1,70,,70811,28,,,1,30,,70834,35,,,1,70,,70812,28,,,1,30,,70835,35,,,1,70,,70813,28,,,1,30,,70836,35,,,1,70,,70814,28,,,1,30,,70840,39,,,1,70,,70815,28,,,1,30,,70837,35,,,1,70,,70816,28,,,1,30,,70838,35,,,1,70,,70817,28,,,1,100,,70818,28,,,1
101,'20261008',551,,70848,28,,,1,70,,70872,35,,,1,30,,70849,28,,,1,74,,70869,20,,,1,30,,70865,20,,,1,71,,70870,20,,,1,29,,70866,20,,,1,56,,70871,20,,,1,25,,70873,35,,,1,70,,70850,28,,,1,30,,70874,35,,,1,70,,70851,28,,,1,30,,70875,35,,,1,70,,70852,28,,,1,30,,70885,39,,,1,70,,70853,28,,,1,30,,70876,35,,,1,70,,70854,28,,,1,30,,70877,35,,,1,70,,70855,28,,,1,30,,70878,35,,,1,70,,70856,28,,,1,30,,70879,35,,,1,70,,70857,28,,,1,30,,70880,35,,,1,70,,70858,28,,,1,30,,70881,35,,,1,70,,70859,28,,,1,30,,70882,35,,,1,70,,70860,28,,,1,30,,70886,39,,,1,70,,70861,28,,,1,30,,70883,35,,,1,70,,70862,28,,,1,30,,70884,35,,,1,70,,70863,28,,,1,100,,70864,28,,,1
101,'20261009',551,,70894,28,,,1,70,,70918,35,,,1,30,,70895,28,,,1,74,,70915,20,,,1,30,,70911,20,,,1,71,,70916,20,,,1,29,,70912,20,,,1,56,,70917,20,,,1,25,,70919,35,,,1,70,,70896,28,,,1,30,,70920,35,,,1,70,,70897,28,,,1,30,,70921,35,,,1,70,,70898,28,,,1,30,,70933,39,,,1,70,,70899,28,,,1,30,,70922,35,,,1,70,,70900,28,,,1,30,,70923,35,,,1,70,,70901,28,,,1,30,,70924,35,,,1,70,,70902,28,,,1,30,,70925,35,,,1,70,,70903,28,,,1,30,,70926,35,,,1,70,,70904,28,,,1,30,,70927,35,,,1,70,,70905,28,,,1,30,,70928,35,,,1,70,,70906,28,,,1,30,,70934,39,,,1,70,,70907,28,,,1,30,,70929,35,,,1,70,,70908,28,,,1,30,,70930,35,,,1,70,,70909,28,,,1,30,,70931,35,,,1,70,,70910,28,,,1,30,,70932,35,,,1
101,'20261010',836,,70970,39,,,1,70,,70942,28,,,1,30,,70971,39,,,1,70,,70943,28,,,1,30,,70972,39,,,1,70,,70944,28,,,1,30,,70958,35,,,1,70,,70945,28,,,1,30,,70973,39,,,1,70,,70946,28,,,1,30,,70959,35,,,1,70,,70947,28,,,1,10,,70975,52,,,1,20,,70960,35,,,1,70,,70948,28,,,1,30,,70961,35,,,1,70,,70949,28,,,1,30,,70962,35,,,1,70,,70950,28,,,1,30,,70963,35,,,1,70,,70951,28,,,1,9,,70976,52,,,1,21,,70964,35,,,1,70,,70952,28,,,1,30,,70965,35,,,1,70,,70953,28,,,1,30,,70974,39,,,1,70,,70954,28,,,1,30,,70966,35,,,1,70,,70955,28,,,1,8,,70977,52,,,1,22,,70967,35,,,1,70,,70956,28,,,1,30,,70968,35,,,1,70,,70957,28,,,1,23,,70978,52,,,1,7,,70969,35,,,1
101,'20261011',836,,71006,39,,,1,70,,70979,28,,,1,30,,71007,39,,,1,70,,70980,28,,,1,30,,71008,39,,,1,70,,70981,28,,,1,30,,70995,35,,,1,70,,70982,28,,,1,30,,71009,39,,,1,70,,70983,28,,,1,30,,70996,35,,,1,70,,70984,28,,,1,10,,71011,52,,,1,20,,70997,35,,,1,70,,70985,28,,,1,30,,70998,35,,,1,70,,70986,28,,,1,30,,70999,35,,,1,70,,70987,28,,,1,30,,71000,35,,,1,70,,70988,28,,,1,9,,71012,52,,,1,21,,71001,35,,,1,70,,70989,28,,,1,30,,71002,35,,,1,70,,70990,28,,,1,30,,71010,39,,,1,70,,70991,28,,,1,30,,71003,35,,,1,70,,70992,28,,,1,8,,71013,52,,,1,22,,71004,35,,,1,70,,70993,28,,,1,30,,71005,35,,,1,70,,70994,28,,,1,23,,71014,52,,,1
101,'20261012',551,,71015,28,,,1,70,,71039,35,,,1,30,,71016,28,,,1,74,,71036,20,,,1,30,,71032,20,,,1,71,,71037,20,,,1,29,,71033,20,,,1,56,,71038,20,,,1,25,,71040,35,,,1,70,,71017,28,,,1,30,,71041,35,,,1,70,,71018,28,,,1,30,,71042,35,,,1,70,,71019,28,,,1,30,,71052,39,,,1,70,,71020,28,,,1,30,,71043,35,,,1,70,,71021,28,,,1,30,,71044,35,,,1,70,,71022,28,,,1,30,,71045,35,,,1,70,,71023,28,,,1,30,,71046,35,,,1,70,,71024,28,,,1,30,,71047,35,,,1,70,,71025,28,,,1,30,,71048,35,,,1,70,,71026,28,,,1,30,,71049,35,,,1,70,,71027,28,,,1,30,,71053,39,,,1,70,,71028,28,,,1,30,,71050,35,,,1,70,,71029,28,,,1,30,,71051,35,,,1,70,,71030,28,,,1,100,,71031,28,,,1
101,'20261013',551,,71061,28,,,1,70,,71085,35,,,1,30,,71062,28,,,1,74,,71082,20,,,1,30,,71078,20,,,1,71,,71083,20,,,1,29,,71079,20,,,1,56,,71084,20,,,1,25,,71086,35,,,1,70,,71063,28,,,1,30,,71087,35,,,1,70,,71064,28,,,1,30,,71088,35,,,1,70,,71065,28,,,1,30,,71098,39,,,1,70,,71066,28,,,1,30,,71089,35,,,1,70,,71067,28,,,1,30,,71090,35,,,1,70,,71068,28,,,1,30,,71091,35,,,1,70,,71069,28,,,1,30,,71092,35,,,1,70,,71070,28,,,1,30,,71093,35,,,1,70,,71071,28,,,1,30,,71094,35,,,1,70,,71072,28,,,1,30,,71095,35,,,1,70,,71073,28,,,1,30,,71099,39,,,1,70,,71074,28,,,1,30,,71096,35,,,1,70,,71075,28,,,1,30,,71097,35,,,1,70,,71076,28,,,1,100,,71077,28,,,1
101,'20261014',551,,71107,28,,,1,70,,71131,35,,,1,30,,71108,28,,,1,74,,71128,20,,,1,30,,71124,20,,,1,71,,71129,20,,,1,29,,71125,20,,,1,56,,71130,20,,,1,25,,71132,35,,,1,70,,71109,28,,,1,30,,71133,35,,,1,70,,71110,28,,,1,30,,71134,35,,,1,70,,71111,28,,,1,30,,71144,39,,,1,70,,71112,28,,,1,30,,71135,35,,,1,70,,71113,28,,,1,30,,71136,35,,,1,70,,71114,28,,,1,30,,71137,35,,,1,70,,71115,28,,,1,30,,71138,35,,,1,70,,71116,28,,,1,30,,71139,35,,,1,70,,71117,28,,,1,30,,71140,35,,,1,70,,71118,28,,,1,30,,71141,35,,,1,70,,71119,28,,,1,30,,71145,39,,,1,70,,71120,28,,,1,30,,71142,35,,,1,70,,71121,28,,,1,30,,71143,35,,,1,70,,71122,28,,,1,100,,71123,28,,,1
101,'20261015',551,,71153,28,,,1,70,,71177,35,,,1,30,,71154,28,,,1,74,,71174,20,,,1,30,,71170,20,,,1,71,,71175,20,,,1,29,,71171,20,,,1,56,,71176,20,,,1,25,,71178,35,,,1,70,,71155,28,,,1,30,,71179,35,,,1,70,,71156,28,,,1,30,,71180,35,,,1,70,,71157,28,,,1,30,,71190,39,,,1,70,,71158,28,,,1,30,,71181,35,,,1,70,,71159,28,,,1,30,,71182,35,,,1,70,,71160,28,,,1,30,,71183,35,,,1,70,,71161,28,,,1,30,,71184,35,,,1,70,,71162,28,,,1,30,,71185,35,,,1,70,,71163,28,,,1,30,,71186,35,,,1,70,,71164,28,,,1,30,,71187,35,,,1,70,,71165,28,,,1,30,,71191,39,,,1,70,,71166,28,,,1,30,,71188,35,,,1,70,,71167,28,,,1,30,,71189,35,,,1,70,,71168,28,,,1,100,,71169,28,,,1
101,'20261016',551,,71199,28,,,1,70,,71223,35,,,1,30,,71200,28,,,1,74,,71220,20,,,1,30,,71216,20,,,1,71,,71221,20,,,1,29,,71217,20,,,1,56,,71222,20,,,1,25,,71224,35,,,1,70,,71201,28,,,1,30,,71225,35,,,1,70,,71202,28,,,1,30,,71226,35,,,1,70,,71203,28,,,1,30,,71238,39,,,1,70,,71204,28,,,1,30,,71227,35,,,1,70,,71205,28,,,1,30,,71228,35,,,1,70,,71206,28,,,1,30,,71229,35,,,1,70,,71207,28,,,1,30,,71230,35,,,1,70,,71208,28,,,1,30,,71231,35,,,1,70,,71209,28,,,1,30,,71232,35,,,1,70,,71210,28,,,1,30,,71233,35,,,1,70,,71211,28,,,1,30,,71239,39,,,1,70,,71212,28,,,1,30,,71234,35,,,1,70,,71213,28,,,1,30,,71235,35,,,1,70,,71214,28,,,1,30,,71236,35,,,1,70,,71215,28,,,1,30,,71237,35,,,1
101,'20261017',836,,71275,39,,,1,70,,71247,28,,,1,30,,71276,39,,,1,70,,71248,28,,,1,30,,71277,39,,,1,70,,71249,28,,,1,30,,71263,35,,,1,70,,71250,28,,,1,30,,71278,39,,,1,70,,71251,28,,,1,30,,71264,35,,,1,70,,71252,28,,,1,10,,71280,52,,,1,20,,71265,35,,,1,70,,71253,28,,,1,30,,71266,35,,,1,70,,71254,28,,,1,30,,71267,35,,,1,70,,71255,28,,,1,30,,71268,35,,,1,70,,71256,28,,,1,9,,71281,52,,,1,21,,71269,35,,,1,70,,71257,28,,,1,30,,71270,35,,,1,70,,71258,28,,,1,30,,71279,39,,,1,70,,71259,28,,,1,30,,71271,35,,,1,70,,71260,28,,,1,8,,71282,52,,,1,22,,71272,35,,,1,70,,71261,28,,,1,30,,71273,35,,,1,70,,71262,28,,,1,23,,71283,52,,,1,7,,71274,35,,,1
101,'20261018',836,,71311,39,,,1,70,,71284,28,,,1,30,,71312,39,,,1,70,,71285,28,,,1,30,,71313,39,,,1,70,,71286,28,,,1,30,,71300,35,,,1,70,,71287,28,,,1,30,,71314,39,,,1,70,,71288,28,,,1,30,,71301,35,,,1,70,,71289,28,,,1,10,,71316,52,,,1,20,,71302,35,,,1,70,,71290,28,,,1,30,,71303,35,,,1,70,,71291,28,,,1,30,,71304,35,,,1,70,,71292,28,,,1,30,,71305,35,,,1,70,,71293,28,,,1,9,,71317,52,,,1,21,,71306,35,,,1,70,,71294,28,,,1,30,,71307,35,,,1,70,,71295,28,,,1,30,,71315,39,,,1,70,,71296,28,,,1,30,,71308,35,,,1,70,,71297,28,,,1,8,,71318,52,,,1,22,,71309,35,,,1,70,,71298,28,,,1,30,,71310,35,,,1,70,,71299,28,,,1,23,,71319,52,,,1
101,'20261019',551,,71320,28,,,1,70,,71344,35,,,1,30,,71321,28,,,1,74,,71341,20,,,1,30,,71337,20,,,1,71,,71342,20,,,1,29,,71338,20,,,1,56,,71343,20,,,1,25,,71345,35,,,1,70,,71322,28,,,1,30,,71346,35,,,1,70,,71323,28,,,1,30,,71347,35,,,1,70,,71324,28,,,1,30,,71357,39,,,1,70,,71325,28,,,1,30,,71348,35,,,1,70,,71326,28,,,1,30,,71349,35,,,1,70,,71327,28,,,1,30,,71350,35,,,1,70,,71328,28,,,1,30,,71351,35,,,1,70,,71329,28,,,1,30,,71352,35,,,1,70,,71330,28,,,1,30,,71353,35,,,1,70,,71331,28,,,1,30,,71354,35,,,1,70,,71332,28,,,1,30,,71358,39,,,1,70,,71333,28,,,1,30,,71355,35,,,1,70,,71334,28,,,1,30,,71356,35,,,1,70,,71335,28,,,1,100,,71336,28,,,1
101,'20261020',551,,71366,28,,,1,70,,71390,35,,,1,30,,71367,28,,,1,74,,71387,20,,,1,30,,71383,20,,,1,71,,71388,20,,,1,29,,71384,20,,,1,56,,71389,20,,,1,25,,71391,35,,,1,70,,71368,28,,,1,30,,71392,35,,,1,70,,71369,28,,,1,30,,71393,35,,,1,70,,71370,28,,,1,30,,71403,39,,,1,70,,71371,28,,,1,30,,71394,35,,,1,70,,71372,28,,,1,30,,71395,35,,,1,70,,71373,28,,,1,30,,71396,35,,,1,70,,71374,28,,,1,30,,71397,35,,,1,70,,71375,28,,,1,30,,71398,35,,,1,70,,71376,28,,,1,30,,71399,35,,,1,70,,71377,28,,,1,30,,71400,35,,,1,70,,71378,28,,,1,30,,71404,39,,,1,70,,71379,28,,,1,30,,71401,35,,,1,70,,71380,28,,,1,30,,71402,35,,,1,70,,71381,28,,,1,100,,71382,28,,,1
101,'20261021',551,,71412,28,,,1,70,,71436,35,,,1,30,,71413,28,,,1,74,,71433,20,,,1,30,,71429,20,,,1,71,,71434,20,,,1,29,,71430,20,,,1,56,,71435,20,,,1,25,,71437,35,,,1,70,,71414,28,,,1,30,,71438,35,,,1,70,,71415,28,,,1,30,,71439,35,,,1,70,,71416,28,,,1,30,,71449,39,,,1,70,,71417,28,,,1,30,,71440,35,,,1,70,,71418,28,,,1,30,,71441,35,,,1,70,,71419,28,,,1,30,,71442,35,,,1,70,,71420,28,,,1,30,,71443,35,,,1,70,,71421,28,,,1,30,,71444,35,,,1,70,,71422,28,,,1,30,,71445,35,,,1,70,,71423,28,,,1,30,,71446,35,,,1,70,,71424,28,,,1,30,,71450,39,,,1,70,,71425,28,,,1,30,,71447,35,,,1,70,,71426,28,,,1,30,,71448,35,,,1,70,,71427,28,,,1,100,,71428,28,,,1
101,'20261022',551,,71458,28,,,1,70,,71482,35,,,1,30,,71459,28,,,1,74,,71479,20,,,1,30,,71475,20,,,1,71,,71480,20,,,1,29,,71476,20,,,1,56,,71481,20,,,1,25,,71483,35,,,1,70,,71460,28,,,1,30,,71484,35,,,1,70,,71461,28,,,1,30,,71485,35,,,1,70,,71462,28,,,1,30,,71495,39,,,1,70,,71463,28,,,1,30,,71486,35,,,1,70,,71464,28,,,1,30,,71487,35,,,1,70,,71465,28,,,1,30,,71488,35,,,1,70,,71466,28,,,1,30,,71489,35,,,1,70,,71467,28,,,1,30,,71490,35,,,1,70,,71468,28,,,1,30,,71491,35,,,1,70,,71469,28,,,1,30,,71492,35,,,1,70,,71470,28,,,1,30,,71496,39,,,1,70,,71471,28,,,1,30,,71493,35,,,1,70,,71472,28,,,1,30,,71494,35,,,1,70,,71473,28,,,1,100,,71474,28,,,1
101,'20261023',551,,71504,28,,,1,70,,71528,35,,,1,30,,71505,28,,,1,74,,71525,20,,,1,30,,71521,20,,,1,71,,71526,20,,,1,29,,71522,20,,,1,56,,71527,20,,,1,25,,71529,35,,,1,70,,71506,28,,,1,30,,71530,35,,,1,70,,71507,28,,,1,30,,71531,35,,,1,70,,71508,28,,,1,30,,71543,39,,,1,70,,71509,28,,,1,30,,71532,35,,,1,70,,71510,28,,,1,30,,71533,35,,,1,70,,71511,28,,,1,30,,71534,35,,,1,70,,71512,28,,,1,30,,71535,35,,,1,70,,71513,28,,,1,30,,71536,35,,,1,70,,71514,28,,,1,30,,71537,35,,,1,70,,71515,28,,,1,30,,71538,35,,,1,70,,71516,28,,,1,30,,71544,39,,,1,70,,71517,28,,,1,30,,71539,35,,,1,70,,71518,28,,,1,30,,71540,35,,,1,70,,71519,28,,,1,30,,71541,35,,,1,70,,71520,28,,,1,30,,71542,35,,,1
101,'20261024',836,,71580,39,,,1,70,,71552,28,,,1,30,,71581,39,,,1,70,,71553,28,,,1,30,,71582,39,,,1,70,,71554,28,,,1,30,,71568,35,,,1,70,,71555,28,,,1,30,,71583,39,,,1,70,,71556,28,,,1,30,,71569,35,,,1,70,,71557,28,,,1,10,,71585,52,,,1,20,,71570,35,,,1,70,,71558,28,,,1,30,,71571,35,,,1,70,,71559,28,,,1,30,,71572,35,,,1,70,,71560,28,,,1,30,,71573,35,,,1,70,,71561,28,,,1,9,,71586,52,,,1,21,,71574,35,,,1,70,,71562,28,,,1,30,,71575,35,,,1,70,,71563,28,,,1,30,,71584,39,,,1,70,,71564,28,,,1,30,,71576,35,,,1,70,,71565,28,,,1,8,,71587,52,,,1,22,,71577,35,,,1,70,,71566,28,,,1,30,,71578,35,,,1,70,,71567,28,,,1,23,,71588,52,,,1,7,,71579,35,,,1
101,'20261025',836,,71616,39,,,1,70,,71589,28,,,1,30,,71617,39,,,1,70,,71590,28,,,1,30,,71618,39,,,1,70,,71591,28,,,1,30,,71605,35,,,1,70,,71592,28,,,1,30,,71619,39,,,1,70,,71593,28,,,1,30,,71606,35,,,1,70,,71594,28,,,1,10,,71621,52,,,1,20,,71607,35,,,1,70,,71595,28,,,1,30,,71608,35,,,1,70,,71596,28,,,1,30,,71609,35,,,1,70,,71597,28,,,1,30,,71610,35,,,1,70,,71598,28,,,1,9,,71622,52,,,1,21,,71611,35,,,1,70,,71599,28,,,1,30,,71612,35,,,1,70,,71600,28,,,1,30,,71620,39,,,1,70,,71601,28,,,1,30,,71613,35,,,1,70,,71602,28,,,1,8,,71623,52,,,1,22,,71614,35,,,1,70,,71603,28,,,1,30,,71615,35,,,1,70,,71604,28,,,1,23,,71624,52,,,1
101,'20261026',551,,71625,28,,,1,70,,71649,35,,,1,30,,71626,28,,,1,74,,71646,20,,,1,30,,71642,20,,,1,71,,71647,20,,,1,29,,71643,20,,,1,56,,71648,20,,,1,25,,71650,35,,,1,70,,71627,28,,,1,30,,71651,35,,,1,70,,71628,28,,,1,30,,71652,35,,,1,70,,71629,28,,,1,30,,71662,39,,,1,70,,71630,28,,,1,30,,71653,35,,,1,70,,71631,28,,,1,30,,71654,35,,,1,70,,71632,28,,,1,30,,71655,35,,,1,70,,71633,28,,,1,30,,71656,35,,,1,70,,71634,28,,,1,30,,71657,35,,,1,70,,71635,28,,,1,30,,71658,35,,,1,70,,71636,28,,,1,30,,71659,35,,,1,70,,71637,28,,,1,30,,71663,39,,,1,70,,71638,28,,,1,30,,71660,35,,,1,70,,71639,28,,,1,30,,71661,35,,,1,70,,71640,28,,,1,100,,71641,28,,,1
101,'20261027',551,,71671,28,,,1,70,,71695,35,,,1,30,,71672,28,,,1,74,,71692,20,,,1,30,,71688,20,,,1,71,,71693,20,,,1,29,,71689,20,,,1,56,,71694,20,,,1,25,,71696,35,,,1,70,,71673,28,,,1,30,,71697,35,,,1,70,,71674,28,,,1,30,,71698,35,,,1,70,,71675,28,,,1,30,,71708,39,,,1,70,,71676,28,,,1,30,,71699,35,,,1,70,,71677,28,,,1,30,,71700,35,,,1,70,,71678,28,,,1,30,,71701,35,,,1,70,,71679,28,,,1,30,,71702,35,,,1,70,,71680,28,,,1,30,,71703,35,,,1,70,,71681,28,,,1,30,,71704,35,,,1,70,,71682,28,,,1,30,,71705,35,,,1,70,,71683,28,,,1,30,,71709,39,,,1,70,,71684,28,,,1,30,,71706,35,,,1,70,,71685,28,,,1,30,,71707,35,,,1,70,,71686,28,,,1,100,,71687,28,,,1
101,'20261028',551,,71717,28,,,1,70,,71741,35,,,1,30,,71718,28,,,1,74,,71738,20,,,1,30,,71734,20,,,1,71,,71739,20,,,1,29,,71735,20,,,1,56,,71740,20,,,1,25,,71742,35,,,1,70,,71719,28,,,1,30,,71743,35,,,1,70,,71720,28,,,1,30,,71744,35,,,1,70,,71721,28,,,1,30,,71754,39,,,1,70,,71722,28,,,1,30,,71745,35,,,1,70,,71723,28,,,1,30,,71746,35,,,1,70,,71724,28,,,1,30,,71747,35,,,1,70,,71725,28,,,1,30,,71748,35,,,1,70,,71726,28,,,1,30,,71749,35,,,1,70,,71727,28,,,1,30,,71750,35,,,1,70,,71728,28,,,1,30,,71751,35,,,1,70,,71729,28,,,1,30,,71755,39,,,1,70,,71730,28,,,1,30,,71752,35,,,1,70,,71731,28,,,1,30,,71753,35,,,1,70,,71732,28,,,1,100,,71733,28,,,1
101,'20261029',551,,71763,28,,,1,70,,71787,35,,,1,30,,71764,28,,,1,74,,71784,20,,,1,30,,71780,20,,,1,71,,71785,20,,,1,29,,71781,20,,,1,56,,71786,20,,,1,25,,71788,35,,,1,70,,71765,28,,,1,30,,71789,35,,,1,70,,71766,28,,,1,30,,71790,35,,,1,70,,71767,28,,,1,30,,71800,39,,,1,70,,71768,28,,,1,30,,71791,35,,,1,70,,71769,28,,,1,30,,71792,35,,,1,70,,71770,28,,,1,30,,71793,35,,,1,70,,71771,28,,,1,30,,71794,35,,,1,70,,71772,28,,,1,30,,71795,35,,,1,70,,71773,28,,,1,30,,71796,35,,,1,70,,71774,28,,,1,30,,71797,35,,,1,70,,71775,28,,,1,30,,71801,39,,,1,70,,71776,28,,,1,30,,71798,35,,,1,70,,71777,28,,,1,30,,71799,35,,,1,70,,71778,28,,,1,100,,71779,28,,,1
101,'20261030',551,,71809,28,,,1,70,,71833,35,,,1,30,,71810,28,,,1,74,,71830,20,,,1,30,,71826,20,,,1,71,,71831,20,,,1,29,,71827,20,,,1,56,,71832,20,,,1,25,,71834,35,,,1,70,,71811,28,,,1,30,,71835,35,,,1,70,,71812,28,,,1,30,,71836,35,,,1,70,,71813,28,,,1,30,,71848,39,,,1,70,,71814,28,,,1,30,,71837,35,,,1,70,,71815,28,,,1,30,,71838,35,,,1,70,,71816,28,,,1,30,,71839,35,,,1,70,,71817,28,,,1,30,,71840,35,,,1,70,,71818,28,,,1,30,,71841,35,,,1,70,,71819,28,,,1,30,,71842,35,,,1,70,,71820,28,,,1,30,,71843,35,,,1,70,,71821,28,,,1,30,,71849,39,,,1,70,,71822,28,,,1,30,,71844,35,,,1,70,,71823,28,,,1,30,,71845,35,,,1,70,,71824,28,,,1,30,,71846,35,,,1,70,,71825,28,,,1,30,,71847,35,,,1
101,'20261031',836,,71885,39,,,1,70,,71857,28,,,1,30,,71886,39,,,1,70,,71858,28,,,1,30,,71887,39,,,1,70,,71859,28,,,1,30,,71873,35,,,1,70,,71860,28,,,1,30,,71888,39,,,1,70,,71861,28,,,1,30,,71874,35,,,1,70,,71862,28,,,1,10,,71890,52,,,1,20,,71875,35,,,1,70,,71863,28,,,1,30,,71876,35,,,1,70,,71864,28,,,1,30,,71877,35,,,1,70,,71865,28,,,1,30,,71878,35,,,1,70,,71866,28,,,1,9,,71891,52,,,1,21,,71879,35,,,1,70,,71867,28,,,1,30,,71880,35,,,1,70,,71868,28,,,1,30,,71889,39,,,1,70,,71869,28,,,1,30,,71881,35,,,1,70,,71870,28,,,1,8,,71892,52,,,1,22,,71882,35,,,1,70,,71871,28,,,1,30,,71883,35,,,1,70,,71872,28,,,1,23,,71893,52,,,1,7,,71884,35,,,1
101,'20261101',836,,71921,39,,,1,70,,71894,28,,,1,30,,71922,39,,,1,70,,71895,28,,,1,30,,71923,39,,,1,70,,71896,28,,,1,30,,71910,35,,,1,70,,71897,28,,,1,30,,71924,39,,,1,70,,71898,28,,,1,30,,71911,35,,,1,70,,71899,28,,,1,10,,71926,52,,,1,20,,71912,35,,,1,70,,71900,28,,,1,30,,71913,35,,,1,70,,71901,28,,,1,30,,71914,35,,,1,70,,71902,28,,,1,30,,71915,35,,,1,70,,71903,28,,,1,9,,71927,52,,,1,21,,71916,35,,,1,70,,71904,28,,,1,30,,71917,35,,,1,70,,71905,28,,,1,30,,71925,39,,,1,70,,71906,28,,,1,30,,71918,35,,,1,70,,71907,28,,,1,8,,71928,52,,,1,22,,71919,35,,,1,70,,71908,28,,,1,30,,71920,35,,,1,70,,71909,28,,,1,23,,71929,52,,,1
101,'20261102',551,,71930,28,,,1,70,,71954,35,,,1,30,,71931,28,,,1,74,,71951,20,,,1,30,,71947,20,,,1,71,,71952,20,,,1,29,,71948,20,,,1,56,,71953,20,,,1,25,,71955,35,,,1,70,,71932,28,,,1,30,,71956,35,,,1,70,,71933,28,,,1,30,,71957,35,,,1,70,,71934,28,,,1,30,,71967,39,,,1,70,,71935,28,,,1,30,,71958,35,,,1,70,,71936,28,,,1,30,,71959,35,,,1,70,,71937,28,,,1,30,,71960,35,,,1,70,,71938,28,,,1,30,,71961,35,,,1,70,,71939,28,,,1,30,,71962,35,,,1,70,,71940,28,,,1,30,,71963,35,,,1,70,,71941,28,,,1,30,,71964,35,,,1,70,,71942,28,,,1,30,,71968,39,,,1,70,,71943,28,,,1,30,,71965,35,,,1,70,,71944,28,,,1,30,,71966,35,,,1,70,,71945,28,,,1,100,,71946,28,,,1
101,'20261103',551,,71976,28,,,1,70,,72000,35,,,1,30,,71977,28,,,1,74,,71997,20,,,1,30,,71993,20,,,1,71,,71998,20,,,1,29,,71994,20,,,1,56,,71999,20,,,1,25,,72001,35,,,1,70,,71978,28,,,1,30,,72002,35,,,1,70,,71979,28,,,1,30,,72003,35,,,1,70,,71980,28,,,1,30,,72013,39,,,1,70,,71981,28,,,1,30,,72004,35,,,1,70,,71982,28,,,1,30,,72005,35,,,1,70,,71983,28,,,1,30,,72006,35,,,1,70,,71984,28,,,1,30,,72007,35,,,1,70,,71985,28,,,1,30,,72008,35,,,1,70,,71986,28,,,1,30,,72009,35,,,1,70,,71987,28,,,1,30,,72010,35,,,1,70,,71988,28,,,1,30,,72014,39,,,1,70,,71989,28,,,1,30,,72011,35,,,1,70,,71990,28,,,1,30,,72012,35,,,1,70,,71991,28,,,1,100,,71992,28,,,1
101,'20261104',551,,72022,28,,,1,70,,72046,35,,,1,30,,72023,28,,,1,74,,72043,20,,,1,30,,72039,20,,,1,71,,72044,20,,,1,29,,72040,20,,,1,56,,72045,20,,,1,25,,72047,35,,,1,70,,72024,28,,,1,30,,72048,35,,,1,70,,72025,28,,,1,30,,72049,35,,,1,70,,72026,28,,,1,30,,72059,39,,,1,70,,72027,28,,,1,30,,72050,35,,,1,70,,72028,28,,,1,30,,72051,35,,,1,70,,72029,28,,,1,30,,72052,35,,,1,70,,72030,28,,,1,30,,72053,35,,,1,70,,72031,28,,,1,30,,72054,35,,,1,70,,72032,28,,,1,30,,72055,35,,,1,70,,72033,28,,,1,30,,72056,35,,,1,70,,72034,28,,,1,30,,72060,39,,,1,70,,72035,28,,,1,30,,72057,35,,,1,70,,72036,28,,,1,30,,72058,35,,,1,70,,72037,28,,,1,100,,72038,28,,,1
101,'20261105',551,,72068,28,,,1,70,,72092,35,,,1,30,,72069,28,,,1,74,,72089,20,,,1,30,,72085,20,,,1,71,,72090,20,,,1,29,,72086,20,,,1,56,,72091,20,,,1,25,,72093,35,,,1,70,,72070,28,,,1,30,,72094,35,,,1,70,,72071,28,,,1,30,,72095,35,,,1,70,,72072,28,,,1,30,,72105,39,,,1,70,,72073,28,,,1,30,,72096,35,,,1,70,,72074,28,,,1,30,,72097,35,,,1,70,,72075,28,,,1,30,,72098,35,,,1,70,,72076,28,,,1,30,,72099,35,,,1,70,,72077,28,,,1,30,,72100,35,,,1,70,,72078,28,,,1,30,,72101,35,,,1,70,,72079,28,,,1,30,,72102,35,,,1,70,,72080,28,,,1,30,,72106,39,,,1,70,,72081,28,,,1,30,,72103,35,,,1,70,,72082,28,,,1,30,,72104,35,,,1,70,,72083,28,,,1,100,,72084,28,,,1
101,'20261106',551,,72114,28,,,1,70,,72138,35,,,1,30,,72115,28,,,1,74,,72135,20,,,1,30,,72131,20,,,1,71,,72136,20,,,1,29,,72132,20,,,1,56,,72137,20,,,1,25,,72139,35,,,1,70,,72116,28,,,1,30,,72140,35,,,1,70,,72117,28,,,1,30,,72141,35,,,1,70,,72118,28,,,1,30,,72153,39,,,1,70,,72119,28,,,1,30,,72142,35,,,1,70,,72120,28,,,1,30,,72143,35,,,1,70,,72121,28,,,1,30,,72144,35,,,1,70,,72122,28,,,1,30,,72145,35,,,1,70,,72123,28,,,1,30,,72146,35,,,1,70,,72124,28,,,1,30,,72147,35,,,1,70,,72125,28,,,1,30,,72148,35,,,1,70,,72126,28,,,1,30,,72154,39,,,1,70,,72127,28,,,1,30,,72149,35,,,1,70,,72128,28,,,1,30,,72150,35,,,1,70,,72129,28,,,1,30,,72151,35,,,1,70,,72130,28,,,1,30,,72152,35,,,1
101,'20261107',836,,72190,39,,,1,70,,72162,28,,,1,30,,72191,39,,,1,70,,72163,28,,,1,30,,72192,39,,,1,70,,72164,28,,,1,30,,72178,35,,,1,70,,72165,28,,,1,30,,72193,39,,,1,70,,72166,28,,,1,30,,72179,35,,,1,70,,72167,28,,,1,10,,72195,52,,,1,20,,72180,35,,,1,70,,72168,28,,,1,30,,72181,35,,,1,70,,72169,28,,,1,30,,72182,35,,,1,70,,72170,28,,,1,30,,72183,35,,,1,70,,72171,28,,,1,9,,72196,52,,,1,21,,72184,35,,,1,70,,72172,28,,,1,30,,72185,35,,,1,70,,72173,28,,,1,30,,72194,39,,,1,70,,72174,28,,,1,30,,72186,35,,,1,70,,72175,28,,,1,8,,72197,52,,,1,22,,72187,35,,,1,70,,72176,28,,,1,30,,72188,35,,,1,70,,72177,28,,,1,23,,72198,52,,,1,7,,72189,35,,,1
101,'20261108',836,,72226,39,,,1,70,,72199,28,,,1,30,,72227,39,,,1,70,,72200,28,,,1,30,,72228,39,,,1,70,,72201,28,,,1,30,,72215,35,,,1,70,,72202,28,,,1,30,,72229,39,,,1,70,,72203,28,,,1,30,,72216,35,,,1,70,,72204,28,,,1,10,,72231,52,,,1,20,,72217,35,,,1,70,,72205,28,,,1,30,,72218,35,,,1,70,,72206,28,,,1,30,,72219,35,,,1,70,,72207,28,,,1,30,,72220,35,,,1,70,,72208,28,,,1,9,,72232,52,,,1,21,,72221,35,,,1,70,,72209,28,,,1,30,,72222,35,,,1,70,,72210,28,,,1,30,,72230,39,,,1,70,,72211,28,,,1,30,,72223,35,,,1,70,,72212,28,,,1,8,,72233,52,,,1,22,,72224,35,,,1,70,,72213,28,,,1,30,,72225,35,,,1,70,,72214,28,,,1,23,,72234,52,,,1
101,'20261109',551,,72235,28,,,1,70,,72259,35,,,1,30,,72236,28,,,1,74,,72256,20,,,1,30,,72252,20,,,1,71,,72257,20,,,1,29,,72253,20,,,1,56,,72258,20,,,1,25,,72260,35,,,1,70,,72237,28,,,1,30,,72261,35,,,1,70,,72238,28,,,1,30,,72262,35,,,1,70,,72239,28,,,1,30,,72272,39,,,1,70,,72240,28,,,1,30,,72263,35,,,1,70,,72241,28,,,1,30,,72264,35,,,1,70,,72242,28,,,1,30,,72265,35,,,1,70,,72243,28,,,1,30,,72266,35,,,1,70,,72244,28,,,1,30,,72267,35,,,1,70,,72245,28,,,1,30,,72268,35,,,1,70,,72246,28,,,1,30,,72269,35,,,1,70,,72247,28,,,1,30,,72273,39,,,1,70,,72248,28,,,1,30,,72270,35,,,1,70,,72249,28,,,1,30,,72271,35,,,1,70,,72250,28,,,1,100,,72251,28,,,1
101,'20261110',551,,72281,28,,,1,70,,72305,35,,,1,30,,72282,28,,,1,74,,72302,20,,,1,30,,72298,20,,,1,71,,72303,20,,,1,29,,72299,20,,,1,56,,72304,20,,,1,25,,72306,35,,,1,70,,72283,28,,,1,30,,72307,35,,,1,70,,72284,28,,,1,30,,72308,35,,,1,70,,72285,28,,,1,30,,72318,39,,,1,70,,72286,28,,,1,30,,72309,35,,,1,70,,72287,28,,,1,30,,72310,35,,,1,70,,72288,28,,,1,30,,72311,35,,,1,70,,72289,28,,,1,30,,72312,35,,,1,70,,72290,28,,,1,30,,72313,35,,,1,70,,72291,28,,,1,30,,72314,35,,,1,70,,72292,28,,,1,30,,72315,35,,,1,70,,72293,28,,,1,30,,72319,39,,,1,70,,72294,28,,,1,30,,72316,35,,,1,70,,72295,28,,,1,30,,72317,35,,,1,70,,72296,28,,,1,100,,72297,28,,,1
101,'20261111',551,,72327,28,,,1,70,,72351,35,,,1,30,,72328,28,,,1,74,,72348,20,,,1,30,,72344,20,,,1,71,,72349,20,,,1,29,,72345,20,,,1,56,,72350,20,,,1,25,,72352,35,,,1,70,,72329,28,,,1,30,,72353,35,,,1,70,,72330,28,,,1,30,,72354,35,,,1,70,,72331,28,,,1,30,,72364,39,,,1,70,,72332,28,,,1,30,,72355,35,,,1,70,,72333,28,,,1,30,,72356,35,,,1,70,,72334,28,,,1,30,,72357,35,,,1,70,,72335,28,,,1,30,,72358,35,,,1,70,,72336,28,,,1,30,,72359,35,,,1,70,,72337,28,,,1,30,,72360,35,,,1,70,,72338,28,,,1,30,,72361,35,,,1,70,,72339,28,,,1,30,,72365,39,,,1,70,,72340,28,,,1,30,,72362,35,,,1,70,,72341,28,,,1,30,,72363,35,,,1,70,,72342,28,,,1,100,,72343,28,,,1
101,'20261112',551,,72373,28,,,1,70,,72397,35,,,1,30,,72374,28,,,1,74,,72394,20,,,1,30,,72390,20,,,1,71,,72395,20,,,1,29,,72391,20,,,1,56,,72396,20,,,1,25,,72398,35,,,1,70,,72375,28,,,1,30,,72399,35,,,1,70,,72376,28,,,1,30,,72400,35,,,1,70,,72377,28,,,1,30,,72410,39,,,1,70,,72378,28,,,1,30,,72401,35,,,1,70,,72379,28,,,1,30,,72402,35,,,1,70,,72380,28,,,1,30,,72403,35,,,1,70,,72381,28,,,1,30,,72404,35,,,1,70,,72382,28,,,1,30,,72405,35,,,1,70,,72383,28,,,1,30,,72406,35,,,1,70,,72384,28,,,1,30,,72407,35,,,1,70,,72385,28,,,1,30,,72411,39,,,1,70,,72386,28,,,1,30,,72408,35,,,1,70,,72387,28,,,1,30,,72409,35,,,1,70,,72388,28,,,1,100,,72389,28,,,1
101,'20261113',551,,72419,28,,,1,70,,72443,35,,,1,30,,72420,28,,,1,74,,72440,20,,,1,30,,72436,20,,,1,71,,72441,20,,,1,29,,72437,20,,,1,56,,72442,20,,,1,25,,72444,35,,,1,70,,72421,28,,,1,30,,72445,35,,,1,70,,72422,28,,,1,30,,72446,35,,,1,70,,72423,28,,,1,30,,72458,39,,,1,70,,72424,28,,,1,30,,72447,35,,,1,70,,72425,28,,,1,30,,72448,35,,,1,70,,72426,28,,,1,30,,72449,35,,,1,70,,72427,28,,,1,30,,72450,35,,,1,70,,72428,28,,,1,30,,72451,35,,,1,70,,72429,28,,,1,30,,72452,35,,,1,70,,72430,28,,,1,30,,72453,35,,,1,70,,72431,28,,,1,30,,72459,39,,,1,70,,72432,28,,,1,30,,72454,35,,,1,70,,72433,28,,,1,30,,72455,35,,,1,70,,72434,28,,,1,30,,72456,35,,,1,70,,72435,28,,,1,30,,72457,35,,,1
101,'20261114',836,,72495,39,,,1,70,,72467,28,,,1,30,,72496,39,,,1,70,,72468,28,,,1,30,,72497,39,,,1,70,,72469,28,,,1,30,,72483,35,,,1,70,,72470,28,,,1,30,,72498,39,,,1,70,,72471,28,,,1,30,,72484,35,,,1,70,,72472,28,,,1,10,,72500,52,,,1,20,,72485,35,,,1,70,,72473,28,,,1,30,,72486,35,,,1,70,,72474,28,,,1,30,,72487,35,,,1,70,,72475,28,,,1,30,,72488,35,,,1,70,,72476,28,,,1,9,,72501,52,,,1,21,,72489,35,,,1,70,,72477,28,,,1,30,,72490,35,,,1,70,,72478,28,,,1,30,,72499,39,,,1,70,,72479,28,,,1,30,,72491,35,,,1,70,,72480,28,,,1,8,,72502,52,,,1,22,,72492,35,,,1,70,,72481,28,,,1,30,,72493,35,,,1,70,,72482,28,,,1,23,,72503,52,,,1,7,,72494,35,,,1
101,'20261115',836,,72531,39,,,1,70,,72504,28,,,1,30,,72532,39,,,1,70,,72505,28,,,1,30,,72533,39,,,1,70,,72506,28,,,1,30,,72520,35,,,1,70,,72507,28,,,1,30,,72534,39,,,1,70,,72508,28,,,1,30,,72521,35,,,1,70,,72509,28,,,1,10,,72536,52,,,1,20,,72522,35,,,1,70,,72510,28,,,1,30,,72523,35,,,1,70,,72511,28,,,1,30,,72524,35,,,1,70,,72512,28,,,1,30,,72525,35,,,1,70,,72513,28,,,1,9,,72537,52,,,1,21,,72526,35,,,1,70,,72514,28,,,1,30,,72527,35,,,1,70,,72515,28,,,1,30,,72535,39,,,1,70,,72516,28,,,1,30,,72528,35,,,1,70,,72517,28,,,1,8,,72538,52,,,1,22,,72529,35,,,1,70,,72518,28,,,1,30,,72530,35,,,1,70,,72519,28,,,1,23,,72539,52,,,1
101,'20261116',551,,72540,28,,,1,70,,72564,35,,,1,30,,72541,28,,,1,74,,72561,20,,,1,30,,72557,20,,,1,71,,72562,20,,,1,29,,72558,20,,,1,56,,72563,20,,,1,25,,72565,35,,,1,70,,72542,28,,,1,30,,72566,35,,,1,70,,72543,28,,,1,30,,72567,35,,,1,70,,72544,28,,,1,30,,72577,39,,,1,70,,72545,28,,,1,30,,72568,35,,,1,70,,72546,28,,,1,30,,72569,35,,,1,70,,72547,28,,,1,30,,72570,35,,,1,70,,72548,28,,,1,30,,72571,35,,,1,70,,72549,28,,,1,30,,72572,35,,,1,70,,72550,28,,,1,30,,72573,35,,,1,70,,72551,28,,,1,30,,72574,35,,,1,70,,72552,28,,,1,30,,72578,39,,,1,70,,72553,28,,,1,30,,72575,35,,,1,70,,72554,28,,,1,30,,72576,35,,,1,70,,72555,28,,,1,100,,72556,28,,,1
101,'20261117',551,,72586,28,,,1,70,,72610,35,,,1,30,,72587,28,,,1,74,,72607,20,,,1,30,,72603,20,,,1,71,,72608,20,,,1,29,,72604,20,,,1,56,,72609,20,,,1,25,,72611,35,,,1,70,,72588,28,,,1,30,,72612,35,,,1,70,,72589,28,,,1,30,,72613,35,,,1,70,,72590,28,,,1,30,,72623,39,,,1,70,,72591,28,,,1,30,,72614,35,,,1,70,,72592,28,,,1,30,,72615,35,,,1,70,,72593,28,,,1,30,,72616,35,,,1,70,,72594,28,,,1,30,,72617,35,,,1,70,,72595,28,,,1,30,,72618,35,,,1,70,,72596,28,,,1,30,,72619,35,,,1,70,,72597,28,,,1,30,,72620,35,,,1,70,,72598,28,,,1,30,,72624,39,,,1,70,,72599,28,,,1,30,,72621,35,,,1,70,,72600,28,,,1,30,,72622,35,,,1,70,,72601,28,,,1,100,,72602,28,,,1
101,'20261118',551,,72632,28,,,1,70,,72656,35,,,1,30,,72633,28,,,1,74,,72653,20,,,1,30,,72649,20,,,1,71,,72654,20,,,1,29,,72650,20,,,1,56,,72655,20,,,1,25,,72657,35,,,1,70,,72634,28,,,1,30,,72658,35,,,1,70,,72635,28,,,1,30,,72659,35,,,1,70,,72636,28,,,1,30,,72669,39,,,1,70,,72637,28,,,1,30,,72660,35,,,1,70,,72638,28,,,1,30,,72661,35,,,1,70,,72639,28,,,1,30,,72662,35,,,1,70,,72640,28,,,1,30,,72663,35,,,1,70,,72641,28,,,1,30,,72664,35,,,1,70,,72642,28,,,1,30,,72665,35,,,1,70,,72643,28,,,1,30,,72666,35,,,1,70,,72644,28,,,1,30,,72670,39,,,1,70,,72645,28,,,1,30,,72667,35,,,1,70,,72646,28,,,1,30,,72668,35,,,1,70,,72647,28,,,1,100,,72648,28,,,1
101,'20261119',551,,72678,28,,,1,70,,72702,35,,,1,30,,72679,28,,,1,74,,72699,20,,,1,30,,72695,20,,,1,71,,72700,20,,,1,29,,72696,20,,,1,56,,72701,20,,,1,25,,72703,35,,,1,70,,72680,28,,,1,30,,72704,35,,,1,70,,72681,28,,,1,30,,72705,35,,,1,70,,72682,28,,,1,30,,72715,39,,,1,70,,72683,28,,,1,30,,72706,35,,,1,70,,72684,28,,,1,30,,72707,35,,,1,70,,72685,28,,,1,30,,72708,35,,,1,70,,72686,28,,,1,30,,72709,35,,,1,70,,72687,28,,,1,30,,72710,35,,,1,70,,72688,28,,,1,30,,72711,35,,,1,70,,72689,28,,,1,30,,72712,35,,,1,70,,72690,28,,,1,30,,72716,39,,,1,70,,72691,28,,,1,30,,72713,35,,,1,70,,72692,28,,,1,30,,72714,35,,,1,70,,72693,28,,,1,100,,72694,28,,,1
101,'20261120',551,,72724,28,,,1,70,,72748,35,,,1,30,,72725,28,,,1,74,,72745,20,,,1,30,,72741,20,,,1,71,,72746,20,,,1,29,,72742,20,,,1,56,,72747,20,,,1,25,,72749,35,,,1,70,,72726,28,,,1,30,,72750,35,,,1,70,,72727,28,,,1,30,,72751,35,,,1,70,,72728,28,,,1,30,,72763,39,,,1,70,,72729,28,,,1,30,,72752,35,,,1,70,,72730,28,,,1,30,,72753,35,,,1,70,,72731,28,,,1,30,,72754,35,,,1,70,,72732,28,,,1,30,,72755,35,,,1,70,,72733,28,,,1,30,,72756,35,,,1,70,,72734,28,,,1,30,,72757,35,,,1,70,,72735,28,,,1,30,,72758,35,,,1,70,,72736,28,,,1,30,,72764,39,,,1,70,,72737,28,,,1,30,,72759,35,,,1,70,,72738,28,,,1,30,,72760,35,,,1,70,,72739,28,,,1,30,,72761,35,,,1,70,,72740,28,,,1,30,,72762,35,,,1
101,'20261121',836,,72800,39,,,1,70,,72772,28,,,1,30,,72801,39,,,1,70,,72773,28,,,1,30,,72802,39,,,1,70,,72774,28,,,1,30,,72788,35,,,1,70,,72775,28,,,1,30,,72803,39,,,1,70,,72776,28,,,1,30,,72789,35,,,1,70,,72777,28,,,1,10,,72805,52,,,1,20,,72790,35,,,1,70,,72778,28,,,1,30,,72791,35,,,1,70,,72779,28,,,1,30,,72792,35,,,1,70,,72780,28,,,1,30,,72793,35,,,1,70,,72781,28,,,1,9,,72806,52,,,1,21,,72794,35,,,1,70,,72782,28,,,1,30,,72795,35,,,1,70,,72783,28,,,1,30,,72804,39,,,1,70,,72784,28,,,1,30,,72796,35,,,1,70,,72785,28,,,1,8,,72807,52,,,1,22,,72797,35,,,1,70,,72786,28,,,1,30,,72798,35,,,1,70,,72787,28,,,1,23,,72808,52,,,1,7,,72799,35,,,1
101,'20261122',836,,72836,39,,,1,70,,72809,28,,,1,30,,72837,39,,,1,70,,72810,28,,,1,30,,72838,39,,,1,70,,72811,28,,,1,30,,72825,35,,,1,70,,72812,28,,,1,30,,72839,39,,,1,70,,72813,28,,,1,30,,72826,35,,,1,70,,72814,28,,,1,10,,72841,52,,,1,20,,72827,35,,,1,70,,72815,28,,,1,30,,72828,35,,,1,70,,72816,28,,,1,30,,72829,35,,,1,70,,72817,28,,,1,30,,72830,35,,,1,70,,72818,28,,,1,9,,72842,52,,,1,21,,72831,35,,,1,70,,72819,28,,,1,30,,72832,35,,,1,70,,72820,28,,,1,30,,72840,39,,,1,70,,72821,28,,,1,30,,72833,35,,,1,70,,72822,28,,,1,8,,72843,52,,,1,22,,72834,35,,,1,70,,72823,28,,,1,30,,72835,35,,,1,70,,72824,28,,,1,23,,72844,52,,,1
101,'20261123',551,,72845,28,,,1,70,,72869,35,,,1,30,,72846,28,,,1,74,,72866,20,,,1,30,,72862,20,,,1,71,,72867,20,,,1,29,,72863,20,,,1,56,,72868,20,,,1,25,,72870,35,,,1,70,,72847,28,,,1,30,,72871,35,,,1,70,,72848,28,,,1,30,,72872,35,,,1,70,,72849,28,,,1,30,,72882,39,,,1,70,,72850,28,,,1,30,,72873,35,,,1,70,,72851,28,,,1,30,,72874,35,,,1,70,,72852,28,,,1,30,,72875,35,,,1,70,,72853,28,,,1,30,,72876,35,,,1,70,,72854,28,,,1,30,,72877,35,,,1,70,,72855,28,,,1,30,,72878,35,,,1,70,,72856,28,,,1,30,,72879,35,,,1,70,,72857,28,,,1,30,,72883,39,,,1,70,,72858,28,,,1,30,,72880,35,,,1,70,,72859,28,,,1,30,,72881,35,,,1,70,,72860,28,,,1,100,,72861,28,,,1
101,'20261124',551,,72891,28,,,1,70,,72915,35,,,1,30,,72892,28,,,1,74,,72912,20,,,1,30,,72908,20,,,1,71,,72913,20,,,1,29,,72909,20,,,1,56,,72914,20,,,1,25,,72916,35,,,1,70,,72893,28,,,1,30,,72917,35,,,1,70,,72894,28,,,1,30,,72918,35,,,1,70,,72895,28,,,1,30,,72928,39,,,1,70,,72896,28,,,1,30,,72919,35,,,1,70,,72897,28,,,1,30,,72920,35,,,1,70,,72898,28,,,1,30,,72921,35,,,1,70,,72899,28,,,1,30,,72922,35,,,1,70,,72900,28,,,1,30,,72923,35,,,1,70,,72901,28,,,1,30,,72924,35,,,1,70,,72902,28,,,1,30,,72925,35,,,1,70,,72903,28,,,1,30,,72929,39,,,1,70,,72904,28,,,1,30,,72926,35,,,1,70,,72905,28,,,1,30,,72927,35,,,1,70,,72906,28,,,1,100,,72907,28,,,1
101,'20261125',551,,72937,28,,,1,70,,72961,35,,,1,30,,72938,28,,,1,74,,72958,20,,,1,30,,72954,20,,,1,71,,72959,20,,,1,29,,72955,20,,,1,56,,72960,20,,,1,25,,72962,35,,,1,70,,72939,28,,,1,30,,72963,35,,,1,70,,72940,28,,,1,30,,72964,35,,,1,70,,72941,28,,,1,30,,72974,39,,,1,70,,72942,28,,,1,30,,72965,35,,,1,70,,72943,28,,,1,30,,72966,35,,,1,70,,72944,28,,,1,30,,72967,35,,,1,70,,72945,28,,,1,30,,72968,35,,,1,70,,72946,28,,,1,30,,72969,35,,,1,70,,72947,28,,,1,30,,72970,35,,,1,70,,72948,28,,,1,30,,72971,35,,,1,70,,72949,28,,,1,30,,72975,39,,,1,70,,72950,28,,,1,30,,72972,35,,,1,70,,72951,28,,,1,30,,72973,35,,,1,70,,72952,28,,,1,100,,72953,28,,,1
101,'20261126',551,,72983,28,,,1,70,,73007,35,,,1,30,,72984,28,,,1,74,,73004,20,,,1,30,,73000,20,,,1,71,,73005,20,,,1,29,,73001,20,,,1,56,,73006,20,,,1,25,,73008,35,,,1,70,,72985,28,,,1,30,,73009,35,,,1,70,,72986,28,,,1,30,,73010,35,,,1,70,,72987,28,,,1,30,,73020,39,,,1,70,,72988,28,,,1,30,,73011,35,,,1,70,,72989,28,,,1,30,,73012,35,,,1,70,,72990,28,,,1,30,,73013,35,,,1,70,,72991,28,,,1,30,,73014,35,,,1,70,,72992,28,,,1,30,,73015,35,,,1,70,,72993,28,,,1,30,,73016,35,,,1,70,,72994,28,,,1,30,,73017,35,,,1,70,,72995,28,,,1,30,,73021,39,,,1,70,,72996,28,,,1,30,,73018,35,,,1,70,,72997,28,,,1,30,,73019,35,,,1,70,,72998,28,,,1,100,,72999,28,,,1
101,'20261127',551,,73029,28,,,1,70,,73053,35,,,1,30,,73030,28,,,1,74,,73050,20,,,1,30,,73046,20,,,1,71,,73051,20,,,1,29,,73047,20,,,1,56,,73052,20,,,1,25,,73054,35,,,1,70,,73031,28,,,1,30,,73055,35,,,1,70,,73032,28,,,1,30,,73056,35,,,1,70,,73033,28,,,1,30,,73068,39,,,1,70,,73034,28,,,1,30,,73057,35,,,1,70,,73035,28,,,1,30,,73058,35,,,1,70,,73036,28,,,1,30,,73059,35,,,1,70,,73037,28,,,1,30,,73060,35,,,1,70,,73038,28,,,1,30,,73061,35,,,1,70,,73039,28,,,1,30,,73062,35,,,1,70,,73040,28,,,1,30,,73063,35,,,1,70,,73041,28,,,1,30,,73069,39,,,1,70,,73042,28,,,1,30,,73064,35,,,1,70,,73043,28,,,1,30,,73065,35,,,1,70,,73044,28,,,1,30,,73066,35,,,1,70,,73045,28,,,1,30,,73067,35,,,1
