100,'20260814',610,,35757,1,0,10,1,30,,35781,1,0,11 12,1,77,,35758,1,0,10,1,30,,35782,1,0,11 12,1,70,,35759,1,0,10,1,30,,35783,1,0,11 12,1,63,,35804,1,,,1,7,,35760,1,0,10,1,30,,35784,1,0,11 12,1,70,,35761,1,0,10,1,30,,35785,1,0,11 12,1,70,,35762,1,0,10,1,30,,35797,1,0,13,1,70,,35763,1,0,10,1,30,,35786,1,0,11 12,1,70,,35764,1,0,10,1,30,,35787,1,0,11 12,1,70,,35765,1,0,10,1,30,,35788,1,0,11 12,1,70,,35766,1,0,10,1,18,,35778,1,0,14,1,15,,35800,1,0,17 18,1,9,,35799,1,0,13,1,46,,35776,1,0,14,1,15,,35796,1,0,11 12,1,9,,35774,1,0,10,1,6,,35779,1,0,14,1,15,,35801,1,0,17 18,1,9,,35805,1,,,1,46,,35777,1,0,14,1,15,,35802,1,0,17 18,1,9,,35775,1,0,10,1,6,,35780,1,0,15,1,15,,35803,1,0,17 18,1,3,,35789,1,0,11 12,1,64,,35767,1,0,10,1,30,,35798,1,0,13,1,70,,35768,1,0,10,1,30,,35790,1,0,11 12,1,70,,35769,1,0,10,1,30,,35791,1,0,11 12,1,70,,35770,1,0,10,1,30,,35792,1,0,11 12,1,60,,35806,1,,,1,10,,35771,1,0,10,1,30,,35793,1,0,11 12,1,70,,35772,1,0,10,1,30,,35794,1,0,11 12,1,70,,35773,1,0,10,1,30,,35795,1,0,11 12,1
100,'20260815',847,,35839,1,0,11 12,1,57,,35856,1,,,1,13,,35807,1,0,10,1,30,,35840,1,0,11 12,1,70,,35808,1,0,10,1,30,,35841,1,0,11 12,1,62,,35857,1,,,1,8,,35809,1,0,10,1,30,,35842,1,0,11 12,1,70,,35810,1,0,10,1,30,,35843,1,0,11 12,1,70,,35811,1,0,10,1,30,,35844,1,0,11 12,1,70,,35812,1,0,10,1,30,,35854,1,0,13,1,70,,35813,1,0,10,1,15,,35823,1,0,14,1,15,,35845,1,0,11 12,1,55,,35831,1,0,14,1,15,,35814,1,0,10,1,15,,35824,1,0,14,1,15,,35846,1,0,11 12,1,55,,35832,1,0,14,1,5,,35858,1,,,1,10,,35815,1,0,10,1,15,,35825,1,0,14,1,15,,35847,1,0,11 12,1,55,,35833,1,0,14,1,15,,35816,1,0,10,1,15,,35826,1,0,14,1,15,,35848,1,0,11 12,1,55,,35834,1,0,14,1,15,,35817,1,0,10,1,5,,35859,1,,,1,10,,35827,1,0,14,1,15,,35849,1,0,11 12,1,55,,35835,1,0,14,1,15,,35818,1,0,10,1,15,,35828,1,0,14,1,15,,35855,1,0,13,1,55,,35836,1,0,14,1,15,,35819,1,0,10,1,15,,35829,1,0,14,1,15,,35850,1,0,11 12,1,55,,35837,1,0,14,1,15,,35820,1,0,10,1,15,,35830,1,0,14,1,15,,35851,1,0,11 12,1,55,,35838,1,0,14,1,15,,35821,1,0,10,1,30,,35852,1,0,11 12,1,70,,35822,1,0,10,1,30,,35853,1,0,11 12,1
100,'20260816',847,,35892,1,0,11 12,1,57,,35909,1,,,1,13,,35860,1,0,10,1,30,,35893,1,0,11 12,1,70,,35861,1,0,10,1,30,,35894,1,0,11 12,1,62,,35910,1,,,1,8,,35862,1,0,10,1,30,,35895,1,0,11 12,1,70,,35863,1,0,10,1,30,,35896,1,0,11 12,1,70,,35864,1,0,10,1,30,,35897,1,0,11 12,1,70,,35865,1,0,10,1,30,,35907,1,0,13,1,70,,35866,1,0,10,1,15,,65412,1,0,14,1,15,,35898,1,0,11 12,1,55,,65420,1,0,14,1,15,,35867,1,0,10,1,15,,65413,1,0,14,1,15,,35899,1,0,11 12,1,55,,65421,1,0,14,1,5,,35911,1,,,1,10,,35868,1,0,10,1,15,,65414,1,0,14,1,15,,35900,1,0,11 12,1,55,,65422,1,0,14,1,15,,35869,1,0,10,1,15,,65415,1,0,14,1,15,,35901,1,0,11 12,1,55,,65423,1,0,14,1,15,,35870,1,0,10,1,5,,35912,1,,,1,10,,65416,1,0,14,1,15,,35902,1,0,11 12,1,55,,65424,1,0,14,1,15,,35871,1,0,10,1,15,,65417,1,0,14,1,15,,35908,1,0,13,1,55,,65425,1,0,14,1,15,,35872,1,0,10,1,15,,65418,1,0,14,1,15,,35903,1,0,11 12,1,55,,65426,1,0,14,1,15,,35873,1,0,10,1,15,,65419,1,0,14,1,15,,35904,1,0,11 12,1,55,,65427,1,0,14,1,15,,35874,1,0,10,1,30,,35905,1,0,11 12,1,70,,35875,1,0,10,1
100,'20260817',610,,64654,1,0,10,1,30,,64660,1,0,11 12,1,77,,64655,1,0,10,1,30,,64661,1,0,11 12,1,70,,64656,1,0,10,1,30,,35938,1,0,11 12,1,63,,35958,1,0,31 53 2 47 48 49,1,7,,35916,1,0,10,1,30,,35939,1,0,11 12,1,70,,35917,1,0,10,1,30,,35940,1,0,11 12,1,70,,35918,1,0,10,1,30,,64665,1,0,13,1,70,,35919,1,0,10,1,30,,35941,1,0,11 12,1,70,,35920,1,0,10,1,30,,35942,1,0,11 12,1,70,,35921,1,0,10,1,30,,64662,1,0,11 12,1,70,,35922,1,0,10,1,18,,35933,1,0,14,1,15,,64668,1,0,17 18,1,9,,64667,1,0,13,1,46,,35930,1,0,14,1,15,,64664,1,0,11 12,1,9,,64657,1,0,10,1,6,,35934,1,0,14,1,15,,64669,1,0,17 18,1,9,,35959,1,,,1,46,,35931,1,0,14,1,15,,64670,1,0,17 18,1,9,,64658,1,0,10,1,6,,35935,1,0,15,1,15,,64671,1,0,17 18,1,3,,35944,1,0,11 12,1,64,,35923,1,0,10,1,30,,64666,1,0,13,1,70,,35924,1,0,10,1,30,,35945,1,0,11 12,1,70,,35925,1,0,10,1,30,,64663,1,0,11 12,1,70,,35926,1,0,10,1,30,,35947,1,0,11 12,1,60,,64672,1,,,1,10,,35927,1,0,10,1,30,,35948,1,0,11 12,1,57,,64659,1,0,10,1,43,,35949,1,0,11 12,1
100,'20260818',610,,35961,1,0,10,1,30,,35984,1,0,11 12,1,77,,35962,1,0,10,1,30,,35985,1,0,11 12,1,70,,35963,1,0,10,1,30,,35986,1,0,11 12,1,63,,36006,1,,,1,7,,35964,1,0,10,1,30,,35987,1,0,11 12,1,70,,35965,1,0,10,1,30,,35988,1,0,11 12,1,70,,35966,1,0,10,1,30,,35999,1,0,13,1,70,,35967,1,0,10,1,30,,35989,1,0,11 12,1,70,,35968,1,0,10,1,30,,35990,1,0,11 12,1,70,,35969,1,0,10,1,30,,35991,1,0,11 12,1,70,,35970,1,0,10,1,18,,35981,1,0,14,1,15,,36002,1,0,17 18,1,9,,36001,1,0,13,1,46,,35978,1,0,14,1,15,,35998,1,0,11 12,1,9,,35976,1,0,10,1,6,,35982,1,0,14,1,15,,36003,1,0,17 18,1,9,,36007,1,,,1,46,,35979,1,0,14,1,15,,36004,1,0,17 18,1,9,,35977,1,0,10,1,6,,35983,1,0,15,1,15,,36005,1,0,17 18,1,3,,35992,1,0,11 12,1,64,,35971,1,0,10,1,30,,36000,1,0,13,1,70,,35972,1,0,10,1,30,,35993,1,0,11 12,1,70,,35973,1,0,10,1,30,,35994,1,0,11 12,1,70,,35974,1,0,10,1,30,,35995,1,0,11 12,1,60,,36008,1,,,1,10,,35975,1,0,10,1,30,,35996,1,0,11 12,1,57,,35980,1,0,10,1,43,,35997,1,0,11 12,1
100,'20260819',610,,36009,1,0,10,1,30,,36032,1,0,11 12,1,77,,36010,1,0,10,1,30,,36033,1,0,11 12,1,70,,36011,1,0,10,1,30,,36034,1,0,11 12,1,63,,36054,1,,,1,7,,36012,1,0,10,1,30,,36035,1,0,11 12,1,70,,36013,1,0,10,1,30,,36036,1,0,11 12,1,70,,36014,1,0,10,1,30,,36047,1,0,13,1,70,,36015,1,0,10,1,30,,36037,1,0,11 12,1,70,,36016,1,0,10,1,30,,36038,1,0,11 12,1,70,,36017,1,0,10,1,30,,36039,1,0,11 12,1,70,,36018,1,0,10,1,18,,36029,1,0,14,1,15,,36050,1,0,17 18,1,9,,36049,1,0,13,1,46,,36026,1,0,14,1,15,,36046,1,0,11 12,1,9,,36024,1,0,10,1,6,,36030,1,0,14,1,15,,36051,1,0,17 18,1,9,,36055,1,,,1,46,,36027,1,0,14,1,15,,36052,1,0,17 18,1,9,,36025,1,0,10,1,6,,36031,1,0,15,1,15,,36053,1,0,17 18,1,3,,36040,1,0,11 12,1,64,,36019,1,0,10,1,30,,36048,1,0,13,1,70,,36020,1,0,10,1,30,,36041,1,0,11 12,1,70,,36021,1,0,10,1,30,,36042,1,0,11 12,1,70,,36022,1,0,10,1,30,,36043,1,0,11 12,1,60,,36056,1,,,1,10,,36023,1,0,10,1,30,,36044,1,0,11 12,1,57,,36028,1,0,10,1,43,,36045,1,0,11 12,1
100,'20260820',610,,36057,1,0,10,1,30,,36080,1,0,11 12,1,77,,36058,1,0,10,1,30,,36081,1,0,11 12,1,70,,36059,1,0,10,1,30,,36082,1,0,11 12,1,63,,36102,1,,,1,7,,36060,1,0,10,1,30,,36083,1,0,11 12,1,70,,36061,1,0,10,1,30,,36084,1,0,11 12,1,70,,36062,1,0,10,1,30,,36095,1,0,13,1,70,,36063,1,0,10,1,30,,36085,1,0,11 12,1,70,,36064,1,0,10,1,30,,36086,1,0,11 12,1,70,,36065,1,0,10,1,30,,36087,1,0,11 12,1,70,,36066,1,0,10,1,18,,36077,1,0,14,1,15,,36098,1,0,17 18,1,9,,36097,1,0,13,1,46,,36074,1,0,14,1,15,,36094,1,0,11 12,1,9,,36072,1,0,10,1,6,,36078,1,0,14,1,15,,36099,1,0,17 18,1,9,,36103,1,,,1,46,,36075,1,0,14,1,15,,36100,1,0,17 18,1,9,,36073,1,0,10,1,6,,36079,1,0,15,1,15,,36101,1,0,17 18,1,3,,36088,1,0,11 12,1,64,,36067,1,0,10,1,30,,36096,1,0,13,1,70,,36068,1,0,10,1,30,,36089,1,0,11 12,1,70,,36069,1,0,10,1,30,,36090,1,0,11 12,1,70,,36070,1,0,10,1,30,,36091,1,0,11 12,1,60,,36104,1,,,1,10,,36071,1,0,10,1,30,,36092,1,0,11 12,1,70,,65428,1,0,10,1,15,,65429,1,0,16,1,15,,36093,1,0,11 12,1
100,'20260821',610,,36105,1,0,10,1,30,,36129,1,0,11 12,1,77,,36106,1,0,10,1,30,,36130,1,0,11 12,1,70,,36107,1,0,10,1,30,,36131,1,0,11 12,1,63,,36152,1,,,1,7,,36108,1,0,10,1,15,,65430,1,0,28,1,15,,36132,1,0,11 12,1,70,,36109,1,0,10,1,30,,36133,1,0,11 12,1,70,,36110,1,0,10,1,30,,36145,1,0,13,1,70,,36111,1,0,10,1,30,,36134,1,0,11 12,1,70,,36112,1,0,10,1,30,,36135,1,0,11 12,1,70,,36113,1,0,10,1,30,,36136,1,0,11 12,1,70,,36114,1,0,10,1,18,,36126,1,0,14,1,13,,36148,1,0,17 18,1,9,,36147,1,0,13,1,48,,36124,1,0,14,1,13,,36144,1,0,11 12,1,9,,36122,1,0,10,1,8,,36127,1,0,14,1,13,,36149,1,0,17 18,1,9,,36153,1,,,1,48,,36125,1,0,14,1,13,,36150,1,0,17 18,1,9,,36123,1,0,10,1,8,,36128,1,0,15,1,15,,36151,1,0,17 18,1,3,,36137,1,0,11 12,1,64,,36115,1,0,10,1,30,,36146,1,0,13,1,70,,36116,1,0,10,1,30,,36138,1,0,11 12,1,70,,36117,1,0,10,1,30,,36139,1,0,11 12,1,70,,36118,1,0,10,1,30,,36140,1,0,11 12,1,9,,65431,1,,,1,61,,36119,1,0,10,1,30,,36141,1,0,11 12,1,70,,36120,1,0,10,1,30,,36142,1,0,11 12,1,70,,36121,1,0,10,1,30,,36143,1,0,11 12,1
100,'20260822',847,,36187,1,0,11 12,1,57,,36204,1,,,1,13,,36155,1,0,10,1,30,,36188,1,0,11 12,1,70,,36156,1,0,10,1,30,,36189,1,0,11 12,1,62,,36205,1,,,1,8,,36157,1,0,10,1,30,,36190,1,0,11 12,1,70,,36158,1,0,10,1,30,,36191,1,0,11 12,1,70,,36159,1,0,10,1,30,,36192,1,0,11 12,1,12,,65432,1,0,28,1,58,,36160,1,0,10,1,18,,65433,1,0,28,1,12,,36202,1,0,13,1,12,,65434,1,0,28,1,58,,36161,1,0,10,1,15,,36171,1,0,14,1,15,,36193,1,0,11 12,1,55,,36179,1,0,14,1,15,,36162,1,0,10,1,15,,36172,1,0,14,1,15,,36194,1,0,11 12,1,55,,36180,1,0,14,1,5,,36206,1,,,1,10,,36163,1,0,10,1,15,,36173,1,0,14,1,15,,36195,1,0,11 12,1,55,,36181,1,0,14,1,15,,36164,1,0,10,1,15,,36174,1,0,14,1,15,,36196,1,0,11 12,1,55,,36182,1,0,14,1,15,,36165,1,0,10,1,5,,36207,1,,,1,10,,36175,1,0,14,1,15,,36197,1,0,11 12,1,55,,36183,1,0,14,1,15,,36166,1,0,10,1,15,,36176,1,0,14,1,15,,36203,1,0,13,1,55,,36184,1,0,14,1,15,,36167,1,0,10,1,15,,36177,1,0,14,1,15,,36198,1,0,11 12,1,55,,36185,1,0,14,1,15,,36168,1,0,10,1,15,,36178,1,0,14,1,15,,36199,1,0,11 12,1,55,,36186,1,0,14,1,15,,36169,1,0,10,1,30,,36200,1,0,11 12,1,70,,36170,1,0,10,1,30,,36201,1,0,11 12,1
100,'20260823',847,,36240,1,0,11 12,1,57,,36257,1,,,1,13,,36208,1,0,10,1,30,,36241,1,0,11 12,1,70,,36209,1,0,10,1,30,,36242,1,0,11 12,1,62,,36258,1,,,1,8,,36210,1,0,10,1,30,,36243,1,0,11 12,1,70,,36211,1,0,10,1,30,,36244,1,0,11 12,1,70,,36212,1,0,10,1,30,,36245,1,0,11 12,1,12,,65435,1,0,28,1,58,,36213,1,0,10,1,18,,65436,1,0,28,1,12,,36255,1,0,13,1,12,,65437,1,0,28,1,58,,36214,1,0,10,1,15,,36224,1,0,14,1,15,,36246,1,0,11 12,1,55,,36232,1,0,14,1,15,,36215,1,0,10,1,15,,36225,1,0,14,1,15,,36247,1,0,11 12,1,55,,36233,1,0,14,1,5,,36259,1,,,1,10,,36216,1,0,10,1,15,,36226,1,0,14,1,15,,36248,1,0,11 12,1,55,,36234,1,0,14,1,15,,36217,1,0,10,1,15,,36227,1,0,14,1,15,,36249,1,0,11 12,1,55,,36235,1,0,14,1,15,,36218,1,0,10,1,5,,36260,1,,,1,10,,36228,1,0,14,1,15,,36250,1,0,11 12,1,55,,36236,1,0,14,1,15,,36219,1,0,10,1,15,,36229,1,0,14,1,15,,36256,1,0,13,1,55,,36237,1,0,14,1,15,,36220,1,0,10,1,15,,36230,1,0,14,1,15,,36251,1,0,11 12,1,55,,36238,1,0,14,1,15,,36221,1,0,10,1,15,,36231,1,0,14,1,15,,36252,1,0,11 12,1,55,,36239,1,0,14,1,15,,36222,1,0,10,1,30,,36253,1,0,11 12,1,70,,36223,1,0,10,1
100,'20260824',610,,64673,1,0,10,1,30,,64679,1,0,11 12,1,77,,64674,1,0,10,1,30,,64680,1,0,11 12,1,70,,64675,1,0,10,1,30,,36286,1,0,11 12,1,63,,36306,1,,,1,7,,36264,1,0,10,1,15,,65438,1,0,28,1,15,,36287,1,0,11 12,1,70,,36265,1,0,10,1,30,,36288,1,0,11 12,1,70,,36266,1,0,10,1,30,,64684,1,0,13,1,70,,36267,1,0,10,1,30,,36289,1,0,11 12,1,70,,36268,1,0,10,1,30,,36290,1,0,11 12,1,70,,36269,1,0,10,1,30,,64681,1,0,11 12,1,70,,36270,1,0,10,1,18,,36281,1,0,14,1,13,,64687,1,0,17 18,1,9,,64686,1,0,13,1,48,,36278,1,0,14,1,13,,64683,1,0,11 12,1,9,,64676,1,0,10,1,8,,36282,1,0,14,1,13,,64688,1,0,17 18,1,9,,36307,1,,,1,48,,36279,1,0,14,1,13,,64689,1,0,17 18,1,9,,64677,1,0,10,1,8,,36283,1,0,15,1,15,,64690,1,0,17 18,1,3,,36292,1,0,11 12,1,64,,36271,1,0,10,1,30,,64685,1,0,13,1,70,,36272,1,0,10,1,30,,36293,1,0,11 12,1,70,,36273,1,0,10,1,30,,64682,1,0,11 12,1,70,,36274,1,0,10,1,30,,36295,1,0,11 12,1,9,,65440,1,,,1,61,,36275,1,0,10,1,30,,36296,1,0,11 12,1,57,,64678,1,0,10,1,43,,36297,1,0,11 12,1,70,,65439,1,0,14,1
100,'20260825',610,,36309,1,0,10,1,30,,36332,1,0,11 12,1,77,,36310,1,0,10,1,30,,36333,1,0,11 12,1,70,,36311,1,0,10,1,30,,36334,1,0,11 12,1,63,,36354,1,,,1,7,,36312,1,0,10,1,15,,65441,1,0,28,1,15,,36335,1,0,11 12,1,70,,36313,1,0,10,1,30,,36336,1,0,11 12,1,70,,36314,1,0,10,1,30,,36347,1,0,13,1,70,,36315,1,0,10,1,30,,36337,1,0,11 12,1,70,,36316,1,0,10,1,30,,36338,1,0,11 12,1,70,,36317,1,0,10,1,30,,36339,1,0,11 12,1,70,,36318,1,0,10,1,18,,36329,1,0,14,1,13,,36350,1,0,17 18,1,9,,36349,1,0,13,1,48,,36326,1,0,14,1,13,,36346,1,0,11 12,1,9,,36324,1,0,10,1,8,,36330,1,0,14,1,13,,36351,1,0,17 18,1,9,,36355,1,,,1,48,,36327,1,0,14,1,13,,36352,1,0,17 18,1,9,,36325,1,0,10,1,8,,36331,1,0,15,1,15,,36353,1,0,17 18,1,3,,36340,1,0,11 12,1,64,,36319,1,0,10,1,30,,36348,1,0,13,1,70,,36320,1,0,10,1,30,,36341,1,0,11 12,1,70,,36321,1,0,10,1,30,,36342,1,0,11 12,1,70,,36322,1,0,10,1,30,,36343,1,0,11 12,1,9,,65443,1,,,1,61,,36323,1,0,10,1,30,,36344,1,0,11 12,1,57,,36328,1,0,10,1,43,,36345,1,0,11 12,1,70,,65442,1,0,14,1
100,'20260826',610,,36357,1,0,10,1,30,,36380,1,0,11 12,1,77,,36358,1,0,10,1,30,,36381,1,0,11 12,1,70,,36359,1,0,10,1,30,,36382,1,0,11 12,1,63,,36402,1,,,1,7,,36360,1,0,10,1,15,,65444,1,0,28,1,15,,36383,1,0,11 12,1,70,,36361,1,0,10,1,30,,36384,1,0,11 12,1,70,,36362,1,0,10,1,30,,36395,1,0,13,1,70,,36363,1,0,10,1,30,,36385,1,0,11 12,1,70,,36364,1,0,10,1,30,,36386,1,0,11 12,1,70,,36365,1,0,10,1,30,,36387,1,0,11 12,1,70,,36366,1,0,10,1,18,,36377,1,0,14,1,13,,36398,1,0,17 18,1,9,,36397,1,0,13,1,48,,36374,1,0,14,1,13,,36394,1,0,11 12,1,9,,36372,1,0,10,1,8,,36378,1,0,14,1,13,,36399,1,0,17 18,1,9,,36403,1,,,1,48,,36375,1,0,14,1,13,,36400,1,0,17 18,1,9,,36373,1,0,10,1,8,,36379,1,0,15,1,15,,36401,1,0,17 18,1,3,,36388,1,0,11 12,1,64,,36367,1,0,10,1,30,,36396,1,0,13,1,70,,36368,1,0,10,1,30,,36389,1,0,11 12,1,70,,36369,1,0,10,1,30,,36390,1,0,11 12,1,70,,36370,1,0,10,1,30,,36391,1,0,11 12,1,9,,65446,1,,,1,61,,36371,1,0,10,1,30,,36392,1,0,11 12,1,57,,36376,1,0,10,1,43,,36393,1,0,11 12,1,70,,65445,1,0,14,1
100,'20260827',610,,36405,1,0,10,1,30,,36428,1,0,11 12,1,77,,36406,1,0,10,1,30,,36429,1,0,11 12,1,70,,36407,1,0,10,1,30,,36430,1,0,11 12,1,63,,36450,1,,,1,7,,36408,1,0,10,1,15,,65447,1,0,28,1,15,,36431,1,0,11 12,1,70,,36409,1,0,10,1,30,,36432,1,0,11 12,1,70,,36410,1,0,10,1,30,,36443,1,0,13,1,70,,36411,1,0,10,1,30,,36433,1,0,11 12,1,70,,36412,1,0,10,1,30,,36434,1,0,11 12,1,70,,36413,1,0,10,1,30,,36435,1,0,11 12,1,70,,36414,1,0,10,1,18,,36425,1,0,14,1,13,,36446,1,0,17 18,1,9,,36445,1,0,13,1,48,,36422,1,0,14,1,13,,36442,1,0,11 12,1,9,,36420,1,0,10,1,8,,36426,1,0,14,1,13,,36447,1,0,17 18,1,9,,36451,1,,,1,48,,36423,1,0,14,1,13,,36448,1,0,17 18,1,9,,36421,1,0,10,1,8,,36427,1,0,15,1,15,,36449,1,0,17 18,1,3,,36436,1,0,11 12,1,64,,36415,1,0,10,1,30,,36444,1,0,13,1,70,,36416,1,0,10,1,30,,36437,1,0,11 12,1,70,,36417,1,0,10,1,30,,36438,1,0,11 12,1,70,,36418,1,0,10,1,30,,36439,1,0,11 12,1,9,,65449,1,,,1,61,,36419,1,0,10,1,30,,36440,1,0,11 12,1,57,,36424,1,0,10,1,43,,36441,1,0,11 12,1,70,,65448,1,0,14,1
100,'20260828',610,,36453,1,0,10,1,30,,36477,1,0,11 12,1,77,,36454,1,0,10,1,30,,36478,1,0,11 12,1,70,,36455,1,0,10,1,30,,36479,1,0,11 12,1,63,,36500,1,,,1,7,,36456,1,0,10,1,15,,65450,1,0,28,1,15,,36480,1,0,11 12,1,70,,36457,1,0,10,1,30,,36481,1,0,11 12,1,70,,36458,1,0,10,1,30,,36493,1,0,13,1,70,,36459,1,0,10,1,30,,36482,1,0,11 12,1,70,,36460,1,0,10,1,30,,36483,1,0,11 12,1,70,,36461,1,0,10,1,30,,36484,1,0,11 12,1,70,,36462,1,0,10,1,18,,36474,1,0,14,1,13,,36496,1,0,17 18,1,9,,36495,1,0,13,1,48,,36472,1,0,14,1,13,,36492,1,0,11 12,1,9,,36470,1,0,10,1,8,,36475,1,0,14,1,13,,36497,1,0,17 18,1,9,,36501,1,,,1,48,,36473,1,0,14,1,13,,36498,1,0,17 18,1,9,,36471,1,0,10,1,8,,36476,1,0,15,1,15,,36499,1,0,17 18,1,3,,36485,1,0,11 12,1,64,,36463,1,0,10,1,30,,36494,1,0,13,1,70,,36464,1,0,10,1,30,,36486,1,0,11 12,1,70,,36465,1,0,10,1,30,,36487,1,0,11 12,1,70,,36466,1,0,10,1,30,,36488,1,0,11 12,1,9,,65451,1,,,1,61,,36467,1,0,10,1,30,,36489,1,0,11 12,1,70,,36468,1,0,10,1,30,,36490,1,0,11 12,1,70,,36469,1,0,10,1,30,,36491,1,0,11 12,1
100,'20260829',847,,36535,1,0,11 12,1,57,,36552,1,,,1,13,,36503,1,0,10,1,30,,36536,1,0,11 12,1,70,,36504,1,0,10,1,30,,36537,1,0,11 12,1,62,,36553,1,,,1,8,,36505,1,0,10,1,30,,36538,1,0,11 12,1,70,,36506,1,0,10,1,30,,36539,1,0,11 12,1,70,,36507,1,0,10,1,30,,36540,1,0,11 12,1,12,,65452,1,0,28,1,58,,36508,1,0,10,1,18,,65453,1,0,28,1,12,,36550,1,0,13,1,12,,65454,1,0,28,1,58,,36509,1,0,10,1,15,,36519,1,0,14,1,15,,36541,1,0,11 12,1,55,,36527,1,0,14,1,15,,36510,1,0,10,1,15,,36520,1,0,14,1,15,,36542,1,0,11 12,1,55,,36528,1,0,14,1,5,,36554,1,,,1,10,,36511,1,0,10,1,15,,36521,1,0,14,1,15,,36543,1,0,11 12,1,55,,36529,1,0,14,1,15,,36512,1,0,10,1,15,,36522,1,0,14,1,15,,36544,1,0,11 12,1,55,,36530,1,0,14,1,15,,36513,1,0,10,1,5,,36555,1,,,1,10,,36523,1,0,14,1,15,,36545,1,0,11 12,1,55,,36531,1,0,14,1,15,,36514,1,0,10,1,15,,36524,1,0,14,1,15,,36551,1,0,13,1,55,,36532,1,0,14,1,15,,36515,1,0,10,1,15,,36525,1,0,14,1,15,,36546,1,0,11 12,1,55,,36533,1,0,14,1,15,,36516,1,0,10,1,15,,36526,1,0,14,1,15,,36547,1,0,11 12,1,55,,36534,1,0,14,1,15,,36517,1,0,10,1,30,,36548,1,0,11 12,1,70,,36518,1,0,10,1,30,,36549,1,0,11 12,1
100,'20260830',847,,36588,1,0,11 12,1,57,,36605,1,,,1,13,,36556,1,0,10,1,30,,36589,1,0,11 12,1,70,,36557,1,0,10,1,30,,36590,1,0,11 12,1,62,,36606,1,,,1,8,,36558,1,0,10,1,30,,36591,1,0,11 12,1,70,,36559,1,0,10,1,30,,36592,1,0,11 12,1,70,,36560,1,0,10,1,30,,36593,1,0,11 12,1,12,,65455,1,0,28,1,58,,36561,1,0,10,1,18,,65456,1,0,28,1,12,,36603,1,0,13,1,12,,65457,1,0,28,1,58,,36562,1,0,10,1,15,,36572,1,0,14,1,15,,36594,1,0,11 12,1,55,,36580,1,0,14,1,15,,36563,1,0,10,1,15,,36573,1,0,14,1,15,,36595,1,0,11 12,1,55,,36581,1,0,14,1,5,,36607,1,,,1,10,,36564,1,0,10,1,15,,36574,1,0,14,1,15,,36596,1,0,11 12,1,55,,36582,1,0,14,1,15,,36565,1,0,10,1,15,,36575,1,0,14,1,15,,36597,1,0,11 12,1,55,,36583,1,0,14,1,15,,36566,1,0,10,1,5,,36608,1,,,1,10,,36576,1,0,14,1,15,,36598,1,0,11 12,1,55,,36584,1,0,14,1,15,,36567,1,0,10,1,15,,36577,1,0,14,1,15,,36604,1,0,13,1,55,,36585,1,0,14,1,15,,36568,1,0,10,1,15,,36578,1,0,14,1,15,,36599,1,0,11 12,1,55,,36586,1,0,14,1,15,,36569,1,0,10,1,15,,36579,1,0,14,1,15,,36600,1,0,11 12,1,55,,36587,1,0,14,1,15,,36570,1,0,10,1,30,,36601,1,0,11 12,1,70,,36571,1,0,10,1
100,'20260831',610,,64692,1,0,10,1,30,,64698,1,0,11 12,1,77,,64693,1,0,10,1,30,,64699,1,0,11 12,1,70,,64694,1,0,10,1,30,,36634,1,0,11 12,1,63,,36654,1,,,1,7,,36612,1,0,10,1,15,,65458,1,0,28,1,15,,36635,1,0,11 12,1,70,,36613,1,0,10,1,30,,36636,1,0,11 12,1,70,,36614,1,0,10,1,30,,64703,1,0,13,1,70,,36615,1,0,10,1,30,,36637,1,0,11 12,1,70,,36616,1,0,10,1,30,,36638,1,0,11 12,1,70,,36617,1,0,10,1,30,,64700,1,0,11 12,1,70,,36618,1,0,10,1,18,,36629,1,0,14,1,13,,64706,1,0,17 18,1,9,,64705,1,0,13,1,48,,36626,1,0,14,1,13,,64702,1,0,11 12,1,9,,64695,1,0,10,1,8,,36630,1,0,14,1,13,,64707,1,0,17 18,1,9,,36655,1,,,1,48,,36627,1,0,14,1,13,,64708,1,0,17 18,1,9,,64696,1,0,10,1,8,,36631,1,0,15,1,15,,64709,1,0,17 18,1,3,,36640,1,0,11 12,1,64,,36619,1,0,10,1,30,,64704,1,0,13,1,70,,36620,1,0,10,1,30,,36641,1,0,11 12,1,70,,36621,1,0,10,1,30,,64701,1,0,11 12,1,70,,36622,1,0,10,1,30,,36643,1,0,11 12,1,9,,65460,1,,,1,61,,36623,1,0,10,1,30,,36644,1,0,11 12,1,57,,64697,1,0,10,1,43,,36645,1,0,11 12,1,70,,65459,1,0,14,1
100,'20260901',610,,36657,1,0,10,1,30,,36680,1,0,11 12,1,77,,36658,1,0,10,1,30,,36681,1,0,11 12,1,70,,36659,1,0,10,1,30,,36682,1,0,11 12,1,63,,36702,1,,,1,7,,36660,1,0,10,1,15,,65461,1,0,28,1,15,,36683,1,0,11 12,1,70,,36661,1,0,10,1,30,,36684,1,0,11 12,1,70,,36662,1,0,10,1,30,,36695,1,0,13,1,70,,36663,1,0,10,1,30,,36685,1,0,11 12,1,70,,36664,1,0,10,1,30,,36686,1,0,11 12,1,70,,36665,1,0,10,1,30,,36687,1,0,11 12,1,70,,36666,1,0,10,1,18,,36677,1,0,14,1,13,,36698,1,0,17 18,1,9,,36697,1,0,13,1,48,,36674,1,0,14,1,13,,36694,1,0,11 12,1,9,,36672,1,0,10,1,8,,36678,1,0,14,1,13,,36699,1,0,17 18,1,9,,36703,1,,,1,48,,36675,1,0,14,1,13,,36700,1,0,17 18,1,9,,36673,1,0,10,1,8,,36679,1,0,15,1,15,,36701,1,0,17 18,1,3,,36688,1,0,11 12,1,64,,36667,1,0,10,1,30,,36696,1,0,13,1,70,,36668,1,0,10,1,30,,36689,1,0,11 12,1,70,,36669,1,0,10,1,30,,36690,1,0,11 12,1,70,,36670,1,0,10,1,30,,36691,1,0,11 12,1,9,,65463,1,,,1,61,,36671,1,0,10,1,30,,36692,1,0,11 12,1,57,,36676,1,0,10,1,43,,36693,1,0,11 12,1,70,,65462,1,0,14,1
100,'20260902',610,,36705,1,0,10,1,30,,36728,1,0,11 12,1,77,,36706,1,0,10,1,30,,36729,1,0,11 12,1,70,,36707,1,0,10,1,30,,36730,1,0,11 12,1,63,,36750,1,,,1,7,,36708,1,0,10,1,15,,65464,1,0,28,1,15,,36731,1,0,11 12,1,70,,36709,1,0,10,1,30,,36732,1,0,11 12,1,70,,36710,1,0,10,1,30,,36743,1,0,13,1,70,,36711,1,0,10,1,30,,36733,1,0,11 12,1,70,,36712,1,0,10,1,30,,36734,1,0,11 12,1,70,,36713,1,0,10,1,30,,36735,1,0,11 12,1,70,,36714,1,0,10,1,18,,36725,1,0,14,1,13,,36746,1,0,17 18,1,9,,36745,1,0,13,1,48,,36722,1,0,14,1,13,,36742,1,0,11 12,1,9,,36720,1,0,10,1,8,,36726,1,0,14,1,13,,36747,1,0,17 18,1,9,,36751,1,,,1,48,,36723,1,0,14,1,13,,36748,1,0,17 18,1,9,,36721,1,0,10,1,8,,36727,1,0,15,1,15,,36749,1,0,17 18,1,3,,36736,1,0,11 12,1,64,,36715,1,0,10,1,30,,36744,1,0,13,1,70,,36716,1,0,10,1,30,,36737,1,0,11 12,1,70,,36717,1,0,10,1,30,,36738,1,0,11 12,1,70,,36718,1,0,10,1,30,,36739,1,0,11 12,1,9,,65466,1,,,1,61,,36719,1,0,10,1,30,,36740,1,0,11 12,1,57,,36724,1,0,10,1,43,,36741,1,0,11 12,1,70,,65465,1,0,14,1
100,'20260903',610,,36753,1,0,10,1,30,,36776,1,0,11 12,1,77,,36754,1,0,10,1,30,,36777,1,0,11 12,1,70,,36755,1,0,10,1,30,,36778,1,0,11 12,1,63,,36798,1,,,1,7,,36756,1,0,10,1,15,,65467,1,0,28,1,15,,36779,1,0,11 12,1,70,,36757,1,0,10,1,30,,36780,1,0,11 12,1,70,,36758,1,0,10,1,30,,36791,1,0,13,1,70,,36759,1,0,10,1,30,,36781,1,0,11 12,1,70,,36760,1,0,10,1,30,,36782,1,0,11 12,1,70,,36761,1,0,10,1,30,,36783,1,0,11 12,1,70,,36762,1,0,10,1,18,,36773,1,0,14,1,13,,36794,1,0,17 18,1,9,,36793,1,0,13,1,48,,36770,1,0,14,1,13,,36790,1,0,11 12,1,9,,36768,1,0,10,1,8,,36774,1,0,14,1,13,,36795,1,0,17 18,1,9,,36799,1,,,1,48,,36771,1,0,14,1,13,,36796,1,0,17 18,1,9,,36769,1,0,10,1,8,,36775,1,0,15,1,15,,36797,1,0,17 18,1,3,,36784,1,0,11 12,1,64,,36763,1,0,10,1,30,,36792,1,0,13,1,70,,36764,1,0,10,1,30,,36785,1,0,11 12,1,70,,36765,1,0,10,1,30,,36786,1,0,11 12,1,70,,36766,1,0,10,1,30,,36787,1,0,11 12,1,9,,65469,1,,,1,61,,36767,1,0,10,1,30,,36788,1,0,11 12,1,57,,36772,1,0,10,1,43,,36789,1,0,11 12,1,70,,65468,1,0,14,1
100,'20260904',610,,36801,1,0,10,1,30,,36825,1,0,11 12,1,77,,36802,1,0,10,1,30,,36826,1,0,11 12,1,70,,36803,1,0,10,1,30,,36827,1,0,11 12,1,63,,36848,1,,,1,7,,36804,1,0,10,1,15,,65470,1,0,28,1,15,,36828,1,0,11 12,1,70,,36805,1,0,10,1,30,,36829,1,0,11 12,1,70,,36806,1,0,10,1,30,,36841,1,0,13,1,70,,36807,1,0,10,1,30,,36830,1,0,11 12,1,70,,36808,1,0,10,1,30,,36831,1,0,11 12,1,70,,36809,1,0,10,1,30,,36832,1,0,11 12,1,70,,36810,1,0,10,1,18,,36822,1,0,14,1,13,,36844,1,0,17 18,1,9,,36843,1,0,13,1,48,,36820,1,0,14,1,13,,36840,1,0,11 12,1,9,,36818,1,0,10,1,8,,36823,1,0,14,1,13,,36845,1,0,17 18,1,9,,36849,1,,,1,48,,36821,1,0,14,1,13,,36846,1,0,17 18,1,9,,36819,1,0,10,1,8,,36824,1,0,15,1,15,,36847,1,0,17 18,1,3,,36833,1,0,11 12,1,64,,36811,1,0,10,1,30,,36842,1,0,13,1,70,,36812,1,0,10,1,30,,36834,1,0,11 12,1,70,,36813,1,0,10,1,30,,36835,1,0,11 12,1,70,,36814,1,0,10,1,30,,36836,1,0,11 12,1,9,,65471,1,,,1,61,,36815,1,0,10,1,30,,36837,1,0,11 12,1,70,,36816,1,0,10,1,30,,36838,1,0,11 12,1,70,,36817,1,0,10,1,30,,36839,1,0,11 12,1
101,'20260814',600,,40580,34,4,,1,30,,40604,41,4,,1,25,,40581,34,4,,1,47,,40623,43,4,,1,15,,40621,45,4,,1,15,,40624,43,4,,1,2,,40601,26,4,,1,13,,40599,34,4,,1,55,,40625,43,4,,1,2,,40597,26,4,,1,14,,40622,45,4,,1,14,,40626,43,4,,1,2,,40602,26,4,,1,13,,40600,34,4,,1,57,,40598,26,4,,1,16,,40603,26,4,,1,25,,40605,41,4,,1,70,,40582,34,4,,1,30,,40606,41,4,,1,70,,40583,34,4,,1,30,,40607,41,4,,1,70,,40584,34,4,,1,30,,40619,45,4,,1,70,,40585,34,4,,1,30,,40608,41,4,,1,70,,40586,34,4,,1,30,,40609,41,4,,1,70,,40587,34,4,,1,12,,40628,58,4,,1,18,,40610,41,4,,1,70,,40588,34,4,,1,33,,40611,41,4,,1,67,,40589,34,4,,1,30,,40612,41,4,,1,70,,40590,34,4,,1,30,,40613,41,4,,1,70,,40591,34,4,,1,30,,40614,41,4,,1,70,,40592,34,4,,1,30,,40620,45,4,,1,70,,40593,34,4,,1,30,,40615,41,4,,1,70,,40594,34,4,,1,11,,40629,58,4,,1,19,,40616,41,4,,1,70,,40595,34,4,,1,30,,40617,41,4,,1,70,,40596,34,4,,1,30,,40618,41,4,,1
101,'20260815',820,,65472,28,4,,1,25,,40675,45,4,,1,70,,40630,34,4,,1,30,,40676,45,4,,1,70,,40631,34,4,,1,30,,40677,45,4,,1,70,,40632,34,4,,1,30,,40663,41,4,,1,70,,40633,34,4,,1,30,,40678,45,4,,1,70,,40634,34,4,,1,30,,40664,41,4,,1,70,,40635,34,4,,1,10,,40680,58,4,,1,20,,40665,41,4,,1,70,,40636,34,4,,1,15,,40654,22,4,,1,15,,40666,41,4,,1,55,,40646,22,4,,1,15,,40637,34,4,,1,15,,40655,22,4,,1,15,,40667,41,4,,1,55,,40647,22,4,,1,15,,40638,34,4,,1,15,,40656,22,4,,1,15,,40668,41,4,,1,55,,40648,22,4,,1,15,,40639,34,4,,1,9,,40681,58,4,,1,6,,40657,22,4,,1,15,,40669,41,4,,1,55,,40649,22,4,,1,15,,40640,34,4,,1,15,,40658,22,4,,1,15,,40670,41,4,,1,55,,40650,22,4,,1,15,,40641,34,4,,1,15,,40659,22,4,,1,15,,40679,45,4,,1,55,,40651,22,4,,1,15,,40642,34,4,,1,15,,40660,22,4,,1,15,,40671,41,4,,1,55,,40652,22,4,,1,15,,40643,34,4,,1,8,,40682,58,4,,1,7,,40661,22,4,,1,15,,40672,41,4,,1,55,,40653,22,4,,1,15,,40644,34,4,,1,15,,40662,22,4,,1,15,,40673,41,4,,1,70,,40645,34,4,,1,23,,40683,58,4,,1,7,,40674,41,4,,1
101,'20260816',750,,65490,28,4,,1,95,,40729,45,4,,1,70,,40684,34,4,,1,30,,40730,45,4,,1,70,,40685,34,4,,1,30,,40731,45,4,,1,70,,40686,34,4,,1,30,,40717,41,4,,1,70,,40687,34,4,,1,30,,40732,45,4,,1,70,,40688,34,4,,1,30,,40718,41,4,,1,70,,40689,34,4,,1,10,,40734,58,4,,1,20,,40719,41,4,,1,70,,40690,34,4,,1,15,,65481,22,4,,1,15,,40720,41,4,,1,55,,65473,22,4,,1,15,,40691,34,4,,1,15,,65482,22,4,,1,15,,40721,41,4,,1,55,,65474,22,4,,1,15,,40692,34,4,,1,15,,65483,22,4,,1,15,,40722,41,4,,1,55,,65475,22,4,,1,15,,40693,34,4,,1,9,,40735,58,4,,1,6,,65484,22,4,,1,15,,40723,41,4,,1,55,,65476,22,4,,1,15,,40694,34,4,,1,15,,65485,22,4,,1,15,,40724,41,4,,1,55,,65477,22,4,,1,15,,40695,34,4,,1,15,,65486,22,4,,1,15,,40733,45,4,,1,55,,65478,22,4,,1,15,,40696,34,4,,1,15,,65487,22,4,,1,15,,40725,41,4,,1,55,,65479,22,4,,1,15,,40697,34,4,,1,8,,40736,58,4,,1,7,,65488,22,4,,1,15,,40726,41,4,,1,55,,65480,22,4,,1,15,,40698,34,4,,1,15,,65489,22,4,,1,15,,40727,41,4,,1,70,,40699,34,4,,1,23,,40737,58,4,,1
101,'20260817',600,,64732,34,4,,1,30,,64741,41,4,,1,70,,64733,34,4,,1,2,,64746,43,4,,1,15,,64744,45,4,,1,15,,64747,43,4,,1,2,,64738,26,4,,1,13,,64736,34,4,,1,55,,64748,43,4,,1,2,,64734,26,4,,1,14,,64745,45,4,,1,14,,64749,43,4,,1,2,,64739,26,4,,1,13,,64737,34,4,,1,57,,64735,26,4,,1,16,,64740,26,4,,1,25,,64742,41,4,,1,70,,40740,34,4,,1,30,,64743,41,4,,1,70,,40741,34,4,,1,30,,40765,41,4,,1,70,,40742,34,4,,1,30,,40775,45,4,,1,70,,40743,34,4,,1,30,,40766,41,4,,1,70,,40744,34,4,,1,30,,40767,41,4,,1,70,,40745,34,4,,1,12,,64751,53,4,,1,18,,40768,41,4,,1,70,,40746,34,4,,1,33,,40769,41,4,,1,67,,40747,34,4,,1,30,,40770,41,4,,1,70,,40748,34,4,,1,30,,40771,41,4,,1,70,,40749,34,4,,1,30,,40772,41,4,,1,70,,40750,34,4,,1,30,,40776,45,4,,1,70,,40751,34,4,,1,30,,40773,41,4,,1,70,,40752,34,4,,1,11,,64752,58,4,,1,19,,40774,41,4,,1,70,,40753,34,4,,1,100,,40754,34,4,,1
101,'20260818',600,,40786,34,4,,1,30,,40810,41,4,,1,70,,40787,34,4,,1,2,,40827,43,4,,1,15,,40825,45,4,,1,15,,40828,43,4,,1,2,,40807,26,4,,1,13,,40805,34,4,,1,55,,40829,43,4,,1,2,,40803,26,4,,1,14,,40826,45,4,,1,14,,40830,43,4,,1,2,,40808,26,4,,1,13,,40806,34,4,,1,57,,40804,26,4,,1,16,,40809,26,4,,1,25,,40811,41,4,,1,70,,40788,34,4,,1,30,,40812,41,4,,1,70,,40789,34,4,,1,30,,40813,41,4,,1,70,,40790,34,4,,1,30,,40823,45,4,,1,70,,40791,34,4,,1,30,,40814,41,4,,1,70,,40792,34,4,,1,30,,40815,41,4,,1,70,,40793,34,4,,1,12,,40832,58,4,,1,18,,40816,41,4,,1,70,,40794,34,4,,1,33,,40817,41,4,,1,67,,40795,34,4,,1,30,,40818,41,4,,1,70,,40796,34,4,,1,30,,40819,41,4,,1,70,,40797,34,4,,1,30,,40820,41,4,,1,70,,40798,34,4,,1,30,,40824,45,4,,1,70,,40799,34,4,,1,30,,40821,41,4,,1,70,,40800,34,4,,1,11,,40833,58,4,,1,19,,40822,41,4,,1,70,,40801,34,4,,1,100,,40802,34,4,,1
101,'20260819',600,,40834,34,4,,1,30,,40858,41,4,,1,70,,40835,34,4,,1,2,,40875,43,4,,1,15,,40873,45,4,,1,15,,40876,43,4,,1,2,,40855,26,4,,1,13,,40853,34,4,,1,55,,40877,43,4,,1,2,,40851,26,4,,1,14,,40874,45,4,,1,14,,40878,43,4,,1,2,,40856,26,4,,1,13,,40854,34,4,,1,57,,40852,26,4,,1,16,,40857,26,4,,1,25,,40859,41,4,,1,70,,40836,34,4,,1,30,,40860,41,4,,1,70,,40837,34,4,,1,30,,40861,41,4,,1,70,,40838,34,4,,1,30,,40871,45,4,,1,70,,40839,34,4,,1,30,,40862,41,4,,1,70,,40840,34,4,,1,30,,40863,41,4,,1,70,,40841,34,4,,1,12,,40880,58,4,,1,18,,40864,41,4,,1,70,,40842,34,4,,1,33,,40865,41,4,,1,67,,40843,34,4,,1,30,,40866,41,4,,1,70,,40844,34,4,,1,30,,40867,41,4,,1,70,,40845,34,4,,1,30,,40868,41,4,,1,70,,40846,34,4,,1,30,,40872,45,4,,1,70,,40847,34,4,,1,30,,40869,41,4,,1,70,,40848,34,4,,1,11,,40881,58,4,,1,19,,40870,41,4,,1,70,,40849,34,4,,1,100,,40850,34,4,,1
101,'20260820',600,,40882,34,4,,1,30,,40906,41,4,,1,70,,40883,34,4,,1,2,,40923,43,4,,1,15,,40921,45,4,,1,15,,40924,43,4,,1,2,,40903,26,4,,1,13,,40901,34,4,,1,55,,40925,43,4,,1,2,,40899,26,4,,1,14,,40922,45,4,,1,14,,40926,43,4,,1,2,,40904,26,4,,1,13,,40902,34,4,,1,57,,40900,26,4,,1,16,,40905,26,4,,1,25,,40907,41,4,,1,70,,40884,34,4,,1,30,,40908,41,4,,1,70,,40885,34,4,,1,30,,40909,41,4,,1,70,,40886,34,4,,1,30,,40919,45,4,,1,70,,40887,34,4,,1,30,,40910,41,4,,1,70,,40888,34,4,,1,30,,40911,41,4,,1,70,,40889,34,4,,1,12,,40928,58,4,,1,18,,40912,41,4,,1,70,,40890,34,4,,1,33,,40913,41,4,,1,67,,40891,34,4,,1,30,,40914,41,4,,1,70,,40892,34,4,,1,30,,40915,41,4,,1,70,,40893,34,4,,1,30,,40916,41,4,,1,70,,40894,34,4,,1,30,,40920,45,4,,1,70,,40895,34,4,,1,30,,40917,41,4,,1,70,,40896,34,4,,1,11,,40929,58,4,,1,19,,40918,41,4,,1,70,,40897,34,4,,1,30,,65491,7,4,,1,70,,40898,34,4,,1
101,'20260821',600,,40930,34,4,,1,30,,40954,41,4,,1,70,,40931,34,4,,1,2,,40973,43,4,,1,15,,40971,45,4,,1,15,,40974,43,4,,1,2,,40951,26,4,,1,13,,40949,34,4,,1,55,,40975,43,4,,1,2,,40947,26,4,,1,14,,40972,45,4,,1,14,,40976,43,4,,1,2,,40952,26,4,,1,13,,40950,34,4,,1,57,,40948,26,4,,1,16,,40953,26,4,,1,25,,40955,41,4,,1,73,,40932,34,4,,1,15,,65492,7,4,,1,15,,40956,41,4,,1,70,,40933,34,4,,1,30,,40957,41,4,,1,70,,40934,34,4,,1,30,,40969,45,4,,1,70,,40935,34,4,,1,15,,65493,7,4,,1,15,,40958,41,4,,1,70,,40936,34,4,,1,30,,40959,41,4,,1,55,,65494,7,4,,1,15,,40937,34,4,,1,12,,40978,58,4,,1,18,,40960,41,4,,1,70,,40938,34,4,,1,23,,65495,7,4,,1,10,,40961,41,4,,1,67,,40939,34,4,,1,15,,65496,7,4,,1,15,,40962,41,4,,1,55,,65497,7,4,,1,15,,40940,34,4,,1,30,,40963,41,4,,1,7,,65498,7,4,,1,63,,40941,34,4,,1,30,,40964,41,4,,1,70,,40942,34,4,,1,30,,40970,45,4,,1,70,,40943,34,4,,1,30,,40965,41,4,,1,70,,40944,34,4,,1,11,,40979,58,4,,1,19,,40966,41,4,,1,70,,40945,34,4,,1,30,,40967,41,4,,1,70,,40946,34,4,,1,30,,40968,41,4,,1
101,'20260822',848,,41025,45,4,,1,70,,40980,34,4,,1,30,,41026,45,4,,1,70,,40981,34,4,,1,30,,41027,45,4,,1,70,,40982,34,4,,1,30,,41013,41,4,,1,70,,40983,34,4,,1,30,,41028,45,4,,1,70,,40984,34,4,,1,15,,65499,7,4,,1,15,,41014,41,4,,1,70,,40985,34,4,,1,10,,41030,58,4,,1,20,,41015,41,4,,1,70,,40986,34,4,,1,15,,41004,22,4,,1,15,,41016,41,4,,1,55,,40996,22,4,,1,15,,40987,34,4,,1,15,,41005,22,4,,1,15,,41017,41,4,,1,55,,40997,22,4,,1,15,,40988,34,4,,1,15,,41006,22,4,,1,15,,41018,41,4,,1,55,,40998,22,4,,1,15,,40989,34,4,,1,9,,41031,58,4,,1,6,,41007,22,4,,1,15,,41019,41,4,,1,55,,40999,22,4,,1,15,,40990,34,4,,1,15,,41008,22,4,,1,15,,41020,41,4,,1,55,,41000,22,4,,1,15,,40991,34,4,,1,15,,41009,22,4,,1,15,,41029,45,4,,1,55,,41001,22,4,,1,15,,40992,34,4,,1,15,,41010,22,4,,1,15,,41021,41,4,,1,55,,41002,22,4,,1,15,,40993,34,4,,1,8,,41032,58,4,,1,7,,41011,22,4,,1,15,,41022,41,4,,1,55,,41003,22,4,,1,15,,40994,34,4,,1,15,,41012,22,4,,1,15,,41023,41,4,,1,70,,40995,34,4,,1,23,,41033,58,4,,1,7,,41024,41,4,,1
101,'20260823',848,,41079,45,4,,1,70,,41034,34,4,,1,30,,41080,45,4,,1,70,,41035,34,4,,1,30,,41081,45,4,,1,70,,41036,34,4,,1,30,,41067,41,4,,1,70,,41037,34,4,,1,30,,41082,45,4,,1,70,,41038,34,4,,1,15,,65500,7,4,,1,15,,41068,41,4,,1,70,,41039,34,4,,1,10,,41084,58,4,,1,20,,41069,41,4,,1,70,,41040,34,4,,1,15,,41058,22,4,,1,15,,41070,41,4,,1,55,,41050,22,4,,1,15,,41041,34,4,,1,15,,41059,22,4,,1,15,,41071,41,4,,1,55,,41051,22,4,,1,15,,41042,34,4,,1,15,,41060,22,4,,1,15,,41072,41,4,,1,55,,41052,22,4,,1,15,,41043,34,4,,1,9,,41085,58,4,,1,6,,41061,22,4,,1,15,,41073,41,4,,1,55,,41053,22,4,,1,15,,41044,34,4,,1,15,,41062,22,4,,1,15,,41074,41,4,,1,55,,41054,22,4,,1,15,,41045,34,4,,1,15,,41063,22,4,,1,15,,41083,45,4,,1,55,,41055,22,4,,1,15,,41046,34,4,,1,15,,41064,22,4,,1,15,,41075,41,4,,1,55,,41056,22,4,,1,15,,41047,34,4,,1,8,,41086,58,4,,1,7,,41065,22,4,,1,15,,41076,41,4,,1,55,,41057,22,4,,1,15,,41048,34,4,,1,15,,41066,22,4,,1,15,,41077,41,4,,1,70,,41049,34,4,,1,23,,41087,58,4,,1
101,'20260824',600,,64753,34,4,,1,30,,64762,41,4,,1,70,,64754,34,4,,1,2,,64767,43,4,,1,15,,64765,45,4,,1,15,,64768,43,4,,1,2,,64759,26,4,,1,13,,64757,34,4,,1,55,,64769,43,4,,1,2,,64755,26,4,,1,14,,64766,45,4,,1,14,,64770,43,4,,1,2,,64760,26,4,,1,13,,64758,34,4,,1,57,,64756,26,4,,1,16,,64761,26,4,,1,25,,64763,41,4,,1,73,,41090,34,4,,1,15,,65502,7,4,,1,15,,64764,41,4,,1,70,,41091,34,4,,1,30,,41115,41,4,,1,70,,41092,34,4,,1,30,,41125,45,4,,1,70,,41093,34,4,,1,15,,65503,7,4,,1,15,,41116,41,4,,1,70,,41094,34,4,,1,30,,41117,41,4,,1,55,,65504,7,4,,1,15,,41095,34,4,,1,12,,64772,58,4,,1,18,,41118,41,4,,1,70,,41096,34,4,,1,23,,65505,7,4,,1,10,,41119,41,4,,1,67,,41097,34,4,,1,15,,65506,7,4,,1,15,,41120,41,4,,1,55,,65507,7,4,,1,15,,41098,34,4,,1,30,,41121,41,4,,1,7,,65508,7,4,,1,63,,41099,34,4,,1,30,,41122,41,4,,1,70,,41100,34,4,,1,30,,41126,45,4,,1,70,,41101,34,4,,1,30,,41123,41,4,,1,70,,41102,34,4,,1,11,,64773,58,4,,1,19,,41124,41,4,,1,70,,41103,34,4,,1,30,,65501,41,4,,1,70,,41104,34,4,,1
101,'20260825',600,,41136,34,4,,1,30,,41160,41,4,,1,70,,41137,34,4,,1,2,,41177,43,4,,1,15,,41175,45,4,,1,15,,41178,43,4,,1,2,,41157,26,4,,1,13,,41155,34,4,,1,55,,41179,43,4,,1,2,,41153,26,4,,1,14,,41176,45,4,,1,14,,41180,43,4,,1,2,,41158,26,4,,1,13,,41156,34,4,,1,57,,41154,26,4,,1,16,,41159,26,4,,1,25,,41161,41,4,,1,73,,41138,34,4,,1,15,,65510,7,4,,1,15,,41162,41,4,,1,70,,41139,34,4,,1,30,,41163,41,4,,1,70,,41140,34,4,,1,30,,41173,45,4,,1,70,,41141,34,4,,1,15,,65511,7,4,,1,15,,41164,41,4,,1,70,,41142,34,4,,1,30,,41165,41,4,,1,55,,65512,7,4,,1,15,,41143,34,4,,1,12,,41182,58,4,,1,18,,41166,41,4,,1,70,,41144,34,4,,1,23,,65513,7,4,,1,10,,41167,41,4,,1,67,,41145,34,4,,1,15,,65514,7,4,,1,15,,41168,41,4,,1,55,,65515,7,4,,1,15,,41146,34,4,,1,30,,41169,41,4,,1,7,,65516,7,4,,1,63,,41147,34,4,,1,30,,41170,41,4,,1,70,,41148,34,4,,1,30,,41174,45,4,,1,70,,41149,34,4,,1,30,,41171,41,4,,1,70,,41150,34,4,,1,11,,41183,58,4,,1,19,,41172,41,4,,1,70,,41151,34,4,,1,30,,65509,41,4,,1,70,,41152,34,4,,1
101,'20260826',600,,41184,34,4,,1,30,,41208,41,4,,1,70,,41185,34,4,,1,2,,41225,43,4,,1,15,,41223,45,4,,1,15,,41226,43,4,,1,2,,41205,26,4,,1,13,,41203,34,4,,1,55,,41227,43,4,,1,2,,41201,26,4,,1,14,,41224,45,4,,1,14,,41228,43,4,,1,2,,41206,26,4,,1,13,,41204,34,4,,1,57,,41202,26,4,,1,16,,41207,26,4,,1,25,,41209,41,4,,1,73,,41186,34,4,,1,15,,65518,7,4,,1,15,,41210,41,4,,1,70,,41187,34,4,,1,30,,41211,41,4,,1,70,,41188,34,4,,1,30,,41221,45,4,,1,70,,41189,34,4,,1,15,,65519,7,4,,1,15,,41212,41,4,,1,70,,41190,34,4,,1,30,,41213,41,4,,1,55,,65520,7,4,,1,15,,41191,34,4,,1,12,,41230,58,4,,1,18,,41214,41,4,,1,70,,41192,34,4,,1,23,,65521,7,4,,1,10,,41215,41,4,,1,67,,41193,34,4,,1,15,,65522,7,4,,1,15,,41216,41,4,,1,55,,65523,7,4,,1,15,,41194,34,4,,1,30,,41217,41,4,,1,7,,65524,7,4,,1,63,,41195,34,4,,1,30,,41218,41,4,,1,70,,41196,34,4,,1,30,,41222,45,4,,1,70,,41197,34,4,,1,30,,41219,41,4,,1,70,,41198,34,4,,1,11,,41231,58,4,,1,19,,41220,41,4,,1,70,,41199,34,4,,1,30,,65517,41,4,,1,70,,41200,34,4,,1
101,'20260827',600,,41232,34,4,,1,30,,41256,41,4,,1,70,,41233,34,4,,1,2,,41273,43,4,,1,15,,41271,45,4,,1,15,,41274,43,4,,1,2,,41253,26,4,,1,13,,41251,34,4,,1,55,,41275,43,4,,1,2,,41249,26,4,,1,14,,41272,45,4,,1,14,,41276,43,4,,1,2,,41254,26,4,,1,13,,41252,34,4,,1,57,,41250,26,4,,1,16,,41255,26,4,,1,25,,41257,41,4,,1,73,,41234,34,4,,1,15,,65526,7,4,,1,15,,41258,41,4,,1,70,,41235,34,4,,1,30,,41259,41,4,,1,70,,41236,34,4,,1,30,,41269,45,4,,1,70,,41237,34,4,,1,15,,65527,7,4,,1,15,,41260,41,4,,1,70,,41238,34,4,,1,30,,41261,41,4,,1,55,,65528,7,4,,1,15,,41239,34,4,,1,12,,41278,58,4,,1,18,,41262,41,4,,1,70,,41240,34,4,,1,23,,65529,7,4,,1,10,,41263,41,4,,1,67,,41241,34,4,,1,15,,65530,7,4,,1,15,,41264,41,4,,1,55,,65531,7,4,,1,15,,41242,34,4,,1,30,,41265,41,4,,1,7,,65532,7,4,,1,63,,41243,34,4,,1,30,,41266,41,4,,1,70,,41244,34,4,,1,30,,41270,45,4,,1,70,,41245,34,4,,1,30,,41267,41,4,,1,70,,41246,34,4,,1,11,,41279,58,4,,1,19,,41268,41,4,,1,70,,41247,34,4,,1,30,,65525,41,4,,1,70,,41248,34,4,,1
101,'20260828',600,,41280,34,4,,1,30,,41304,41,4,,1,70,,41281,34,4,,1,2,,41323,43,4,,1,15,,41321,45,4,,1,15,,41324,43,4,,1,2,,41301,26,4,,1,13,,41299,34,4,,1,55,,41325,43,4,,1,2,,41297,26,4,,1,14,,41322,45,4,,1,14,,41326,43,4,,1,2,,41302,26,4,,1,13,,41300,34,4,,1,57,,41298,26,4,,1,16,,41303,26,4,,1,25,,41305,41,4,,1,73,,41282,34,4,,1,15,,65533,7,4,,1,15,,41306,41,4,,1,70,,41283,34,4,,1,30,,41307,41,4,,1,70,,41284,34,4,,1,30,,41319,45,4,,1,70,,41285,34,4,,1,15,,65534,7,4,,1,15,,41308,41,4,,1,70,,41286,34,4,,1,30,,41309,41,4,,1,55,,65535,7,4,,1,15,,41287,34,4,,1,12,,41328,58,4,,1,18,,41310,41,4,,1,70,,41288,34,4,,1,23,,65536,7,4,,1,10,,41311,41,4,,1,67,,41289,34,4,,1,15,,65537,7,4,,1,15,,41312,41,4,,1,55,,65538,7,4,,1,15,,41290,34,4,,1,30,,41313,41,4,,1,7,,65539,7,4,,1,63,,41291,34,4,,1,30,,41314,41,4,,1,70,,41292,34,4,,1,30,,41320,45,4,,1,70,,41293,34,4,,1,30,,41315,41,4,,1,70,,41294,34,4,,1,11,,41329,58,4,,1,19,,41316,41,4,,1,70,,41295,34,4,,1,30,,41317,41,4,,1,70,,41296,34,4,,1,30,,41318,41,4,,1
101,'20260829',848,,41375,45,4,,1,70,,41330,34,4,,1,30,,41376,45,4,,1,70,,41331,34,4,,1,30,,41377,45,4,,1,70,,41332,34,4,,1,30,,41363,41,4,,1,70,,41333,34,4,,1,30,,41378,45,4,,1,70,,41334,34,4,,1,15,,65540,7,4,,1,15,,41364,41,4,,1,70,,41335,34,4,,1,10,,41380,58,4,,1,20,,41365,41,4,,1,70,,41336,34,4,,1,15,,41354,22,4,,1,15,,41366,41,4,,1,55,,41346,22,4,,1,15,,41337,34,4,,1,15,,41355,22,4,,1,15,,41367,41,4,,1,55,,41347,22,4,,1,15,,41338,34,4,,1,15,,41356,22,4,,1,15,,41368,41,4,,1,55,,41348,22,4,,1,15,,41339,34,4,,1,9,,41381,58,4,,1,6,,41357,22,4,,1,15,,41369,41,4,,1,55,,41349,22,4,,1,15,,41340,34,4,,1,15,,41358,22,4,,1,15,,41370,41,4,,1,55,,41350,22,4,,1,15,,41341,34,4,,1,15,,41359,22,4,,1,15,,41379,45,4,,1,55,,41351,22,4,,1,15,,41342,34,4,,1,15,,41360,22,4,,1,15,,41371,41,4,,1,55,,41352,22,4,,1,15,,41343,34,4,,1,8,,41382,58,4,,1,7,,41361,22,4,,1,15,,41372,41,4,,1,55,,41353,22,4,,1,15,,41344,34,4,,1,15,,41362,22,4,,1,15,,41373,41,4,,1,70,,41345,34,4,,1,23,,41383,58,4,,1,7,,41374,41,4,,1
101,'20260830',848,,41429,45,4,,1,70,,41384,34,4,,1,30,,41430,45,4,,1,70,,41385,34,4,,1,30,,41431,45,4,,1,70,,41386,34,4,,1,30,,41417,41,4,,1,70,,41387,34,4,,1,30,,41432,45,4,,1,70,,41388,34,4,,1,15,,65541,7,4,,1,15,,41418,41,4,,1,70,,41389,34,4,,1,10,,41434,58,4,,1,20,,41419,41,4,,1,70,,41390,34,4,,1,15,,41408,22,4,,1,15,,41420,41,4,,1,55,,41400,22,4,,1,15,,41391,34,4,,1,15,,41409,22,4,,1,15,,41421,41,4,,1,55,,41401,22,4,,1,15,,41392,34,4,,1,15,,41410,22,4,,1,15,,41422,41,4,,1,55,,41402,22,4,,1,15,,41393,34,4,,1,9,,41435,58,4,,1,6,,41411,22,4,,1,15,,41423,41,4,,1,55,,41403,22,4,,1,15,,41394,34,4,,1,15,,41412,22,4,,1,15,,41424,41,4,,1,55,,41404,22,4,,1,15,,41395,34,4,,1,15,,41413,22,4,,1,15,,41433,45,4,,1,55,,41405,22,4,,1,15,,41396,34,4,,1,15,,41414,22,4,,1,15,,41425,41,4,,1,55,,41406,22,4,,1,15,,41397,34,4,,1,8,,41436,58,4,,1,7,,41415,22,4,,1,15,,41426,41,4,,1,55,,41407,22,4,,1,15,,41398,34,4,,1,15,,41416,22,4,,1,15,,41427,41,4,,1,70,,41399,34,4,,1,23,,41437,58,4,,1
101,'20260831',600,,64774,34,4,,1,30,,64783,41,4,,1,70,,64775,34,4,,1,2,,64788,43,4,,1,15,,64786,45,4,,1,15,,64789,43,4,,1,2,,64780,26,4,,1,13,,64778,34,4,,1,55,,64790,43,4,,1,2,,64776,26,4,,1,14,,64787,45,4,,1,14,,64791,43,4,,1,2,,64781,26,4,,1,13,,64779,34,4,,1,57,,64777,26,4,,1,16,,64782,26,4,,1,25,,64784,41,4,,1,73,,41440,34,4,,1,15,,65543,7,4,,1,15,,64785,41,4,,1,70,,41441,34,4,,1,30,,41465,41,4,,1,70,,41442,34,4,,1,30,,41475,45,4,,1,70,,41443,34,4,,1,15,,65544,7,4,,1,15,,41466,41,4,,1,70,,41444,34,4,,1,30,,41467,41,4,,1,55,,65545,7,4,,1,15,,41445,34,4,,1,12,,64793,58,4,,1,18,,41468,41,4,,1,70,,41446,34,4,,1,23,,65546,7,4,,1,10,,41469,41,4,,1,67,,41447,34,4,,1,15,,65547,7,4,,1,15,,41470,41,4,,1,55,,65548,7,4,,1,15,,41448,34,4,,1,30,,41471,41,4,,1,7,,65549,7,4,,1,63,,41449,34,4,,1,30,,41472,41,4,,1,70,,41450,34,4,,1,30,,41476,45,4,,1,70,,41451,34,4,,1,30,,41473,41,4,,1,70,,41452,34,4,,1,11,,64794,58,4,,1,19,,41474,41,4,,1,70,,41453,34,4,,1,30,,65542,41,4,,1,70,,41454,34,4,,1
101,'20260901',600,,41486,34,4,,1,30,,41510,41,4,,1,70,,41487,34,4,,1,2,,41527,43,4,,1,15,,41525,45,4,,1,15,,41528,43,4,,1,2,,41507,26,4,,1,13,,41505,34,4,,1,55,,41529,43,4,,1,2,,41503,26,4,,1,14,,41526,45,4,,1,14,,41530,43,4,,1,2,,41508,26,4,,1,13,,41506,34,4,,1,57,,41504,26,4,,1,16,,41509,26,4,,1,25,,41511,41,4,,1,73,,41488,34,4,,1,15,,65551,7,4,,1,15,,41512,41,4,,1,70,,41489,34,4,,1,30,,41513,41,4,,1,70,,41490,34,4,,1,30,,41523,45,4,,1,70,,41491,34,4,,1,15,,65552,7,4,,1,15,,41514,41,4,,1,70,,41492,34,4,,1,30,,41515,41,4,,1,55,,65553,7,4,,1,15,,41493,34,4,,1,12,,41532,58,4,,1,18,,41516,41,4,,1,70,,41494,34,4,,1,23,,65554,7,4,,1,10,,41517,41,4,,1,67,,41495,34,4,,1,15,,65555,7,4,,1,15,,41518,41,4,,1,55,,65556,7,4,,1,15,,41496,34,4,,1,30,,41519,41,4,,1,7,,65557,7,4,,1,63,,41497,34,4,,1,30,,41520,41,4,,1,70,,41498,34,4,,1,30,,41524,45,4,,1,70,,41499,34,4,,1,30,,41521,41,4,,1,70,,41500,34,4,,1,11,,41533,58,4,,1,19,,41522,41,4,,1,70,,41501,34,4,,1,30,,65550,41,4,,1,70,,41502,34,4,,1
101,'20260902',600,,41534,34,4,,1,30,,41558,41,4,,1,70,,41535,34,4,,1,2,,41575,43,4,,1,15,,41573,45,4,,1,15,,41576,43,4,,1,2,,41555,26,4,,1,13,,41553,34,4,,1,55,,41577,43,4,,1,2,,41551,26,4,,1,14,,41574,45,4,,1,14,,41578,43,4,,1,2,,41556,26,4,,1,13,,41554,34,4,,1,57,,41552,26,4,,1,16,,41557,26,4,,1,25,,41559,41,4,,1,73,,41536,34,4,,1,15,,65559,7,4,,1,15,,41560,41,4,,1,70,,41537,34,4,,1,30,,41561,41,4,,1,70,,41538,34,4,,1,30,,41571,45,4,,1,70,,41539,34,4,,1,15,,65560,7,4,,1,15,,41562,41,4,,1,70,,41540,34,4,,1,30,,41563,41,4,,1,55,,65561,7,4,,1,15,,41541,34,4,,1,12,,41580,58,4,,1,18,,41564,41,4,,1,70,,41542,34,4,,1,23,,65562,7,4,,1,10,,41565,41,4,,1,67,,41543,34,4,,1,15,,65563,7,4,,1,15,,41566,41,4,,1,55,,65564,7,4,,1,15,,41544,34,4,,1,30,,41567,41,4,,1,7,,65565,7,4,,1,63,,41545,34,4,,1,30,,41568,41,4,,1,70,,41546,34,4,,1,30,,41572,45,4,,1,70,,41547,34,4,,1,30,,41569,41,4,,1,70,,41548,34,4,,1,11,,41581,58,4,,1,19,,41570,41,4,,1,70,,41549,34,4,,1,30,,65558,41,4,,1,70,,41550,34,4,,1
101,'20260903',600,,41582,34,4,,1,30,,41606,41,4,,1,70,,41583,34,4,,1,2,,41623,43,4,,1,15,,41621,45,4,,1,15,,41624,43,4,,1,2,,41603,26,4,,1,13,,41601,34,4,,1,55,,41625,43,4,,1,2,,41599,26,4,,1,14,,41622,45,4,,1,14,,41626,43,4,,1,2,,41604,26,4,,1,13,,41602,34,4,,1,57,,41600,26,4,,1,16,,41605,26,4,,1,25,,41607,41,4,,1,73,,41584,34,4,,1,15,,65567,7,4,,1,15,,41608,41,4,,1,70,,41585,34,4,,1,30,,41609,41,4,,1,70,,41586,34,4,,1,30,,41619,45,4,,1,70,,41587,34,4,,1,15,,65568,7,4,,1,15,,41610,41,4,,1,70,,41588,34,4,,1,30,,41611,41,4,,1,55,,65569,7,4,,1,15,,41589,34,4,,1,12,,41628,58,4,,1,18,,41612,41,4,,1,70,,41590,34,4,,1,23,,65570,7,4,,1,10,,41613,41,4,,1,67,,41591,34,4,,1,15,,65571,7,4,,1,15,,41614,41,4,,1,55,,65572,7,4,,1,15,,41592,34,4,,1,30,,41615,41,4,,1,7,,65573,7,4,,1,63,,41593,34,4,,1,30,,41616,41,4,,1,70,,41594,34,4,,1,30,,41620,45,4,,1,70,,41595,34,4,,1,30,,41617,41,4,,1,70,,41596,34,4,,1,11,,41629,58,4,,1,19,,41618,41,4,,1,70,,41597,34,4,,1,30,,65566,41,4,,1,70,,41598,34,4,,1
101,'20260904',600,,41630,34,4,,1,30,,41654,41,4,,1,70,,41631,34,4,,1,2,,41673,43,4,,1,15,,41671,45,4,,1,15,,41674,43,4,,1,2,,41651,26,4,,1,13,,41649,34,4,,1,55,,41675,43,4,,1,2,,41647,26,4,,1,14,,41672,45,4,,1,14,,41676,43,4,,1,2,,41652,26,4,,1,13,,41650,34,4,,1,57,,41648,26,4,,1,16,,41653,26,4,,1,25,,41655,41,4,,1,73,,41632,34,4,,1,15,,65574,7,4,,1,15,,41656,41,4,,1,70,,41633,34,4,,1,30,,41657,41,4,,1,70,,41634,34,4,,1,30,,41669,45,4,,1,70,,41635,34,4,,1,15,,65575,7,4,,1,15,,41658,41,4,,1,70,,41636,34,4,,1,30,,41659,41,4,,1,55,,65576,7,4,,1,15,,41637,34,4,,1,12,,41678,58,4,,1,18,,41660,41,4,,1,70,,41638,34,4,,1,23,,65577,7,4,,1,10,,41661,41,4,,1,67,,41639,34,4,,1,15,,65578,7,4,,1,15,,41662,41,4,,1,55,,65579,7,4,,1,15,,41640,34,4,,1,30,,41663,41,4,,1,7,,65580,7,4,,1,63,,41641,34,4,,1,30,,41664,41,4,,1,70,,41642,34,4,,1,30,,41670,45,4,,1,70,,41643,34,4,,1,30,,41665,41,4,,1,70,,41644,34,4,,1,11,,41679,58,4,,1,19,,41666,41,4,,1,70,,41645,34,4,,1,30,,41667,41,4,,1,70,,41646,34,4,,1,30,,41668,41,4,,1
200,'20260814',1540,,42110,1,,,1,70,,42111,1,,,1,15,,42112,1,,,1,15,,42113,1,,,1,15,,42114,1,,,1,55,,42115,1,,,1,15,,42116,1,,,1,30,,42117,1,,,1,70,,42118,1,,,1,85,,42119,1,,,1
200,'20260817',1540,,64805,1,,,1,70,,64806,1,,,1,15,,64807,1,,,1,15,,64808,1,,,1,15,,64809,1,,,1,55,,64810,1,,,1,15,,64811,1,,,1,30,,64812,1,,,1,70,,64813,1,,,1,90,,64814,1,,,1
200,'20260818',1540,,42130,1,,,1,70,,42131,1,,,1,15,,42132,1,,,1,15,,42133,1,,,1,15,,42134,1,,,1,55,,42135,1,,,1,15,,42136,1,,,1,30,,42137,1,,,1,70,,42138,1,,,1,85,,42139,1,,,1
200,'20260819',1540,,42140,1,,,1,70,,42141,1,,,1,15,,42142,1,,,1,15,,42143,1,,,1,15,,42144,1,,,1,55,,42145,1,,,1,15,,42146,1,,,1,30,,42147,1,,,1,70,,42148,1,,,1,85,,42149,1,,,1
200,'20260820',1540,,42150,1,,,1,70,,42151,1,,,1,15,,42152,1,,,1,15,,42153,1,,,1,15,,42154,1,,,1,55,,42155,1,,,1,15,,42156,1,,,1,30,,42157,1,,,1,70,,42158,1,,,1,85,,42159,1,,,1
200,'20260821',1540,,42160,1,,,1,70,,42161,1,,,1,15,,42162,1,,,1,15,,42163,1,,,1,15,,42164,1,,,1,55,,42165,1,,,1,15,,42166,1,,,1,30,,42167,1,,,1,70,,42168,1,,,1,85,,42169,1,,,1
200,'20260824',1540,,64815,1,,,1,70,,64816,1,,,1,15,,64817,1,,,1,15,,64818,1,,,1,15,,64819,1,,,1,55,,64820,1,,,1,15,,64821,1,,,1,30,,64822,1,,,1,70,,64823,1,,,1,85,,64824,1,,,1
200,'20260825',1540,,42180,1,,,1,70,,42181,1,,,1,15,,42182,1,,,1,15,,42183,1,,,1,15,,42184,1,,,1,55,,42185,1,,,1,15,,42186,1,,,1,30,,42187,1,,,1,70,,42188,1,,,1,85,,42189,1,,,1
200,'20260826',1540,,42190,1,,,1,70,,42191,1,,,1,15,,42192,1,,,1,15,,42193,1,,,1,15,,42194,1,,,1,55,,42195,1,,,1,15,,42196,1,,,1,30,,42197,1,,,1,70,,42198,1,,,1,85,,42199,1,,,1
200,'20260827',1540,,42200,1,,,1,70,,42201,1,,,1,15,,42202,1,,,1,15,,42203,1,,,1,15,,42204,1,,,1,55,,42205,1,,,1,15,,42206,1,,,1,30,,42207,1,,,1,70,,42208,1,,,1,85,,42209,1,,,1
200,'20260828',1540,,42210,1,,,1,70,,42211,1,,,1,15,,42212,1,,,1,15,,42213,1,,,1,15,,42214,1,,,1,55,,42215,1,,,1,15,,42216,1,,,1,30,,42217,1,,,1,70,,42218,1,,,1,85,,42219,1,,,1
200,'20260831',1540,,64825,1,,,1,70,,64826,1,,,1,15,,64827,1,,,1,15,,64828,1,,,1,15,,64829,1,,,1,55,,64830,1,,,1,15,,64831,1,,,1,30,,64832,1,,,1,70,,64833,1,,,1,85,,64834,1,,,1
200,'20260901',1540,,42230,1,,,1,70,,42231,1,,,1,15,,42232,1,,,1,15,,42233,1,,,1,15,,42234,1,,,1,55,,42235,1,,,1,15,,42236,1,,,1,30,,42237,1,,,1,70,,42238,1,,,1,85,,42239,1,,,1
200,'20260902',1540,,42240,1,,,1,70,,42241,1,,,1,15,,42242,1,,,1,15,,42243,1,,,1,15,,42244,1,,,1,55,,42245,1,,,1,15,,42246,1,,,1,30,,42247,1,,,1,70,,42248,1,,,1,85,,42249,1,,,1
200,'20260903',1540,,42250,1,,,1,70,,42251,1,,,1,15,,42252,1,,,1,15,,42253,1,,,1,15,,42254,1,,,1,55,,42255,1,,,1,15,,42256,1,,,1,30,,42257,1,,,1,70,,42258,1,,,1,85,,42259,1,,,1
200,'20260904',1540,,42260,1,,,1,70,,42261,1,,,1,15,,42262,1,,,1,15,,42263,1,,,1,15,,42264,1,,,1,55,,42265,1,,,1,15,,42266,1,,,1,30,,42267,1,,,1,70,,42268,1,,,1,85,,42269,1,,,1
201,'20260814',703,,42700,35,4,,1,30,,42701,35,4,,1,15,,42702,35,4,,1,55,,42703,35,4,,1,15,,42704,35,4,,1,15,,42705,35,4,,1,15,,42706,35,4,,1,55,,42707,35,4,,1,15,,42708,35,4,,1,15,,42709,35,4,,1
201,'20260817',703,,64845,35,4,,1,30,,64846,35,4,,1,15,,64847,35,4,,1,55,,64848,35,4,,1,15,,64849,35,4,,1,15,,64850,35,4,,1,15,,64851,35,4,,1,55,,64852,35,4,,1,15,,64853,35,4,,1,15,,64854,35,4,,1
201,'20260818',703,,42720,35,4,,1,30,,42721,35,4,,1,15,,42722,35,4,,1,55,,42723,35,4,,1,15,,42724,35,4,,1,15,,42725,35,4,,1,15,,42726,35,4,,1,55,,42727,35,4,,1,15,,42728,35,4,,1,15,,42729,35,4,,1
201,'20260819',703,,42730,35,4,,1,30,,42731,35,4,,1,15,,42732,35,4,,1,55,,42733,35,4,,1,15,,42734,35,4,,1,15,,42735,35,4,,1,15,,42736,35,4,,1,55,,42737,35,4,,1,15,,42738,35,4,,1,15,,42739,35,4,,1
201,'20260820',703,,42740,35,4,,1,30,,42741,35,4,,1,15,,42742,35,4,,1,55,,42743,35,4,,1,15,,42744,35,4,,1,15,,42745,35,4,,1,15,,42746,35,4,,1,55,,42747,35,4,,1,15,,42748,35,4,,1,15,,42749,35,4,,1
201,'20260821',703,,42750,35,4,,1,30,,42751,35,4,,1,15,,42752,35,4,,1,55,,42753,35,4,,1,15,,42754,35,4,,1,15,,42755,35,4,,1,15,,42756,35,4,,1,55,,42757,35,4,,1,15,,42758,35,4,,1,15,,42759,35,4,,1
201,'20260824',703,,64855,35,4,,1,30,,64856,35,4,,1,15,,64857,35,4,,1,55,,64858,35,4,,1,15,,64859,35,4,,1,15,,64860,35,4,,1,15,,64861,35,4,,1,55,,64862,35,4,,1,15,,64863,35,4,,1,15,,64864,35,4,,1
201,'20260825',703,,42770,35,4,,1,30,,42771,35,4,,1,15,,42772,35,4,,1,55,,42773,35,4,,1,15,,42774,35,4,,1,15,,42775,35,4,,1,15,,42776,35,4,,1,55,,42777,35,4,,1,15,,42778,35,4,,1,15,,42779,35,4,,1
201,'20260826',703,,42780,35,4,,1,30,,42781,35,4,,1,15,,42782,35,4,,1,55,,42783,35,4,,1,15,,42784,35,4,,1,15,,42785,35,4,,1,15,,42786,35,4,,1,55,,42787,35,4,,1,15,,42788,35,4,,1,15,,42789,35,4,,1
201,'20260827',703,,42790,35,4,,1,30,,42791,35,4,,1,15,,42792,35,4,,1,55,,42793,35,4,,1,15,,42794,35,4,,1,15,,42795,35,4,,1,15,,42796,35,4,,1,55,,42797,35,4,,1,15,,42798,35,4,,1,15,,42799,35,4,,1
201,'20260828',703,,42800,35,4,,1,30,,42801,35,4,,1,15,,42802,35,4,,1,55,,42803,35,4,,1,15,,42804,35,4,,1,15,,42805,35,4,,1,15,,42806,35,4,,1,55,,42807,35,4,,1,15,,42808,35,4,,1,15,,42809,35,4,,1
201,'20260831',703,,64865,35,4,,1,30,,64866,35,4,,1,15,,64867,35,4,,1,55,,64868,35,4,,1,15,,64869,35,4,,1,15,,64870,35,4,,1,15,,64871,35,4,,1,55,,64872,35,4,,1,15,,64873,35,4,,1,15,,64874,35,4,,1
201,'20260901',703,,42820,35,4,,1,30,,42821,35,4,,1,15,,42822,35,4,,1,55,,42823,35,4,,1,15,,42824,35,4,,1,15,,42825,35,4,,1,15,,42826,35,4,,1,55,,42827,35,4,,1,15,,42828,35,4,,1,15,,42829,35,4,,1
201,'20260902',703,,42830,35,4,,1,30,,42831,35,4,,1,15,,42832,35,4,,1,55,,42833,35,4,,1,15,,42834,35,4,,1,15,,42835,35,4,,1,15,,42836,35,4,,1,55,,42837,35,4,,1,15,,42838,35,4,,1,15,,42839,35,4,,1
201,'20260903',703,,42840,35,4,,1,30,,42841,35,4,,1,15,,42842,35,4,,1,55,,42843,35,4,,1,15,,42844,35,4,,1,15,,42845,35,4,,1,15,,42846,35,4,,1,55,,42847,35,4,,1,15,,42848,35,4,,1,15,,42849,35,4,,1
201,'20260904',703,,42850,35,4,,1,30,,42851,35,4,,1,15,,42852,35,4,,1,55,,42853,35,4,,1,15,,42854,35,4,,1,15,,42855,35,4,,1,15,,42856,35,4,,1,55,,42857,35,4,,1,15,,42858,35,4,,1,15,,42859,35,4,,1
300,'20260814',634,,45071,1,0,7,1,70,,45056,1,0,7,1,30,,45072,1,0,7,1,70,,45057,1,0,7,1,30,,45073,1,0,7,1,15,,45093,1,0,35,1,55,,45058,1,0,7,1,30,,45088,1,0,35,1,70,,45059,1,0,7,1,30,,45075,1,0,23 26,1,70,,45060,1,0,7,1,30,,45076,1,0,23 26,1,70,,45061,1,0,7,1,30,,45089,1,0,35,1,70,,45062,1,0,7,1,30,,45077,1,0,23 26,1,70,,45063,1,0,7,1,30,,45078,1,0,23 26,1,70,,45064,1,0,7,1,30,,45090,1,0,35,1,70,,45065,1,0,7,1,18,,45085,1,0,35,1,12,,45083,1,0,27,1,18,,63807,1,,,1,52,,45084,1,0,27,1,18,,45086,1,0,35,1,12,,45074,1,0,7,1,17,,45095,1,0,35,1,53,,45066,1,0,7,1,17,,45087,1,0,35,1,13,,45079,1,0,23 26,1,70,,45067,1,0,7,1,30,,45080,1,0,23 26,1,70,,45068,1,0,7,1,30,,45081,1,0,23 26,1,70,,45069,1,0,7,1,30,,45091,1,0,27,1,70,,45070,1,0,7,1,30,,45092,1,0,35,1
300,'20260817',634,,64921,1,0,7,1,70,,64906,1,0,7,1,30,,64922,1,0,7,1,70,,64907,1,0,7,1,30,,64923,1,0,7,1,15,,64934,1,0,35,1,55,,64908,1,0,7,1,30,,64930,1,0,35,1,70,,64909,1,0,7,1,30,,45165,1,0,23 26,1,70,,64910,1,0,7,1,30,,45166,1,0,23 26,1,70,,64911,1,0,7,1,30,,64931,1,0,35,1,70,,64912,1,0,7,1,30,,45167,1,0,23 26,1,70,,64913,1,0,7,1,30,,45168,1,0,23 26,1,70,,64914,1,0,7,1,30,,64932,1,0,35,1,70,,64915,1,0,7,1,18,,64927,1,0,35,1,12,,64925,1,0,27,1,18,,64936,1,,,1,52,,64926,1,0,27,1,18,,64928,1,0,35,1,12,,64924,1,0,7,1,17,,64935,1,0,35,1,53,,64916,1,0,7,1,17,,64929,1,0,35,1,13,,45169,1,0,23 26,1,70,,64917,1,0,7,1,30,,45170,1,0,23 26,1,70,,64918,1,0,7,1,30,,45171,1,0,23 26,1,70,,64919,1,0,7,1,30,,64933,1,0,35,1,70,,64920,1,0,7,1,30,,45182,1,0,35,1,100,,45172,1,0,23 26,1
300,'20260818',634,,45201,1,0,7,1,70,,45186,1,0,7,1,30,,45202,1,0,7,1,70,,45187,1,0,7,1,30,,45203,1,0,7,1,15,,45223,1,0,35,1,55,,45188,1,0,7,1,30,,45218,1,0,35,1,70,,45189,1,0,7,1,30,,45205,1,0,23 26,1,70,,45190,1,0,7,1,30,,45206,1,0,23 26,1,70,,45191,1,0,7,1,30,,45219,1,0,35,1,70,,45192,1,0,7,1,30,,45207,1,0,23 26,1,70,,45193,1,0,7,1,30,,45208,1,0,23 26,1,70,,45194,1,0,7,1,30,,45220,1,0,35,1,70,,45195,1,0,7,1,18,,45215,1,0,35,1,12,,45213,1,0,27,1,18,,63811,1,,,1,52,,45214,1,0,27,1,18,,45216,1,0,35,1,12,,45204,1,0,7,1,17,,45225,1,0,35,1,53,,45196,1,0,7,1,17,,45217,1,0,35,1,13,,45209,1,0,23 26,1,70,,45197,1,0,7,1,30,,45210,1,0,23 26,1,70,,45198,1,0,7,1,30,,45211,1,0,23 26,1,70,,45199,1,0,7,1,30,,45221,1,0,35,1,70,,45200,1,0,7,1,30,,45222,1,0,35,1,100,,45212,1,0,23 26,1
300,'20260819',634,,45241,1,0,7,1,70,,45226,1,0,7,1,30,,45242,1,0,7,1,70,,45227,1,0,7,1,30,,45243,1,0,7,1,15,,45263,1,0,35,1,55,,45228,1,0,7,1,30,,45258,1,0,35,1,70,,45229,1,0,7,1,30,,45245,1,0,23 26,1,70,,45230,1,0,7,1,30,,45246,1,0,23 26,1,70,,45231,1,0,7,1,30,,45259,1,0,35,1,70,,45232,1,0,7,1,30,,45247,1,0,23 26,1,70,,45233,1,0,7,1,30,,45248,1,0,23 26,1,70,,45234,1,0,7,1,30,,45260,1,0,35,1,70,,45235,1,0,7,1,18,,45255,1,0,35,1,12,,45253,1,0,27,1,18,,63812,1,,,1,52,,45254,1,0,27,1,18,,45256,1,0,35,1,12,,45244,1,0,7,1,17,,45265,1,0,35,1,53,,45236,1,0,7,1,17,,45257,1,0,35,1,13,,45249,1,0,23 26,1,70,,45237,1,0,7,1,30,,45250,1,0,23 26,1,70,,45238,1,0,7,1,30,,45251,1,0,23 26,1,70,,45239,1,0,7,1,30,,45261,1,0,35,1,70,,45240,1,0,7,1,30,,45262,1,0,35,1,100,,45252,1,0,23 26,1
300,'20260820',634,,45281,1,0,7,1,70,,45266,1,0,7,1,30,,45282,1,0,7,1,70,,45267,1,0,7,1,30,,45283,1,0,7,1,15,,45303,1,0,35,1,55,,45268,1,0,7,1,30,,45298,1,0,35,1,70,,45269,1,0,7,1,30,,45285,1,0,23 26,1,70,,45270,1,0,7,1,30,,45286,1,0,23 26,1,70,,45271,1,0,7,1,30,,45299,1,0,35,1,70,,45272,1,0,7,1,30,,45287,1,0,23 26,1,70,,45273,1,0,7,1,30,,45288,1,0,23 26,1,70,,45274,1,0,7,1,30,,45300,1,0,35,1,70,,45275,1,0,7,1,18,,45295,1,0,35,1,12,,45293,1,0,27,1,18,,63813,1,,,1,52,,45294,1,0,27,1,18,,45296,1,0,35,1,12,,45284,1,0,7,1,17,,45305,1,0,35,1,53,,45276,1,0,7,1,17,,45297,1,0,35,1,13,,45289,1,0,23 26,1,70,,45277,1,0,7,1,30,,45290,1,0,23 26,1,70,,45278,1,0,7,1,30,,45291,1,0,23 26,1,70,,45279,1,0,7,1,30,,45301,1,0,35,1,70,,45280,1,0,7,1,30,,45302,1,0,35,1,100,,45292,1,0,23 26,1
300,'20260821',634,,45321,1,0,7,1,70,,45306,1,0,7,1,30,,45322,1,0,7,1,70,,45307,1,0,7,1,30,,45323,1,0,7,1,15,,45343,1,0,35,1,55,,45308,1,0,7,1,30,,45338,1,0,35,1,70,,45309,1,0,7,1,30,,45325,1,0,23 26,1,70,,45310,1,0,7,1,30,,45326,1,0,23 26,1,70,,45311,1,0,7,1,30,,45339,1,0,35,1,70,,45312,1,0,7,1,30,,45327,1,0,23 26,1,70,,45313,1,0,7,1,30,,45328,1,0,23 26,1,70,,45314,1,0,7,1,30,,45340,1,0,35,1,70,,45315,1,0,7,1,18,,45335,1,0,35,1,12,,45333,1,0,27,1,18,,63814,1,,,1,52,,45334,1,0,27,1,18,,45336,1,0,35,1,12,,45324,1,0,7,1,17,,45345,1,0,35,1,53,,45316,1,0,7,1,17,,45337,1,0,35,1,13,,45329,1,0,23 26,1,70,,45317,1,0,7,1,30,,45330,1,0,23 26,1,70,,45318,1,0,7,1,30,,45331,1,0,23 26,1,70,,45319,1,0,7,1,30,,45341,1,0,35,1,70,,45320,1,0,7,1,30,,45342,1,0,35,1,100,,45332,1,0,23 26,1
300,'20260822',834,,45355,1,0,23 26,1,15,,63815,1,,,1,99,,45356,1,0,23 26,1,100,,45357,1,0,23 26,1,100,,45358,1,0,23 26,1,100,,45359,1,0,23 26,1,100,,45360,1,0,23 26,1,100,,45361,1,0,23 26,1,70,,45346,1,0,7,1,30,,45362,1,0,23 26,1,70,,45347,1,0,7,1,30,,45369,1,0,35,1,70,,45348,1,0,7,1,30,,45363,1,0,23 26,1,70,,45349,1,0,7,1,30,,45364,1,0,23 26,1,70,,45350,1,0,7,1,30,,45365,1,0,23 26,1,70,,45351,1,0,7,1,30,,45366,1,0,23 26,1,70,,45352,1,0,7,1,30,,45367,1,0,23 26,1,70,,45353,1,0,7,1,30,,45370,1,0,35,1,70,,45354,1,0,7,1,30,,45368,1,0,23 26,1
300,'20260823',834,,45380,1,0,23 26,1,15,,63816,1,,,1,99,,45381,1,0,23 26,1,100,,45382,1,0,23 26,1,100,,45383,1,0,23 26,1,100,,45384,1,0,23 26,1,100,,45385,1,0,23 26,1,100,,45386,1,0,23 26,1,70,,45371,1,0,7,1,30,,45387,1,0,23 26,1,70,,45372,1,0,7,1,30,,45394,1,0,35,1,70,,45373,1,0,7,1,30,,45388,1,0,23 26,1,70,,45374,1,0,7,1,30,,45389,1,0,23 26,1,70,,45375,1,0,7,1,30,,45390,1,0,23 26,1,70,,45376,1,0,7,1,30,,45391,1,0,23 26,1,70,,45377,1,0,7,1,30,,45392,1,0,23 26,1,70,,45378,1,0,7,1,30,,45395,1,0,35,1,70,,45379,1,0,7,1,30,,45393,1,0,23 26,1
300,'20260824',634,,64952,1,0,7,1,70,,64937,1,0,7,1,30,,64953,1,0,7,1,70,,64938,1,0,7,1,30,,64954,1,0,7,1,15,,64965,1,0,35,1,55,,64939,1,0,7,1,30,,64961,1,0,35,1,70,,64940,1,0,7,1,30,,45415,1,0,23 26,1,70,,64941,1,0,7,1,30,,45416,1,0,23 26,1,70,,64942,1,0,7,1,30,,64962,1,0,35,1,70,,64943,1,0,7,1,30,,45417,1,0,23 26,1,70,,64944,1,0,7,1,30,,45418,1,0,23 26,1,70,,64945,1,0,7,1,30,,64963,1,0,35,1,70,,64946,1,0,7,1,18,,64958,1,0,35,1,12,,64956,1,0,27,1,18,,64967,1,,,1,52,,64957,1,0,27,1,18,,64959,1,0,35,1,12,,64955,1,0,7,1,17,,64966,1,0,35,1,53,,64947,1,0,7,1,17,,64960,1,0,35,1,13,,45419,1,0,23 26,1,70,,64948,1,0,7,1,30,,45420,1,0,23 26,1,70,,64949,1,0,7,1,30,,45421,1,0,23 26,1,70,,64950,1,0,7,1,30,,64964,1,0,35,1,70,,64951,1,0,7,1,30,,45432,1,0,35,1,100,,45422,1,0,23 26,1
300,'20260825',634,,45451,1,0,7,1,70,,45436,1,0,7,1,30,,45452,1,0,7,1,70,,45437,1,0,7,1,30,,45453,1,0,7,1,15,,45473,1,0,35,1,55,,45438,1,0,7,1,30,,45468,1,0,35,1,70,,45439,1,0,7,1,30,,45455,1,0,23 26,1,70,,45440,1,0,7,1,30,,45456,1,0,23 26,1,70,,45441,1,0,7,1,30,,45469,1,0,35,1,70,,45442,1,0,7,1,30,,45457,1,0,23 26,1,70,,45443,1,0,7,1,30,,45458,1,0,23 26,1,70,,45444,1,0,7,1,30,,45470,1,0,35,1,70,,45445,1,0,7,1,18,,45465,1,0,35,1,12,,45463,1,0,27,1,18,,63818,1,,,1,52,,45464,1,0,27,1,18,,45466,1,0,35,1,12,,45454,1,0,7,1,17,,45475,1,0,35,1,53,,45446,1,0,7,1,17,,45467,1,0,35,1,13,,45459,1,0,23 26,1,70,,45447,1,0,7,1,30,,45460,1,0,23 26,1,70,,45448,1,0,7,1,30,,45461,1,0,23 26,1,70,,45449,1,0,7,1,30,,45471,1,0,35,1,70,,45450,1,0,7,1,30,,45472,1,0,35,1,100,,45462,1,0,23 26,1
300,'20260826',634,,45491,1,0,7,1,70,,45476,1,0,7,1,30,,45492,1,0,7,1,70,,45477,1,0,7,1,30,,45493,1,0,7,1,15,,45513,1,0,35,1,55,,45478,1,0,7,1,30,,45508,1,0,35,1,70,,45479,1,0,7,1,30,,45495,1,0,23 26,1,70,,45480,1,0,7,1,30,,45496,1,0,23 26,1,70,,45481,1,0,7,1,30,,45509,1,0,35,1,70,,45482,1,0,7,1,30,,45497,1,0,23 26,1,70,,45483,1,0,7,1,30,,45498,1,0,23 26,1,70,,45484,1,0,7,1,30,,45510,1,0,35,1,70,,45485,1,0,7,1,18,,45505,1,0,35,1,12,,45503,1,0,27,1,18,,63819,1,,,1,52,,45504,1,0,27,1,18,,45506,1,0,35,1,12,,45494,1,0,7,1,17,,45515,1,0,35,1,53,,45486,1,0,7,1,17,,45507,1,0,35,1,13,,45499,1,0,23 26,1,70,,45487,1,0,7,1,30,,45500,1,0,23 26,1,70,,45488,1,0,7,1,30,,45501,1,0,23 26,1,70,,45489,1,0,7,1,30,,45511,1,0,35,1,70,,45490,1,0,7,1,30,,45512,1,0,35,1,100,,45502,1,0,23 26,1
300,'20260827',634,,45531,1,0,7,1,70,,45516,1,0,7,1,30,,45532,1,0,7,1,70,,45517,1,0,7,1,30,,45533,1,0,7,1,15,,45553,1,0,35,1,55,,45518,1,0,7,1,30,,45548,1,0,35,1,70,,45519,1,0,7,1,30,,45535,1,0,23 26,1,70,,45520,1,0,7,1,30,,45536,1,0,23 26,1,70,,45521,1,0,7,1,30,,45549,1,0,35,1,70,,45522,1,0,7,1,30,,45537,1,0,23 26,1,70,,45523,1,0,7,1,30,,45538,1,0,23 26,1,70,,45524,1,0,7,1,30,,45550,1,0,35,1,70,,45525,1,0,7,1,18,,45545,1,0,35,1,12,,45543,1,0,27,1,18,,63820,1,,,1,52,,45544,1,0,27,1,18,,45546,1,0,35,1,12,,45534,1,0,7,1,17,,45555,1,0,35,1,53,,45526,1,0,7,1,17,,45547,1,0,35,1,13,,45539,1,0,23 26,1,70,,45527,1,0,7,1,30,,45540,1,0,23 26,1,70,,45528,1,0,7,1,30,,45541,1,0,23 26,1,70,,45529,1,0,7,1,30,,45551,1,0,35,1,70,,45530,1,0,7,1,30,,45552,1,0,35,1,100,,45542,1,0,23 26,1
300,'20260828',634,,45571,1,0,7,1,70,,45556,1,0,7,1,30,,45572,1,0,7,1,70,,45557,1,0,7,1,30,,45573,1,0,7,1,15,,45593,1,0,35,1,55,,45558,1,0,7,1,30,,45588,1,0,35,1,70,,45559,1,0,7,1,30,,45575,1,0,23 26,1,70,,45560,1,0,7,1,30,,45576,1,0,23 26,1,70,,45561,1,0,7,1,30,,45589,1,0,35,1,70,,45562,1,0,7,1,30,,45577,1,0,23 26,1,70,,45563,1,0,7,1,30,,45578,1,0,23 26,1,70,,45564,1,0,7,1,30,,45590,1,0,35,1,70,,45565,1,0,7,1,18,,45585,1,0,35,1,12,,45583,1,0,27,1,18,,63821,1,,,1,52,,45584,1,0,27,1,18,,45586,1,0,35,1,12,,45574,1,0,7,1,17,,45595,1,0,35,1,53,,45566,1,0,7,1,17,,45587,1,0,35,1,13,,45579,1,0,23 26,1,70,,45567,1,0,7,1,30,,45580,1,0,23 26,1,70,,45568,1,0,7,1,30,,45581,1,0,23 26,1,70,,45569,1,0,7,1,30,,45591,1,0,35,1,70,,45570,1,0,7,1,30,,45592,1,0,35,1,100,,45582,1,0,23 26,1
300,'20260829',834,,45605,1,0,23 26,1,15,,63822,1,,,1,99,,45606,1,0,23 26,1,100,,45607,1,0,23 26,1,100,,45608,1,0,23 26,1,100,,45609,1,0,23 26,1,100,,45610,1,0,23 26,1,100,,45611,1,0,23 26,1,70,,45596,1,0,7,1,30,,45612,1,0,23 26,1,70,,45597,1,0,7,1,30,,45619,1,0,35,1,70,,45598,1,0,7,1,30,,45613,1,0,23 26,1,70,,45599,1,0,7,1,30,,45614,1,0,23 26,1,70,,45600,1,0,7,1,30,,45615,1,0,23 26,1,70,,45601,1,0,7,1,30,,45616,1,0,23 26,1,70,,45602,1,0,7,1,30,,45617,1,0,23 26,1,70,,45603,1,0,7,1,30,,45620,1,0,35,1,70,,45604,1,0,7,1,30,,45618,1,0,23 26,1
300,'20260830',834,,45630,1,0,23 26,1,15,,63823,1,,,1,99,,45631,1,0,23 26,1,100,,45632,1,0,23 26,1,100,,45633,1,0,23 26,1,100,,45634,1,0,23 26,1,100,,45635,1,0,23 26,1,100,,45636,1,0,23 26,1,70,,45621,1,0,7,1,30,,45637,1,0,23 26,1,70,,45622,1,0,7,1,30,,45644,1,0,35,1,70,,45623,1,0,7,1,30,,45638,1,0,23 26,1,70,,45624,1,0,7,1,30,,45639,1,0,23 26,1,70,,45625,1,0,7,1,30,,45640,1,0,23 26,1,70,,45626,1,0,7,1,30,,45641,1,0,23 26,1,70,,45627,1,0,7,1,30,,45642,1,0,23 26,1,70,,45628,1,0,7,1,30,,45645,1,0,35,1,70,,45629,1,0,7,1,30,,45643,1,0,23 26,1
300,'20260831',634,,64983,1,0,7,1,70,,64968,1,0,7,1,30,,64984,1,0,7,1,70,,64969,1,0,7,1,30,,64985,1,0,7,1,15,,64996,1,0,35,1,55,,64970,1,0,7,1,30,,64992,1,0,35,1,70,,64971,1,0,7,1,30,,45665,1,0,23 26,1,70,,64972,1,0,7,1,30,,45666,1,0,23 26,1,70,,64973,1,0,7,1,30,,64993,1,0,35,1,70,,64974,1,0,7,1,30,,45667,1,0,23 26,1,70,,64975,1,0,7,1,30,,45668,1,0,23 26,1,70,,64976,1,0,7,1,30,,64994,1,0,35,1,70,,64977,1,0,7,1,18,,64989,1,0,35,1,12,,64987,1,0,27,1,18,,64998,1,,,1,52,,64988,1,0,27,1,18,,64990,1,0,35,1,12,,64986,1,0,7,1,17,,64997,1,0,35,1,53,,64978,1,0,7,1,17,,64991,1,0,35,1,13,,45669,1,0,23 26,1,70,,64979,1,0,7,1,30,,45670,1,0,23 26,1,70,,64980,1,0,7,1,30,,45671,1,0,23 26,1,70,,64981,1,0,7,1,30,,64995,1,0,35,1,70,,64982,1,0,7,1,30,,45682,1,0,35,1,100,,45672,1,0,23 26,1
300,'20260901',634,,45701,1,0,7,1,70,,45686,1,0,7,1,30,,45702,1,0,7,1,70,,45687,1,0,7,1,30,,45703,1,0,7,1,15,,45723,1,0,35,1,55,,45688,1,0,7,1,30,,45718,1,0,35,1,70,,45689,1,0,7,1,30,,45705,1,0,23 26,1,70,,45690,1,0,7,1,30,,45706,1,0,23 26,1,70,,45691,1,0,7,1,30,,45719,1,0,35,1,70,,45692,1,0,7,1,30,,45707,1,0,23 26,1,70,,45693,1,0,7,1,30,,45708,1,0,23 26,1,70,,45694,1,0,7,1,30,,45720,1,0,35,1,70,,45695,1,0,7,1,18,,45715,1,0,35,1,12,,45713,1,0,27,1,18,,63825,1,,,1,52,,45714,1,0,27,1,18,,45716,1,0,35,1,12,,45704,1,0,7,1,17,,45725,1,0,35,1,53,,45696,1,0,7,1,17,,45717,1,0,35,1,13,,45709,1,0,23 26,1,70,,45697,1,0,7,1,30,,45710,1,0,23 26,1,70,,45698,1,0,7,1,30,,45711,1,0,23 26,1,70,,45699,1,0,7,1,30,,45721,1,0,35,1,70,,45700,1,0,7,1,30,,45722,1,0,35,1,100,,45712,1,0,23 26,1
300,'20260902',634,,45741,1,0,7,1,70,,45726,1,0,7,1,30,,45742,1,0,7,1,70,,45727,1,0,7,1,30,,45743,1,0,7,1,15,,45763,1,0,35,1,55,,45728,1,0,7,1,30,,45758,1,0,35,1,70,,45729,1,0,7,1,30,,45745,1,0,23 26,1,70,,45730,1,0,7,1,30,,45746,1,0,23 26,1,70,,45731,1,0,7,1,30,,45759,1,0,35,1,70,,45732,1,0,7,1,30,,45747,1,0,23 26,1,70,,45733,1,0,7,1,30,,45748,1,0,23 26,1,70,,45734,1,0,7,1,30,,45760,1,0,35,1,70,,45735,1,0,7,1,18,,45755,1,0,35,1,12,,45753,1,0,27,1,18,,63826,1,,,1,52,,45754,1,0,27,1,18,,45756,1,0,35,1,12,,45744,1,0,7,1,17,,45765,1,0,35,1,53,,45736,1,0,7,1,17,,45757,1,0,35,1,13,,45749,1,0,23 26,1,70,,45737,1,0,7,1,30,,45750,1,0,23 26,1,70,,45738,1,0,7,1,30,,45751,1,0,23 26,1,70,,45739,1,0,7,1,30,,45761,1,0,35,1,70,,45740,1,0,7,1,30,,45762,1,0,35,1,100,,45752,1,0,23 26,1
300,'20260903',634,,45781,1,0,7,1,70,,45766,1,0,7,1,30,,45782,1,0,7,1,70,,45767,1,0,7,1,30,,45783,1,0,7,1,15,,45803,1,0,35,1,55,,45768,1,0,7,1,30,,45798,1,0,35,1,70,,45769,1,0,7,1,30,,45785,1,0,23 26,1,70,,45770,1,0,7,1,30,,45786,1,0,23 26,1,70,,45771,1,0,7,1,30,,45799,1,0,35,1,70,,45772,1,0,7,1,30,,45787,1,0,23 26,1,70,,45773,1,0,7,1,30,,45788,1,0,23 26,1,70,,45774,1,0,7,1,30,,45800,1,0,35,1,70,,45775,1,0,7,1,18,,45795,1,0,35,1,12,,45793,1,0,27,1,18,,63827,1,,,1,52,,45794,1,0,27,1,18,,45796,1,0,35,1,12,,45784,1,0,7,1,17,,45805,1,0,35,1,53,,45776,1,0,7,1,17,,45797,1,0,35,1,13,,45789,1,0,23 26,1,70,,45777,1,0,7,1,30,,45790,1,0,23 26,1,70,,45778,1,0,7,1,30,,45791,1,0,23 26,1,70,,45779,1,0,7,1,30,,45801,1,0,35,1,70,,45780,1,0,7,1,30,,45802,1,0,35,1,100,,45792,1,0,23 26,1
300,'20260904',634,,45821,1,0,7,1,70,,45806,1,0,7,1,30,,45822,1,0,7,1,70,,45807,1,0,7,1,30,,45823,1,0,7,1,15,,45843,1,0,35,1,55,,45808,1,0,7,1,30,,45838,1,0,35,1,70,,45809,1,0,7,1,30,,45825,1,0,23 26,1,70,,45810,1,0,7,1,30,,45826,1,0,23 26,1,70,,45811,1,0,7,1,30,,45839,1,0,35,1,70,,45812,1,0,7,1,30,,45827,1,0,23 26,1,70,,45813,1,0,7,1,30,,45828,1,0,23 26,1,70,,45814,1,0,7,1,30,,45840,1,0,35,1,70,,45815,1,0,7,1,18,,45835,1,0,35,1,12,,45833,1,0,27,1,18,,63828,1,,,1,52,,45834,1,0,27,1,18,,45836,1,0,35,1,12,,45824,1,0,7,1,17,,45845,1,0,35,1,53,,45816,1,0,7,1,17,,45837,1,0,35,1,13,,45829,1,0,23 26,1,70,,45817,1,0,7,1,30,,45830,1,0,23 26,1,70,,45818,1,0,7,1,30,,45831,1,0,23 26,1,70,,45819,1,0,7,1,30,,45841,1,0,35,1,70,,45820,1,0,7,1,30,,45842,1,0,35,1,100,,45832,1,0,23 26,1
301,'20260814',635,,48068,29,4,,1,70,,48070,42,4,,1,12,,48069,29,4,,1,18,,48057,18,4,,1,12,,48077,42,4,,1,58,,48041,18,4,,1,12,,48071,42,4,,1,18,,48058,18,4,,1,12,,63868,51,4,,1,58,,48042,18,4,,1,12,,48072,42,4,,1,18,,48059,18,4,,1,12,,48079,42,4,,1,58,,48043,18,4,,1,10,,48080,42,4,,1,20,,48060,18,4,,1,70,,48044,18,4,,1,30,,48062,24,4,,1,70,,48045,18,4,,1,30,,48063,24,4,,1,70,,48046,18,4,,1,30,,48074,42,4,,1,70,,48047,18,4,,1,30,,48064,24,4,,1,70,,48048,18,4,,1,30,,48065,24,4,,1,70,,48049,18,4,,1,30,,48075,42,4,,1,70,,48050,18,4,,1,12,,48073,40,4,,1,88,,48051,18,4,,1,100,,48052,18,4,,1,30,,48061,18,4,,1,100,,48066,24,4,,1,70,,48053,18,4,,1,30,,48067,24,4,,1,70,,48054,18,4,,1,30,,48076,42,4,,1,70,,48055,18,4,,1,100,,48056,18,4,,1
301,'20260817',635,,65050,29,4,,1,70,,65052,42,4,,1,12,,65051,29,4,,1,18,,65039,18,4,,1,12,,65059,42,4,,1,58,,65031,18,4,,1,12,,65053,42,4,,1,18,,65040,18,4,,1,12,,65062,51,4,,1,58,,65032,18,4,,1,12,,65054,42,4,,1,18,,65041,18,4,,1,12,,65060,42,4,,1,58,,65033,18,4,,1,10,,65061,42,4,,1,20,,65042,18,4,,1,70,,65034,18,4,,1,30,,65044,24,4,,1,70,,65035,18,4,,1,30,,65045,24,4,,1,70,,65036,18,4,,1,30,,65056,42,4,,1,70,,65037,18,4,,1,30,,65046,24,4,,1,70,,48138,18,4,,1,30,,65047,24,4,,1,70,,48139,18,4,,1,30,,65057,42,4,,1,70,,48140,18,4,,1,12,,65055,40,4,,1,88,,48141,18,4,,1,100,,48142,18,4,,1,30,,65043,18,4,,1,100,,65048,24,4,,1,70,,48143,18,4,,1,30,,65049,24,4,,1,70,,48144,18,4,,1,30,,65058,42,4,,1,70,,48145,18,4,,1,100,,65038,18,4,,1
301,'20260818',635,,48198,29,4,,1,70,,48200,42,4,,1,12,,48199,29,4,,1,18,,48187,18,4,,1,12,,48207,42,4,,1,58,,48171,18,4,,1,12,,48201,42,4,,1,18,,48188,18,4,,1,12,,63872,51,4,,1,58,,48172,18,4,,1,12,,48202,42,4,,1,18,,48189,18,4,,1,12,,48209,42,4,,1,58,,48173,18,4,,1,10,,48210,42,4,,1,20,,48190,18,4,,1,70,,48174,18,4,,1,30,,48192,24,4,,1,70,,48175,18,4,,1,30,,48193,24,4,,1,70,,48176,18,4,,1,30,,48204,42,4,,1,70,,48177,18,4,,1,30,,48194,24,4,,1,70,,48178,18,4,,1,30,,48195,24,4,,1,70,,48179,18,4,,1,30,,48205,42,4,,1,70,,48180,18,4,,1,12,,48203,40,4,,1,88,,48181,18,4,,1,100,,48182,18,4,,1,30,,48191,18,4,,1,100,,48196,24,4,,1,70,,48183,18,4,,1,30,,48197,24,4,,1,70,,48184,18,4,,1,30,,48206,42,4,,1,70,,48185,18,4,,1,100,,48186,18,4,,1
301,'20260819',635,,48238,29,4,,1,70,,48240,42,4,,1,12,,48239,29,4,,1,18,,48227,18,4,,1,12,,48247,42,4,,1,58,,48211,18,4,,1,12,,48241,42,4,,1,18,,48228,18,4,,1,12,,63873,51,4,,1,58,,48212,18,4,,1,12,,48242,42,4,,1,18,,48229,18,4,,1,12,,48249,42,4,,1,58,,48213,18,4,,1,10,,48250,42,4,,1,20,,48230,18,4,,1,70,,48214,18,4,,1,30,,48232,24,4,,1,70,,48215,18,4,,1,30,,48233,24,4,,1,70,,48216,18,4,,1,30,,48244,42,4,,1,70,,48217,18,4,,1,30,,48234,24,4,,1,70,,48218,18,4,,1,30,,48235,24,4,,1,70,,48219,18,4,,1,30,,48245,42,4,,1,70,,48220,18,4,,1,12,,48243,40,4,,1,88,,48221,18,4,,1,100,,48222,18,4,,1,30,,48231,18,4,,1,100,,48236,24,4,,1,70,,48223,18,4,,1,30,,48237,24,4,,1,70,,48224,18,4,,1,30,,48246,42,4,,1,70,,48225,18,4,,1,100,,48226,18,4,,1
301,'20260820',635,,48278,29,4,,1,70,,48280,42,4,,1,12,,48279,29,4,,1,18,,48267,18,4,,1,12,,48287,42,4,,1,58,,48251,18,4,,1,12,,48281,42,4,,1,18,,48268,18,4,,1,12,,63874,51,4,,1,58,,48252,18,4,,1,12,,48282,42,4,,1,18,,48269,18,4,,1,12,,48289,42,4,,1,58,,48253,18,4,,1,10,,48290,42,4,,1,20,,48270,18,4,,1,70,,48254,18,4,,1,30,,48272,24,4,,1,70,,48255,18,4,,1,30,,48273,24,4,,1,70,,48256,18,4,,1,30,,48284,42,4,,1,70,,48257,18,4,,1,30,,48274,24,4,,1,70,,48258,18,4,,1,30,,48275,24,4,,1,70,,48259,18,4,,1,30,,48285,42,4,,1,70,,48260,18,4,,1,12,,48283,40,4,,1,88,,48261,18,4,,1,100,,48262,18,4,,1,30,,48271,18,4,,1,100,,48276,24,4,,1,70,,48263,18,4,,1,30,,48277,24,4,,1,70,,48264,18,4,,1,30,,48286,42,4,,1,70,,48265,18,4,,1,100,,48266,18,4,,1
301,'20260821',635,,48318,29,4,,1,70,,48320,42,4,,1,12,,48319,29,4,,1,18,,48307,18,4,,1,12,,48327,42,4,,1,58,,48291,18,4,,1,12,,48321,42,4,,1,18,,48308,18,4,,1,12,,63875,51,4,,1,58,,48292,18,4,,1,12,,48322,42,4,,1,18,,48309,18,4,,1,12,,48329,42,4,,1,58,,48293,18,4,,1,10,,48330,42,4,,1,20,,48310,18,4,,1,70,,48294,18,4,,1,30,,48312,24,4,,1,70,,48295,18,4,,1,30,,48313,24,4,,1,70,,48296,18,4,,1,30,,48324,42,4,,1,70,,48297,18,4,,1,30,,48314,24,4,,1,70,,48298,18,4,,1,30,,48315,24,4,,1,70,,48299,18,4,,1,30,,48325,42,4,,1,70,,48300,18,4,,1,12,,48323,40,4,,1,88,,48301,18,4,,1,100,,48302,18,4,,1,30,,48311,18,4,,1,100,,48316,24,4,,1,70,,48303,18,4,,1,30,,48317,24,4,,1,70,,48304,18,4,,1,30,,48326,42,4,,1,70,,48305,18,4,,1,100,,48306,18,4,,1
301,'20260822',835,,48340,24,4,,1,100,,48354,42,4,,1,100,,48341,24,4,,1,100,,48342,24,4,,1,100,,48343,24,4,,1,100,,48344,24,4,,1,100,,48345,24,4,,1,70,,48331,18,4,,1,30,,48346,24,4,,1,70,,48332,18,4,,1,30,,48347,24,4,,1,70,,48333,18,4,,1,30,,48355,42,4,,1,70,,48334,18,4,,1,30,,48348,24,4,,1,70,,48335,18,4,,1,30,,48349,24,4,,1,70,,48336,18,4,,1,30,,48350,24,4,,1,10,,63876,49,4,,1,60,,48337,18,4,,1,30,,48351,24,4,,1,70,,48338,18,4,,1,30,,48352,24,4,,1,70,,48339,18,4,,1,30,,48353,24,4,,1
301,'20260823',835,,48365,24,4,,1,100,,48379,42,4,,1,100,,48366,24,4,,1,100,,48367,24,4,,1,100,,48368,24,4,,1,100,,48369,24,4,,1,100,,48370,24,4,,1,70,,48356,18,4,,1,30,,48371,24,4,,1,70,,48357,18,4,,1,30,,48372,24,4,,1,70,,48358,18,4,,1,30,,48380,42,4,,1,70,,48359,18,4,,1,30,,48373,24,4,,1,70,,48360,18,4,,1,30,,48374,24,4,,1,70,,48361,18,4,,1,30,,48375,24,4,,1,10,,63877,49,4,,1,60,,48362,18,4,,1,30,,48376,24,4,,1,70,,48363,18,4,,1,30,,48377,24,4,,1,70,,48364,18,4,,1,30,,48378,24,4,,1
301,'20260824',635,,65082,29,4,,1,70,,65084,42,4,,1,12,,65083,29,4,,1,18,,65071,18,4,,1,12,,65091,42,4,,1,58,,65063,18,4,,1,12,,65085,42,4,,1,18,,65072,18,4,,1,12,,65094,51,4,,1,58,,65064,18,4,,1,12,,65086,42,4,,1,18,,65073,18,4,,1,12,,65092,42,4,,1,58,,65065,18,4,,1,10,,65093,42,4,,1,20,,65074,18,4,,1,70,,65066,18,4,,1,30,,65076,24,4,,1,70,,65067,18,4,,1,30,,65077,24,4,,1,70,,65068,18,4,,1,30,,65088,42,4,,1,70,,65069,18,4,,1,30,,65078,24,4,,1,70,,48388,18,4,,1,30,,65079,24,4,,1,70,,48389,18,4,,1,30,,65089,42,4,,1,70,,48390,18,4,,1,12,,65087,40,4,,1,88,,48391,18,4,,1,100,,48392,18,4,,1,30,,65075,18,4,,1,100,,65080,24,4,,1,70,,48393,18,4,,1,30,,65081,24,4,,1,70,,48394,18,4,,1,30,,65090,42,4,,1,70,,48395,18,4,,1,100,,65070,18,4,,1
301,'20260825',635,,48448,29,4,,1,70,,48450,42,4,,1,12,,48449,29,4,,1,18,,48437,18,4,,1,12,,48457,42,4,,1,58,,48421,18,4,,1,12,,48451,42,4,,1,18,,48438,18,4,,1,12,,63879,51,4,,1,58,,48422,18,4,,1,12,,48452,42,4,,1,18,,48439,18,4,,1,12,,48459,42,4,,1,58,,48423,18,4,,1,10,,48460,42,4,,1,20,,48440,18,4,,1,70,,48424,18,4,,1,30,,48442,24,4,,1,70,,48425,18,4,,1,30,,48443,24,4,,1,70,,48426,18,4,,1,30,,48454,42,4,,1,70,,48427,18,4,,1,30,,48444,24,4,,1,70,,48428,18,4,,1,30,,48445,24,4,,1,70,,48429,18,4,,1,30,,48455,42,4,,1,70,,48430,18,4,,1,12,,48453,40,4,,1,88,,48431,18,4,,1,100,,48432,18,4,,1,30,,48441,18,4,,1,100,,48446,24,4,,1,70,,48433,18,4,,1,30,,48447,24,4,,1,70,,48434,18,4,,1,30,,48456,42,4,,1,70,,48435,18,4,,1,100,,48436,18,4,,1
301,'20260826',635,,48488,29,4,,1,70,,48490,42,4,,1,12,,48489,29,4,,1,18,,48477,18,4,,1,12,,48497,42,4,,1,58,,48461,18,4,,1,12,,48491,42,4,,1,18,,48478,18,4,,1,12,,63880,51,4,,1,58,,48462,18,4,,1,12,,48492,42,4,,1,18,,48479,18,4,,1,12,,48499,42,4,,1,58,,48463,18,4,,1,10,,48500,42,4,,1,20,,48480,18,4,,1,70,,48464,18,4,,1,30,,48482,24,4,,1,70,,48465,18,4,,1,30,,48483,24,4,,1,70,,48466,18,4,,1,30,,48494,42,4,,1,70,,48467,18,4,,1,30,,48484,24,4,,1,70,,48468,18,4,,1,30,,48485,24,4,,1,70,,48469,18,4,,1,30,,48495,42,4,,1,70,,48470,18,4,,1,12,,48493,40,4,,1,88,,48471,18,4,,1,100,,48472,18,4,,1,30,,48481,18,4,,1,100,,48486,24,4,,1,70,,48473,18,4,,1,30,,48487,24,4,,1,70,,48474,18,4,,1,30,,48496,42,4,,1,70,,48475,18,4,,1,100,,48476,18,4,,1
301,'20260827',635,,48528,29,4,,1,70,,48530,42,4,,1,12,,48529,29,4,,1,18,,48517,18,4,,1,12,,48537,42,4,,1,58,,48501,18,4,,1,12,,48531,42,4,,1,18,,48518,18,4,,1,12,,63881,51,4,,1,58,,48502,18,4,,1,12,,48532,42,4,,1,18,,48519,18,4,,1,12,,48539,42,4,,1,58,,48503,18,4,,1,10,,48540,42,4,,1,20,,48520,18,4,,1,70,,48504,18,4,,1,30,,48522,24,4,,1,70,,48505,18,4,,1,30,,48523,24,4,,1,70,,48506,18,4,,1,30,,48534,42,4,,1,70,,48507,18,4,,1,30,,48524,24,4,,1,70,,48508,18,4,,1,30,,48525,24,4,,1,70,,48509,18,4,,1,30,,48535,42,4,,1,70,,48510,18,4,,1,12,,48533,40,4,,1,88,,48511,18,4,,1,100,,48512,18,4,,1,30,,48521,18,4,,1,100,,48526,24,4,,1,70,,48513,18,4,,1,30,,48527,24,4,,1,70,,48514,18,4,,1,30,,48536,42,4,,1,70,,48515,18,4,,1,100,,48516,18,4,,1
301,'20260828',635,,48568,29,4,,1,70,,48570,42,4,,1,12,,48569,29,4,,1,18,,48557,18,4,,1,12,,48577,42,4,,1,58,,48541,18,4,,1,12,,48571,42,4,,1,18,,48558,18,4,,1,12,,63882,51,4,,1,58,,48542,18,4,,1,12,,48572,42,4,,1,18,,48559,18,4,,1,12,,48579,42,4,,1,58,,48543,18,4,,1,10,,48580,42,4,,1,20,,48560,18,4,,1,70,,48544,18,4,,1,30,,48562,24,4,,1,70,,48545,18,4,,1,30,,48563,24,4,,1,70,,48546,18,4,,1,30,,48574,42,4,,1,70,,48547,18,4,,1,30,,48564,24,4,,1,70,,48548,18,4,,1,30,,48565,24,4,,1,70,,48549,18,4,,1,30,,48575,42,4,,1,70,,48550,18,4,,1,12,,48573,40,4,,1,88,,48551,18,4,,1,100,,48552,18,4,,1,30,,48561,18,4,,1,100,,48566,24,4,,1,70,,48553,18,4,,1,30,,48567,24,4,,1,70,,48554,18,4,,1,30,,48576,42,4,,1,70,,48555,18,4,,1,100,,48556,18,4,,1
301,'20260829',835,,48590,24,4,,1,100,,48604,42,4,,1,100,,48591,24,4,,1,100,,48592,24,4,,1,100,,48593,24,4,,1,100,,48594,24,4,,1,100,,48595,24,4,,1,70,,48581,18,4,,1,30,,48596,24,4,,1,70,,48582,18,4,,1,30,,48597,24,4,,1,70,,48583,18,4,,1,30,,48605,42,4,,1,70,,48584,18,4,,1,30,,48598,24,4,,1,70,,48585,18,4,,1,30,,48599,24,4,,1,70,,48586,18,4,,1,30,,48600,24,4,,1,10,,63883,49,4,,1,60,,48587,18,4,,1,30,,48601,24,4,,1,70,,48588,18,4,,1,30,,48602,24,4,,1,70,,48589,18,4,,1,30,,48603,24,4,,1
301,'20260830',835,,48615,24,4,,1,100,,48629,42,4,,1,100,,48616,24,4,,1,100,,48617,24,4,,1,100,,48618,24,4,,1,100,,48619,24,4,,1,100,,48620,24,4,,1,70,,48606,18,4,,1,30,,48621,24,4,,1,70,,48607,18,4,,1,30,,48622,24,4,,1,70,,48608,18,4,,1,30,,48630,42,4,,1,70,,48609,18,4,,1,30,,48623,24,4,,1,70,,48610,18,4,,1,30,,48624,24,4,,1,70,,48611,18,4,,1,30,,48625,24,4,,1,10,,63884,49,4,,1,60,,48612,18,4,,1,30,,48626,24,4,,1,70,,48613,18,4,,1,30,,48627,24,4,,1,70,,48614,18,4,,1,30,,48628,24,4,,1
301,'20260831',635,,65114,29,4,,1,70,,65116,42,4,,1,12,,65115,29,4,,1,18,,65103,18,4,,1,12,,65123,42,4,,1,58,,65095,18,4,,1,12,,65117,42,4,,1,18,,65104,18,4,,1,12,,65126,51,4,,1,58,,65096,18,4,,1,12,,65118,42,4,,1,18,,65105,18,4,,1,12,,65124,42,4,,1,58,,65097,18,4,,1,10,,65125,42,4,,1,20,,65106,18,4,,1,70,,65098,18,4,,1,30,,65108,24,4,,1,70,,65099,18,4,,1,30,,65109,24,4,,1,70,,65100,18,4,,1,30,,65120,42,4,,1,70,,65101,18,4,,1,30,,65110,24,4,,1,70,,48638,18,4,,1,30,,65111,24,4,,1,70,,48639,18,4,,1,30,,65121,42,4,,1,70,,48640,18,4,,1,12,,65119,40,4,,1,88,,48641,18,4,,1,100,,48642,18,4,,1,30,,65107,18,4,,1,100,,65112,24,4,,1,70,,48643,18,4,,1,30,,65113,24,4,,1,70,,48644,18,4,,1,30,,65122,42,4,,1,70,,48645,18,4,,1,100,,65102,18,4,,1
301,'20260901',635,,48698,29,4,,1,70,,48700,42,4,,1,12,,48699,29,4,,1,18,,48687,18,4,,1,12,,48707,42,4,,1,58,,48671,18,4,,1,12,,48701,42,4,,1,18,,48688,18,4,,1,12,,63886,51,4,,1,58,,48672,18,4,,1,12,,48702,42,4,,1,18,,48689,18,4,,1,12,,48709,42,4,,1,58,,48673,18,4,,1,10,,48710,42,4,,1,20,,48690,18,4,,1,70,,48674,18,4,,1,30,,48692,24,4,,1,70,,48675,18,4,,1,30,,48693,24,4,,1,70,,48676,18,4,,1,30,,48704,42,4,,1,70,,48677,18,4,,1,30,,48694,24,4,,1,70,,48678,18,4,,1,30,,48695,24,4,,1,70,,48679,18,4,,1,30,,48705,42,4,,1,70,,48680,18,4,,1,12,,48703,40,4,,1,88,,48681,18,4,,1,100,,48682,18,4,,1,30,,48691,18,4,,1,100,,48696,24,4,,1,70,,48683,18,4,,1,30,,48697,24,4,,1,70,,48684,18,4,,1,30,,48706,42,4,,1,70,,48685,18,4,,1,100,,48686,18,4,,1
301,'20260902',635,,48738,29,4,,1,70,,48740,42,4,,1,12,,48739,29,4,,1,18,,48727,18,4,,1,12,,48747,42,4,,1,58,,48711,18,4,,1,12,,48741,42,4,,1,18,,48728,18,4,,1,12,,63887,51,4,,1,58,,48712,18,4,,1,12,,48742,42,4,,1,18,,48729,18,4,,1,12,,48749,42,4,,1,58,,48713,18,4,,1,10,,48750,42,4,,1,20,,48730,18,4,,1,70,,48714,18,4,,1,30,,48732,24,4,,1,70,,48715,18,4,,1,30,,48733,24,4,,1,70,,48716,18,4,,1,30,,48744,42,4,,1,70,,48717,18,4,,1,30,,48734,24,4,,1,70,,48718,18,4,,1,30,,48735,24,4,,1,70,,48719,18,4,,1,30,,48745,42,4,,1,70,,48720,18,4,,1,12,,48743,40,4,,1,88,,48721,18,4,,1,100,,48722,18,4,,1,30,,48731,18,4,,1,100,,48736,24,4,,1,70,,48723,18,4,,1,30,,48737,24,4,,1,70,,48724,18,4,,1,30,,48746,42,4,,1,70,,48725,18,4,,1,100,,48726,18,4,,1
301,'20260903',635,,48778,29,4,,1,70,,48780,42,4,,1,12,,48779,29,4,,1,18,,48767,18,4,,1,12,,48787,42,4,,1,58,,48751,18,4,,1,12,,48781,42,4,,1,18,,48768,18,4,,1,12,,63888,51,4,,1,58,,48752,18,4,,1,12,,48782,42,4,,1,18,,48769,18,4,,1,12,,48789,42,4,,1,58,,48753,18,4,,1,10,,48790,42,4,,1,20,,48770,18,4,,1,70,,48754,18,4,,1,30,,48772,24,4,,1,70,,48755,18,4,,1,30,,48773,24,4,,1,70,,48756,18,4,,1,30,,48784,42,4,,1,70,,48757,18,4,,1,30,,48774,24,4,,1,70,,48758,18,4,,1,30,,48775,24,4,,1,70,,48759,18,4,,1,30,,48785,42,4,,1,70,,48760,18,4,,1,12,,48783,40,4,,1,88,,48761,18,4,,1,100,,48762,18,4,,1,30,,48771,18,4,,1,100,,48776,24,4,,1,70,,48763,18,4,,1,30,,48777,24,4,,1,70,,48764,18,4,,1,30,,48786,42,4,,1,70,,48765,18,4,,1,100,,48766,18,4,,1
301,'20260904',635,,48818,29,4,,1,70,,48820,42,4,,1,12,,48819,29,4,,1,18,,48807,18,4,,1,12,,48827,42,4,,1,58,,48791,18,4,,1,12,,48821,42,4,,1,18,,48808,18,4,,1,12,,63889,51,4,,1,58,,48792,18,4,,1,12,,48822,42,4,,1,18,,48809,18,4,,1,12,,48829,42,4,,1,58,,48793,18,4,,1,10,,48830,42,4,,1,20,,48810,18,4,,1,70,,48794,18,4,,1,30,,48812,24,4,,1,70,,48795,18,4,,1,30,,48813,24,4,,1,70,,48796,18,4,,1,30,,48824,42,4,,1,70,,48797,18,4,,1,30,,48814,24,4,,1,70,,48798,18,4,,1,30,,48815,24,4,,1,70,,48799,18,4,,1,30,,48825,42,4,,1,70,,48800,18,4,,1,12,,48823,40,4,,1,88,,48801,18,4,,1,100,,48802,18,4,,1,30,,48811,18,4,,1,100,,48816,24,4,,1,70,,48803,18,4,,1,30,,48817,24,4,,1,70,,48804,18,4,,1,30,,48826,42,4,,1,70,,48805,18,4,,1,100,,48806,18,4,,1
500,'20260814',954,,49893,1,,,1,100,,49882,1,0,8,1,100,,49883,1,0,8,1,100,,49884,1,0,8,1,147,,49894,1,,,1,101,,49889,1,0,9,1,51,,49895,1,,,1,85,,49892,1,,,1,15,,49885,1,0,8,1,55,,49890,1,,,1,15,,49891,1,,,1,30,,49896,1,,,1,101,,49886,1,0,8,1,100,,49887,1,0,8,1,100,,49888,1,0,8,1,147,,49897,1,,,1,53,,49898,1,,,1
500,'20260817',956,,65143,1,0,41,1,98,,49929,1,0,41,1,100,,65137,1,0,41,1,100,,49931,1,0,41,1,147,,65144,1,0,41,1,101,,65139,1,0,41,1,51,,65145,1,0,41,1,81,,65142,1,0,41,1,17,,49932,1,0,41,1,81,,65141,1,0,41,1,21,,49943,1,0,41,1,101,,49933,1,0,41,1
500,'20260818',957,,49957,1,,,1,90,,49946,1,0,8,1,107,,49947,1,0,8,1,146,,49948,1,0,41,1,101,,49958,1,,,1,101,,49953,1,0,9,1,51,,49959,1,,,1,85,,49956,1,,,1,15,,49949,1,0,8,1,55,,49954,1,,,1,15,,49955,1,,,1,30,,49960,1,,,1,95,,49950,1,0,8,1,106,,65581,1,,,1
500,'20260819',957,,49974,1,,,1,90,,49963,1,0,8,1,107,,49964,1,0,8,1,146,,49965,1,0,41,1,101,,49975,1,,,1,101,,49970,1,0,9,1,51,,49976,1,,,1,85,,49973,1,,,1,15,,49966,1,0,8,1,55,,49971,1,,,1,15,,49972,1,,,1,30,,49977,1,,,1,95,,49967,1,0,8,1,106,,65582,1,,,1
500,'20260820',957,,49991,1,,,1,90,,49980,1,0,8,1,107,,49981,1,0,8,1,146,,49982,1,0,41,1,101,,49992,1,,,1,101,,49987,1,0,9,1,51,,49993,1,,,1,85,,49990,1,,,1,15,,49983,1,0,8,1,55,,49988,1,,,1,15,,49989,1,,,1,30,,49994,1,,,1,95,,49984,1,0,8,1,106,,65583,1,,,1
500,'20260821',954,,50008,1,,,1,100,,49997,1,0,8,1,100,,49998,1,0,8,1,100,,49999,1,0,8,1,147,,50009,1,,,1,101,,50004,1,0,9,1,51,,50010,1,,,1,85,,50007,1,,,1,15,,50000,1,0,8,1,55,,50005,1,,,1,15,,50006,1,,,1,30,,50011,1,,,1,101,,50001,1,0,8,1,100,,50002,1,0,8,1,100,,50003,1,0,8,1,147,,50012,1,,,1,53,,50013,1,,,1
500,'20260822',852,,50023,1,,,1,102,,50014,1,0,8,1,100,,50015,1,0,8,1,100,,50024,1,,,1,100,,50016,1,0,8,1,100,,50017,1,0,8,1,100,,50025,1,,,1,100,,50018,1,0,8,1,100,,50019,1,0,8,1,100,,50026,1,,,1,100,,50020,1,0,8,1,100,,50021,1,0,8,1,104,,50027,1,,,1,143,,50022,1,0,9,1,53,,50028,1,,,1
500,'20260823',852,,50038,1,,,1,102,,50029,1,0,8,1,100,,50030,1,0,8,1,100,,50039,1,,,1,100,,50031,1,0,8,1,100,,50032,1,0,8,1,100,,50040,1,,,1,100,,50033,1,0,8,1,100,,50034,1,0,8,1,100,,50041,1,,,1,100,,50035,1,0,8,1,100,,50036,1,0,8,1,104,,50042,1,,,1,143,,50037,1,0,9,1,53,,50043,1,,,1
500,'20260824',954,,65153,1,,,1,100,,50044,1,0,8,1,100,,65147,1,0,8,1,100,,50046,1,0,8,1,147,,65154,1,,,1,101,,65149,1,0,9,1,51,,65155,1,,,1,85,,65152,1,,,1,15,,50047,1,0,8,1,55,,65150,1,,,1,15,,65151,1,,,1,30,,50058,1,,,1,101,,50048,1,0,8,1,100,,50049,1,0,8,1,100,,65148,1,0,8,1,147,,65156,1,,,1,53,,50060,1,,,1
500,'20260825',954,,50072,1,,,1,100,,50061,1,0,8,1,100,,50062,1,0,8,1,100,,50063,1,0,8,1,147,,50073,1,,,1,101,,50068,1,0,9,1,51,,50074,1,,,1,85,,50071,1,,,1,15,,50064,1,0,8,1,55,,50069,1,,,1,15,,50070,1,,,1,30,,50075,1,,,1,101,,50065,1,0,8,1,100,,50066,1,0,8,1,100,,50067,1,0,8,1,147,,50076,1,,,1,53,,50077,1,,,1
500,'20260826',954,,50089,1,,,1,100,,50078,1,0,8,1,100,,50079,1,0,8,1,100,,50080,1,0,8,1,147,,50090,1,,,1,101,,50085,1,0,9,1,51,,50091,1,,,1,85,,50088,1,,,1,15,,50081,1,0,8,1,55,,50086,1,,,1,15,,50087,1,,,1,30,,50092,1,,,1,101,,50082,1,0,8,1,100,,50083,1,0,8,1,100,,50084,1,0,8,1,147,,50093,1,,,1,53,,50094,1,,,1
500,'20260827',954,,50106,1,,,1,100,,50095,1,0,8,1,100,,50096,1,0,8,1,100,,50097,1,0,8,1,147,,50107,1,,,1,101,,50102,1,0,9,1,51,,50108,1,,,1,85,,50105,1,,,1,15,,50098,1,0,8,1,55,,50103,1,,,1,15,,50104,1,,,1,30,,50109,1,,,1,101,,50099,1,0,8,1,100,,50100,1,0,8,1,100,,50101,1,0,8,1,147,,50110,1,,,1,53,,50111,1,,,1
500,'20260828',954,,50123,1,,,1,100,,50112,1,0,8,1,100,,50113,1,0,8,1,100,,50114,1,0,8,1,147,,50124,1,,,1,101,,50119,1,0,9,1,51,,50125,1,,,1,85,,50122,1,,,1,15,,50115,1,0,8,1,55,,50120,1,,,1,15,,50121,1,,,1,30,,50126,1,,,1,101,,50116,1,0,8,1,100,,50117,1,0,8,1,100,,50118,1,0,8,1,147,,50127,1,,,1,53,,50128,1,,,1
500,'20260829',852,,50138,1,,,1,102,,50129,1,0,8,1,100,,50130,1,0,8,1,100,,50139,1,,,1,100,,50131,1,0,8,1,100,,50132,1,0,8,1,100,,50140,1,,,1,100,,50133,1,0,8,1,100,,50134,1,0,8,1,100,,50141,1,,,1,100,,50135,1,0,8,1,100,,50136,1,0,8,1,104,,50142,1,,,1,143,,50137,1,0,9,1,53,,50143,1,,,1
500,'20260830',852,,50153,1,,,1,102,,50144,1,0,8,1,100,,50145,1,0,8,1,100,,50154,1,,,1,100,,50146,1,0,8,1,100,,50147,1,0,8,1,100,,50155,1,,,1,100,,50148,1,0,8,1,100,,50149,1,0,8,1,100,,50156,1,,,1,100,,50150,1,0,8,1,100,,50151,1,0,8,1,104,,50157,1,,,1,143,,50152,1,0,9,1,53,,50158,1,,,1
500,'20260831',954,,65163,1,,,1,100,,50159,1,0,8,1,100,,65157,1,0,8,1,100,,50161,1,0,8,1,147,,65164,1,,,1,101,,65159,1,0,9,1,51,,65165,1,,,1,85,,65162,1,,,1,15,,50162,1,0,8,1,55,,65160,1,,,1,15,,65161,1,,,1,30,,50173,1,,,1,101,,50163,1,0,8,1,100,,50164,1,0,8,1,100,,65158,1,0,8,1,147,,65166,1,,,1,53,,50175,1,,,1
500,'20260901',954,,50187,1,,,1,100,,50176,1,0,8,1,100,,50177,1,0,8,1,100,,50178,1,0,8,1,147,,50188,1,,,1,101,,50183,1,0,9,1,51,,50189,1,,,1,85,,50186,1,,,1,15,,50179,1,0,8,1,55,,50184,1,,,1,15,,50185,1,,,1,30,,50190,1,,,1,101,,50180,1,0,8,1,100,,50181,1,0,8,1,100,,50182,1,0,8,1,147,,50191,1,,,1,53,,50192,1,,,1
500,'20260902',954,,50204,1,,,1,100,,50193,1,0,8,1,100,,50194,1,0,8,1,100,,50195,1,0,8,1,147,,50205,1,,,1,101,,50200,1,0,9,1,51,,50206,1,,,1,85,,50203,1,,,1,15,,50196,1,0,8,1,55,,50201,1,,,1,15,,50202,1,,,1,30,,50207,1,,,1,101,,50197,1,0,8,1,100,,50198,1,0,8,1,100,,50199,1,0,8,1,147,,50208,1,,,1,53,,50209,1,,,1
500,'20260903',954,,50221,1,,,1,100,,50210,1,0,8,1,100,,50211,1,0,8,1,100,,50212,1,0,8,1,147,,50222,1,,,1,101,,50217,1,0,9,1,51,,50223,1,,,1,85,,50220,1,,,1,15,,50213,1,0,8,1,55,,50218,1,,,1,15,,50219,1,,,1,30,,50224,1,,,1,101,,50214,1,0,8,1,100,,50215,1,0,8,1,100,,50216,1,0,8,1,147,,50225,1,,,1,53,,50226,1,,,1
500,'20260904',954,,50238,1,,,1,100,,50227,1,0,8,1,100,,50228,1,0,8,1,100,,50229,1,0,8,1,147,,50239,1,,,1,101,,50234,1,0,9,1,51,,50240,1,,,1,85,,50237,1,,,1,15,,50230,1,0,8,1,55,,50235,1,,,1,15,,50236,1,,,1,30,,50241,1,,,1,101,,50231,1,0,8,1,100,,50232,1,0,8,1,100,,50233,1,0,8,1,147,,50242,1,,,1,53,,50243,1,,,1
501,'20260814',629,,51301,28,4,,1,30,,51302,35,4,,1,70,,51304,35,4,,1,30,,51303,35,4,,1,60,,51294,22,4,,1,20,,51305,35,4,,1,15,,51306,35,4,,1,94,,51307,35,4,,1,101,,51308,35,4,,1,98,,51295,22,4,,1,99,,51296,22,4,,1,100,,51297,22,4,,1,106,,51309,35,4,,1,102,,51298,22,4,,1,492,,51299,22,4,,1,100,,51300,22,4,,1,106,,51310,35,4,,1
501,'20260817',629,,65183,16,4,,1,28,,65184,16,4,,1,69,,65186,16,4,,1,81,,65185,16,4,,1,33,,51352,16,4,,1,81,,65187,16,4,,1,81,,51354,16,4,,1,47,,65188,16,4,,1,98,,51342,16,4,,1,99,,65180,16,4,,1,100,,51344,16,4,,1,106,,65189,16,4,,1,102,,65181,16,4,,1,461,,51346,16,4,,1
501,'20260818',629,,51365,28,4,,1,30,,51366,35,4,,1,70,,51368,35,4,,1,30,,51367,35,4,,1,60,,51358,22,4,,1,20,,51369,35,4,,1,15,,51370,35,4,,1,94,,51371,35,4,,1,101,,51372,35,4,,1,90,,51359,16,4,,1,107,,51360,22,4,,1,106,,51361,22,4,,1,100,,51373,35,4,,1,102,,51362,16,4,,1,492,,51363,22,4,,1
501,'20260819',629,,51382,28,4,,1,30,,51383,35,4,,1,70,,51385,35,4,,1,30,,51384,35,4,,1,60,,51375,22,4,,1,20,,51386,35,4,,1,15,,51387,35,4,,1,94,,51388,35,4,,1,101,,51389,35,4,,1,90,,51376,16,4,,1,107,,51377,22,4,,1,106,,51378,22,4,,1,100,,51390,35,4,,1,102,,51379,16,4,,1,492,,51380,22,4,,1
501,'20260820',629,,51399,28,4,,1,30,,51400,35,4,,1,70,,51402,35,4,,1,30,,51401,35,4,,1,60,,51392,22,4,,1,20,,51403,35,4,,1,15,,51404,35,4,,1,94,,51405,35,4,,1,101,,51406,35,4,,1,90,,51393,16,4,,1,107,,51394,22,4,,1,106,,51395,22,4,,1,100,,51407,35,4,,1,102,,51396,16,4,,1,492,,51397,22,4,,1
501,'20260821',629,,51416,28,4,,1,30,,51417,35,4,,1,70,,51419,35,4,,1,30,,51418,35,4,,1,60,,51409,22,4,,1,20,,51420,35,4,,1,15,,51421,35,4,,1,94,,51422,35,4,,1,101,,51423,35,4,,1,98,,51410,22,4,,1,99,,51411,22,4,,1,100,,51412,22,4,,1,106,,51424,35,4,,1,102,,51413,22,4,,1,492,,51414,22,4,,1,100,,51415,22,4,,1,106,,51425,35,4,,1
501,'20260822',842,,51435,35,4,,1,100,,51436,35,4,,1,105,,51426,22,4,,1,99,,51427,22,4,,1,100,,51437,35,4,,1,100,,51428,22,4,,1,100,,51429,22,4,,1,100,,51438,35,4,,1,100,,51430,22,4,,1,100,,51431,22,4,,1,100,,51439,35,4,,1,100,,51432,22,4,,1,100,,51433,22,4,,1,103,,51440,35,4,,1,105,,51434,22,4,,1
501,'20260823',842,,51450,35,4,,1,100,,51451,35,4,,1,105,,51441,22,4,,1,99,,51442,22,4,,1,100,,51452,35,4,,1,100,,51443,22,4,,1,100,,51444,22,4,,1,100,,51453,35,4,,1,100,,51445,22,4,,1,100,,51446,22,4,,1,100,,51454,35,4,,1,100,,51447,22,4,,1,100,,51448,22,4,,1,103,,51455,35,4,,1,105,,51449,22,4,,1
501,'20260824',629,,65195,28,4,,1,30,,65196,35,4,,1,70,,65198,35,4,,1,30,,65197,35,4,,1,60,,65191,22,4,,1,20,,51467,35,4,,1,15,,65199,35,4,,1,94,,51469,35,4,,1,101,,65200,35,4,,1,98,,51457,22,4,,1,99,,65192,22,4,,1,100,,51459,22,4,,1,106,,65201,35,4,,1,102,,65193,22,4,,1,492,,51461,22,4,,1,100,,65194,22,4,,1,106,,65202,35,4,,1
501,'20260825',629,,51480,28,4,,1,30,,51481,35,4,,1,70,,51483,35,4,,1,30,,51482,35,4,,1,60,,51473,22,4,,1,20,,51484,35,4,,1,15,,51485,35,4,,1,94,,51486,35,4,,1,101,,51487,35,4,,1,98,,51474,22,4,,1,99,,51475,22,4,,1,100,,51476,22,4,,1,106,,51488,35,4,,1,102,,51477,22,4,,1,492,,51478,22,4,,1,100,,51479,22,4,,1,106,,51489,35,4,,1
501,'20260826',629,,51497,28,4,,1,30,,51498,35,4,,1,70,,51500,35,4,,1,30,,51499,35,4,,1,60,,51490,22,4,,1,20,,51501,35,4,,1,15,,51502,35,4,,1,94,,51503,35,4,,1,101,,51504,35,4,,1,98,,51491,22,4,,1,99,,51492,22,4,,1,100,,51493,22,4,,1,106,,51505,35,4,,1,102,,51494,22,4,,1,492,,51495,22,4,,1,100,,51496,22,4,,1,106,,51506,35,4,,1
501,'20260827',629,,51514,28,4,,1,30,,51515,35,4,,1,70,,51517,35,4,,1,30,,51516,35,4,,1,60,,51507,22,4,,1,20,,51518,35,4,,1,15,,51519,35,4,,1,94,,51520,35,4,,1,101,,51521,35,4,,1,98,,51508,22,4,,1,99,,51509,22,4,,1,100,,51510,22,4,,1,106,,51522,35,4,,1,102,,51511,22,4,,1,492,,51512,22,4,,1,100,,51513,22,4,,1,106,,51523,35,4,,1
501,'20260828',629,,51531,28,4,,1,30,,51532,35,4,,1,70,,51534,35,4,,1,30,,51533,35,4,,1,60,,51524,22,4,,1,20,,51535,35,4,,1,15,,51536,35,4,,1,94,,51537,35,4,,1,101,,51538,35,4,,1,98,,51525,22,4,,1,99,,51526,22,4,,1,100,,51527,22,4,,1,106,,51539,35,4,,1,102,,51528,22,4,,1,492,,51529,22,4,,1,100,,51530,22,4,,1,106,,51540,35,4,,1
501,'20260829',842,,51550,35,4,,1,100,,51551,35,4,,1,105,,51541,22,4,,1,99,,51542,22,4,,1,100,,51552,35,4,,1,100,,51543,22,4,,1,100,,51544,22,4,,1,100,,51553,35,4,,1,100,,51545,22,4,,1,100,,51546,22,4,,1,100,,51554,35,4,,1,100,,51547,22,4,,1,100,,51548,22,4,,1,103,,51555,35,4,,1,105,,51549,22,4,,1
501,'20260830',842,,51565,35,4,,1,100,,51566,35,4,,1,105,,51556,22,4,,1,99,,51557,22,4,,1,100,,51567,35,4,,1,100,,51558,22,4,,1,100,,51559,22,4,,1,100,,51568,35,4,,1,100,,51560,22,4,,1,100,,51561,22,4,,1,100,,51569,35,4,,1,100,,51562,22,4,,1,100,,51563,22,4,,1,103,,51570,35,4,,1,105,,51564,22,4,,1
501,'20260831',629,,65207,28,4,,1,30,,65208,35,4,,1,70,,65210,35,4,,1,30,,65209,35,4,,1,60,,65203,22,4,,1,20,,51582,35,4,,1,15,,65211,35,4,,1,94,,51584,35,4,,1,101,,65212,35,4,,1,98,,51572,22,4,,1,99,,65204,22,4,,1,100,,51574,22,4,,1,106,,65213,35,4,,1,102,,65205,22,4,,1,492,,51576,22,4,,1,100,,65206,22,4,,1,106,,65214,35,4,,1
501,'20260901',629,,51595,28,4,,1,30,,51596,35,4,,1,70,,51598,35,4,,1,30,,51597,35,4,,1,60,,51588,22,4,,1,20,,51599,35,4,,1,15,,51600,35,4,,1,94,,51601,35,4,,1,101,,51602,35,4,,1,98,,51589,22,4,,1,99,,51590,22,4,,1,100,,51591,22,4,,1,106,,51603,35,4,,1,102,,51592,22,4,,1,492,,51593,22,4,,1,100,,51594,22,4,,1,106,,51604,35,4,,1
501,'20260902',629,,51612,28,4,,1,30,,51613,35,4,,1,70,,51615,35,4,,1,30,,51614,35,4,,1,60,,51605,22,4,,1,20,,51616,35,4,,1,15,,51617,35,4,,1,94,,51618,35,4,,1,101,,51619,35,4,,1,98,,51606,22,4,,1,99,,51607,22,4,,1,100,,51608,22,4,,1,106,,51620,35,4,,1,102,,51609,22,4,,1,492,,51610,22,4,,1,100,,51611,22,4,,1,106,,51621,35,4,,1
501,'20260903',629,,51629,28,4,,1,30,,51630,35,4,,1,70,,51632,35,4,,1,30,,51631,35,4,,1,60,,51622,22,4,,1,20,,51633,35,4,,1,15,,51634,35,4,,1,94,,51635,35,4,,1,101,,51636,35,4,,1,98,,51623,22,4,,1,99,,51624,22,4,,1,100,,51625,22,4,,1,106,,51637,35,4,,1,102,,51626,22,4,,1,492,,51627,22,4,,1,100,,51628,22,4,,1,106,,51638,35,4,,1
501,'20260904',629,,51646,28,4,,1,30,,51647,35,4,,1,70,,51649,35,4,,1,30,,51648,35,4,,1,60,,51639,22,4,,1,20,,51650,35,4,,1,15,,51651,35,4,,1,94,,51652,35,4,,1,101,,51653,35,4,,1,98,,51640,22,4,,1,99,,51641,22,4,,1,100,,51642,22,4,,1,106,,51654,35,4,,1,102,,51643,22,4,,1,492,,51644,22,4,,1,100,,51645,22,4,,1,106,,51655,35,4,,1
600,'20260814',1545,,51872,1,,,1,100,,51873,1,,,1,70,,51871,1,,,1,30,,51874,1,,,1,100,,51875,1,,,1
600,'20260817',1545,,65221,1,,,1,100,,65222,1,,,1,70,,65220,1,,,1,30,,65223,1,,,1,100,,65224,1,,,1
600,'20260818',1545,,51882,1,,,1,100,,51883,1,,,1,70,,51881,1,,,1,30,,51884,1,,,1,100,,51885,1,,,1
600,'20260819',1545,,51887,1,,,1,100,,51888,1,,,1,70,,51886,1,,,1,30,,51889,1,,,1,100,,51890,1,,,1
600,'20260820',1545,,51892,1,,,1,100,,51893,1,,,1,70,,51891,1,,,1,30,,51894,1,,,1,100,,51895,1,,,1
600,'20260821',1545,,51897,1,,,1,100,,51898,1,,,1,70,,51896,1,,,1,30,,51899,1,,,1,100,,51900,1,,,1
600,'20260824',1545,,65226,1,,,1,100,,65227,1,,,1,70,,65225,1,,,1,30,,65228,1,,,1,100,,65229,1,,,1
600,'20260825',1545,,51907,1,,,1,100,,51908,1,,,1,70,,51906,1,,,1,30,,51909,1,,,1,100,,51910,1,,,1
600,'20260826',1545,,51912,1,,,1,100,,51913,1,,,1,70,,51911,1,,,1,30,,51914,1,,,1,100,,51915,1,,,1
600,'20260827',1545,,51917,1,,,1,100,,51918,1,,,1,70,,51916,1,,,1,30,,51919,1,,,1,100,,51920,1,,,1
600,'20260828',1545,,51922,1,,,1,100,,51923,1,,,1,70,,51921,1,,,1,30,,51924,1,,,1,100,,51925,1,,,1
600,'20260831',1545,,65231,1,,,1,100,,65232,1,,,1,70,,65230,1,,,1,30,,65233,1,,,1,100,,65234,1,,,1
600,'20260901',1545,,51932,1,,,1,100,,51933,1,,,1,70,,51931,1,,,1,30,,51934,1,,,1,100,,51935,1,,,1
600,'20260902',1545,,51937,1,,,1,100,,51938,1,,,1,70,,51936,1,,,1,30,,51939,1,,,1,100,,51940,1,,,1
600,'20260903',1545,,51942,1,,,1,100,,51943,1,,,1,70,,51941,1,,,1,30,,51944,1,,,1,100,,51945,1,,,1
600,'20260904',1545,,51947,1,,,1,100,,51948,1,,,1,70,,51946,1,,,1,30,,51949,1,,,1,100,,51950,1,,,1
601,'20260814',659,,52123,29,4,,1,141,,52124,29,4,,1,30,,52126,29,4,,1,70,,52125,29,4,,1
601,'20260817',659,,65239,29,4,,1,141,,65240,29,4,,1,30,,65242,29,4,,1,70,,65241,29,4,,1
601,'20260818',659,,52131,29,4,,1,141,,52132,29,4,,1,30,,52134,29,4,,1,70,,52133,29,4,,1
601,'20260819',659,,52135,29,4,,1,141,,52136,29,4,,1,30,,52138,29,4,,1,70,,52137,29,4,,1
601,'20260820',659,,52139,29,4,,1,141,,52140,29,4,,1,30,,52142,29,4,,1,70,,52141,29,4,,1
601,'20260821',659,,52143,29,4,,1,141,,52144,29,4,,1,30,,52146,29,4,,1,70,,52145,29,4,,1
601,'20260824',659,,65243,29,4,,1,141,,65244,29,4,,1,30,,65246,29,4,,1,70,,65245,29,4,,1
601,'20260825',659,,52151,29,4,,1,141,,52152,29,4,,1,30,,52154,29,4,,1,70,,52153,29,4,,1
601,'20260826',659,,52155,29,4,,1,141,,52156,29,4,,1,30,,52158,29,4,,1,70,,52157,29,4,,1
601,'20260827',659,,52159,29,4,,1,141,,52160,29,4,,1,30,,52162,29,4,,1,70,,52161,29,4,,1
601,'20260828',659,,52163,29,4,,1,141,,52164,29,4,,1,30,,52166,29,4,,1,70,,52165,29,4,,1
601,'20260831',659,,65247,29,4,,1,141,,65248,29,4,,1,30,,65250,29,4,,1,70,,65249,29,4,,1
601,'20260901',659,,52171,29,4,,1,141,,52172,29,4,,1,30,,52174,29,4,,1,70,,52173,29,4,,1
601,'20260902',659,,52175,29,4,,1,141,,52176,29,4,,1,30,,52178,29,4,,1,70,,52177,29,4,,1
601,'20260903',659,,52179,29,4,,1,141,,52180,29,4,,1,30,,52182,29,4,,1,70,,52181,29,4,,1
601,'20260904',659,,52183,29,4,,1,141,,52184,29,4,,1,30,,52186,29,4,,1,70,,52185,29,4,,1
700,'20260814',703,,65584,1,0,25,1,197,,53335,1,0,23 24,1,30,,65585,1,0,25,1,70,,53336,1,0,23 24,1,30,,65586,1,0,25,1,70,,53337,1,0,23 24,1,100,,53338,1,0,23 24,1,100,,53339,1,0,23 24,1,100,,53340,1,0,23 24,1,100,,53346,1,,,1,32,,53333,1,0,25,1,23,,53347,1,,,1,75,,53351,1,,,1,20,,53334,1,0,25,1,50,,53348,1,,,1,32,,53352,1,,,1,83,,53341,1,0,23 24,1,85,,53342,1,0,23 24,1,100,,53343,1,0,23 24,1,100,,53344,1,0,23 24,1,100,,53345,1,0,23 24,1,100,,53349,1,,,1,101,,53350,1,,,1
700,'20260815',830,,65587,1,0,25,1,70,,53353,1,0,23 24,1,30,,65588,1,0,25,1,70,,53354,1,0,23 24,1,30,,65589,1,0,25,1,70,,53355,1,0,23 24,1,100,,53356,1,0,23 24,1,100,,53357,1,0,23 24,1,100,,53358,1,0,23 24,1,100,,53359,1,0,23 24,1,100,,53360,1,0,23 24,1,100,,53361,1,0,23 24,1,100,,53362,1,0,23 24,1,100,,53363,1,0,23 24,1,100,,53364,1,0,23 24,1,100,,53365,1,,,1,100,,53366,1,,,1,100,,53367,1,,,1
700,'20260816',800,,65590,1,0,25,1,100,,53368,1,0,23 24,1,30,,65591,1,0,25,1,70,,53369,1,0,23 24,1,30,,65592,1,0,25,1,70,,53370,1,0,23 24,1,100,,53371,1,0,23 24,1,100,,53372,1,0,23 24,1,100,,53373,1,0,23 24,1,100,,53374,1,0,23 24,1,100,,53375,1,0,23 24,1,100,,53376,1,0,23 24,1,100,,53377,1,0,23 24,1,100,,53378,1,0,23 24,1,100,,53379,1,0,23 24,1,100,,53380,1,,,1,100,,53381,1,,,1,100,,53382,1,,,1
700,'20260817',900,,53385,1,0,23 24,1,100,,53386,1,0,23 24,1,100,,53387,1,0,23 24,1,100,,53388,1,0,23 24,1,100,,53389,1,0,23 24,1,100,,53390,1,0,23 24,1,100,,65265,1,,,1,32,,65261,1,0,25,1,68,,65266,1,,,1,30,,65269,1,,,1,20,,65262,1,0,25,1,50,,65267,1,,,1,32,,65270,1,,,1,83,,53391,1,0,23 24,1,85,,53392,1,0,23 24,1,100,,53393,1,0,23 24,1,100,,65263,1,0,23 24,1,100,,65264,1,0,23 24,1,100,,53399,1,,,1,101,,65268,1,,,1
700,'20260818',900,,53405,1,0,23 24,1,100,,53406,1,0,23 24,1,100,,53407,1,0,23 24,1,100,,53408,1,0,23 24,1,100,,53409,1,0,23 24,1,100,,53410,1,0,23 24,1,100,,53416,1,,,1,32,,53403,1,0,25,1,68,,53417,1,,,1,30,,53421,1,,,1,20,,53404,1,0,25,1,50,,53418,1,,,1,32,,53422,1,,,1,83,,53411,1,0,23 24,1,85,,53412,1,0,23 24,1,100,,53413,1,0,23 24,1,100,,53414,1,0,23 24,1,100,,53415,1,0,23 24,1,100,,53419,1,,,1,101,,53420,1,,,1
700,'20260819',900,,53425,1,0,23 24,1,100,,53426,1,0,23 24,1,100,,53427,1,0,23 24,1,100,,53428,1,0,23 24,1,100,,53429,1,0,23 24,1,100,,53430,1,0,23 24,1,100,,53436,1,,,1,32,,53423,1,0,25,1,68,,53437,1,,,1,30,,53441,1,,,1,20,,53424,1,0,25,1,50,,53438,1,,,1,32,,53442,1,,,1,83,,53431,1,0,23 24,1,85,,53432,1,0,23 24,1,100,,53433,1,0,23 24,1,100,,53434,1,0,23 24,1,100,,53435,1,0,23 24,1,100,,53439,1,,,1,101,,53440,1,,,1
700,'20260820',900,,53445,1,0,23 24,1,100,,53446,1,0,23 24,1,100,,53447,1,0,23 24,1,100,,53448,1,0,23 24,1,100,,53449,1,0,23 24,1,100,,53450,1,0,23 24,1,100,,53456,1,,,1,32,,53443,1,0,25,1,68,,53457,1,,,1,30,,53461,1,,,1,20,,53444,1,0,25,1,50,,53458,1,,,1,32,,53462,1,,,1,83,,53451,1,0,23 24,1,85,,53452,1,0,23 24,1,100,,53453,1,0,23 24,1,100,,53454,1,0,23 24,1,100,,53455,1,0,23 24,1,100,,53459,1,,,1,101,,53460,1,,,1
700,'20260821',900,,53465,1,0,23 24,1,100,,53466,1,0,23 24,1,100,,53467,1,0,23 24,1,100,,53468,1,0,23 24,1,100,,53469,1,0,23 24,1,100,,53470,1,0,23 24,1,100,,53476,1,,,1,32,,53463,1,0,25,1,68,,53477,1,,,1,30,,53481,1,,,1,20,,53464,1,0,25,1,50,,53478,1,,,1,32,,53482,1,,,1,83,,53471,1,0,23 24,1,85,,53472,1,0,23 24,1,100,,53473,1,0,23 24,1,100,,53474,1,0,23 24,1,100,,53475,1,0,23 24,1,100,,53479,1,,,1,101,,53480,1,,,1
700,'20260822',900,,53483,1,0,23 24,1,100,,53484,1,0,23 24,1,100,,53485,1,0,23 24,1,100,,53486,1,0,23 24,1,100,,53487,1,0,23 24,1,100,,53488,1,0,23 24,1,100,,53489,1,0,23 24,1,100,,53490,1,0,23 24,1,100,,53491,1,0,23 24,1,100,,53492,1,0,23 24,1,100,,53493,1,0,23 24,1,100,,53494,1,0,23 24,1,100,,53495,1,,,1,100,,53496,1,,,1,100,,53497,1,,,1
700,'20260823',900,,53498,1,0,23 24,1,100,,53499,1,0,23 24,1,100,,53500,1,0,23 24,1,100,,53501,1,0,23 24,1,100,,53502,1,0,23 24,1,100,,53503,1,0,23 24,1,100,,53504,1,0,23 24,1,100,,53505,1,0,23 24,1,100,,53506,1,0,23 24,1,100,,53507,1,0,23 24,1,100,,53508,1,0,23 24,1,100,,53509,1,0,23 24,1,100,,53510,1,,,1,100,,53511,1,,,1,100,,53512,1,,,1
700,'20260824',900,,53515,1,0,23 24,1,100,,53516,1,0,23 24,1,100,,53517,1,0,23 24,1,100,,53518,1,0,23 24,1,100,,53519,1,0,23 24,1,100,,53520,1,0,23 24,1,100,,65275,1,,,1,32,,65271,1,0,25,1,68,,65276,1,,,1,30,,65279,1,,,1,20,,65272,1,0,25,1,50,,65277,1,,,1,32,,65280,1,,,1,83,,53521,1,0,23 24,1,85,,53522,1,0,23 24,1,100,,53523,1,0,23 24,1,100,,65273,1,0,23 24,1,100,,65274,1,0,23 24,1,100,,53529,1,,,1,101,,65278,1,,,1
700,'20260825',900,,53535,1,0,23 24,1,100,,53536,1,0,23 24,1,100,,53537,1,0,23 24,1,100,,53538,1,0,23 24,1,100,,53539,1,0,23 24,1,100,,53540,1,0,23 24,1,100,,53546,1,,,1,32,,53533,1,0,25,1,68,,53547,1,,,1,30,,53551,1,,,1,20,,53534,1,0,25,1,50,,53548,1,,,1,32,,53552,1,,,1,83,,53541,1,0,23 24,1,85,,53542,1,0,23 24,1,100,,53543,1,0,23 24,1,100,,53544,1,0,23 24,1,100,,53545,1,0,23 24,1,100,,53549,1,,,1,101,,53550,1,,,1
700,'20260826',900,,53555,1,0,23 24,1,100,,53556,1,0,23 24,1,100,,53557,1,0,23 24,1,100,,53558,1,0,23 24,1,100,,53559,1,0,23 24,1,100,,53560,1,0,23 24,1,100,,53566,1,,,1,32,,53553,1,0,25,1,68,,53567,1,,,1,30,,53571,1,,,1,20,,53554,1,0,25,1,50,,53568,1,,,1,32,,53572,1,,,1,83,,53561,1,0,23 24,1,85,,53562,1,0,23 24,1,100,,53563,1,0,23 24,1,100,,53564,1,0,23 24,1,100,,53565,1,0,23 24,1,100,,53569,1,,,1,101,,53570,1,,,1
700,'20260827',900,,53575,1,0,23 24,1,100,,53576,1,0,23 24,1,100,,53577,1,0,23 24,1,100,,53578,1,0,23 24,1,100,,53579,1,0,23 24,1,100,,53580,1,0,23 24,1,100,,53586,1,,,1,32,,53573,1,0,25,1,68,,53587,1,,,1,30,,53591,1,,,1,20,,53574,1,0,25,1,50,,53588,1,,,1,32,,53592,1,,,1,83,,53581,1,0,23 24,1,85,,53582,1,0,23 24,1,100,,53583,1,0,23 24,1,100,,53584,1,0,23 24,1,100,,53585,1,0,23 24,1,100,,53589,1,,,1,101,,53590,1,,,1
700,'20260828',900,,53595,1,0,23 24,1,100,,53596,1,0,23 24,1,100,,53597,1,0,23 24,1,100,,53598,1,0,23 24,1,100,,53599,1,0,23 24,1,100,,53600,1,0,23 24,1,100,,53606,1,,,1,32,,53593,1,0,25,1,68,,53607,1,,,1,30,,53611,1,,,1,20,,53594,1,0,25,1,50,,53608,1,,,1,32,,53612,1,,,1,83,,53601,1,0,23 24,1,85,,53602,1,0,23 24,1,100,,53603,1,0,23 24,1,100,,53604,1,0,23 24,1,100,,53605,1,0,23 24,1,100,,53609,1,,,1,101,,53610,1,,,1
700,'20260829',900,,53613,1,0,23 24,1,100,,53614,1,0,23 24,1,100,,53615,1,0,23 24,1,100,,53616,1,0,23 24,1,100,,53617,1,0,23 24,1,100,,53618,1,0,23 24,1,100,,53619,1,0,23 24,1,100,,53620,1,0,23 24,1,100,,53621,1,0,23 24,1,100,,53622,1,0,23 24,1,100,,53623,1,0,23 24,1,100,,53624,1,0,23 24,1,100,,53625,1,,,1,100,,53626,1,,,1,100,,53627,1,,,1
700,'20260830',900,,53628,1,0,23 24,1,100,,53629,1,0,23 24,1,100,,53630,1,0,23 24,1,100,,53631,1,0,23 24,1,100,,53632,1,0,23 24,1,100,,53633,1,0,23 24,1,100,,53634,1,0,23 24,1,100,,53635,1,0,23 24,1,100,,53636,1,0,23 24,1,100,,53637,1,0,23 24,1,100,,53638,1,0,23 24,1,100,,53639,1,0,23 24,1,100,,53640,1,,,1,100,,53641,1,,,1,100,,53642,1,,,1
700,'20260831',900,,53645,1,0,23 24,1,100,,53646,1,0,23 24,1,100,,53647,1,0,23 24,1,100,,53648,1,0,23 24,1,100,,53649,1,0,23 24,1,100,,53650,1,0,23 24,1,100,,65285,1,,,1,32,,65281,1,0,25,1,68,,65286,1,,,1,30,,65289,1,,,1,20,,65282,1,0,25,1,50,,65287,1,,,1,32,,65290,1,,,1,83,,53651,1,0,23 24,1,85,,53652,1,0,23 24,1,100,,53653,1,0,23 24,1,100,,65283,1,0,23 24,1,100,,65284,1,0,23 24,1,100,,53659,1,,,1,101,,65288,1,,,1
700,'20260901',900,,53665,1,0,23 24,1,100,,53666,1,0,23 24,1,100,,53667,1,0,23 24,1,100,,53668,1,0,23 24,1,100,,53669,1,0,23 24,1,100,,53670,1,0,23 24,1,100,,53676,1,,,1,32,,53663,1,0,25,1,68,,53677,1,,,1,30,,53681,1,,,1,20,,53664,1,0,25,1,50,,53678,1,,,1,32,,53682,1,,,1,83,,53671,1,0,23 24,1,85,,53672,1,0,23 24,1,100,,53673,1,0,23 24,1,100,,53674,1,0,23 24,1,100,,53675,1,0,23 24,1,100,,53679,1,,,1,101,,53680,1,,,1
700,'20260902',900,,53685,1,0,23 24,1,100,,53686,1,0,23 24,1,100,,53687,1,0,23 24,1,100,,53688,1,0,23 24,1,100,,53689,1,0,23 24,1,100,,53690,1,0,23 24,1,100,,53696,1,,,1,32,,53683,1,0,25,1,68,,53697,1,,,1,30,,53701,1,,,1,20,,53684,1,0,25,1,50,,53698,1,,,1,32,,53702,1,,,1,83,,53691,1,0,23 24,1,85,,53692,1,0,23 24,1,100,,53693,1,0,23 24,1,100,,53694,1,0,23 24,1,100,,53695,1,0,23 24,1,100,,53699,1,,,1,101,,53700,1,,,1
700,'20260903',900,,53705,1,0,23 24,1,100,,53706,1,0,23 24,1,100,,53707,1,0,23 24,1,100,,53708,1,0,23 24,1,100,,53709,1,0,23 24,1,100,,53710,1,0,23 24,1,100,,53716,1,,,1,32,,53703,1,0,25,1,68,,53717,1,,,1,30,,53721,1,,,1,20,,53704,1,0,25,1,50,,53718,1,,,1,32,,53722,1,,,1,83,,53711,1,0,23 24,1,85,,53712,1,0,23 24,1,100,,53713,1,0,23 24,1,100,,53714,1,0,23 24,1,100,,53715,1,0,23 24,1,100,,53719,1,,,1,101,,53720,1,,,1
700,'20260904',900,,53725,1,0,23 24,1,100,,53726,1,0,23 24,1,100,,53727,1,0,23 24,1,100,,53728,1,0,23 24,1,100,,53729,1,0,23 24,1,100,,53730,1,0,23 24,1,100,,53736,1,,,1,32,,53723,1,0,25,1,68,,53737,1,,,1,30,,53741,1,,,1,20,,53724,1,0,25,1,50,,53738,1,,,1,32,,53742,1,,,1,83,,53731,1,0,23 24,1,85,,53732,1,0,23 24,1,100,,53733,1,0,23 24,1,100,,53734,1,0,23 24,1,100,,53735,1,0,23 24,1,100,,53739,1,,,1,101,,53740,1,,,1
701,'20260814',620,,54874,28,4,,1,100,,54875,28,4,,1,30,,54879,28,4,,1,70,,54876,28,4,,1,20,,54863,20,4,,1,10,,54880,28,4,,1,70,,54877,28,4,,1,100,,54878,28,4,,1,100,,54864,25,4,,1,100,,54865,25,4,,1,100,,54866,25,4,,1,100,,54867,25,4,,1,100,,54868,25,4,,1,100,,54869,25,4,,1,96,,65594,20,4,,1,104,,54862,20,4,,1,87,,65593,20,4,,1,37,,65595,20,4,,1,76,,54870,25,4,,1,100,,54871,25,4,,1,100,,54872,25,4,,1,100,,54873,25,4,,1
701,'20260815',820,,54893,28,4,,1,100,,54894,28,4,,1,100,,54895,28,4,,1,100,,54881,25,4,,1,100,,54882,25,4,,1,100,,54883,25,4,,1,100,,54884,25,4,,1,100,,54885,25,4,,1,100,,54886,25,4,,1,28,,65596,20,4,,1,72,,54887,25,4,,1,28,,65597,20,4,,1,72,,54888,25,4,,1,28,,65598,20,4,,1,72,,54889,25,4,,1,100,,54890,25,4,,1,100,,54891,25,4,,1,100,,54892,25,4,,1
701,'20260816',820,,54908,28,4,,1,100,,54909,28,4,,1,100,,54910,28,4,,1,100,,54896,25,4,,1,100,,54897,25,4,,1,100,,54898,25,4,,1,28,,65599,20,4,,1,72,,54899,25,4,,1,28,,65600,20,4,,1,72,,54900,25,4,,1,28,,65601,20,4,,1,72,,54901,25,4,,1,100,,54902,25,4,,1,100,,54903,25,4,,1,100,,54904,25,4,,1,100,,54905,25,4,,1,100,,54906,25,4,,1,100,,54907,25,4,,1
701,'20260817',620,,65301,28,4,,1,100,,65302,28,4,,1,30,,65303,28,4,,1,70,,54925,28,4,,1,20,,65299,20,4,,1,10,,65304,28,4,,1,70,,54926,28,4,,1,100,,54927,28,4,,1,100,,54913,25,4,,1,100,,54914,25,4,,1,100,,54915,25,4,,1,100,,54916,25,4,,1,100,,54917,25,4,,1,100,,54918,25,4,,1,200,,65298,20,4,,1,200,,54919,25,4,,1,100,,54920,25,4,,1,100,,54921,25,4,,1,100,,65300,25,4,,1
701,'20260818',620,,54942,28,4,,1,100,,54943,28,4,,1,30,,54947,28,4,,1,70,,54944,28,4,,1,20,,54931,20,4,,1,10,,54948,28,4,,1,70,,54945,28,4,,1,100,,54946,28,4,,1,100,,54932,25,4,,1,100,,54933,25,4,,1,100,,54934,25,4,,1,100,,54935,25,4,,1,100,,54936,25,4,,1,100,,54937,25,4,,1,200,,54930,20,4,,1,200,,54938,25,4,,1,100,,54939,25,4,,1,100,,54940,25,4,,1,100,,54941,25,4,,1
701,'20260819',620,,54961,28,4,,1,100,,54962,28,4,,1,30,,54966,28,4,,1,70,,54963,28,4,,1,20,,54950,20,4,,1,10,,54967,28,4,,1,70,,54964,28,4,,1,100,,54965,28,4,,1,100,,54951,25,4,,1,100,,54952,25,4,,1,100,,54953,25,4,,1,100,,54954,25,4,,1,100,,54955,25,4,,1,100,,54956,25,4,,1,200,,54949,20,4,,1,200,,54957,25,4,,1,100,,54958,25,4,,1,100,,54959,25,4,,1,100,,54960,25,4,,1
701,'20260820',620,,54980,28,4,,1,100,,54981,28,4,,1,30,,54985,28,4,,1,70,,54982,28,4,,1,20,,54969,20,4,,1,10,,54986,28,4,,1,70,,54983,28,4,,1,100,,54984,28,4,,1,100,,54970,25,4,,1,100,,54971,25,4,,1,100,,54972,25,4,,1,100,,54973,25,4,,1,100,,54974,25,4,,1,100,,54975,25,4,,1,200,,54968,20,4,,1,200,,54976,25,4,,1,100,,54977,25,4,,1,100,,54978,25,4,,1,100,,54979,25,4,,1
701,'20260821',620,,54999,28,4,,1,100,,55000,28,4,,1,30,,55004,28,4,,1,70,,55001,28,4,,1,20,,54988,20,4,,1,10,,55005,28,4,,1,70,,55002,28,4,,1,100,,55003,28,4,,1,100,,54989,25,4,,1,100,,54990,25,4,,1,100,,54991,25,4,,1,100,,54992,25,4,,1,100,,54993,25,4,,1,100,,54994,25,4,,1,97,,65602,20,4,,1,103,,54987,20,4,,1,200,,54995,25,4,,1,100,,54996,25,4,,1,100,,54997,25,4,,1,100,,54998,25,4,,1
701,'20260822',820,,55018,28,4,,1,100,,55019,28,4,,1,100,,55020,28,4,,1,100,,55006,25,4,,1,100,,55007,25,4,,1,100,,55008,25,4,,1,100,,55009,25,4,,1,100,,55010,25,4,,1,100,,55011,25,4,,1,100,,55012,25,4,,1,100,,55013,25,4,,1,100,,55014,25,4,,1,100,,55015,25,4,,1,100,,55016,25,4,,1,100,,55017,25,4,,1
701,'20260823',820,,55033,28,4,,1,100,,55034,28,4,,1,100,,55035,28,4,,1,100,,55021,25,4,,1,100,,55022,25,4,,1,100,,55023,25,4,,1,100,,55024,25,4,,1,100,,55025,25,4,,1,100,,55026,25,4,,1,100,,55027,25,4,,1,100,,55028,25,4,,1,100,,55029,25,4,,1,100,,55030,25,4,,1,100,,55031,25,4,,1,100,,55032,25,4,,1
701,'20260824',620,,65308,28,4,,1,100,,65309,28,4,,1,30,,65310,28,4,,1,70,,55050,28,4,,1,20,,65306,20,4,,1,10,,65311,28,4,,1,70,,55051,28,4,,1,100,,55052,28,4,,1,100,,55038,25,4,,1,100,,55039,25,4,,1,100,,55040,25,4,,1,100,,55041,25,4,,1,100,,55042,25,4,,1,100,,55043,25,4,,1,97,,65603,20,4,,1,103,,65305,20,4,,1,200,,55044,25,4,,1,100,,55045,25,4,,1,100,,55046,25,4,,1,100,,65307,25,4,,1
701,'20260825',620,,55067,28,4,,1,100,,55068,28,4,,1,30,,55072,28,4,,1,70,,55069,28,4,,1,20,,55056,20,4,,1,10,,55073,28,4,,1,70,,55070,28,4,,1,100,,55071,28,4,,1,100,,55057,25,4,,1,100,,55058,25,4,,1,100,,55059,25,4,,1,100,,55060,25,4,,1,100,,55061,25,4,,1,100,,55062,25,4,,1,97,,65604,20,4,,1,103,,55055,20,4,,1,200,,55063,25,4,,1,100,,55064,25,4,,1,100,,55065,25,4,,1,100,,55066,25,4,,1
701,'20260826',620,,55086,28,4,,1,100,,55087,28,4,,1,30,,55091,28,4,,1,70,,55088,28,4,,1,20,,55075,20,4,,1,10,,55092,28,4,,1,70,,55089,28,4,,1,100,,55090,28,4,,1,100,,55076,25,4,,1,100,,55077,25,4,,1,100,,55078,25,4,,1,100,,55079,25,4,,1,100,,55080,25,4,,1,100,,55081,25,4,,1,97,,65605,20,4,,1,103,,55074,20,4,,1,200,,55082,25,4,,1,100,,55083,25,4,,1,100,,55084,25,4,,1,100,,55085,25,4,,1
701,'20260827',620,,55105,28,4,,1,100,,55106,28,4,,1,30,,55110,28,4,,1,70,,55107,28,4,,1,20,,55094,20,4,,1,10,,55111,28,4,,1,70,,55108,28,4,,1,100,,55109,28,4,,1,100,,55095,25,4,,1,100,,55096,25,4,,1,100,,55097,25,4,,1,100,,55098,25,4,,1,100,,55099,25,4,,1,100,,55100,25,4,,1,97,,65606,20,4,,1,103,,55093,20,4,,1,200,,55101,25,4,,1,100,,55102,25,4,,1,100,,55103,25,4,,1,100,,55104,25,4,,1
701,'20260828',620,,55124,28,4,,1,100,,55125,28,4,,1,30,,55129,28,4,,1,70,,55126,28,4,,1,20,,55113,20,4,,1,10,,55130,28,4,,1,70,,55127,28,4,,1,100,,55128,28,4,,1,100,,55114,25,4,,1,100,,55115,25,4,,1,100,,55116,25,4,,1,100,,55117,25,4,,1,100,,55118,25,4,,1,100,,55119,25,4,,1,97,,65607,20,4,,1,103,,55112,20,4,,1,200,,55120,25,4,,1,100,,55121,25,4,,1,100,,55122,25,4,,1,100,,55123,25,4,,1
701,'20260829',820,,55143,28,4,,1,100,,55144,28,4,,1,100,,55145,28,4,,1,100,,55131,25,4,,1,100,,55132,25,4,,1,100,,55133,25,4,,1,100,,55134,25,4,,1,100,,55135,25,4,,1,100,,55136,25,4,,1,100,,55137,25,4,,1,100,,55138,25,4,,1,100,,55139,25,4,,1,100,,55140,25,4,,1,100,,55141,25,4,,1,100,,55142,25,4,,1
701,'20260830',820,,55158,28,4,,1,100,,55159,28,4,,1,100,,55160,28,4,,1,100,,55146,25,4,,1,100,,55147,25,4,,1,100,,55148,25,4,,1,100,,55149,25,4,,1,100,,55150,25,4,,1,100,,55151,25,4,,1,100,,55152,25,4,,1,100,,55153,25,4,,1,100,,55154,25,4,,1,100,,55155,25,4,,1,100,,55156,25,4,,1,100,,55157,25,4,,1
701,'20260831',620,,65315,28,4,,1,100,,65316,28,4,,1,30,,65317,28,4,,1,70,,55175,28,4,,1,20,,65313,20,4,,1,10,,65318,28,4,,1,70,,55176,28,4,,1,100,,55177,28,4,,1,100,,55163,25,4,,1,100,,55164,25,4,,1,100,,55165,25,4,,1,100,,55166,25,4,,1,100,,55167,25,4,,1,100,,55168,25,4,,1,97,,65608,20,4,,1,103,,65312,20,4,,1,200,,55169,25,4,,1,100,,55170,25,4,,1,100,,55171,25,4,,1,100,,65314,25,4,,1
701,'20260901',620,,55192,28,4,,1,100,,55193,28,4,,1,30,,55197,28,4,,1,70,,55194,28,4,,1,20,,55181,20,4,,1,10,,55198,28,4,,1,70,,55195,28,4,,1,100,,55196,28,4,,1,100,,55182,25,4,,1,100,,55183,25,4,,1,100,,55184,25,4,,1,100,,55185,25,4,,1,100,,55186,25,4,,1,100,,55187,25,4,,1,97,,65609,20,4,,1,103,,55180,20,4,,1,200,,55188,25,4,,1,100,,55189,25,4,,1,100,,55190,25,4,,1,100,,55191,25,4,,1
701,'20260902',620,,55211,28,4,,1,100,,55212,28,4,,1,30,,55216,28,4,,1,70,,55213,28,4,,1,20,,55200,20,4,,1,10,,55217,28,4,,1,70,,55214,28,4,,1,100,,55215,28,4,,1,100,,55201,25,4,,1,100,,55202,25,4,,1,100,,55203,25,4,,1,100,,55204,25,4,,1,100,,55205,25,4,,1,100,,55206,25,4,,1,97,,65610,20,4,,1,103,,55199,20,4,,1,200,,55207,25,4,,1,100,,55208,25,4,,1,100,,55209,25,4,,1,100,,55210,25,4,,1
701,'20260903',620,,55230,28,4,,1,100,,55231,28,4,,1,30,,55235,28,4,,1,70,,55232,28,4,,1,20,,55219,20,4,,1,10,,55236,28,4,,1,70,,55233,28,4,,1,100,,55234,28,4,,1,100,,55220,25,4,,1,100,,55221,25,4,,1,100,,55222,25,4,,1,100,,55223,25,4,,1,100,,55224,25,4,,1,100,,55225,25,4,,1,97,,65611,20,4,,1,103,,55218,20,4,,1,200,,55226,25,4,,1,100,,55227,25,4,,1,100,,55228,25,4,,1,100,,55229,25,4,,1
701,'20260904',620,,55249,28,4,,1,100,,55250,28,4,,1,30,,55254,28,4,,1,70,,55251,28,4,,1,20,,55238,20,4,,1,10,,55255,28,4,,1,70,,55252,28,4,,1,100,,55253,28,4,,1,100,,55239,25,4,,1,100,,55240,25,4,,1,100,,55241,25,4,,1,100,,55242,25,4,,1,100,,55243,25,4,,1,100,,55244,25,4,,1,97,,65612,20,4,,1,103,,55237,20,4,,1,200,,55245,25,4,,1,100,,55246,25,4,,1,100,,55247,25,4,,1,100,,55248,25,4,,1
900,'20260814',605,,58512,1,,,1,30,,58533,1,,,1,77,,58513,1,,,1,27,,58534,1,,,1,70,,58514,1,,,1,30,,58535,1,,,1,70,,58515,1,,,1,41,,58538,1,,,1,70,,58518,1,,,1,30,,58539,1,,,1,70,,58519,1,,,1,30,,58540,1,,,1,70,,58520,1,,,1,30,,58541,1,,,1,70,,58521,1,,,1,30,,58542,1,,,1,70,,58522,1,,,1,30,,58543,1,,,1,70,,58523,1,,,1,30,,58544,1,,,1,53,,58516,1,,,1,10,,58554,1,0,6,1,10,,58524,1,,,1,10,,58536,1,,,1,10,,58556,1,0,6,1,10,,58545,1,,,1,50,,58517,1,,,1,10,,58555,1,0,6,1,10,,58525,1,,,1,12,,58537,1,,,1,15,,58546,1,,,1,70,,58526,1,,,1,30,,58547,1,,,1,70,,58527,1,,,1,30,,58548,1,,,1,70,,58528,1,,,1,30,,58549,1,,,1,70,,58529,1,,,1,30,,58550,1,,,1,70,,58530,1,,,1,30,,58551,1,,,1,72,,58531,1,,,1,28,,58552,1,,,1,70,,58532,1,,,1,30,,58553,1,,,1
900,'20260815',850,,58589,1,,,1,70,,58565,1,,,1,30,,58590,1,,,1,70,,58566,1,,,1,30,,58591,1,,,1,70,,58567,1,,,1,30,,58592,1,,,1,70,,58568,1,,,1,30,,58593,1,,,1,70,,58569,1,,,1,30,,58594,1,,,1,70,,58570,1,,,1,30,,58595,1,,,1,70,,58571,1,,,1,15,,58581,1,,,1,15,,58596,1,,,1,55,,58557,1,,,1,15,,58572,1,,,1,15,,58582,1,,,1,15,,58597,1,,,1,55,,58558,1,,,1,15,,58573,1,,,1,15,,58583,1,,,1,15,,58598,1,,,1,55,,58559,1,,,1,15,,58574,1,,,1,15,,58584,1,,,1,15,,58599,1,,,1,55,,58560,1,,,1,15,,58575,1,,,1,15,,58585,1,,,1,15,,58600,1,,,1,55,,58561,1,,,1,15,,58576,1,,,1,15,,58586,1,,,1,15,,58601,1,,,1,55,,58562,1,,,1,15,,58577,1,,,1,15,,58587,1,,,1,15,,58602,1,,,1,55,,58563,1,,,1,15,,58578,1,,,1,15,,58588,1,,,1,15,,58603,1,,,1,55,,58564,1,,,1,15,,58579,1,,,1,30,,58604,1,,,1,70,,58580,1,,,1,30,,58605,1,,,1
900,'20260816',850,,58638,1,,,1,70,,58614,1,,,1,30,,58639,1,,,1,70,,58615,1,,,1,30,,58640,1,,,1,70,,58616,1,,,1,30,,58641,1,,,1,70,,58617,1,,,1,30,,58642,1,,,1,70,,58618,1,,,1,30,,58643,1,,,1,70,,58619,1,,,1,30,,58644,1,,,1,70,,58620,1,,,1,15,,58630,1,,,1,15,,58645,1,,,1,55,,58606,1,,,1,15,,58621,1,,,1,15,,58631,1,,,1,15,,58646,1,,,1,55,,58607,1,,,1,15,,58622,1,,,1,15,,58632,1,,,1,15,,58647,1,,,1,55,,58608,1,,,1,15,,58623,1,,,1,15,,58633,1,,,1,15,,58648,1,,,1,55,,58609,1,,,1,15,,58624,1,,,1,15,,58634,1,,,1,15,,58649,1,,,1,55,,58610,1,,,1,15,,58625,1,,,1,15,,58635,1,,,1,15,,58650,1,,,1,55,,58611,1,,,1,15,,58626,1,,,1,15,,58636,1,,,1,15,,58651,1,,,1,55,,58612,1,,,1,15,,58627,1,,,1,15,,58637,1,,,1,15,,58652,1,,,1,55,,58613,1,,,1,15,,58628,1,,,1,30,,58653,1,,,1,70,,58629,1,,,1
900,'20260817',605,,65329,1,,,1,30,,65333,1,,,1,77,,65330,1,,,1,27,,65334,1,,,1,70,,65331,1,,,1,30,,65335,1,,,1,70,,65332,1,,,1,41,,58681,1,,,1,70,,58661,1,,,1,30,,58682,1,,,1,70,,58662,1,,,1,30,,58683,1,,,1,70,,58663,1,,,1,30,,58684,1,,,1,70,,58664,1,,,1,30,,58685,1,,,1,70,,58665,1,,,1,30,,58686,1,,,1,70,,58666,1,,,1,30,,58687,1,,,1,53,,58659,1,,,1,10,,65336,1,0,6,1,10,,58667,1,,,1,10,,58679,1,,,1,10,,65338,1,0,6,1,10,,58688,1,,,1,50,,58660,1,,,1,10,,65337,1,0,6,1,10,,58668,1,,,1,12,,58680,1,,,1,15,,58689,1,,,1,70,,58669,1,,,1,30,,58690,1,,,1,70,,58670,1,,,1,30,,58691,1,,,1,70,,58671,1,,,1,30,,58692,1,,,1,70,,58672,1,,,1,30,,58693,1,,,1,70,,58673,1,,,1,30,,58694,1,,,1,72,,58674,1,,,1,28,,58695,1,,,1,70,,58675,1,,,1
900,'20260818',605,,58699,1,,,1,30,,58720,1,,,1,77,,58700,1,,,1,27,,58721,1,,,1,70,,58701,1,,,1,30,,58722,1,,,1,70,,58702,1,,,1,41,,58725,1,,,1,70,,58705,1,,,1,30,,58726,1,,,1,70,,58706,1,,,1,30,,58727,1,,,1,70,,58707,1,,,1,30,,58728,1,,,1,70,,58708,1,,,1,30,,58729,1,,,1,70,,58709,1,,,1,30,,58730,1,,,1,70,,58710,1,,,1,30,,58731,1,,,1,53,,58703,1,,,1,10,,58740,1,0,6,1,10,,58711,1,,,1,10,,58723,1,,,1,10,,58742,1,0,6,1,10,,58732,1,,,1,50,,58704,1,,,1,10,,58741,1,0,6,1,10,,58712,1,,,1,12,,58724,1,,,1,15,,58733,1,,,1,70,,58713,1,,,1,30,,58734,1,,,1,70,,58714,1,,,1,30,,58735,1,,,1,70,,58715,1,,,1,30,,58736,1,,,1,70,,58716,1,,,1,30,,58737,1,,,1,70,,58717,1,,,1,30,,58738,1,,,1,72,,58718,1,,,1,28,,58739,1,,,1,70,,58719,1,,,1
900,'20260819',605,,58743,1,,,1,30,,58764,1,,,1,77,,58744,1,,,1,27,,58765,1,,,1,70,,58745,1,,,1,30,,58766,1,,,1,70,,58746,1,,,1,41,,58769,1,,,1,70,,58749,1,,,1,30,,58770,1,,,1,70,,58750,1,,,1,30,,58771,1,,,1,70,,58751,1,,,1,30,,58772,1,,,1,70,,58752,1,,,1,30,,58773,1,,,1,70,,58753,1,,,1,30,,58774,1,,,1,70,,58754,1,,,1,30,,58775,1,,,1,53,,58747,1,,,1,10,,58784,1,0,6,1,10,,58755,1,,,1,10,,58767,1,,,1,10,,58786,1,0,6,1,10,,58776,1,,,1,50,,58748,1,,,1,10,,58785,1,0,6,1,10,,58756,1,,,1,12,,58768,1,,,1,15,,58777,1,,,1,70,,58757,1,,,1,30,,58778,1,,,1,70,,58758,1,,,1,30,,58779,1,,,1,70,,58759,1,,,1,30,,58780,1,,,1,70,,58760,1,,,1,30,,58781,1,,,1,70,,58761,1,,,1,30,,58782,1,,,1,72,,58762,1,,,1,28,,58783,1,,,1,70,,58763,1,,,1
900,'20260820',605,,58787,1,,,1,30,,58808,1,,,1,77,,58788,1,,,1,27,,58809,1,,,1,70,,58789,1,,,1,30,,58810,1,,,1,70,,58790,1,,,1,41,,58813,1,,,1,70,,58793,1,,,1,30,,58814,1,,,1,70,,58794,1,,,1,30,,58815,1,,,1,70,,58795,1,,,1,30,,58816,1,,,1,70,,58796,1,,,1,30,,58817,1,,,1,70,,58797,1,,,1,30,,58818,1,,,1,70,,58798,1,,,1,30,,58819,1,,,1,53,,58791,1,,,1,10,,58828,1,0,6,1,10,,58799,1,,,1,10,,58811,1,,,1,10,,58830,1,0,6,1,10,,58820,1,,,1,50,,58792,1,,,1,10,,58829,1,0,6,1,10,,58800,1,,,1,12,,58812,1,,,1,15,,58821,1,,,1,70,,58801,1,,,1,30,,58822,1,,,1,70,,58802,1,,,1,30,,58823,1,,,1,70,,58803,1,,,1,30,,58824,1,,,1,70,,58804,1,,,1,30,,58825,1,,,1,70,,58805,1,,,1,30,,58826,1,,,1,72,,58806,1,,,1,13,,65613,1,,,1,15,,58827,1,,,1,70,,58807,1,,,1
900,'20260821',605,,58831,1,,,1,30,,58852,1,,,1,77,,58832,1,,,1,27,,58853,1,,,1,70,,58833,1,,,1,30,,58854,1,,,1,70,,58834,1,,,1,41,,58857,1,,,1,70,,58837,1,,,1,30,,58858,1,,,1,70,,58838,1,,,1,30,,58859,1,,,1,70,,58839,1,,,1,30,,58860,1,,,1,70,,58840,1,,,1,30,,58861,1,,,1,70,,58841,1,,,1,30,,58862,1,,,1,70,,58842,1,,,1,30,,58863,1,,,1,53,,58835,1,,,1,10,,58873,1,0,6,1,10,,58843,1,,,1,10,,58855,1,,,1,10,,58875,1,0,6,1,10,,58864,1,,,1,50,,58836,1,,,1,10,,58874,1,0,6,1,10,,58844,1,,,1,12,,58856,1,,,1,15,,58865,1,,,1,70,,58845,1,,,1,30,,58866,1,,,1,70,,58846,1,,,1,30,,58867,1,,,1,70,,58847,1,,,1,30,,58868,1,,,1,70,,58848,1,,,1,30,,58869,1,,,1,70,,58849,1,,,1,15,,65614,1,0,6,1,15,,58870,1,,,1,72,,58850,1,,,1,28,,58871,1,,,1,70,,58851,1,,,1,30,,58872,1,,,1
900,'20260822',850,,58908,1,,,1,70,,58884,1,,,1,30,,58909,1,,,1,70,,58885,1,,,1,30,,58910,1,,,1,70,,58886,1,,,1,30,,58911,1,,,1,70,,58887,1,,,1,30,,58912,1,,,1,70,,58888,1,,,1,30,,58913,1,,,1,70,,58889,1,,,1,30,,58914,1,,,1,70,,58890,1,,,1,15,,58900,1,,,1,15,,58915,1,,,1,55,,58876,1,,,1,15,,58891,1,,,1,15,,58901,1,,,1,15,,58916,1,,,1,55,,58877,1,,,1,15,,58892,1,,,1,15,,58902,1,,,1,15,,58917,1,,,1,55,,58878,1,,,1,15,,58893,1,,,1,15,,58903,1,,,1,15,,58918,1,,,1,55,,58879,1,,,1,15,,58894,1,,,1,15,,58904,1,,,1,15,,58919,1,,,1,55,,58880,1,,,1,15,,58895,1,,,1,15,,58905,1,,,1,15,,58920,1,,,1,55,,58881,1,,,1,15,,58896,1,,,1,15,,58906,1,,,1,15,,58921,1,,,1,55,,58882,1,,,1,15,,58897,1,,,1,15,,58907,1,,,1,15,,58922,1,,,1,55,,58883,1,,,1,15,,58898,1,,,1,15,,65615,1,0,6,1,15,,58923,1,,,1,70,,58899,1,,,1,30,,58924,1,,,1
900,'20260823',850,,58957,1,,,1,70,,58933,1,,,1,30,,58958,1,,,1,70,,58934,1,,,1,30,,58959,1,,,1,70,,58935,1,,,1,30,,58960,1,,,1,70,,58936,1,,,1,30,,58961,1,,,1,70,,58937,1,,,1,30,,58962,1,,,1,70,,58938,1,,,1,30,,58963,1,,,1,70,,58939,1,,,1,15,,58949,1,,,1,15,,58964,1,,,1,55,,58925,1,,,1,15,,58940,1,,,1,15,,58950,1,,,1,15,,58965,1,,,1,55,,58926,1,,,1,15,,58941,1,,,1,15,,58951,1,,,1,15,,58966,1,,,1,55,,58927,1,,,1,15,,58942,1,,,1,15,,58952,1,,,1,15,,58967,1,,,1,55,,58928,1,,,1,15,,58943,1,,,1,15,,58953,1,,,1,15,,58968,1,,,1,55,,58929,1,,,1,15,,58944,1,,,1,15,,58954,1,,,1,15,,58969,1,,,1,55,,58930,1,,,1,15,,58945,1,,,1,15,,58955,1,,,1,15,,58970,1,,,1,55,,58931,1,,,1,15,,58946,1,,,1,15,,58956,1,,,1,15,,58971,1,,,1,55,,58932,1,,,1,15,,58947,1,,,1,15,,65616,1,0,6,1,15,,58972,1,,,1,70,,58948,1,,,1
900,'20260824',605,,65339,1,,,1,30,,65343,1,,,1,77,,65340,1,,,1,27,,65344,1,,,1,70,,65341,1,,,1,30,,65345,1,,,1,70,,65342,1,,,1,41,,59000,1,,,1,70,,58980,1,,,1,30,,59001,1,,,1,70,,58981,1,,,1,30,,59002,1,,,1,70,,58982,1,,,1,30,,59003,1,,,1,70,,58983,1,,,1,30,,59004,1,,,1,70,,58984,1,,,1,30,,59005,1,,,1,70,,58985,1,,,1,30,,59006,1,,,1,53,,58978,1,,,1,10,,65346,1,0,6,1,10,,58986,1,,,1,10,,58998,1,,,1,10,,65348,1,0,6,1,10,,59007,1,,,1,50,,58979,1,,,1,10,,65347,1,0,6,1,10,,58987,1,,,1,12,,58999,1,,,1,15,,59008,1,,,1,70,,58988,1,,,1,30,,59009,1,,,1,70,,58989,1,,,1,30,,59010,1,,,1,70,,58990,1,,,1,30,,59011,1,,,1,70,,58991,1,,,1,30,,59012,1,,,1,70,,58992,1,,,1,30,,59013,1,,,1,72,,58993,1,,,1,13,,65617,1,0,6,1,15,,59014,1,,,1,70,,58994,1,,,1
900,'20260825',605,,59018,1,,,1,30,,59039,1,,,1,77,,59019,1,,,1,27,,59040,1,,,1,70,,59020,1,,,1,30,,59041,1,,,1,70,,59021,1,,,1,41,,59044,1,,,1,70,,59024,1,,,1,30,,59045,1,,,1,70,,59025,1,,,1,30,,59046,1,,,1,70,,59026,1,,,1,30,,59047,1,,,1,70,,59027,1,,,1,30,,59048,1,,,1,70,,59028,1,,,1,30,,59049,1,,,1,70,,59029,1,,,1,30,,59050,1,,,1,53,,59022,1,,,1,10,,59059,1,0,6,1,10,,59030,1,,,1,10,,59042,1,,,1,10,,59061,1,0,6,1,10,,59051,1,,,1,50,,59023,1,,,1,10,,59060,1,0,6,1,10,,59031,1,,,1,12,,59043,1,,,1,15,,59052,1,,,1,70,,59032,1,,,1,30,,59053,1,,,1,70,,59033,1,,,1,30,,59054,1,,,1,70,,59034,1,,,1,30,,59055,1,,,1,70,,59035,1,,,1,30,,59056,1,,,1,70,,59036,1,,,1,30,,59057,1,,,1,72,,59037,1,,,1,13,,65618,1,0,6,1,15,,59058,1,,,1,70,,59038,1,,,1
900,'20260826',605,,59062,1,,,1,30,,59083,1,,,1,77,,59063,1,,,1,27,,59084,1,,,1,70,,59064,1,,,1,30,,59085,1,,,1,70,,59065,1,,,1,41,,59088,1,,,1,70,,59068,1,,,1,30,,59089,1,,,1,70,,59069,1,,,1,30,,59090,1,,,1,70,,59070,1,,,1,30,,59091,1,,,1,70,,59071,1,,,1,30,,59092,1,,,1,70,,59072,1,,,1,30,,59093,1,,,1,70,,59073,1,,,1,30,,59094,1,,,1,53,,59066,1,,,1,10,,59103,1,0,6,1,10,,59074,1,,,1,10,,59086,1,,,1,10,,59105,1,0,6,1,10,,59095,1,,,1,50,,59067,1,,,1,10,,59104,1,0,6,1,10,,59075,1,,,1,12,,59087,1,,,1,15,,59096,1,,,1,70,,59076,1,,,1,30,,59097,1,,,1,70,,59077,1,,,1,30,,59098,1,,,1,70,,59078,1,,,1,30,,59099,1,,,1,70,,59079,1,,,1,30,,59100,1,,,1,70,,59080,1,,,1,30,,59101,1,,,1,72,,59081,1,,,1,13,,65619,1,0,6,1,15,,59102,1,,,1,70,,59082,1,,,1
900,'20260827',605,,59106,1,,,1,30,,59127,1,,,1,77,,59107,1,,,1,27,,59128,1,,,1,70,,59108,1,,,1,30,,59129,1,,,1,70,,59109,1,,,1,41,,59132,1,,,1,70,,59112,1,,,1,30,,59133,1,,,1,70,,59113,1,,,1,30,,59134,1,,,1,70,,59114,1,,,1,30,,59135,1,,,1,70,,59115,1,,,1,30,,59136,1,,,1,70,,59116,1,,,1,30,,59137,1,,,1,70,,59117,1,,,1,30,,59138,1,,,1,53,,59110,1,,,1,10,,59147,1,0,6,1,10,,59118,1,,,1,10,,59130,1,,,1,10,,59149,1,0,6,1,10,,59139,1,,,1,50,,59111,1,,,1,10,,59148,1,0,6,1,10,,59119,1,,,1,12,,59131,1,,,1,15,,59140,1,,,1,70,,59120,1,,,1,30,,59141,1,,,1,70,,59121,1,,,1,30,,59142,1,,,1,70,,59122,1,,,1,30,,59143,1,,,1,70,,59123,1,,,1,30,,59144,1,,,1,70,,59124,1,,,1,30,,59145,1,,,1,72,,59125,1,,,1,13,,65620,1,0,6,1,15,,59146,1,,,1,70,,59126,1,,,1
900,'20260828',605,,59150,1,,,1,30,,59171,1,,,1,77,,59151,1,,,1,27,,59172,1,,,1,70,,59152,1,,,1,30,,59173,1,,,1,70,,59153,1,,,1,41,,59176,1,,,1,70,,59156,1,,,1,30,,59177,1,,,1,70,,59157,1,,,1,30,,59178,1,,,1,70,,59158,1,,,1,30,,59179,1,,,1,70,,59159,1,,,1,30,,59180,1,,,1,70,,59160,1,,,1,30,,59181,1,,,1,70,,59161,1,,,1,30,,59182,1,,,1,53,,59154,1,,,1,10,,59192,1,0,6,1,10,,59162,1,,,1,10,,59174,1,,,1,10,,59194,1,0,6,1,10,,59183,1,,,1,50,,59155,1,,,1,10,,59193,1,0,6,1,10,,59163,1,,,1,12,,59175,1,,,1,15,,59184,1,,,1,70,,59164,1,,,1,30,,59185,1,,,1,70,,59165,1,,,1,30,,59186,1,,,1,70,,59166,1,,,1,30,,59187,1,,,1,70,,59167,1,,,1,30,,59188,1,,,1,70,,59168,1,,,1,15,,65621,1,0,6,1,15,,59189,1,,,1,72,,59169,1,,,1,28,,59190,1,,,1,70,,59170,1,,,1,30,,59191,1,,,1
900,'20260829',850,,59227,1,,,1,70,,59203,1,,,1,30,,59228,1,,,1,70,,59204,1,,,1,30,,59229,1,,,1,70,,59205,1,,,1,30,,59230,1,,,1,70,,59206,1,,,1,30,,59231,1,,,1,70,,59207,1,,,1,30,,59232,1,,,1,70,,59208,1,,,1,30,,59233,1,,,1,70,,59209,1,,,1,15,,59219,1,,,1,15,,59234,1,,,1,55,,59195,1,,,1,15,,59210,1,,,1,15,,59220,1,,,1,15,,59235,1,,,1,55,,59196,1,,,1,15,,59211,1,,,1,15,,59221,1,,,1,15,,59236,1,,,1,55,,59197,1,,,1,15,,59212,1,,,1,15,,59222,1,,,1,15,,59237,1,,,1,55,,59198,1,,,1,15,,59213,1,,,1,15,,59223,1,,,1,15,,59238,1,,,1,55,,59199,1,,,1,15,,59214,1,,,1,15,,59224,1,,,1,15,,59239,1,,,1,55,,59200,1,,,1,15,,59215,1,,,1,15,,59225,1,,,1,15,,59240,1,,,1,55,,59201,1,,,1,15,,59216,1,,,1,15,,59226,1,,,1,15,,59241,1,,,1,55,,59202,1,,,1,15,,59217,1,,,1,15,,65622,1,0,6,1,15,,59242,1,,,1,70,,59218,1,,,1,30,,59243,1,,,1
900,'20260830',850,,59276,1,,,1,70,,59252,1,,,1,30,,59277,1,,,1,70,,59253,1,,,1,30,,59278,1,,,1,70,,59254,1,,,1,30,,59279,1,,,1,70,,59255,1,,,1,30,,59280,1,,,1,70,,59256,1,,,1,30,,59281,1,,,1,70,,59257,1,,,1,30,,59282,1,,,1,70,,59258,1,,,1,15,,59268,1,,,1,15,,59283,1,,,1,55,,59244,1,,,1,15,,59259,1,,,1,15,,59269,1,,,1,15,,59284,1,,,1,55,,59245,1,,,1,15,,59260,1,,,1,15,,59270,1,,,1,15,,59285,1,,,1,55,,59246,1,,,1,15,,59261,1,,,1,15,,59271,1,,,1,15,,59286,1,,,1,55,,59247,1,,,1,15,,59262,1,,,1,15,,59272,1,,,1,15,,59287,1,,,1,55,,59248,1,,,1,15,,59263,1,,,1,15,,59273,1,,,1,15,,59288,1,,,1,55,,59249,1,,,1,15,,59264,1,,,1,15,,59274,1,,,1,15,,59289,1,,,1,55,,59250,1,,,1,15,,59265,1,,,1,15,,59275,1,,,1,15,,59290,1,,,1,55,,59251,1,,,1,15,,59266,1,,,1,15,,65623,1,0,6,1,15,,59291,1,,,1,70,,59267,1,,,1
900,'20260831',605,,65349,1,,,1,30,,65353,1,,,1,77,,65350,1,,,1,27,,65354,1,,,1,70,,65351,1,,,1,30,,65355,1,,,1,70,,65352,1,,,1,41,,59319,1,,,1,70,,59299,1,,,1,30,,59320,1,,,1,70,,59300,1,,,1,30,,59321,1,,,1,70,,59301,1,,,1,30,,59322,1,,,1,70,,59302,1,,,1,30,,59323,1,,,1,70,,59303,1,,,1,30,,59324,1,,,1,70,,59304,1,,,1,30,,59325,1,,,1,53,,59297,1,,,1,10,,65356,1,0,6,1,10,,59305,1,,,1,10,,59317,1,,,1,10,,65358,1,0,6,1,10,,59326,1,,,1,50,,59298,1,,,1,10,,65357,1,0,6,1,10,,59306,1,,,1,12,,59318,1,,,1,15,,59327,1,,,1,70,,59307,1,,,1,30,,59328,1,,,1,70,,59308,1,,,1,30,,59329,1,,,1,70,,59309,1,,,1,30,,59330,1,,,1,70,,59310,1,,,1,30,,59331,1,,,1,70,,59311,1,,,1,30,,59332,1,,,1,72,,59312,1,,,1,13,,65624,1,0,6,1,15,,59333,1,,,1,70,,59313,1,,,1
900,'20260901',605,,59337,1,,,1,30,,59358,1,,,1,77,,59338,1,,,1,27,,59359,1,,,1,70,,59339,1,,,1,30,,59360,1,,,1,70,,59340,1,,,1,41,,59363,1,,,1,70,,59343,1,,,1,30,,59364,1,,,1,70,,59344,1,,,1,30,,59365,1,,,1,70,,59345,1,,,1,30,,59366,1,,,1,70,,59346,1,,,1,30,,59367,1,,,1,70,,59347,1,,,1,30,,59368,1,,,1,70,,59348,1,,,1,30,,59369,1,,,1,53,,59341,1,,,1,10,,59378,1,0,6,1,10,,59349,1,,,1,10,,59361,1,,,1,10,,59380,1,0,6,1,10,,59370,1,,,1,50,,59342,1,,,1,10,,59379,1,0,6,1,10,,59350,1,,,1,12,,59362,1,,,1,15,,59371,1,,,1,70,,59351,1,,,1,30,,59372,1,,,1,70,,59352,1,,,1,30,,59373,1,,,1,70,,59353,1,,,1,30,,59374,1,,,1,70,,59354,1,,,1,30,,59375,1,,,1,70,,59355,1,,,1,30,,59376,1,,,1,72,,59356,1,,,1,13,,65625,1,0,6,1,15,,59377,1,,,1,70,,59357,1,,,1
900,'20260902',605,,59381,1,,,1,30,,59402,1,,,1,77,,59382,1,,,1,27,,59403,1,,,1,70,,59383,1,,,1,30,,59404,1,,,1,70,,59384,1,,,1,41,,59407,1,,,1,70,,59387,1,,,1,30,,59408,1,,,1,70,,59388,1,,,1,30,,59409,1,,,1,70,,59389,1,,,1,30,,59410,1,,,1,70,,59390,1,,,1,30,,59411,1,,,1,70,,59391,1,,,1,30,,59412,1,,,1,70,,59392,1,,,1,30,,59413,1,,,1,53,,59385,1,,,1,10,,59422,1,0,6,1,10,,59393,1,,,1,10,,59405,1,,,1,10,,59424,1,0,6,1,10,,59414,1,,,1,50,,59386,1,,,1,10,,59423,1,0,6,1,10,,59394,1,,,1,12,,59406,1,,,1,15,,59415,1,,,1,70,,59395,1,,,1,30,,59416,1,,,1,70,,59396,1,,,1,30,,59417,1,,,1,70,,59397,1,,,1,30,,59418,1,,,1,70,,59398,1,,,1,30,,59419,1,,,1,70,,59399,1,,,1,30,,59420,1,,,1,72,,59400,1,,,1,13,,65626,1,0,6,1,15,,59421,1,,,1,70,,59401,1,,,1
900,'20260903',605,,59425,1,,,1,30,,59446,1,,,1,77,,59426,1,,,1,27,,59447,1,,,1,70,,59427,1,,,1,30,,59448,1,,,1,70,,59428,1,,,1,41,,59451,1,,,1,70,,59431,1,,,1,30,,59452,1,,,1,70,,59432,1,,,1,30,,59453,1,,,1,70,,59433,1,,,1,30,,59454,1,,,1,70,,59434,1,,,1,30,,59455,1,,,1,70,,59435,1,,,1,30,,59456,1,,,1,70,,59436,1,,,1,30,,59457,1,,,1,53,,59429,1,,,1,10,,59466,1,0,6,1,10,,59437,1,,,1,10,,59449,1,,,1,10,,59468,1,0,6,1,10,,59458,1,,,1,50,,59430,1,,,1,10,,59467,1,0,6,1,10,,59438,1,,,1,12,,59450,1,,,1,15,,59459,1,,,1,70,,59439,1,,,1,30,,59460,1,,,1,70,,59440,1,,,1,30,,59461,1,,,1,70,,59441,1,,,1,30,,59462,1,,,1,70,,59442,1,,,1,30,,59463,1,,,1,70,,59443,1,,,1,30,,59464,1,,,1,72,,59444,1,,,1,13,,65627,1,0,6,1,15,,59465,1,,,1,70,,59445,1,,,1
900,'20260904',605,,59469,1,,,1,30,,59490,1,,,1,77,,59470,1,,,1,27,,59491,1,,,1,70,,59471,1,,,1,30,,59492,1,,,1,70,,59472,1,,,1,41,,59495,1,,,1,70,,59475,1,,,1,30,,59496,1,,,1,70,,59476,1,,,1,30,,59497,1,,,1,70,,59477,1,,,1,30,,59498,1,,,1,70,,59478,1,,,1,30,,59499,1,,,1,70,,59479,1,,,1,30,,59500,1,,,1,70,,59480,1,,,1,30,,59501,1,,,1,53,,59473,1,,,1,10,,59511,1,0,6,1,10,,59481,1,,,1,10,,59493,1,,,1,10,,59513,1,0,6,1,10,,59502,1,,,1,50,,59474,1,,,1,10,,59512,1,0,6,1,10,,59482,1,,,1,12,,59494,1,,,1,15,,59503,1,,,1,70,,59483,1,,,1,30,,59504,1,,,1,70,,59484,1,,,1,30,,59505,1,,,1,70,,59485,1,,,1,30,,59506,1,,,1,70,,59486,1,,,1,30,,59507,1,,,1,70,,59487,1,,,1,15,,65628,1,0,6,1,15,,59508,1,,,1,72,,59488,1,,,1,28,,59509,1,,,1,70,,59489,1,,,1,30,,59510,1,,,1
901,'20260814',605,,62717,28,4,,1,30,,62738,28,4,,1,77,,62718,28,4,,1,15,,62736,28,4,,1,10,,62739,28,4,,1,10,,62760,24,4,,1,10,,62757,28,4,,1,50,,62719,28,4,,1,10,,62759,24,4,,1,10,,62737,28,4,,1,10,,62740,28,4,,1,10,,62761,24,4,,1,10,,62758,28,4,,1,55,,62720,28,4,,1,30,,62741,28,4,,1,70,,62721,28,4,,1,30,,62742,28,4,,1,70,,62722,28,4,,1,30,,62743,28,4,,1,70,,62723,28,4,,1,30,,62744,28,4,,1,70,,62724,28,4,,1,30,,62745,28,4,,1,70,,62725,28,4,,1,30,,62746,28,4,,1,70,,62726,28,4,,1,30,,62747,28,4,,1,70,,62727,28,4,,1,30,,62748,28,4,,1,70,,62728,28,4,,1,30,,62749,28,4,,1,70,,62729,28,4,,1,30,,62750,28,4,,1,70,,62730,28,4,,1,30,,62751,28,4,,1,70,,62731,28,4,,1,30,,62752,28,4,,1,70,,62732,28,4,,1,30,,62753,28,4,,1,70,,62733,28,4,,1,30,,62754,28,4,,1,70,,62734,28,4,,1,30,,62755,28,4,,1,70,,62735,28,4,,1,30,,62756,28,4,,1
901,'20260815',842,,62787,28,4,,1,70,,62762,28,4,,1,30,,62788,28,4,,1,70,,62763,28,4,,1,30,,62789,28,4,,1,70,,62764,28,4,,1,30,,62790,28,4,,1,70,,62765,28,4,,1,30,,62791,28,4,,1,70,,62766,28,4,,1,30,,62792,28,4,,1,70,,62767,28,4,,1,30,,62793,28,4,,1,70,,62768,28,4,,1,15,,62778,28,4,,1,15,,62794,28,4,,1,15,,62804,28,4,,1,55,,62769,28,4,,1,15,,62779,28,4,,1,15,,62795,28,4,,1,15,,62805,28,4,,1,55,,62770,28,4,,1,15,,62780,28,4,,1,15,,62796,28,4,,1,15,,62806,28,4,,1,55,,62771,28,4,,1,15,,62781,28,4,,1,15,,62797,28,4,,1,15,,62807,28,4,,1,55,,62772,28,4,,1,15,,62782,28,4,,1,15,,62798,28,4,,1,15,,62808,28,4,,1,55,,62773,28,4,,1,15,,62783,28,4,,1,15,,62799,28,4,,1,15,,62809,28,4,,1,55,,62774,28,4,,1,15,,62784,28,4,,1,15,,62800,28,4,,1,15,,62810,28,4,,1,55,,62775,28,4,,1,15,,62785,28,4,,1,15,,62801,28,4,,1,15,,62811,28,4,,1,55,,62776,28,4,,1,15,,62786,28,4,,1,15,,62802,28,4,,1,70,,62777,28,4,,1,30,,62803,28,4,,1
901,'20260816',842,,62837,28,4,,1,70,,62812,28,4,,1,30,,62838,28,4,,1,70,,62813,28,4,,1,30,,62839,28,4,,1,70,,62814,28,4,,1,30,,62840,28,4,,1,70,,62815,28,4,,1,30,,62841,28,4,,1,70,,62816,28,4,,1,30,,62842,28,4,,1,70,,62817,28,4,,1,30,,62843,28,4,,1,70,,62818,28,4,,1,15,,62828,28,4,,1,15,,62844,28,4,,1,15,,62854,28,4,,1,55,,62819,28,4,,1,15,,62829,28,4,,1,15,,62845,28,4,,1,15,,62855,28,4,,1,55,,62820,28,4,,1,15,,62830,28,4,,1,15,,62846,28,4,,1,15,,62856,28,4,,1,55,,62821,28,4,,1,15,,62831,28,4,,1,15,,62847,28,4,,1,15,,62857,28,4,,1,55,,62822,28,4,,1,15,,62832,28,4,,1,15,,62848,28,4,,1,15,,62858,28,4,,1,55,,62823,28,4,,1,15,,62833,28,4,,1,15,,62849,28,4,,1,15,,62859,28,4,,1,55,,62824,28,4,,1,15,,62834,28,4,,1,15,,62850,28,4,,1,15,,62860,28,4,,1,55,,62825,28,4,,1,15,,62835,28,4,,1,15,,62851,28,4,,1,15,,62861,28,4,,1,55,,62826,28,4,,1,15,,62836,28,4,,1,15,,62852,28,4,,1,70,,62827,28,4,,1
901,'20260817',605,,65371,28,4,,1,30,,65376,28,4,,1,77,,65372,28,4,,1,15,,65374,28,4,,1,10,,65377,28,4,,1,10,,65381,24,4,,1,10,,65378,28,4,,1,50,,65373,28,4,,1,10,,65380,24,4,,1,10,,65375,28,4,,1,10,,62885,28,4,,1,10,,65382,24,4,,1,10,,65379,28,4,,1,55,,62865,28,4,,1,30,,62886,28,4,,1,70,,62866,28,4,,1,30,,62887,28,4,,1,70,,62867,28,4,,1,30,,62888,28,4,,1,70,,62868,28,4,,1,30,,62889,28,4,,1,70,,62869,28,4,,1,30,,62890,28,4,,1,70,,62870,28,4,,1,30,,62891,28,4,,1,70,,62871,28,4,,1,30,,62892,28,4,,1,70,,62872,28,4,,1,30,,62893,28,4,,1,70,,62873,28,4,,1,30,,62894,28,4,,1,70,,62874,28,4,,1,30,,62895,28,4,,1,70,,62875,28,4,,1,30,,62896,28,4,,1,70,,62876,28,4,,1,30,,62897,28,4,,1,70,,62877,28,4,,1,30,,62898,28,4,,1,70,,62878,28,4,,1,30,,62899,28,4,,1,70,,62879,28,4,,1,30,,62900,28,4,,1,70,,62880,28,4,,1
901,'20260818',605,,62906,28,4,,1,30,,62927,28,4,,1,77,,62907,28,4,,1,15,,62925,28,4,,1,10,,62928,28,4,,1,10,,62948,24,4,,1,10,,62945,28,4,,1,50,,62908,28,4,,1,10,,62947,24,4,,1,10,,62926,28,4,,1,10,,62929,28,4,,1,10,,62949,24,4,,1,10,,62946,28,4,,1,55,,62909,28,4,,1,30,,62930,28,4,,1,70,,62910,28,4,,1,30,,62931,28,4,,1,70,,62911,28,4,,1,30,,62932,28,4,,1,70,,62912,28,4,,1,30,,62933,28,4,,1,70,,62913,28,4,,1,30,,62934,28,4,,1,70,,62914,28,4,,1,30,,62935,28,4,,1,70,,62915,28,4,,1,30,,62936,28,4,,1,70,,62916,28,4,,1,30,,62937,28,4,,1,70,,62917,28,4,,1,30,,62938,28,4,,1,70,,62918,28,4,,1,30,,62939,28,4,,1,70,,62919,28,4,,1,30,,62940,28,4,,1,70,,62920,28,4,,1,30,,62941,28,4,,1,70,,62921,28,4,,1,30,,62942,28,4,,1,70,,62922,28,4,,1,30,,62943,28,4,,1,70,,62923,28,4,,1,30,,62944,28,4,,1,70,,62924,28,4,,1
901,'20260819',605,,62950,28,4,,1,30,,62971,28,4,,1,77,,62951,28,4,,1,15,,62969,28,4,,1,10,,62972,28,4,,1,10,,62992,24,4,,1,10,,62989,28,4,,1,50,,62952,28,4,,1,10,,62991,24,4,,1,10,,62970,28,4,,1,10,,62973,28,4,,1,10,,62993,24,4,,1,10,,62990,28,4,,1,55,,62953,28,4,,1,30,,62974,28,4,,1,70,,62954,28,4,,1,30,,62975,28,4,,1,70,,62955,28,4,,1,30,,62976,28,4,,1,70,,62956,28,4,,1,30,,62977,28,4,,1,70,,62957,28,4,,1,30,,62978,28,4,,1,70,,62958,28,4,,1,30,,62979,28,4,,1,70,,62959,28,4,,1,30,,62980,28,4,,1,70,,62960,28,4,,1,30,,62981,28,4,,1,70,,62961,28,4,,1,30,,62982,28,4,,1,70,,62962,28,4,,1,30,,62983,28,4,,1,70,,62963,28,4,,1,30,,62984,28,4,,1,70,,62964,28,4,,1,30,,62985,28,4,,1,70,,62965,28,4,,1,30,,62986,28,4,,1,70,,62966,28,4,,1,30,,62987,28,4,,1,70,,62967,28,4,,1,30,,62988,28,4,,1,70,,62968,28,4,,1
901,'20260820',605,,62994,28,4,,1,30,,63015,28,4,,1,77,,62995,28,4,,1,15,,63013,28,4,,1,10,,63016,28,4,,1,10,,63036,24,4,,1,10,,63033,28,4,,1,50,,62996,28,4,,1,10,,63035,24,4,,1,10,,63014,28,4,,1,10,,63017,28,4,,1,10,,63037,24,4,,1,10,,63034,28,4,,1,55,,62997,28,4,,1,30,,63018,28,4,,1,70,,62998,28,4,,1,30,,63019,28,4,,1,70,,62999,28,4,,1,30,,63020,28,4,,1,70,,63000,28,4,,1,30,,63021,28,4,,1,70,,63001,28,4,,1,30,,63022,28,4,,1,70,,63002,28,4,,1,30,,63023,28,4,,1,70,,63003,28,4,,1,30,,63024,28,4,,1,70,,63004,28,4,,1,30,,63025,28,4,,1,70,,63005,28,4,,1,30,,63026,28,4,,1,70,,63006,28,4,,1,30,,63027,28,4,,1,70,,63007,28,4,,1,30,,63028,28,4,,1,70,,63008,28,4,,1,30,,63029,28,4,,1,70,,63009,28,4,,1,30,,63030,28,4,,1,70,,63010,28,4,,1,30,,63031,28,4,,1,70,,63011,28,4,,1,30,,63032,28,4,,1,70,,63012,28,4,,1
901,'20260821',605,,63038,28,4,,1,30,,63059,28,4,,1,77,,63039,28,4,,1,15,,63057,28,4,,1,10,,63060,28,4,,1,10,,63081,24,4,,1,10,,63078,28,4,,1,50,,63040,28,4,,1,10,,63080,24,4,,1,10,,63058,28,4,,1,10,,63061,28,4,,1,10,,63082,24,4,,1,10,,63079,28,4,,1,55,,63041,28,4,,1,33,,63062,28,4,,1,70,,63042,28,4,,1,30,,63063,28,4,,1,70,,63043,28,4,,1,30,,63064,28,4,,1,70,,63044,28,4,,1,30,,63065,28,4,,1,70,,63045,28,4,,1,30,,63066,28,4,,1,70,,63046,28,4,,1,30,,63067,28,4,,1,70,,63047,28,4,,1,30,,63068,28,4,,1,70,,63048,28,4,,1,18,,65629,24,4,,1,12,,63069,28,4,,1,55,,65631,24,4,,1,15,,63049,28,4,,1,15,,65630,24,4,,1,15,,63070,28,4,,1,70,,63050,28,4,,1,30,,63071,28,4,,1,70,,63051,28,4,,1,30,,63072,28,4,,1,70,,63052,28,4,,1,30,,63073,28,4,,1,70,,63053,28,4,,1,30,,63074,28,4,,1,70,,63054,28,4,,1,30,,63075,28,4,,1,70,,63055,28,4,,1,30,,63076,28,4,,1,70,,63056,28,4,,1,30,,63077,28,4,,1
901,'20260822',845,,63108,28,4,,1,70,,63083,28,4,,1,30,,63109,28,4,,1,70,,63084,28,4,,1,30,,63110,28,4,,1,70,,63085,28,4,,1,30,,63111,28,4,,1,70,,63086,28,4,,1,30,,63112,28,4,,1,70,,63087,28,4,,1,30,,63113,28,4,,1,70,,63088,28,4,,1,30,,63114,28,4,,1,70,,63089,28,4,,1,15,,63099,28,4,,1,15,,63115,28,4,,1,55,,63125,28,4,,1,15,,63090,28,4,,1,15,,63100,28,4,,1,15,,63116,28,4,,1,55,,63126,28,4,,1,15,,63091,28,4,,1,15,,63101,28,4,,1,15,,63117,28,4,,1,55,,63127,28,4,,1,15,,63092,28,4,,1,15,,63102,28,4,,1,15,,63118,28,4,,1,55,,63128,28,4,,1,15,,63093,28,4,,1,15,,63103,28,4,,1,15,,63119,28,4,,1,55,,63129,28,4,,1,15,,63094,28,4,,1,15,,63104,28,4,,1,15,,63120,28,4,,1,55,,63130,28,4,,1,15,,63095,28,4,,1,15,,63105,28,4,,1,15,,63121,28,4,,1,55,,63131,28,4,,1,15,,63096,28,4,,1,15,,63106,28,4,,1,15,,63122,28,4,,1,55,,63132,28,4,,1,15,,63097,28,4,,1,15,,63107,28,4,,1,15,,63123,28,4,,1,70,,63098,28,4,,1,30,,63124,28,4,,1
901,'20260823',845,,63158,28,4,,1,70,,63133,28,4,,1,30,,63159,28,4,,1,70,,63134,28,4,,1,30,,63160,28,4,,1,70,,63135,28,4,,1,30,,63161,28,4,,1,70,,63136,28,4,,1,30,,63162,28,4,,1,70,,63137,28,4,,1,30,,63163,28,4,,1,70,,63138,28,4,,1,30,,63164,28,4,,1,70,,63139,28,4,,1,15,,63149,28,4,,1,15,,63165,28,4,,1,55,,63175,28,4,,1,15,,63140,28,4,,1,15,,63150,28,4,,1,15,,63166,28,4,,1,55,,63176,28,4,,1,15,,63141,28,4,,1,15,,63151,28,4,,1,15,,63167,28,4,,1,55,,63177,28,4,,1,15,,63142,28,4,,1,15,,63152,28,4,,1,15,,63168,28,4,,1,55,,63178,28,4,,1,15,,63143,28,4,,1,15,,63153,28,4,,1,15,,63169,28,4,,1,55,,63179,28,4,,1,15,,63144,28,4,,1,15,,63154,28,4,,1,15,,63170,28,4,,1,55,,63180,28,4,,1,15,,63145,28,4,,1,15,,63155,28,4,,1,15,,63171,28,4,,1,55,,63181,28,4,,1,15,,63146,28,4,,1,15,,63156,28,4,,1,15,,63172,28,4,,1,55,,63182,28,4,,1,15,,63147,28,4,,1,15,,63157,28,4,,1,15,,63173,28,4,,1,70,,63148,28,4,,1
901,'20260824',605,,65383,28,4,,1,30,,65388,28,4,,1,77,,65384,28,4,,1,15,,65386,28,4,,1,10,,65389,28,4,,1,10,,65393,24,4,,1,10,,65390,28,4,,1,50,,65385,28,4,,1,10,,65392,24,4,,1,10,,65387,28,4,,1,10,,63206,28,4,,1,10,,65394,24,4,,1,10,,65391,28,4,,1,55,,63186,28,4,,1,33,,63207,28,4,,1,70,,63187,28,4,,1,30,,63208,28,4,,1,70,,63188,28,4,,1,30,,63209,28,4,,1,70,,63189,28,4,,1,30,,63210,28,4,,1,70,,63190,28,4,,1,30,,63211,28,4,,1,70,,63191,28,4,,1,30,,63212,28,4,,1,70,,63192,28,4,,1,30,,63213,28,4,,1,70,,63193,28,4,,1,18,,65632,24,4,,1,12,,63214,28,4,,1,55,,65634,24,4,,1,15,,63194,28,4,,1,15,,65633,24,4,,1,15,,63215,28,4,,1,70,,63195,28,4,,1,30,,63216,28,4,,1,70,,63196,28,4,,1,30,,63217,28,4,,1,70,,63197,28,4,,1,30,,63218,28,4,,1,70,,63198,28,4,,1,30,,63219,28,4,,1,70,,63199,28,4,,1,30,,63220,28,4,,1,70,,63200,28,4,,1,30,,63221,28,4,,1,70,,63201,28,4,,1
901,'20260825',605,,63227,28,4,,1,30,,63248,28,4,,1,77,,63228,28,4,,1,15,,63246,28,4,,1,10,,63249,28,4,,1,10,,63269,24,4,,1,10,,63266,28,4,,1,50,,63229,28,4,,1,10,,63268,24,4,,1,10,,63247,28,4,,1,10,,63250,28,4,,1,10,,63270,24,4,,1,10,,63267,28,4,,1,55,,63230,28,4,,1,33,,63251,28,4,,1,70,,63231,28,4,,1,30,,63252,28,4,,1,70,,63232,28,4,,1,30,,63253,28,4,,1,70,,63233,28,4,,1,30,,63254,28,4,,1,70,,63234,28,4,,1,30,,63255,28,4,,1,70,,63235,28,4,,1,30,,63256,28,4,,1,70,,63236,28,4,,1,30,,63257,28,4,,1,70,,63237,28,4,,1,18,,65635,24,4,,1,12,,63258,28,4,,1,55,,65637,24,4,,1,15,,63238,28,4,,1,15,,65636,24,4,,1,15,,63259,28,4,,1,70,,63239,28,4,,1,30,,63260,28,4,,1,70,,63240,28,4,,1,30,,63261,28,4,,1,70,,63241,28,4,,1,30,,63262,28,4,,1,70,,63242,28,4,,1,30,,63263,28,4,,1,70,,63243,28,4,,1,30,,63264,28,4,,1,70,,63244,28,4,,1,30,,63265,28,4,,1,70,,63245,28,4,,1
901,'20260826',605,,63271,28,4,,1,30,,63292,28,4,,1,77,,63272,28,4,,1,15,,63290,28,4,,1,10,,63293,28,4,,1,10,,63313,24,4,,1,10,,63310,28,4,,1,50,,63273,28,4,,1,10,,63312,24,4,,1,10,,63291,28,4,,1,10,,63294,28,4,,1,10,,63314,24,4,,1,10,,63311,28,4,,1,55,,63274,28,4,,1,33,,63295,28,4,,1,70,,63275,28,4,,1,30,,63296,28,4,,1,70,,63276,28,4,,1,30,,63297,28,4,,1,70,,63277,28,4,,1,30,,63298,28,4,,1,70,,63278,28,4,,1,30,,63299,28,4,,1,70,,63279,28,4,,1,30,,63300,28,4,,1,70,,63280,28,4,,1,30,,63301,28,4,,1,70,,63281,28,4,,1,18,,65638,24,4,,1,12,,63302,28,4,,1,55,,65640,24,4,,1,15,,63282,28,4,,1,15,,65639,24,4,,1,15,,63303,28,4,,1,70,,63283,28,4,,1,30,,63304,28,4,,1,70,,63284,28,4,,1,30,,63305,28,4,,1,70,,63285,28,4,,1,30,,63306,28,4,,1,70,,63286,28,4,,1,30,,63307,28,4,,1,70,,63287,28,4,,1,30,,63308,28,4,,1,70,,63288,28,4,,1,30,,63309,28,4,,1,70,,63289,28,4,,1
901,'20260827',605,,63315,28,4,,1,30,,63336,28,4,,1,77,,63316,28,4,,1,15,,63334,28,4,,1,10,,63337,28,4,,1,10,,63357,24,4,,1,10,,63354,28,4,,1,50,,63317,28,4,,1,10,,63356,24,4,,1,10,,63335,28,4,,1,10,,63338,28,4,,1,10,,63358,24,4,,1,10,,63355,28,4,,1,55,,63318,28,4,,1,33,,63339,28,4,,1,70,,63319,28,4,,1,30,,63340,28,4,,1,70,,63320,28,4,,1,30,,63341,28,4,,1,70,,63321,28,4,,1,30,,63342,28,4,,1,70,,63322,28,4,,1,30,,63343,28,4,,1,70,,63323,28,4,,1,30,,63344,28,4,,1,70,,63324,28,4,,1,30,,63345,28,4,,1,70,,63325,28,4,,1,18,,65641,24,4,,1,12,,63346,28,4,,1,55,,65643,24,4,,1,15,,63326,28,4,,1,15,,65642,24,4,,1,15,,63347,28,4,,1,70,,63327,28,4,,1,30,,63348,28,4,,1,70,,63328,28,4,,1,30,,63349,28,4,,1,70,,63329,28,4,,1,30,,63350,28,4,,1,70,,63330,28,4,,1,30,,63351,28,4,,1,70,,63331,28,4,,1,30,,63352,28,4,,1,70,,63332,28,4,,1,30,,63353,28,4,,1,70,,63333,28,4,,1
901,'20260828',605,,63359,28,4,,1,30,,63380,28,4,,1,77,,63360,28,4,,1,15,,63378,28,4,,1,10,,63381,28,4,,1,10,,63402,24,4,,1,10,,63399,28,4,,1,50,,63361,28,4,,1,10,,63401,24,4,,1,10,,63379,28,4,,1,10,,63382,28,4,,1,10,,63403,24,4,,1,10,,63400,28,4,,1,55,,63362,28,4,,1,33,,63383,28,4,,1,70,,63363,28,4,,1,30,,63384,28,4,,1,70,,63364,28,4,,1,30,,63385,28,4,,1,70,,63365,28,4,,1,30,,63386,28,4,,1,70,,63366,28,4,,1,30,,63387,28,4,,1,70,,63367,28,4,,1,30,,63388,28,4,,1,70,,63368,28,4,,1,30,,63389,28,4,,1,70,,63369,28,4,,1,18,,65644,24,4,,1,12,,63390,28,4,,1,55,,65646,24,4,,1,15,,63370,28,4,,1,15,,65645,24,4,,1,15,,63391,28,4,,1,70,,63371,28,4,,1,30,,63392,28,4,,1,70,,63372,28,4,,1,30,,63393,28,4,,1,70,,63373,28,4,,1,30,,63394,28,4,,1,70,,63374,28,4,,1,30,,63395,28,4,,1,70,,63375,28,4,,1,30,,63396,28,4,,1,70,,63376,28,4,,1,30,,63397,28,4,,1,70,,63377,28,4,,1,30,,63398,28,4,,1
901,'20260829',845,,63429,28,4,,1,70,,63404,28,4,,1,30,,63430,28,4,,1,70,,63405,28,4,,1,30,,63431,28,4,,1,70,,63406,28,4,,1,30,,63432,28,4,,1,70,,63407,28,4,,1,30,,63433,28,4,,1,70,,63408,28,4,,1,30,,63434,28,4,,1,70,,63409,28,4,,1,30,,63435,28,4,,1,70,,63410,28,4,,1,15,,63420,28,4,,1,15,,63436,28,4,,1,55,,63446,28,4,,1,15,,63411,28,4,,1,15,,63421,28,4,,1,15,,63437,28,4,,1,55,,63447,28,4,,1,15,,63412,28,4,,1,15,,63422,28,4,,1,15,,63438,28,4,,1,55,,63448,28,4,,1,15,,63413,28,4,,1,15,,63423,28,4,,1,15,,63439,28,4,,1,55,,63449,28,4,,1,15,,63414,28,4,,1,15,,63424,28,4,,1,15,,63440,28,4,,1,55,,63450,28,4,,1,15,,63415,28,4,,1,15,,63425,28,4,,1,15,,63441,28,4,,1,55,,63451,28,4,,1,15,,63416,28,4,,1,15,,63426,28,4,,1,15,,63442,28,4,,1,55,,63452,28,4,,1,15,,63417,28,4,,1,15,,63427,28,4,,1,15,,63443,28,4,,1,55,,63453,28,4,,1,15,,63418,28,4,,1,15,,63428,28,4,,1,15,,63444,28,4,,1,70,,63419,28,4,,1,30,,63445,28,4,,1
901,'20260830',845,,63479,28,4,,1,70,,63454,28,4,,1,30,,63480,28,4,,1,70,,63455,28,4,,1,30,,63481,28,4,,1,70,,63456,28,4,,1,30,,63482,28,4,,1,70,,63457,28,4,,1,30,,63483,28,4,,1,70,,63458,28,4,,1,30,,63484,28,4,,1,70,,63459,28,4,,1,30,,63485,28,4,,1,70,,63460,28,4,,1,15,,63470,28,4,,1,15,,63486,28,4,,1,55,,63496,28,4,,1,15,,63461,28,4,,1,15,,63471,28,4,,1,15,,63487,28,4,,1,55,,63497,28,4,,1,15,,63462,28,4,,1,15,,63472,28,4,,1,15,,63488,28,4,,1,55,,63498,28,4,,1,15,,63463,28,4,,1,15,,63473,28,4,,1,15,,63489,28,4,,1,55,,63499,28,4,,1,15,,63464,28,4,,1,15,,63474,28,4,,1,15,,63490,28,4,,1,55,,63500,28,4,,1,15,,63465,28,4,,1,15,,63475,28,4,,1,15,,63491,28,4,,1,55,,63501,28,4,,1,15,,63466,28,4,,1,15,,63476,28,4,,1,15,,63492,28,4,,1,55,,63502,28,4,,1,15,,63467,28,4,,1,15,,63477,28,4,,1,15,,63493,28,4,,1,55,,63503,28,4,,1,15,,63468,28,4,,1,15,,63478,28,4,,1,15,,63494,28,4,,1,70,,63469,28,4,,1
901,'20260831',605,,65395,28,4,,1,30,,65400,28,4,,1,77,,65396,28,4,,1,15,,65398,28,4,,1,10,,65401,28,4,,1,10,,65405,24,4,,1,10,,65402,28,4,,1,50,,65397,28,4,,1,10,,65404,24,4,,1,10,,65399,28,4,,1,10,,63527,28,4,,1,10,,65406,24,4,,1,10,,65403,28,4,,1,55,,63507,28,4,,1,33,,63528,28,4,,1,70,,63508,28,4,,1,30,,63529,28,4,,1,70,,63509,28,4,,1,30,,63530,28,4,,1,70,,63510,28,4,,1,30,,63531,28,4,,1,70,,63511,28,4,,1,30,,63532,28,4,,1,70,,63512,28,4,,1,30,,63533,28,4,,1,70,,63513,28,4,,1,30,,63534,28,4,,1,70,,63514,28,4,,1,18,,65647,24,4,,1,12,,63535,28,4,,1,55,,65649,24,4,,1,15,,63515,28,4,,1,15,,65648,24,4,,1,15,,63536,28,4,,1,70,,63516,28,4,,1,30,,63537,28,4,,1,70,,63517,28,4,,1,30,,63538,28,4,,1,70,,63518,28,4,,1,30,,63539,28,4,,1,70,,63519,28,4,,1,30,,63540,28,4,,1,70,,63520,28,4,,1,30,,63541,28,4,,1,70,,63521,28,4,,1,30,,63542,28,4,,1,70,,63522,28,4,,1
901,'20260901',605,,63548,28,4,,1,30,,63569,28,4,,1,77,,63549,28,4,,1,15,,63567,28,4,,1,10,,63570,28,4,,1,10,,63590,24,4,,1,10,,63587,28,4,,1,50,,63550,28,4,,1,10,,63589,24,4,,1,10,,63568,28,4,,1,10,,63571,28,4,,1,10,,63591,24,4,,1,10,,63588,28,4,,1,55,,63551,28,4,,1,33,,63572,28,4,,1,70,,63552,28,4,,1,30,,63573,28,4,,1,70,,63553,28,4,,1,30,,63574,28,4,,1,70,,63554,28,4,,1,30,,63575,28,4,,1,70,,63555,28,4,,1,30,,63576,28,4,,1,70,,63556,28,4,,1,30,,63577,28,4,,1,70,,63557,28,4,,1,30,,63578,28,4,,1,70,,63558,28,4,,1,18,,65650,24,4,,1,12,,63579,28,4,,1,55,,65652,24,4,,1,15,,63559,28,4,,1,15,,65651,24,4,,1,15,,63580,28,4,,1,70,,63560,28,4,,1,30,,63581,28,4,,1,70,,63561,28,4,,1,30,,63582,28,4,,1,70,,63562,28,4,,1,30,,63583,28,4,,1,70,,63563,28,4,,1,30,,63584,28,4,,1,70,,63564,28,4,,1,30,,63585,28,4,,1,70,,63565,28,4,,1,30,,63586,28,4,,1,70,,63566,28,4,,1
901,'20260902',605,,63592,28,4,,1,30,,63613,28,4,,1,77,,63593,28,4,,1,15,,63611,28,4,,1,10,,63614,28,4,,1,10,,63634,24,4,,1,10,,63631,28,4,,1,50,,63594,28,4,,1,10,,63633,24,4,,1,10,,63612,28,4,,1,10,,63615,28,4,,1,10,,63635,24,4,,1,10,,63632,28,4,,1,55,,63595,28,4,,1,33,,63616,28,4,,1,70,,63596,28,4,,1,30,,63617,28,4,,1,70,,63597,28,4,,1,30,,63618,28,4,,1,70,,63598,28,4,,1,30,,63619,28,4,,1,70,,63599,28,4,,1,30,,63620,28,4,,1,70,,63600,28,4,,1,30,,63621,28,4,,1,70,,63601,28,4,,1,30,,63622,28,4,,1,70,,63602,28,4,,1,18,,65653,24,4,,1,12,,63623,28,4,,1,55,,65655,24,4,,1,15,,63603,28,4,,1,15,,65654,24,4,,1,15,,63624,28,4,,1,70,,63604,28,4,,1,30,,63625,28,4,,1,70,,63605,28,4,,1,30,,63626,28,4,,1,70,,63606,28,4,,1,30,,63627,28,4,,1,70,,63607,28,4,,1,30,,63628,28,4,,1,70,,63608,28,4,,1,30,,63629,28,4,,1,70,,63609,28,4,,1,30,,63630,28,4,,1,70,,63610,28,4,,1
901,'20260903',605,,63636,28,4,,1,30,,63657,28,4,,1,77,,63637,28,4,,1,15,,63655,28,4,,1,10,,63658,28,4,,1,10,,63678,24,4,,1,10,,63675,28,4,,1,50,,63638,28,4,,1,10,,63677,24,4,,1,10,,63656,28,4,,1,10,,63659,28,4,,1,10,,63679,24,4,,1,10,,63676,28,4,,1,55,,63639,28,4,,1,33,,63660,28,4,,1,70,,63640,28,4,,1,30,,63661,28,4,,1,70,,63641,28,4,,1,30,,63662,28,4,,1,70,,63642,28,4,,1,30,,63663,28,4,,1,70,,63643,28,4,,1,30,,63664,28,4,,1,70,,63644,28,4,,1,30,,63665,28,4,,1,70,,63645,28,4,,1,30,,63666,28,4,,1,70,,63646,28,4,,1,18,,65656,24,4,,1,12,,63667,28,4,,1,55,,65658,24,4,,1,15,,63647,28,4,,1,15,,65657,24,4,,1,15,,63668,28,4,,1,70,,63648,28,4,,1,30,,63669,28,4,,1,70,,63649,28,4,,1,30,,63670,28,4,,1,70,,63650,28,4,,1,30,,63671,28,4,,1,70,,63651,28,4,,1,30,,63672,28,4,,1,70,,63652,28,4,,1,30,,63673,28,4,,1,70,,63653,28,4,,1,30,,63674,28,4,,1,70,,63654,28,4,,1
901,'20260904',605,,63680,28,4,,1,30,,63701,28,4,,1,77,,63681,28,4,,1,15,,63699,28,4,,1,10,,63702,28,4,,1,10,,63723,24,4,,1,10,,63720,28,4,,1,50,,63682,28,4,,1,10,,63722,24,4,,1,10,,63700,28,4,,1,10,,63703,28,4,,1,10,,63724,24,4,,1,10,,63721,28,4,,1,55,,63683,28,4,,1,33,,63704,28,4,,1,70,,63684,28,4,,1,30,,63705,28,4,,1,70,,63685,28,4,,1,30,,63706,28,4,,1,70,,63686,28,4,,1,30,,63707,28,4,,1,70,,63687,28,4,,1,30,,63708,28,4,,1,70,,63688,28,4,,1,30,,63709,28,4,,1,70,,63689,28,4,,1,30,,63710,28,4,,1,70,,63690,28,4,,1,18,,65659,24,4,,1,12,,63711,28,4,,1,55,,65661,24,4,,1,15,,63691,28,4,,1,15,,65660,24,4,,1,15,,63712,28,4,,1,70,,63692,28,4,,1,30,,63713,28,4,,1,70,,63693,28,4,,1,30,,63714,28,4,,1,70,,63694,28,4,,1,30,,63715,28,4,,1,70,,63695,28,4,,1,30,,63716,28,4,,1,70,,63696,28,4,,1,30,,63717,28,4,,1,70,,63697,28,4,,1,30,,63718,28,4,,1,70,,63698,28,4,,1,30,,63719,28,4,,1
