100,'20260831',657,,64692,24,0,10,1,70,,64698,24,0,11 12,1,78,,64693,24,0,10,1,30,,64699,24,0,11 12,1,70,,64694,24,0,10,1,30,,36634,24,0,11 12,1,70,,36612,24,0,10,1,30,,36635,24,0,11 12,1,71,,36613,24,0,10,1,30,,36636,24,0,11 12,1,70,,36614,24,0,10,1,30,,64703,24,0,13,1,70,,36615,24,0,10,1,30,,36637,24,0,11 12,1,70,,36616,24,0,10,1,30,,36638,24,0,11 12,1,70,,36617,24,0,10,1,30,,64700,24,0,11 12,1,70,,36618,24,0,10,1,24,,64706,24,0,17 18,1,9,,64705,24,0,13,1,61,,64702,24,0,11 12,1,10,,64695,24,0,10,1,20,,64707,24,0,17 18,1,9,,36655,24,,,1,61,,64708,24,0,17 18,1,10,,64696,24,0,10,1,15,,36631,24,0,15,1,4,,64709,24,0,17 18,1,13,,36640,24,0,11 12,1,64,,36619,24,0,10,1,30,,64704,24,0,13,1,70,,36620,24,0,10,1,30,,36641,24,0,11 12,1,70,,36621,24,0,10,1,30,,64701,24,0,11 12,1,70,,36622,24,0,10,1,30,,36643,24,0,11 12,1,9,,65460,24,,,1,61,,36623,24,0,10,1,30,,36644,24,0,11 12,1,18,,64697,24,0,10,1,82,,36645,24,0,11 12,1
100,'20260901',657,,36657,24,0,10,1,70,,36680,24,0,11 12,1,78,,36658,24,0,10,1,30,,36681,24,0,11 12,1,70,,36659,24,0,10,1,30,,36682,24,0,11 12,1,70,,36660,24,0,10,1,30,,36683,24,0,11 12,1,71,,36661,24,0,10,1,30,,36684,24,0,11 12,1,70,,36662,24,0,10,1,30,,36695,24,0,13,1,70,,36663,24,0,10,1,30,,36685,24,0,11 12,1,70,,36664,24,0,10,1,30,,36686,24,0,11 12,1,70,,36665,24,0,10,1,30,,36687,24,0,11 12,1,70,,36666,24,0,10,1,24,,36698,24,0,17 18,1,9,,36697,24,0,13,1,61,,36694,24,0,11 12,1,10,,36672,24,0,10,1,20,,36699,24,0,17 18,1,9,,36703,24,,,1,61,,36700,24,0,17 18,1,10,,36673,24,0,10,1,15,,36679,24,0,15,1,4,,36701,24,0,17 18,1,13,,36688,24,0,11 12,1,64,,36667,24,0,10,1,30,,36696,24,0,13,1,70,,36668,24,0,10,1,30,,36689,24,0,11 12,1,70,,36669,24,0,10,1,30,,36690,24,0,11 12,1,70,,36670,24,0,10,1,30,,36691,24,0,11 12,1,9,,65463,24,,,1,61,,36671,24,0,10,1,30,,36692,24,0,11 12,1,18,,36676,24,0,10,1,82,,36693,24,0,11 12,1
100,'20260902',657,,36705,24,0,10,1,70,,36728,24,0,11 12,1,78,,36706,24,0,10,1,30,,36729,24,0,11 12,1,70,,36707,24,0,10,1,30,,36730,24,0,11 12,1,70,,36708,24,0,10,1,30,,36731,24,0,11 12,1,71,,36709,24,0,10,1,30,,36732,24,0,11 12,1,70,,36710,24,0,10,1,30,,36743,24,0,13,1,70,,36711,24,0,10,1,30,,36733,24,0,11 12,1,70,,36712,24,0,10,1,30,,36734,24,0,11 12,1,70,,36713,24,0,10,1,30,,36735,24,0,11 12,1,70,,36714,24,0,10,1,24,,36746,24,0,17 18,1,9,,36745,24,0,13,1,61,,36742,24,0,11 12,1,10,,36720,24,0,10,1,20,,36747,24,0,17 18,1,9,,36751,24,,,1,61,,36748,24,0,17 18,1,10,,36721,24,0,10,1,15,,36727,24,0,15,1,4,,36749,24,0,17 18,1,13,,36736,24,0,11 12,1,64,,36715,24,0,10,1,30,,36744,24,0,13,1,70,,36716,24,0,10,1,30,,36737,24,0,11 12,1,70,,36717,24,0,10,1,30,,36738,24,0,11 12,1,70,,36718,24,0,10,1,30,,36739,24,0,11 12,1,9,,65466,24,,,1,61,,36719,24,0,10,1,30,,36740,24,0,11 12,1,18,,36724,24,0,10,1,82,,36741,24,0,11 12,1
100,'20260903',657,,36753,24,0,10,1,70,,36776,24,0,11 12,1,78,,36754,24,0,10,1,30,,36777,24,0,11 12,1,70,,36755,24,0,10,1,30,,36778,24,0,11 12,1,70,,36756,24,0,10,1,30,,36779,24,0,11 12,1,71,,36757,24,0,10,1,30,,36780,24,0,11 12,1,70,,36758,24,0,10,1,30,,36791,24,0,13,1,70,,36759,24,0,10,1,30,,36781,24,0,11 12,1,70,,36760,24,0,10,1,30,,36782,24,0,11 12,1,70,,36761,24,0,10,1,30,,36783,24,0,11 12,1,70,,36762,24,0,10,1,24,,36794,24,0,17 18,1,9,,36793,24,0,13,1,61,,36790,24,0,11 12,1,10,,36768,24,0,10,1,20,,36795,24,0,17 18,1,9,,36799,24,,,1,61,,36796,24,0,17 18,1,10,,36769,24,0,10,1,15,,36775,24,0,15,1,4,,36797,24,0,17 18,1,13,,36784,24,0,11 12,1,64,,36763,24,0,10,1,30,,36792,24,0,13,1,70,,36764,24,0,10,1,30,,36785,24,0,11 12,1,70,,36765,24,0,10,1,30,,36786,24,0,11 12,1,70,,36766,24,0,10,1,30,,36787,24,0,11 12,1,9,,65469,24,,,1,61,,36767,24,0,10,1,30,,36788,24,0,11 12,1,18,,36772,24,0,10,1,82,,36789,24,0,11 12,1
100,'20260904',657,,36801,24,0,10,1,70,,36825,24,0,11 12,1,78,,36802,24,0,10,1,30,,36826,24,0,11 12,1,70,,36803,24,0,10,1,30,,36827,24,0,11 12,1,70,,36804,24,0,10,1,30,,36828,24,0,11 12,1,71,,36805,24,0,10,1,30,,36829,24,0,11 12,1,70,,36806,24,0,10,1,30,,36841,24,0,13,1,70,,36807,24,0,10,1,30,,36830,24,0,11 12,1,70,,36808,24,0,10,1,30,,36831,24,0,11 12,1,70,,36809,24,0,10,1,30,,36832,24,0,11 12,1,70,,36810,24,0,10,1,24,,36844,24,0,17 18,1,9,,36843,24,0,13,1,61,,36840,24,0,11 12,1,10,,36818,24,0,10,1,20,,36845,24,0,17 18,1,9,,36849,24,,,1,61,,36846,24,0,17 18,1,10,,36819,24,0,10,1,15,,36824,24,0,15,1,4,,36847,24,0,17 18,1,13,,36833,24,0,11 12,1,64,,36811,24,0,10,1,30,,36842,24,0,13,1,70,,36812,24,0,10,1,30,,36834,24,0,11 12,1,70,,36813,24,0,10,1,30,,36835,24,0,11 12,1,70,,36814,24,0,10,1,30,,36836,24,0,11 12,1,9,,65471,24,,,1,61,,36815,24,0,10,1,30,,36837,24,0,11 12,1,70,,36816,24,0,10,1,30,,36838,24,0,11 12,1,70,,36817,24,0,10,1,30,,36839,24,0,11 12,1
100,'20260905',935,,65694,24,0,11 12,1,70,,65662,24,0,10,1,30,,65695,24,0,11 12,1,70,,65663,24,0,10,1,30,,65696,24,0,11 12,1,70,,65664,24,0,10,1,30,,65697,24,0,11 12,1,70,,65665,24,0,10,1,30,,65698,24,0,11 12,1,70,,65666,24,0,10,1,30,,65699,24,0,11 12,1,70,,65667,24,0,10,1,30,,65709,24,0,13,1,70,,65668,24,0,10,1,30,,65700,24,0,11 12,1,70,,65669,24,0,10,1,30,,65701,24,0,11 12,1,71,,65670,24,0,10,1,30,,65702,24,0,11 12,1,70,,65671,24,0,10,1,30,,65703,24,0,11 12,1,70,,65672,24,0,10,1,30,,65704,24,0,11 12,1,70,,65673,24,0,10,1,30,,65710,24,0,13,1,70,,65674,24,0,10,1,30,,65705,24,0,11 12,1,70,,65675,24,0,10,1,30,,65706,24,0,11 12,1,71,,65676,24,0,10,1,31,,65707,24,0,11 12,1,70,,65677,24,0,10,1,30,,65708,24,0,11 12,1
100,'20260906',935,,65750,24,0,11 12,1,70,,65718,24,0,10,1,30,,65751,24,0,11 12,1,70,,65719,24,0,10,1,30,,65752,24,0,11 12,1,70,,65720,24,0,10,1,30,,65753,24,0,11 12,1,70,,65721,24,0,10,1,30,,65754,24,0,11 12,1,70,,65722,24,0,10,1,30,,65755,24,0,11 12,1,70,,65723,24,0,10,1,30,,65765,24,0,13,1,70,,65724,24,0,10,1,30,,65756,24,0,11 12,1,70,,65725,24,0,10,1,30,,65757,24,0,11 12,1,71,,65726,24,0,10,1,30,,65758,24,0,11 12,1,70,,65727,24,0,10,1,30,,65759,24,0,11 12,1,70,,65728,24,0,10,1,30,,65760,24,0,11 12,1,70,,65729,24,0,10,1,30,,65766,24,0,13,1,70,,65730,24,0,10,1,30,,65761,24,0,11 12,1,70,,65731,24,0,10,1,30,,65762,24,0,11 12,1,71,,65732,24,0,10,1,31,,65763,24,0,11 12,1,70,,65733,24,0,10,1,30,,65764,24,0,11 12,1
100,'20260907',935,,65806,24,0,11 12,1,70,,65774,24,0,10,1,30,,65807,24,0,11 12,1,70,,65775,24,0,10,1,30,,65808,24,0,11 12,1,70,,65776,24,0,10,1,30,,65809,24,0,11 12,1,70,,65777,24,0,10,1,30,,65810,24,0,11 12,1,70,,65778,24,0,10,1,30,,65811,24,0,11 12,1,70,,65779,24,0,10,1,30,,65821,24,0,13,1,70,,65780,24,0,10,1,30,,65812,24,0,11 12,1,70,,65781,24,0,10,1,30,,65813,24,0,11 12,1,71,,65782,24,0,10,1,30,,65814,24,0,11 12,1,70,,65783,24,0,10,1,30,,65815,24,0,11 12,1,70,,65784,24,0,10,1,30,,65816,24,0,11 12,1,70,,65785,24,0,10,1,30,,65822,24,0,13,1,70,,65786,24,0,10,1,30,,65817,24,0,11 12,1,70,,65787,24,0,10,1,30,,65818,24,0,11 12,1,71,,65788,24,0,10,1,31,,65819,24,0,11 12,1,70,,65789,24,0,10,1,30,,65820,24,0,11 12,1
100,'20260908',657,,65830,24,0,10,1,70,,65853,24,0,11 12,1,78,,65831,24,0,10,1,30,,65854,24,0,11 12,1,70,,65832,24,0,10,1,30,,65855,24,0,11 12,1,70,,65833,24,0,10,1,30,,65856,24,0,11 12,1,70,,65834,24,0,10,1,30,,65857,24,0,11 12,1,70,,65835,24,0,10,1,30,,65868,24,0,13,1,70,,65836,24,0,10,1,30,,65858,24,0,11 12,1,70,,65837,24,0,10,1,30,,65859,24,0,11 12,1,70,,65838,24,0,10,1,30,,65860,24,0,11 12,1,70,,65839,24,0,10,1,24,,65871,24,0,17 18,1,9,,65870,24,0,13,1,21,,65867,24,0,11 12,1,50,,65845,24,0,10,1,20,,65872,24,0,17 18,1,9,,65875,24,,,1,21,,65873,24,0,17 18,1,50,,65846,24,0,10,1,15,,65852,24,0,15,1,5,,65874,24,0,17 18,1,12,,65861,24,0,11 12,1,65,,65840,24,0,10,1,30,,65869,24,0,13,1,70,,65841,24,0,10,1,30,,65862,24,0,11 12,1,70,,65842,24,0,10,1,30,,65863,24,0,11 12,1,70,,65843,24,0,10,1,30,,65864,24,0,11 12,1,70,,65844,24,0,10,1,30,,65865,24,0,11 12,1,18,,65849,24,0,10,1,82,,65866,24,0,11 12,1
100,'20260909',657,,65876,24,0,10,1,70,,65899,24,0,11 12,1,78,,65877,24,0,10,1,30,,65900,24,0,11 12,1,70,,65878,24,0,10,1,30,,65901,24,0,11 12,1,70,,65879,24,0,10,1,30,,65902,24,0,11 12,1,70,,65880,24,0,10,1,30,,65903,24,0,11 12,1,70,,65881,24,0,10,1,30,,65914,24,0,13,1,70,,65882,24,0,10,1,30,,65904,24,0,11 12,1,70,,65883,24,0,10,1,30,,65905,24,0,11 12,1,70,,65884,24,0,10,1,30,,65906,24,0,11 12,1,70,,65885,24,0,10,1,24,,65917,24,0,17 18,1,9,,65916,24,0,13,1,21,,65913,24,0,11 12,1,50,,65891,24,0,10,1,20,,65918,24,0,17 18,1,9,,65921,24,,,1,21,,65919,24,0,17 18,1,50,,65892,24,0,10,1,15,,65898,24,0,15,1,5,,65920,24,0,17 18,1,12,,65907,24,0,11 12,1,65,,65886,24,0,10,1,30,,65915,24,0,13,1,70,,65887,24,0,10,1,30,,65908,24,0,11 12,1,70,,65888,24,0,10,1,30,,65909,24,0,11 12,1,70,,65889,24,0,10,1,30,,65910,24,0,11 12,1,70,,65890,24,0,10,1,30,,65911,24,0,11 12,1,18,,65895,24,0,10,1,82,,65912,24,0,11 12,1
100,'20260910',657,,65922,24,0,10,1,70,,65945,24,0,11 12,1,78,,65923,24,0,10,1,30,,65946,24,0,11 12,1,70,,65924,24,0,10,1,30,,65947,24,0,11 12,1,70,,65925,24,0,10,1,30,,65948,24,0,11 12,1,70,,65926,24,0,10,1,30,,65949,24,0,11 12,1,70,,65927,24,0,10,1,30,,65960,24,0,13,1,70,,65928,24,0,10,1,30,,65950,24,0,11 12,1,70,,65929,24,0,10,1,30,,65951,24,0,11 12,1,70,,65930,24,0,10,1,30,,65952,24,0,11 12,1,70,,65931,24,0,10,1,24,,65963,24,0,17 18,1,9,,65962,24,0,13,1,21,,65959,24,0,11 12,1,50,,65937,24,0,10,1,20,,65964,24,0,17 18,1,9,,65967,24,,,1,21,,65965,24,0,17 18,1,50,,65938,24,0,10,1,15,,65944,24,0,15,1,5,,65966,24,0,17 18,1,12,,65953,24,0,11 12,1,65,,65932,24,0,10,1,30,,65961,24,0,13,1,70,,65933,24,0,10,1,30,,65954,24,0,11 12,1,70,,65934,24,0,10,1,30,,65955,24,0,11 12,1,70,,65935,24,0,10,1,30,,65956,24,0,11 12,1,70,,65936,24,0,10,1,30,,65957,24,0,11 12,1,18,,65941,24,0,10,1,82,,65958,24,0,11 12,1
100,'20260911',657,,65968,24,0,10,1,70,,65992,24,0,11 12,1,78,,65969,24,0,10,1,30,,65993,24,0,11 12,1,70,,65970,24,0,10,1,30,,65994,24,0,11 12,1,70,,65971,24,0,10,1,30,,65995,24,0,11 12,1,70,,65972,24,0,10,1,30,,65996,24,0,11 12,1,70,,65973,24,0,10,1,30,,66008,24,0,13,1,70,,65974,24,0,10,1,30,,65997,24,0,11 12,1,70,,65975,24,0,10,1,30,,65998,24,0,11 12,1,70,,65976,24,0,10,1,30,,65999,24,0,11 12,1,70,,65977,24,0,10,1,24,,66011,24,0,17 18,1,9,,66010,24,0,13,1,21,,66007,24,0,11 12,1,50,,65985,24,0,10,1,20,,66012,24,0,17 18,1,9,,66015,24,,,1,21,,66013,24,0,17 18,1,50,,65986,24,0,10,1,15,,65991,24,0,15,1,5,,66014,24,0,17 18,1,12,,66000,24,0,11 12,1,65,,65978,24,0,10,1,30,,66009,24,0,13,1,70,,65979,24,0,10,1,30,,66001,24,0,11 12,1,70,,65980,24,0,10,1,30,,66002,24,0,11 12,1,70,,65981,24,0,10,1,30,,66003,24,0,11 12,1,70,,65982,24,0,10,1,30,,66004,24,0,11 12,1,70,,65983,24,0,10,1,30,,66005,24,0,11 12,1,70,,65984,24,0,10,1,30,,66006,24,0,11 12,1
100,'20260912',935,,66032,24,0,11 12,1,70,,66016,24,0,10,1,30,,66033,24,0,11 12,1,70,,66017,24,0,10,1,30,,66034,24,0,11 12,1,70,,66018,24,0,10,1,30,,66035,24,0,11 12,1,70,,66019,24,0,10,1,30,,66036,24,0,11 12,1,70,,66020,24,0,10,1,30,,66037,24,0,11 12,1,70,,66021,24,0,10,1,30,,66047,24,0,13,1,70,,66022,24,0,10,1,30,,66038,24,0,11 12,1,70,,66023,24,0,10,1,30,,66039,24,0,11 12,1,71,,66024,24,0,10,1,30,,66040,24,0,11 12,1,70,,66025,24,0,10,1,30,,66041,24,0,11 12,1,70,,66026,24,0,10,1,30,,66042,24,0,11 12,1,70,,66027,24,0,10,1,30,,66048,24,0,13,1,70,,66028,24,0,10,1,30,,66043,24,0,11 12,1,70,,66029,24,0,10,1,30,,66044,24,0,11 12,1,71,,66030,24,0,10,1,31,,66045,24,0,11 12,1,70,,66031,24,0,10,1,30,,66046,24,0,11 12,1
100,'20260913',935,,66069,24,0,11 12,1,70,,66053,24,0,10,1,30,,66070,24,0,11 12,1,70,,66054,24,0,10,1,30,,66071,24,0,11 12,1,70,,66055,24,0,10,1,30,,66072,24,0,11 12,1,70,,66056,24,0,10,1,30,,66073,24,0,11 12,1,70,,66057,24,0,10,1,30,,66074,24,0,11 12,1,70,,66058,24,0,10,1,30,,66083,24,0,13,1,70,,66059,24,0,10,1,30,,66075,24,0,11 12,1,70,,66060,24,0,10,1,30,,66076,24,0,11 12,1,71,,66061,24,0,10,1,30,,66077,24,0,11 12,1,70,,66062,24,0,10,1,30,,66078,24,0,11 12,1,70,,66063,24,0,10,1,30,,66079,24,0,11 12,1,70,,66064,24,0,10,1,30,,66084,24,0,13,1,70,,66065,24,0,10,1,30,,66080,24,0,11 12,1,70,,66066,24,0,10,1,30,,66081,24,0,11 12,1,71,,66067,24,0,10,1,31,,66082,24,0,11 12,1,70,,66068,24,0,10,1
100,'20260914',657,,66089,24,0,10,1,70,,66112,24,0,11 12,1,78,,66090,24,0,10,1,30,,66113,24,0,11 12,1,70,,66091,24,0,10,1,30,,66114,24,0,11 12,1,70,,66092,24,0,10,1,30,,66115,24,0,11 12,1,70,,66093,24,0,10,1,30,,66116,24,0,11 12,1,70,,66094,24,0,10,1,30,,66127,24,0,13,1,70,,66095,24,0,10,1,30,,66117,24,0,11 12,1,70,,66096,24,0,10,1,30,,66118,24,0,11 12,1,70,,66097,24,0,10,1,30,,66119,24,0,11 12,1,70,,66098,24,0,10,1,24,,66130,24,0,17 18,1,9,,66129,24,0,13,1,21,,66126,24,0,11 12,1,50,,66104,24,0,10,1,20,,66131,24,0,17 18,1,9,,66134,24,,,1,21,,66132,24,0,17 18,1,50,,66105,24,0,10,1,15,,66111,24,0,15,1,5,,66133,24,0,17 18,1,12,,66120,24,0,11 12,1,65,,66099,24,0,10,1,30,,66128,24,0,13,1,70,,66100,24,0,10,1,30,,66121,24,0,11 12,1,70,,66101,24,0,10,1,30,,66122,24,0,11 12,1,70,,66102,24,0,10,1,30,,66123,24,0,11 12,1,70,,66103,24,0,10,1,30,,66124,24,0,11 12,1,18,,66108,24,0,10,1,82,,66125,24,0,11 12,1
100,'20260915',657,,66135,24,0,10,1,70,,66158,24,0,11 12,1,78,,66136,24,0,10,1,30,,66159,24,0,11 12,1,70,,66137,24,0,10,1,30,,66160,24,0,11 12,1,70,,66138,24,0,10,1,30,,66161,24,0,11 12,1,70,,66139,24,0,10,1,30,,66162,24,0,11 12,1,70,,66140,24,0,10,1,30,,66173,24,0,13,1,70,,66141,24,0,10,1,30,,66163,24,0,11 12,1,70,,66142,24,0,10,1,30,,66164,24,0,11 12,1,70,,66143,24,0,10,1,30,,66165,24,0,11 12,1,70,,66144,24,0,10,1,24,,66176,24,0,17 18,1,9,,66175,24,0,13,1,21,,66172,24,0,11 12,1,50,,66150,24,0,10,1,20,,66177,24,0,17 18,1,9,,66180,24,,,1,21,,66178,24,0,17 18,1,50,,66151,24,0,10,1,15,,66157,24,0,15,1,5,,66179,24,0,17 18,1,12,,66166,24,0,11 12,1,65,,66145,24,0,10,1,30,,66174,24,0,13,1,70,,66146,24,0,10,1,30,,66167,24,0,11 12,1,70,,66147,24,0,10,1,30,,66168,24,0,11 12,1,70,,66148,24,0,10,1,30,,66169,24,0,11 12,1,70,,66149,24,0,10,1,30,,66170,24,0,11 12,1,18,,66154,24,0,10,1,82,,66171,24,0,11 12,1
100,'20260916',657,,66181,24,0,10,1,70,,66204,24,0,11 12,1,78,,66182,24,0,10,1,30,,66205,24,0,11 12,1,70,,66183,24,0,10,1,30,,66206,24,0,11 12,1,70,,66184,24,0,10,1,30,,66207,24,0,11 12,1,70,,66185,24,0,10,1,30,,66208,24,0,11 12,1,70,,66186,24,0,10,1,30,,66219,24,0,13,1,70,,66187,24,0,10,1,30,,66209,24,0,11 12,1,70,,66188,24,0,10,1,30,,66210,24,0,11 12,1,70,,66189,24,0,10,1,30,,66211,24,0,11 12,1,70,,66190,24,0,10,1,24,,66222,24,0,17 18,1,9,,66221,24,0,13,1,21,,66218,24,0,11 12,1,50,,66196,24,0,10,1,20,,66223,24,0,17 18,1,9,,66226,24,,,1,21,,66224,24,0,17 18,1,50,,66197,24,0,10,1,15,,66203,24,0,15,1,5,,66225,24,0,17 18,1,12,,66212,24,0,11 12,1,65,,66191,24,0,10,1,30,,66220,24,0,13,1,70,,66192,24,0,10,1,30,,66213,24,0,11 12,1,70,,66193,24,0,10,1,30,,66214,24,0,11 12,1,70,,66194,24,0,10,1,30,,66215,24,0,11 12,1,70,,66195,24,0,10,1,30,,66216,24,0,11 12,1,18,,66200,24,0,10,1,82,,66217,24,0,11 12,1
100,'20260917',657,,66227,24,0,10,1,70,,66250,24,0,11 12,1,78,,66228,24,0,10,1,30,,66251,24,0,11 12,1,70,,66229,24,0,10,1,30,,66252,24,0,11 12,1,70,,66230,24,0,10,1,30,,66253,24,0,11 12,1,70,,66231,24,0,10,1,30,,66254,24,0,11 12,1,70,,66232,24,0,10,1,30,,66265,24,0,13,1,70,,66233,24,0,10,1,30,,66255,24,0,11 12,1,70,,66234,24,0,10,1,30,,66256,24,0,11 12,1,70,,66235,24,0,10,1,30,,66257,24,0,11 12,1,70,,66236,24,0,10,1,24,,66268,24,0,17 18,1,9,,66267,24,0,13,1,21,,66264,24,0,11 12,1,50,,66242,24,0,10,1,20,,66269,24,0,17 18,1,9,,66272,24,,,1,21,,66270,24,0,17 18,1,50,,66243,24,0,10,1,15,,66249,24,0,15,1,5,,66271,24,0,17 18,1,12,,66258,24,0,11 12,1,65,,66237,24,0,10,1,30,,66266,24,0,13,1,70,,66238,24,0,10,1,30,,66259,24,0,11 12,1,70,,66239,24,0,10,1,30,,66260,24,0,11 12,1,70,,66240,24,0,10,1,30,,66261,24,0,11 12,1,70,,66241,24,0,10,1,30,,66262,24,0,11 12,1,18,,66246,24,0,10,1,82,,66263,24,0,11 12,1
100,'20260918',657,,66273,24,0,10,1,70,,66297,24,0,11 12,1,78,,66274,24,0,10,1,30,,66298,24,0,11 12,1,70,,66275,24,0,10,1,30,,66299,24,0,11 12,1,70,,66276,24,0,10,1,30,,66300,24,0,11 12,1,70,,66277,24,0,10,1,30,,66301,24,0,11 12,1,70,,66278,24,0,10,1,30,,66313,24,0,13,1,70,,66279,24,0,10,1,30,,66302,24,0,11 12,1,70,,66280,24,0,10,1,30,,66303,24,0,11 12,1,70,,66281,24,0,10,1,30,,66304,24,0,11 12,1,70,,66282,24,0,10,1,24,,66316,24,0,17 18,1,9,,66315,24,0,13,1,21,,66312,24,0,11 12,1,50,,66290,24,0,10,1,20,,66317,24,0,17 18,1,9,,66320,24,,,1,21,,66318,24,0,17 18,1,50,,66291,24,0,10,1,15,,66296,24,0,15,1,5,,66319,24,0,17 18,1,12,,66305,24,0,11 12,1,65,,66283,24,0,10,1,30,,66314,24,0,13,1,70,,66284,24,0,10,1,30,,66306,24,0,11 12,1,70,,66285,24,0,10,1,30,,66307,24,0,11 12,1,70,,66286,24,0,10,1,30,,66308,24,0,11 12,1,70,,66287,24,0,10,1,30,,66309,24,0,11 12,1,70,,66288,24,0,10,1,30,,66310,24,0,11 12,1,70,,66289,24,0,10,1,30,,66311,24,0,11 12,1
100,'20260919',935,,66337,24,0,11 12,1,70,,66321,24,0,10,1,30,,66338,24,0,11 12,1,70,,66322,24,0,10,1,30,,66339,24,0,11 12,1,70,,66323,24,0,10,1,30,,66340,24,0,11 12,1,70,,66324,24,0,10,1,30,,66341,24,0,11 12,1,70,,66325,24,0,10,1,30,,66342,24,0,11 12,1,70,,66326,24,0,10,1,30,,66352,24,0,13,1,70,,66327,24,0,10,1,30,,66343,24,0,11 12,1,70,,66328,24,0,10,1,30,,66344,24,0,11 12,1,71,,66329,24,0,10,1,30,,66345,24,0,11 12,1,70,,66330,24,0,10,1,30,,66346,24,0,11 12,1,70,,66331,24,0,10,1,30,,66347,24,0,11 12,1,70,,66332,24,0,10,1,30,,66353,24,0,13,1,70,,66333,24,0,10,1,30,,66348,24,0,11 12,1,70,,66334,24,0,10,1,30,,66349,24,0,11 12,1,71,,66335,24,0,10,1,31,,66350,24,0,11 12,1,70,,66336,24,0,10,1,30,,66351,24,0,11 12,1
100,'20260920',935,,66374,24,0,11 12,1,70,,66358,24,0,10,1,30,,66375,24,0,11 12,1,70,,66359,24,0,10,1,30,,66376,24,0,11 12,1,70,,66360,24,0,10,1,30,,66377,24,0,11 12,1,70,,66361,24,0,10,1,30,,66378,24,0,11 12,1,70,,66362,24,0,10,1,30,,66379,24,0,11 12,1,70,,66363,24,0,10,1,30,,66388,24,0,13,1,70,,66364,24,0,10,1,30,,66380,24,0,11 12,1,70,,66365,24,0,10,1,30,,66381,24,0,11 12,1,71,,66366,24,0,10,1,30,,66382,24,0,11 12,1,70,,66367,24,0,10,1,30,,66383,24,0,11 12,1,70,,66368,24,0,10,1,30,,66384,24,0,11 12,1,70,,66369,24,0,10,1,30,,66389,24,0,13,1,70,,66370,24,0,10,1,30,,66385,24,0,11 12,1,70,,66371,24,0,10,1,30,,66386,24,0,11 12,1,71,,66372,24,0,10,1,31,,66387,24,0,11 12,1,70,,66373,24,0,10,1
100,'20260921',657,,66394,24,0,10,1,70,,66417,24,0,11 12,1,78,,66395,24,0,10,1,30,,66418,24,0,11 12,1,70,,66396,24,0,10,1,30,,66419,24,0,11 12,1,70,,66397,24,0,10,1,30,,66420,24,0,11 12,1,70,,66398,24,0,10,1,30,,66421,24,0,11 12,1,70,,66399,24,0,10,1,30,,66432,24,0,13,1,70,,66400,24,0,10,1,30,,66422,24,0,11 12,1,70,,66401,24,0,10,1,30,,66423,24,0,11 12,1,70,,66402,24,0,10,1,30,,66424,24,0,11 12,1,70,,66403,24,0,10,1,24,,66435,24,0,17 18,1,9,,66434,24,0,13,1,21,,66431,24,0,11 12,1,50,,66409,24,0,10,1,20,,66436,24,0,17 18,1,9,,66439,24,,,1,21,,66437,24,0,17 18,1,50,,66410,24,0,10,1,15,,66416,24,0,15,1,5,,66438,24,0,17 18,1,12,,66425,24,0,11 12,1,65,,66404,24,0,10,1,30,,66433,24,0,13,1,70,,66405,24,0,10,1,30,,66426,24,0,11 12,1,70,,66406,24,0,10,1,30,,66427,24,0,11 12,1,70,,66407,24,0,10,1,30,,66428,24,0,11 12,1,70,,66408,24,0,10,1,30,,66429,24,0,11 12,1,18,,66413,24,0,10,1,82,,66430,24,0,11 12,1
100,'20260922',657,,66440,24,0,10,1,70,,66463,24,0,11 12,1,78,,66441,24,0,10,1,30,,66464,24,0,11 12,1,70,,66442,24,0,10,1,30,,66465,24,0,11 12,1,70,,66443,24,0,10,1,30,,66466,24,0,11 12,1,70,,66444,24,0,10,1,30,,66467,24,0,11 12,1,70,,66445,24,0,10,1,30,,66478,24,0,13,1,70,,66446,24,0,10,1,30,,66468,24,0,11 12,1,70,,66447,24,0,10,1,30,,66469,24,0,11 12,1,70,,66448,24,0,10,1,30,,66470,24,0,11 12,1,70,,66449,24,0,10,1,24,,66481,24,0,17 18,1,9,,66480,24,0,13,1,21,,66477,24,0,11 12,1,50,,66455,24,0,10,1,20,,66482,24,0,17 18,1,9,,66485,24,,,1,21,,66483,24,0,17 18,1,50,,66456,24,0,10,1,15,,66462,24,0,15,1,5,,66484,24,0,17 18,1,12,,66471,24,0,11 12,1,65,,66450,24,0,10,1,30,,66479,24,0,13,1,70,,66451,24,0,10,1,30,,66472,24,0,11 12,1,70,,66452,24,0,10,1,30,,66473,24,0,11 12,1,70,,66453,24,0,10,1,30,,66474,24,0,11 12,1,70,,66454,24,0,10,1,30,,66475,24,0,11 12,1,18,,66459,24,0,10,1,82,,66476,24,0,11 12,1
100,'20260923',657,,66486,24,0,10,1,70,,66509,24,0,11 12,1,78,,66487,24,0,10,1,30,,66510,24,0,11 12,1,70,,66488,24,0,10,1,30,,66511,24,0,11 12,1,70,,66489,24,0,10,1,30,,66512,24,0,11 12,1,70,,66490,24,0,10,1,30,,66513,24,0,11 12,1,70,,66491,24,0,10,1,30,,66524,24,0,13,1,70,,66492,24,0,10,1,30,,66514,24,0,11 12,1,70,,66493,24,0,10,1,30,,66515,24,0,11 12,1,70,,66494,24,0,10,1,30,,66516,24,0,11 12,1,70,,66495,24,0,10,1,24,,66527,24,0,17 18,1,9,,66526,24,0,13,1,21,,66523,24,0,11 12,1,50,,66501,24,0,10,1,20,,66528,24,0,17 18,1,9,,66531,24,,,1,21,,66529,24,0,17 18,1,50,,66502,24,0,10,1,15,,66508,24,0,15,1,5,,66530,24,0,17 18,1,12,,66517,24,0,11 12,1,65,,66496,24,0,10,1,30,,66525,24,0,13,1,70,,66497,24,0,10,1,30,,66518,24,0,11 12,1,70,,66498,24,0,10,1,30,,66519,24,0,11 12,1,70,,66499,24,0,10,1,30,,66520,24,0,11 12,1,70,,66500,24,0,10,1,30,,66521,24,0,11 12,1,18,,66505,24,0,10,1,82,,66522,24,0,11 12,1
100,'20260924',657,,66532,24,0,10,1,70,,66555,24,0,11 12,1,78,,66533,24,0,10,1,30,,66556,24,0,11 12,1,70,,66534,24,0,10,1,30,,66557,24,0,11 12,1,70,,66535,24,0,10,1,30,,66558,24,0,11 12,1,70,,66536,24,0,10,1,30,,66559,24,0,11 12,1,70,,66537,24,0,10,1,30,,66570,24,0,13,1,70,,66538,24,0,10,1,30,,66560,24,0,11 12,1,70,,66539,24,0,10,1,30,,66561,24,0,11 12,1,70,,66540,24,0,10,1,30,,66562,24,0,11 12,1,70,,66541,24,0,10,1,24,,66573,24,0,17 18,1,9,,66572,24,0,13,1,21,,66569,24,0,11 12,1,50,,66547,24,0,10,1,20,,66574,24,0,17 18,1,9,,66577,24,,,1,21,,66575,24,0,17 18,1,50,,66548,24,0,10,1,15,,66554,24,0,15,1,5,,66576,24,0,17 18,1,12,,66563,24,0,11 12,1,65,,66542,24,0,10,1,30,,66571,24,0,13,1,70,,66543,24,0,10,1,30,,66564,24,0,11 12,1,70,,66544,24,0,10,1,30,,66565,24,0,11 12,1,70,,66545,24,0,10,1,30,,66566,24,0,11 12,1,70,,66546,24,0,10,1,30,,66567,24,0,11 12,1,18,,66551,24,0,10,1,82,,66568,24,0,11 12,1
100,'20260925',657,,66578,24,0,10,1,70,,66602,24,0,11 12,1,78,,66579,24,0,10,1,30,,66603,24,0,11 12,1,70,,66580,24,0,10,1,30,,66604,24,0,11 12,1,70,,66581,24,0,10,1,30,,66605,24,0,11 12,1,70,,66582,24,0,10,1,30,,66606,24,0,11 12,1,70,,66583,24,0,10,1,30,,66618,24,0,13,1,70,,66584,24,0,10,1,30,,66607,24,0,11 12,1,70,,66585,24,0,10,1,30,,66608,24,0,11 12,1,70,,66586,24,0,10,1,30,,66609,24,0,11 12,1,70,,66587,24,0,10,1,24,,66621,24,0,17 18,1,9,,66620,24,0,13,1,21,,66617,24,0,11 12,1,50,,66595,24,0,10,1,20,,66622,24,0,17 18,1,9,,66625,24,,,1,21,,66623,24,0,17 18,1,50,,66596,24,0,10,1,15,,66601,24,0,15,1,5,,66624,24,0,17 18,1,12,,66610,24,0,11 12,1,65,,66588,24,0,10,1,30,,66619,24,0,13,1,70,,66589,24,0,10,1,30,,66611,24,0,11 12,1,70,,66590,24,0,10,1,30,,66612,24,0,11 12,1,70,,66591,24,0,10,1,30,,66613,24,0,11 12,1,70,,66592,24,0,10,1,30,,66614,24,0,11 12,1,70,,66593,24,0,10,1,30,,66615,24,0,11 12,1,70,,66594,24,0,10,1,30,,66616,24,0,11 12,1
100,'20260926',935,,66642,24,0,11 12,1,70,,66626,24,0,10,1,30,,66643,24,0,11 12,1,70,,66627,24,0,10,1,30,,66644,24,0,11 12,1,70,,66628,24,0,10,1,30,,66645,24,0,11 12,1,70,,66629,24,0,10,1,30,,66646,24,0,11 12,1,70,,66630,24,0,10,1,30,,66647,24,0,11 12,1,70,,66631,24,0,10,1,30,,66657,24,0,13,1,70,,66632,24,0,10,1,30,,66648,24,0,11 12,1,70,,66633,24,0,10,1,30,,66649,24,0,11 12,1,71,,66634,24,0,10,1,30,,66650,24,0,11 12,1,70,,66635,24,0,10,1,30,,66651,24,0,11 12,1,70,,66636,24,0,10,1,30,,66652,24,0,11 12,1,70,,66637,24,0,10,1,30,,66658,24,0,13,1,70,,66638,24,0,10,1,30,,66653,24,0,11 12,1,70,,66639,24,0,10,1,30,,66654,24,0,11 12,1,71,,66640,24,0,10,1,31,,66655,24,0,11 12,1,70,,66641,24,0,10,1,30,,66656,24,0,11 12,1
100,'20260927',935,,66679,24,0,11 12,1,70,,66663,24,0,10,1,30,,66680,24,0,11 12,1,70,,66664,24,0,10,1,30,,66681,24,0,11 12,1,70,,66665,24,0,10,1,30,,66682,24,0,11 12,1,70,,66666,24,0,10,1,30,,66683,24,0,11 12,1,70,,66667,24,0,10,1,30,,66684,24,0,11 12,1,70,,66668,24,0,10,1,30,,66693,24,0,13,1,70,,66669,24,0,10,1,30,,66685,24,0,11 12,1,70,,66670,24,0,10,1,30,,66686,24,0,11 12,1,71,,66671,24,0,10,1,30,,66687,24,0,11 12,1,70,,66672,24,0,10,1,30,,66688,24,0,11 12,1,70,,66673,24,0,10,1,30,,66689,24,0,11 12,1,70,,66674,24,0,10,1,30,,66694,24,0,13,1,70,,66675,24,0,10,1,30,,66690,24,0,11 12,1,70,,66676,24,0,10,1,30,,66691,24,0,11 12,1,71,,66677,24,0,10,1,31,,66692,24,0,11 12,1,70,,66678,24,0,10,1
100,'20260928',657,,66699,24,0,10,1,70,,66722,24,0,11 12,1,78,,66700,24,0,10,1,30,,66723,24,0,11 12,1,70,,66701,24,0,10,1,30,,66724,24,0,11 12,1,70,,66702,24,0,10,1,30,,66725,24,0,11 12,1,70,,66703,24,0,10,1,30,,66726,24,0,11 12,1,70,,66704,24,0,10,1,30,,66737,24,0,13,1,70,,66705,24,0,10,1,30,,66727,24,0,11 12,1,70,,66706,24,0,10,1,30,,66728,24,0,11 12,1,70,,66707,24,0,10,1,30,,66729,24,0,11 12,1,70,,66708,24,0,10,1,24,,66740,24,0,17 18,1,9,,66739,24,0,13,1,21,,66736,24,0,11 12,1,50,,66714,24,0,10,1,20,,66741,24,0,17 18,1,9,,66744,24,,,1,21,,66742,24,0,17 18,1,50,,66715,24,0,10,1,15,,66721,24,0,15,1,5,,66743,24,0,17 18,1,12,,66730,24,0,11 12,1,65,,66709,24,0,10,1,30,,66738,24,0,13,1,70,,66710,24,0,10,1,30,,66731,24,0,11 12,1,70,,66711,24,0,10,1,30,,66732,24,0,11 12,1,70,,66712,24,0,10,1,30,,66733,24,0,11 12,1,70,,66713,24,0,10,1,30,,66734,24,0,11 12,1,18,,66718,24,0,10,1,82,,66735,24,0,11 12,1
100,'20260929',657,,66745,24,0,10,1,70,,66768,24,0,11 12,1,78,,66746,24,0,10,1,30,,66769,24,0,11 12,1,70,,66747,24,0,10,1,30,,66770,24,0,11 12,1,70,,66748,24,0,10,1,30,,66771,24,0,11 12,1,70,,66749,24,0,10,1,30,,66772,24,0,11 12,1,70,,66750,24,0,10,1,30,,66783,24,0,13,1,70,,66751,24,0,10,1,30,,66773,24,0,11 12,1,70,,66752,24,0,10,1,30,,66774,24,0,11 12,1,70,,66753,24,0,10,1,30,,66775,24,0,11 12,1,70,,66754,24,0,10,1,24,,66786,24,0,17 18,1,9,,66785,24,0,13,1,21,,66782,24,0,11 12,1,50,,66760,24,0,10,1,20,,66787,24,0,17 18,1,9,,66790,24,,,1,21,,66788,24,0,17 18,1,50,,66761,24,0,10,1,15,,66767,24,0,15,1,5,,66789,24,0,17 18,1,12,,66776,24,0,11 12,1,65,,66755,24,0,10,1,30,,66784,24,0,13,1,70,,66756,24,0,10,1,30,,66777,24,0,11 12,1,70,,66757,24,0,10,1,30,,66778,24,0,11 12,1,70,,66758,24,0,10,1,30,,66779,24,0,11 12,1,70,,66759,24,0,10,1,30,,66780,24,0,11 12,1,18,,66764,24,0,10,1,82,,66781,24,0,11 12,1
100,'20260930',657,,66791,24,0,10,1,70,,66814,24,0,11 12,1,78,,66792,24,0,10,1,30,,66815,24,0,11 12,1,70,,66793,24,0,10,1,30,,66816,24,0,11 12,1,70,,66794,24,0,10,1,30,,66817,24,0,11 12,1,70,,66795,24,0,10,1,30,,66818,24,0,11 12,1,70,,66796,24,0,10,1,30,,66829,24,0,13,1,70,,66797,24,0,10,1,30,,66819,24,0,11 12,1,70,,66798,24,0,10,1,30,,66820,24,0,11 12,1,70,,66799,24,0,10,1,30,,66821,24,0,11 12,1,70,,66800,24,0,10,1,24,,66832,24,0,17 18,1,9,,66831,24,0,13,1,21,,66828,24,0,11 12,1,50,,66806,24,0,10,1,20,,66833,24,0,17 18,1,9,,66836,24,,,1,21,,66834,24,0,17 18,1,50,,66807,24,0,10,1,15,,66813,24,0,15,1,5,,66835,24,0,17 18,1,12,,66822,24,0,11 12,1,65,,66801,24,0,10,1,30,,66830,24,0,13,1,70,,66802,24,0,10,1,30,,66823,24,0,11 12,1,70,,66803,24,0,10,1,30,,66824,24,0,11 12,1,70,,66804,24,0,10,1,30,,66825,24,0,11 12,1,70,,66805,24,0,10,1,30,,66826,24,0,11 12,1,18,,66810,24,0,10,1,82,,66827,24,0,11 12,1
100,'20261001',657,,66837,24,0,10,1,70,,66860,24,0,11 12,1,78,,66838,24,0,10,1,30,,66861,24,0,11 12,1,70,,66839,24,0,10,1,30,,66862,24,0,11 12,1,70,,66840,24,0,10,1,30,,66863,24,0,11 12,1,70,,66841,24,0,10,1,30,,66864,24,0,11 12,1,70,,66842,24,0,10,1,30,,66875,24,0,13,1,70,,66843,24,0,10,1,30,,66865,24,0,11 12,1,70,,66844,24,0,10,1,30,,66866,24,0,11 12,1,70,,66845,24,0,10,1,30,,66867,24,0,11 12,1,70,,66846,24,0,10,1,24,,66878,24,0,17 18,1,9,,66877,24,0,13,1,21,,66874,24,0,11 12,1,50,,66852,24,0,10,1,20,,66879,24,0,17 18,1,9,,66882,24,,,1,21,,66880,24,0,17 18,1,50,,66853,24,0,10,1,15,,66859,24,0,15,1,5,,66881,24,0,17 18,1,12,,66868,24,0,11 12,1,65,,66847,24,0,10,1,30,,66876,24,0,13,1,70,,66848,24,0,10,1,30,,66869,24,0,11 12,1,70,,66849,24,0,10,1,30,,66870,24,0,11 12,1,70,,66850,24,0,10,1,30,,66871,24,0,11 12,1,70,,66851,24,0,10,1,30,,66872,24,0,11 12,1,18,,66856,24,0,10,1,82,,66873,24,0,11 12,1
100,'20261002',657,,66883,24,0,10,1,70,,66907,24,0,11 12,1,78,,66884,24,0,10,1,30,,66908,24,0,11 12,1,70,,66885,24,0,10,1,30,,66909,24,0,11 12,1,70,,66886,24,0,10,1,30,,66910,24,0,11 12,1,70,,66887,24,0,10,1,30,,66911,24,0,11 12,1,70,,66888,24,0,10,1,30,,66923,24,0,13,1,70,,66889,24,0,10,1,30,,66912,24,0,11 12,1,70,,66890,24,0,10,1,30,,66913,24,0,11 12,1,70,,66891,24,0,10,1,30,,66914,24,0,11 12,1,70,,66892,24,0,10,1,24,,66926,24,0,17 18,1,9,,66925,24,0,13,1,21,,66922,24,0,11 12,1,50,,66900,24,0,10,1,20,,66927,24,0,17 18,1,9,,66930,24,,,1,21,,66928,24,0,17 18,1,50,,66901,24,0,10,1,15,,66906,24,0,15,1,5,,66929,24,0,17 18,1,12,,66915,24,0,11 12,1,65,,66893,24,0,10,1,30,,66924,24,0,13,1,70,,66894,24,0,10,1,30,,66916,24,0,11 12,1,70,,66895,24,0,10,1,30,,66917,24,0,11 12,1,70,,66896,24,0,10,1,30,,66918,24,0,11 12,1,70,,66897,24,0,10,1,30,,66919,24,0,11 12,1,70,,66898,24,0,10,1,30,,66920,24,0,11 12,1,70,,66899,24,0,10,1,30,,66921,24,0,11 12,1
100,'20261003',935,,66947,24,0,11 12,1,70,,66931,24,0,10,1,30,,66948,24,0,11 12,1,70,,66932,24,0,10,1,30,,66949,24,0,11 12,1,70,,66933,24,0,10,1,30,,66950,24,0,11 12,1,70,,66934,24,0,10,1,30,,66951,24,0,11 12,1,70,,66935,24,0,10,1,30,,66952,24,0,11 12,1,70,,66936,24,0,10,1,30,,66962,24,0,13,1,70,,66937,24,0,10,1,30,,66953,24,0,11 12,1,70,,66938,24,0,10,1,30,,66954,24,0,11 12,1,71,,66939,24,0,10,1,30,,66955,24,0,11 12,1,70,,66940,24,0,10,1,30,,66956,24,0,11 12,1,70,,66941,24,0,10,1,30,,66957,24,0,11 12,1,70,,66942,24,0,10,1,30,,66963,24,0,13,1,70,,66943,24,0,10,1,30,,66958,24,0,11 12,1,70,,66944,24,0,10,1,30,,66959,24,0,11 12,1,71,,66945,24,0,10,1,31,,66960,24,0,11 12,1,70,,66946,24,0,10,1,30,,66961,24,0,11 12,1
100,'20261004',935,,66984,24,0,11 12,1,70,,66968,24,0,10,1,30,,66985,24,0,11 12,1,70,,66969,24,0,10,1,30,,66986,24,0,11 12,1,70,,66970,24,0,10,1,30,,66987,24,0,11 12,1,70,,66971,24,0,10,1,30,,66988,24,0,11 12,1,70,,66972,24,0,10,1,30,,66989,24,0,11 12,1,70,,66973,24,0,10,1,30,,66998,24,0,13,1,70,,66974,24,0,10,1,30,,66990,24,0,11 12,1,70,,66975,24,0,10,1,30,,66991,24,0,11 12,1,71,,66976,24,0,10,1,30,,66992,24,0,11 12,1,70,,66977,24,0,10,1,30,,66993,24,0,11 12,1,70,,66978,24,0,10,1,30,,66994,24,0,11 12,1,70,,66979,24,0,10,1,30,,66999,24,0,13,1,70,,66980,24,0,10,1,30,,66995,24,0,11 12,1,70,,66981,24,0,10,1,30,,66996,24,0,11 12,1,71,,66982,24,0,10,1,31,,66997,24,0,11 12,1,70,,66983,24,0,10,1
100,'20261005',657,,67004,24,0,10,1,70,,67027,24,0,11 12,1,78,,67005,24,0,10,1,30,,67028,24,0,11 12,1,70,,67006,24,0,10,1,30,,67029,24,0,11 12,1,70,,67007,24,0,10,1,30,,67030,24,0,11 12,1,70,,67008,24,0,10,1,30,,67031,24,0,11 12,1,70,,67009,24,0,10,1,30,,67042,24,0,13,1,70,,67010,24,0,10,1,30,,67032,24,0,11 12,1,70,,67011,24,0,10,1,30,,67033,24,0,11 12,1,70,,67012,24,0,10,1,30,,67034,24,0,11 12,1,70,,67013,24,0,10,1,24,,67045,24,0,17 18,1,9,,67044,24,0,13,1,21,,67041,24,0,11 12,1,50,,67019,24,0,10,1,20,,67046,24,0,17 18,1,9,,67049,24,,,1,21,,67047,24,0,17 18,1,50,,67020,24,0,10,1,15,,67026,24,0,15,1,5,,67048,24,0,17 18,1,12,,67035,24,0,11 12,1,65,,67014,24,0,10,1,30,,67043,24,0,13,1,70,,67015,24,0,10,1,30,,67036,24,0,11 12,1,70,,67016,24,0,10,1,30,,67037,24,0,11 12,1,70,,67017,24,0,10,1,30,,67038,24,0,11 12,1,70,,67018,24,0,10,1,30,,67039,24,0,11 12,1,18,,67023,24,0,10,1,82,,67040,24,0,11 12,1
100,'20261006',657,,67050,24,0,10,1,70,,67073,24,0,11 12,1,78,,67051,24,0,10,1,30,,67074,24,0,11 12,1,70,,67052,24,0,10,1,30,,67075,24,0,11 12,1,70,,67053,24,0,10,1,30,,67076,24,0,11 12,1,70,,67054,24,0,10,1,30,,67077,24,0,11 12,1,70,,67055,24,0,10,1,30,,67088,24,0,13,1,70,,67056,24,0,10,1,30,,67078,24,0,11 12,1,70,,67057,24,0,10,1,30,,67079,24,0,11 12,1,70,,67058,24,0,10,1,30,,67080,24,0,11 12,1,70,,67059,24,0,10,1,24,,67091,24,0,17 18,1,9,,67090,24,0,13,1,21,,67087,24,0,11 12,1,50,,67065,24,0,10,1,20,,67092,24,0,17 18,1,9,,67095,24,,,1,21,,67093,24,0,17 18,1,50,,67066,24,0,10,1,15,,67072,24,0,15,1,5,,67094,24,0,17 18,1,12,,67081,24,0,11 12,1,65,,67060,24,0,10,1,30,,67089,24,0,13,1,70,,67061,24,0,10,1,30,,67082,24,0,11 12,1,70,,67062,24,0,10,1,30,,67083,24,0,11 12,1,70,,67063,24,0,10,1,30,,67084,24,0,11 12,1,70,,67064,24,0,10,1,30,,67085,24,0,11 12,1,18,,67069,24,0,10,1,82,,67086,24,0,11 12,1
100,'20261007',657,,67096,24,0,10,1,70,,67119,24,0,11 12,1,78,,67097,24,0,10,1,30,,67120,24,0,11 12,1,70,,67098,24,0,10,1,30,,67121,24,0,11 12,1,70,,67099,24,0,10,1,30,,67122,24,0,11 12,1,70,,67100,24,0,10,1,30,,67123,24,0,11 12,1,70,,67101,24,0,10,1,30,,67134,24,0,13,1,70,,67102,24,0,10,1,30,,67124,24,0,11 12,1,70,,67103,24,0,10,1,30,,67125,24,0,11 12,1,70,,67104,24,0,10,1,30,,67126,24,0,11 12,1,70,,67105,24,0,10,1,24,,67137,24,0,17 18,1,9,,67136,24,0,13,1,21,,67133,24,0,11 12,1,50,,67111,24,0,10,1,20,,67138,24,0,17 18,1,9,,67141,24,,,1,21,,67139,24,0,17 18,1,50,,67112,24,0,10,1,15,,67118,24,0,15,1,5,,67140,24,0,17 18,1,12,,67127,24,0,11 12,1,65,,67106,24,0,10,1,30,,67135,24,0,13,1,70,,67107,24,0,10,1,30,,67128,24,0,11 12,1,70,,67108,24,0,10,1,30,,67129,24,0,11 12,1,70,,67109,24,0,10,1,30,,67130,24,0,11 12,1,70,,67110,24,0,10,1,30,,67131,24,0,11 12,1,18,,67115,24,0,10,1,82,,67132,24,0,11 12,1
100,'20261008',657,,67142,24,0,10,1,70,,67165,24,0,11 12,1,78,,67143,24,0,10,1,30,,67166,24,0,11 12,1,70,,67144,24,0,10,1,30,,67167,24,0,11 12,1,70,,67145,24,0,10,1,30,,67168,24,0,11 12,1,70,,67146,24,0,10,1,30,,67169,24,0,11 12,1,70,,67147,24,0,10,1,30,,67180,24,0,13,1,70,,67148,24,0,10,1,30,,67170,24,0,11 12,1,70,,67149,24,0,10,1,30,,67171,24,0,11 12,1,70,,67150,24,0,10,1,30,,67172,24,0,11 12,1,70,,67151,24,0,10,1,24,,67183,24,0,17 18,1,9,,67182,24,0,13,1,21,,67179,24,0,11 12,1,50,,67157,24,0,10,1,20,,67184,24,0,17 18,1,9,,67187,24,,,1,21,,67185,24,0,17 18,1,50,,67158,24,0,10,1,15,,67164,24,0,15,1,5,,67186,24,0,17 18,1,12,,67173,24,0,11 12,1,65,,67152,24,0,10,1,30,,67181,24,0,13,1,70,,67153,24,0,10,1,30,,67174,24,0,11 12,1,70,,67154,24,0,10,1,30,,67175,24,0,11 12,1,70,,67155,24,0,10,1,30,,67176,24,0,11 12,1,70,,67156,24,0,10,1,30,,67177,24,0,11 12,1,18,,67161,24,0,10,1,82,,67178,24,0,11 12,1
100,'20261009',657,,67188,24,0,10,1,70,,67212,24,0,11 12,1,78,,67189,24,0,10,1,30,,67213,24,0,11 12,1,70,,67190,24,0,10,1,30,,67214,24,0,11 12,1,70,,67191,24,0,10,1,30,,67215,24,0,11 12,1,70,,67192,24,0,10,1,30,,67216,24,0,11 12,1,70,,67193,24,0,10,1,30,,67228,24,0,13,1,70,,67194,24,0,10,1,30,,67217,24,0,11 12,1,70,,67195,24,0,10,1,30,,67218,24,0,11 12,1,70,,67196,24,0,10,1,30,,67219,24,0,11 12,1,70,,67197,24,0,10,1,24,,67231,24,0,17 18,1,9,,67230,24,0,13,1,21,,67227,24,0,11 12,1,50,,67205,24,0,10,1,20,,67232,24,0,17 18,1,9,,67235,24,,,1,21,,67233,24,0,17 18,1,50,,67206,24,0,10,1,15,,67211,24,0,15,1,5,,67234,24,0,17 18,1,12,,67220,24,0,11 12,1,65,,67198,24,0,10,1,30,,67229,24,0,13,1,70,,67199,24,0,10,1,30,,67221,24,0,11 12,1,70,,67200,24,0,10,1,30,,67222,24,0,11 12,1,70,,67201,24,0,10,1,30,,67223,24,0,11 12,1,70,,67202,24,0,10,1,30,,67224,24,0,11 12,1,70,,67203,24,0,10,1,30,,67225,24,0,11 12,1,70,,67204,24,0,10,1,30,,67226,24,0,11 12,1
100,'20261010',935,,67252,24,0,11 12,1,70,,67236,24,0,10,1,30,,67253,24,0,11 12,1,70,,67237,24,0,10,1,30,,67254,24,0,11 12,1,70,,67238,24,0,10,1,30,,67255,24,0,11 12,1,70,,67239,24,0,10,1,30,,67256,24,0,11 12,1,70,,67240,24,0,10,1,30,,67257,24,0,11 12,1,70,,67241,24,0,10,1,30,,67267,24,0,13,1,70,,67242,24,0,10,1,30,,67258,24,0,11 12,1,70,,67243,24,0,10,1,30,,67259,24,0,11 12,1,71,,67244,24,0,10,1,30,,67260,24,0,11 12,1,70,,67245,24,0,10,1,30,,67261,24,0,11 12,1,70,,67246,24,0,10,1,30,,67262,24,0,11 12,1,70,,67247,24,0,10,1,30,,67268,24,0,13,1,70,,67248,24,0,10,1,30,,67263,24,0,11 12,1,70,,67249,24,0,10,1,30,,67264,24,0,11 12,1,71,,67250,24,0,10,1,31,,67265,24,0,11 12,1,70,,67251,24,0,10,1,30,,67266,24,0,11 12,1
100,'20261011',935,,67289,24,0,11 12,1,70,,67273,24,0,10,1,30,,67290,24,0,11 12,1,70,,67274,24,0,10,1,30,,67291,24,0,11 12,1,70,,67275,24,0,10,1,30,,67292,24,0,11 12,1,70,,67276,24,0,10,1,30,,67293,24,0,11 12,1,70,,67277,24,0,10,1,30,,67294,24,0,11 12,1,70,,67278,24,0,10,1,30,,67303,24,0,13,1,70,,67279,24,0,10,1,30,,67295,24,0,11 12,1,70,,67280,24,0,10,1,30,,67296,24,0,11 12,1,71,,67281,24,0,10,1,30,,67297,24,0,11 12,1,70,,67282,24,0,10,1,30,,67298,24,0,11 12,1,70,,67283,24,0,10,1,30,,67299,24,0,11 12,1,70,,67284,24,0,10,1,30,,67304,24,0,13,1,70,,67285,24,0,10,1,30,,67300,24,0,11 12,1,70,,67286,24,0,10,1,30,,67301,24,0,11 12,1,71,,67287,24,0,10,1,31,,67302,24,0,11 12,1,70,,67288,24,0,10,1
100,'20261012',657,,67309,24,0,10,1,70,,67332,24,0,11 12,1,78,,67310,24,0,10,1,30,,67333,24,0,11 12,1,70,,67311,24,0,10,1,30,,67334,24,0,11 12,1,70,,67312,24,0,10,1,30,,67335,24,0,11 12,1,70,,67313,24,0,10,1,30,,67336,24,0,11 12,1,70,,67314,24,0,10,1,30,,67347,24,0,13,1,70,,67315,24,0,10,1,30,,67337,24,0,11 12,1,70,,67316,24,0,10,1,30,,67338,24,0,11 12,1,70,,67317,24,0,10,1,30,,67339,24,0,11 12,1,70,,67318,24,0,10,1,24,,67350,24,0,17 18,1,9,,67349,24,0,13,1,21,,67346,24,0,11 12,1,50,,67324,24,0,10,1,20,,67351,24,0,17 18,1,9,,67354,24,,,1,21,,67352,24,0,17 18,1,50,,67325,24,0,10,1,15,,67331,24,0,15,1,5,,67353,24,0,17 18,1,12,,67340,24,0,11 12,1,65,,67319,24,0,10,1,30,,67348,24,0,13,1,70,,67320,24,0,10,1,30,,67341,24,0,11 12,1,70,,67321,24,0,10,1,30,,67342,24,0,11 12,1,70,,67322,24,0,10,1,30,,67343,24,0,11 12,1,70,,67323,24,0,10,1,30,,67344,24,0,11 12,1,18,,67328,24,0,10,1,82,,67345,24,0,11 12,1
100,'20261013',657,,67355,24,0,10,1,70,,67378,24,0,11 12,1,78,,67356,24,0,10,1,30,,67379,24,0,11 12,1,70,,67357,24,0,10,1,30,,67380,24,0,11 12,1,70,,67358,24,0,10,1,30,,67381,24,0,11 12,1,70,,67359,24,0,10,1,30,,67382,24,0,11 12,1,70,,67360,24,0,10,1,30,,67393,24,0,13,1,70,,67361,24,0,10,1,30,,67383,24,0,11 12,1,70,,67362,24,0,10,1,30,,67384,24,0,11 12,1,70,,67363,24,0,10,1,30,,67385,24,0,11 12,1,70,,67364,24,0,10,1,24,,67396,24,0,17 18,1,9,,67395,24,0,13,1,21,,67392,24,0,11 12,1,50,,67370,24,0,10,1,20,,67397,24,0,17 18,1,9,,67400,24,,,1,21,,67398,24,0,17 18,1,50,,67371,24,0,10,1,15,,67377,24,0,15,1,5,,67399,24,0,17 18,1,12,,67386,24,0,11 12,1,65,,67365,24,0,10,1,30,,67394,24,0,13,1,70,,67366,24,0,10,1,30,,67387,24,0,11 12,1,70,,67367,24,0,10,1,30,,67388,24,0,11 12,1,70,,67368,24,0,10,1,30,,67389,24,0,11 12,1,70,,67369,24,0,10,1,30,,67390,24,0,11 12,1,18,,67374,24,0,10,1,82,,67391,24,0,11 12,1
100,'20261014',657,,67401,24,0,10,1,70,,67424,24,0,11 12,1,78,,67402,24,0,10,1,30,,67425,24,0,11 12,1,70,,67403,24,0,10,1,30,,67426,24,0,11 12,1,70,,67404,24,0,10,1,30,,67427,24,0,11 12,1,70,,67405,24,0,10,1,30,,67428,24,0,11 12,1,70,,67406,24,0,10,1,30,,67439,24,0,13,1,70,,67407,24,0,10,1,30,,67429,24,0,11 12,1,70,,67408,24,0,10,1,30,,67430,24,0,11 12,1,70,,67409,24,0,10,1,30,,67431,24,0,11 12,1,70,,67410,24,0,10,1,24,,67442,24,0,17 18,1,9,,67441,24,0,13,1,21,,67438,24,0,11 12,1,50,,67416,24,0,10,1,20,,67443,24,0,17 18,1,9,,67446,24,,,1,21,,67444,24,0,17 18,1,50,,67417,24,0,10,1,15,,67423,24,0,15,1,5,,67445,24,0,17 18,1,12,,67432,24,0,11 12,1,65,,67411,24,0,10,1,30,,67440,24,0,13,1,70,,67412,24,0,10,1,30,,67433,24,0,11 12,1,70,,67413,24,0,10,1,30,,67434,24,0,11 12,1,70,,67414,24,0,10,1,30,,67435,24,0,11 12,1,70,,67415,24,0,10,1,30,,67436,24,0,11 12,1,18,,67420,24,0,10,1,82,,67437,24,0,11 12,1
100,'20261015',657,,67447,24,0,10,1,70,,67470,24,0,11 12,1,78,,67448,24,0,10,1,30,,67471,24,0,11 12,1,70,,67449,24,0,10,1,30,,67472,24,0,11 12,1,70,,67450,24,0,10,1,30,,67473,24,0,11 12,1,70,,67451,24,0,10,1,30,,67474,24,0,11 12,1,70,,67452,24,0,10,1,30,,67485,24,0,13,1,70,,67453,24,0,10,1,30,,67475,24,0,11 12,1,70,,67454,24,0,10,1,30,,67476,24,0,11 12,1,70,,67455,24,0,10,1,30,,67477,24,0,11 12,1,70,,67456,24,0,10,1,24,,67488,24,0,17 18,1,9,,67487,24,0,13,1,21,,67484,24,0,11 12,1,50,,67462,24,0,10,1,20,,67489,24,0,17 18,1,9,,67492,24,,,1,21,,67490,24,0,17 18,1,50,,67463,24,0,10,1,15,,67469,24,0,15,1,5,,67491,24,0,17 18,1,12,,67478,24,0,11 12,1,65,,67457,24,0,10,1,30,,67486,24,0,13,1,70,,67458,24,0,10,1,30,,67479,24,0,11 12,1,70,,67459,24,0,10,1,30,,67480,24,0,11 12,1,70,,67460,24,0,10,1,30,,67481,24,0,11 12,1,70,,67461,24,0,10,1,30,,67482,24,0,11 12,1,18,,67466,24,0,10,1,82,,67483,24,0,11 12,1
100,'20261016',657,,67493,24,0,10,1,70,,67517,24,0,11 12,1,78,,67494,24,0,10,1,30,,67518,24,0,11 12,1,70,,67495,24,0,10,1,30,,67519,24,0,11 12,1,70,,67496,24,0,10,1,30,,67520,24,0,11 12,1,70,,67497,24,0,10,1,30,,67521,24,0,11 12,1,70,,67498,24,0,10,1,30,,67533,24,0,13,1,70,,67499,24,0,10,1,30,,67522,24,0,11 12,1,70,,67500,24,0,10,1,30,,67523,24,0,11 12,1,70,,67501,24,0,10,1,30,,67524,24,0,11 12,1,70,,67502,24,0,10,1,24,,67536,24,0,17 18,1,9,,67535,24,0,13,1,21,,67532,24,0,11 12,1,50,,67510,24,0,10,1,20,,67537,24,0,17 18,1,9,,67540,24,,,1,21,,67538,24,0,17 18,1,50,,67511,24,0,10,1,15,,67516,24,0,15,1,5,,67539,24,0,17 18,1,12,,67525,24,0,11 12,1,65,,67503,24,0,10,1,30,,67534,24,0,13,1,70,,67504,24,0,10,1,30,,67526,24,0,11 12,1,70,,67505,24,0,10,1,30,,67527,24,0,11 12,1,70,,67506,24,0,10,1,30,,67528,24,0,11 12,1,70,,67507,24,0,10,1,30,,67529,24,0,11 12,1,70,,67508,24,0,10,1,30,,67530,24,0,11 12,1,70,,67509,24,0,10,1,30,,67531,24,0,11 12,1
100,'20261017',935,,67557,24,0,11 12,1,70,,67541,24,0,10,1,30,,67558,24,0,11 12,1,70,,67542,24,0,10,1,30,,67559,24,0,11 12,1,70,,67543,24,0,10,1,30,,67560,24,0,11 12,1,70,,67544,24,0,10,1,30,,67561,24,0,11 12,1,70,,67545,24,0,10,1,30,,67562,24,0,11 12,1,70,,67546,24,0,10,1,30,,67572,24,0,13,1,70,,67547,24,0,10,1,30,,67563,24,0,11 12,1,70,,67548,24,0,10,1,30,,67564,24,0,11 12,1,71,,67549,24,0,10,1,30,,67565,24,0,11 12,1,70,,67550,24,0,10,1,30,,67566,24,0,11 12,1,70,,67551,24,0,10,1,30,,67567,24,0,11 12,1,70,,67552,24,0,10,1,30,,67573,24,0,13,1,70,,67553,24,0,10,1,30,,67568,24,0,11 12,1,70,,67554,24,0,10,1,30,,67569,24,0,11 12,1,71,,67555,24,0,10,1,31,,67570,24,0,11 12,1,70,,67556,24,0,10,1,30,,67571,24,0,11 12,1
100,'20261018',935,,67594,24,0,11 12,1,70,,67578,24,0,10,1,30,,67595,24,0,11 12,1,70,,67579,24,0,10,1,30,,67596,24,0,11 12,1,70,,67580,24,0,10,1,30,,67597,24,0,11 12,1,70,,67581,24,0,10,1,30,,67598,24,0,11 12,1,70,,67582,24,0,10,1,30,,67599,24,0,11 12,1,70,,67583,24,0,10,1,30,,67608,24,0,13,1,70,,67584,24,0,10,1,30,,67600,24,0,11 12,1,70,,67585,24,0,10,1,30,,67601,24,0,11 12,1,71,,67586,24,0,10,1,30,,67602,24,0,11 12,1,70,,67587,24,0,10,1,30,,67603,24,0,11 12,1,70,,67588,24,0,10,1,30,,67604,24,0,11 12,1,70,,67589,24,0,10,1,30,,67609,24,0,13,1,70,,67590,24,0,10,1,30,,67605,24,0,11 12,1,70,,67591,24,0,10,1,30,,67606,24,0,11 12,1,71,,67592,24,0,10,1,31,,67607,24,0,11 12,1,70,,67593,24,0,10,1
100,'20261019',657,,67614,24,0,10,1,70,,67637,24,0,11 12,1,78,,67615,24,0,10,1,30,,67638,24,0,11 12,1,70,,67616,24,0,10,1,30,,67639,24,0,11 12,1,70,,67617,24,0,10,1,30,,67640,24,0,11 12,1,70,,67618,24,0,10,1,30,,67641,24,0,11 12,1,70,,67619,24,0,10,1,30,,67652,24,0,13,1,70,,67620,24,0,10,1,30,,67642,24,0,11 12,1,70,,67621,24,0,10,1,30,,67643,24,0,11 12,1,70,,67622,24,0,10,1,30,,67644,24,0,11 12,1,70,,67623,24,0,10,1,24,,67655,24,0,17 18,1,9,,67654,24,0,13,1,21,,67651,24,0,11 12,1,50,,67629,24,0,10,1,20,,67656,24,0,17 18,1,9,,67659,24,,,1,21,,67657,24,0,17 18,1,50,,67630,24,0,10,1,15,,67636,24,0,15,1,5,,67658,24,0,17 18,1,12,,67645,24,0,11 12,1,65,,67624,24,0,10,1,30,,67653,24,0,13,1,70,,67625,24,0,10,1,30,,67646,24,0,11 12,1,70,,67626,24,0,10,1,30,,67647,24,0,11 12,1,70,,67627,24,0,10,1,30,,67648,24,0,11 12,1,70,,67628,24,0,10,1,30,,67649,24,0,11 12,1,18,,67633,24,0,10,1,82,,67650,24,0,11 12,1
100,'20261020',657,,67660,24,0,10,1,70,,67683,24,0,11 12,1,78,,67661,24,0,10,1,30,,67684,24,0,11 12,1,70,,67662,24,0,10,1,30,,67685,24,0,11 12,1,70,,67663,24,0,10,1,30,,67686,24,0,11 12,1,70,,67664,24,0,10,1,30,,67687,24,0,11 12,1,70,,67665,24,0,10,1,30,,67698,24,0,13,1,70,,67666,24,0,10,1,30,,67688,24,0,11 12,1,70,,67667,24,0,10,1,30,,67689,24,0,11 12,1,70,,67668,24,0,10,1,30,,67690,24,0,11 12,1,70,,67669,24,0,10,1,24,,67701,24,0,17 18,1,9,,67700,24,0,13,1,21,,67697,24,0,11 12,1,50,,67675,24,0,10,1,20,,67702,24,0,17 18,1,9,,67705,24,,,1,21,,67703,24,0,17 18,1,50,,67676,24,0,10,1,15,,67682,24,0,15,1,5,,67704,24,0,17 18,1,12,,67691,24,0,11 12,1,65,,67670,24,0,10,1,30,,67699,24,0,13,1,70,,67671,24,0,10,1,30,,67692,24,0,11 12,1,70,,67672,24,0,10,1,30,,67693,24,0,11 12,1,70,,67673,24,0,10,1,30,,67694,24,0,11 12,1,70,,67674,24,0,10,1,30,,67695,24,0,11 12,1,18,,67679,24,0,10,1,82,,67696,24,0,11 12,1
100,'20261021',657,,67706,24,0,10,1,70,,67729,24,0,11 12,1,78,,67707,24,0,10,1,30,,67730,24,0,11 12,1,70,,67708,24,0,10,1,30,,67731,24,0,11 12,1,70,,67709,24,0,10,1,30,,67732,24,0,11 12,1,70,,67710,24,0,10,1,30,,67733,24,0,11 12,1,70,,67711,24,0,10,1,30,,67744,24,0,13,1,70,,67712,24,0,10,1,30,,67734,24,0,11 12,1,70,,67713,24,0,10,1,30,,67735,24,0,11 12,1,70,,67714,24,0,10,1,30,,67736,24,0,11 12,1,70,,67715,24,0,10,1,24,,67747,24,0,17 18,1,9,,67746,24,0,13,1,21,,67743,24,0,11 12,1,50,,67721,24,0,10,1,20,,67748,24,0,17 18,1,9,,67751,24,,,1,21,,67749,24,0,17 18,1,50,,67722,24,0,10,1,15,,67728,24,0,15,1,5,,67750,24,0,17 18,1,12,,67737,24,0,11 12,1,65,,67716,24,0,10,1,30,,67745,24,0,13,1,70,,67717,24,0,10,1,30,,67738,24,0,11 12,1,70,,67718,24,0,10,1,30,,67739,24,0,11 12,1,70,,67719,24,0,10,1,30,,67740,24,0,11 12,1,70,,67720,24,0,10,1,30,,67741,24,0,11 12,1,18,,67725,24,0,10,1,82,,67742,24,0,11 12,1
100,'20261022',657,,67752,24,0,10,1,70,,67775,24,0,11 12,1,78,,67753,24,0,10,1,30,,67776,24,0,11 12,1,70,,67754,24,0,10,1,30,,67777,24,0,11 12,1,70,,67755,24,0,10,1,30,,67778,24,0,11 12,1,70,,67756,24,0,10,1,30,,67779,24,0,11 12,1,70,,67757,24,0,10,1,30,,67790,24,0,13,1,70,,67758,24,0,10,1,30,,67780,24,0,11 12,1,70,,67759,24,0,10,1,30,,67781,24,0,11 12,1,70,,67760,24,0,10,1,30,,67782,24,0,11 12,1,70,,67761,24,0,10,1,24,,67793,24,0,17 18,1,9,,67792,24,0,13,1,21,,67789,24,0,11 12,1,50,,67767,24,0,10,1,20,,67794,24,0,17 18,1,9,,67797,24,,,1,21,,67795,24,0,17 18,1,50,,67768,24,0,10,1,15,,67774,24,0,15,1,5,,67796,24,0,17 18,1,12,,67783,24,0,11 12,1,65,,67762,24,0,10,1,30,,67791,24,0,13,1,70,,67763,24,0,10,1,30,,67784,24,0,11 12,1,70,,67764,24,0,10,1,30,,67785,24,0,11 12,1,70,,67765,24,0,10,1,30,,67786,24,0,11 12,1,70,,67766,24,0,10,1,30,,67787,24,0,11 12,1,18,,67771,24,0,10,1,82,,67788,24,0,11 12,1
100,'20261023',657,,67798,24,0,10,1,70,,67822,24,0,11 12,1,78,,67799,24,0,10,1,30,,67823,24,0,11 12,1,70,,67800,24,0,10,1,30,,67824,24,0,11 12,1,70,,67801,24,0,10,1,30,,67825,24,0,11 12,1,70,,67802,24,0,10,1,30,,67826,24,0,11 12,1,70,,67803,24,0,10,1,30,,67838,24,0,13,1,70,,67804,24,0,10,1,30,,67827,24,0,11 12,1,70,,67805,24,0,10,1,30,,67828,24,0,11 12,1,70,,67806,24,0,10,1,30,,67829,24,0,11 12,1,70,,67807,24,0,10,1,24,,67841,24,0,17 18,1,9,,67840,24,0,13,1,21,,67837,24,0,11 12,1,50,,67815,24,0,10,1,20,,67842,24,0,17 18,1,9,,67845,24,,,1,21,,67843,24,0,17 18,1,50,,67816,24,0,10,1,15,,67821,24,0,15,1,5,,67844,24,0,17 18,1,12,,67830,24,0,11 12,1,65,,67808,24,0,10,1,30,,67839,24,0,13,1,70,,67809,24,0,10,1,30,,67831,24,0,11 12,1,70,,67810,24,0,10,1,30,,67832,24,0,11 12,1,70,,67811,24,0,10,1,30,,67833,24,0,11 12,1,70,,67812,24,0,10,1,30,,67834,24,0,11 12,1,70,,67813,24,0,10,1,30,,67835,24,0,11 12,1,70,,67814,24,0,10,1,30,,67836,24,0,11 12,1
100,'20261024',935,,67862,24,0,11 12,1,70,,67846,24,0,10,1,30,,67863,24,0,11 12,1,70,,67847,24,0,10,1,30,,67864,24,0,11 12,1,70,,67848,24,0,10,1,30,,67865,24,0,11 12,1,70,,67849,24,0,10,1,30,,67866,24,0,11 12,1,70,,67850,24,0,10,1,30,,67867,24,0,11 12,1,70,,67851,24,0,10,1,30,,67877,24,0,13,1,70,,67852,24,0,10,1,30,,67868,24,0,11 12,1,70,,67853,24,0,10,1,30,,67869,24,0,11 12,1,71,,67854,24,0,10,1,30,,67870,24,0,11 12,1,70,,67855,24,0,10,1,30,,67871,24,0,11 12,1,70,,67856,24,0,10,1,30,,67872,24,0,11 12,1,70,,67857,24,0,10,1,30,,67878,24,0,13,1,70,,67858,24,0,10,1,30,,67873,24,0,11 12,1,70,,67859,24,0,10,1,30,,67874,24,0,11 12,1,71,,67860,24,0,10,1,31,,67875,24,0,11 12,1,70,,67861,24,0,10,1,30,,67876,24,0,11 12,1
100,'20261025',935,,67899,24,0,11 12,1,70,,67883,24,0,10,1,30,,67900,24,0,11 12,1,70,,67884,24,0,10,1,30,,67901,24,0,11 12,1,70,,67885,24,0,10,1,30,,67902,24,0,11 12,1,70,,67886,24,0,10,1,30,,67903,24,0,11 12,1,70,,67887,24,0,10,1,30,,67904,24,0,11 12,1,70,,67888,24,0,10,1,30,,67913,24,0,13,1,70,,67889,24,0,10,1,30,,67905,24,0,11 12,1,70,,67890,24,0,10,1,30,,67906,24,0,11 12,1,71,,67891,24,0,10,1,30,,67907,24,0,11 12,1,70,,67892,24,0,10,1,30,,67908,24,0,11 12,1,70,,67893,24,0,10,1,30,,67909,24,0,11 12,1,70,,67894,24,0,10,1,30,,67914,24,0,13,1,70,,67895,24,0,10,1,30,,67910,24,0,11 12,1,70,,67896,24,0,10,1,30,,67911,24,0,11 12,1,71,,67897,24,0,10,1,31,,67912,24,0,11 12,1,70,,67898,24,0,10,1
100,'20261026',657,,67919,24,0,10,1,70,,67942,24,0,11 12,1,78,,67920,24,0,10,1,30,,67943,24,0,11 12,1,70,,67921,24,0,10,1,30,,67944,24,0,11 12,1,70,,67922,24,0,10,1,30,,67945,24,0,11 12,1,70,,67923,24,0,10,1,30,,67946,24,0,11 12,1,70,,67924,24,0,10,1,30,,67957,24,0,13,1,70,,67925,24,0,10,1,30,,67947,24,0,11 12,1,70,,67926,24,0,10,1,30,,67948,24,0,11 12,1,70,,67927,24,0,10,1,30,,67949,24,0,11 12,1,70,,67928,24,0,10,1,24,,67960,24,0,17 18,1,9,,67959,24,0,13,1,21,,67956,24,0,11 12,1,50,,67934,24,0,10,1,20,,67961,24,0,17 18,1,9,,67964,24,,,1,21,,67962,24,0,17 18,1,50,,67935,24,0,10,1,15,,67941,24,0,15,1,5,,67963,24,0,17 18,1,12,,67950,24,0,11 12,1,65,,67929,24,0,10,1,30,,67958,24,0,13,1,70,,67930,24,0,10,1,30,,67951,24,0,11 12,1,70,,67931,24,0,10,1,30,,67952,24,0,11 12,1,70,,67932,24,0,10,1,30,,67953,24,0,11 12,1,70,,67933,24,0,10,1,30,,67954,24,0,11 12,1,18,,67938,24,0,10,1,82,,67955,24,0,11 12,1
100,'20261027',657,,67965,24,0,10,1,70,,67988,24,0,11 12,1,78,,67966,24,0,10,1,30,,67989,24,0,11 12,1,70,,67967,24,0,10,1,30,,67990,24,0,11 12,1,70,,67968,24,0,10,1,30,,67991,24,0,11 12,1,70,,67969,24,0,10,1,30,,67992,24,0,11 12,1,70,,67970,24,0,10,1,30,,68003,24,0,13,1,70,,67971,24,0,10,1,30,,67993,24,0,11 12,1,70,,67972,24,0,10,1,30,,67994,24,0,11 12,1,70,,67973,24,0,10,1,30,,67995,24,0,11 12,1,70,,67974,24,0,10,1,24,,68006,24,0,17 18,1,9,,68005,24,0,13,1,21,,68002,24,0,11 12,1,50,,67980,24,0,10,1,20,,68007,24,0,17 18,1,9,,68010,24,,,1,21,,68008,24,0,17 18,1,50,,67981,24,0,10,1,15,,67987,24,0,15,1,5,,68009,24,0,17 18,1,12,,67996,24,0,11 12,1,65,,67975,24,0,10,1,30,,68004,24,0,13,1,70,,67976,24,0,10,1,30,,67997,24,0,11 12,1,70,,67977,24,0,10,1,30,,67998,24,0,11 12,1,70,,67978,24,0,10,1,30,,67999,24,0,11 12,1,70,,67979,24,0,10,1,30,,68000,24,0,11 12,1,18,,67984,24,0,10,1,82,,68001,24,0,11 12,1
100,'20261028',657,,68011,24,0,10,1,70,,68034,24,0,11 12,1,78,,68012,24,0,10,1,30,,68035,24,0,11 12,1,70,,68013,24,0,10,1,30,,68036,24,0,11 12,1,70,,68014,24,0,10,1,30,,68037,24,0,11 12,1,70,,68015,24,0,10,1,30,,68038,24,0,11 12,1,70,,68016,24,0,10,1,30,,68049,24,0,13,1,70,,68017,24,0,10,1,30,,68039,24,0,11 12,1,70,,68018,24,0,10,1,30,,68040,24,0,11 12,1,70,,68019,24,0,10,1,30,,68041,24,0,11 12,1,70,,68020,24,0,10,1,24,,68052,24,0,17 18,1,9,,68051,24,0,13,1,21,,68048,24,0,11 12,1,50,,68026,24,0,10,1,20,,68053,24,0,17 18,1,9,,68056,24,,,1,21,,68054,24,0,17 18,1,50,,68027,24,0,10,1,15,,68033,24,0,15,1,5,,68055,24,0,17 18,1,12,,68042,24,0,11 12,1,65,,68021,24,0,10,1,30,,68050,24,0,13,1,70,,68022,24,0,10,1,30,,68043,24,0,11 12,1,70,,68023,24,0,10,1,30,,68044,24,0,11 12,1,70,,68024,24,0,10,1,30,,68045,24,0,11 12,1,70,,68025,24,0,10,1,30,,68046,24,0,11 12,1,18,,68030,24,0,10,1,82,,68047,24,0,11 12,1
100,'20261029',657,,68057,24,0,10,1,70,,68080,24,0,11 12,1,78,,68058,24,0,10,1,30,,68081,24,0,11 12,1,70,,68059,24,0,10,1,30,,68082,24,0,11 12,1,70,,68060,24,0,10,1,30,,68083,24,0,11 12,1,70,,68061,24,0,10,1,30,,68084,24,0,11 12,1,70,,68062,24,0,10,1,30,,68095,24,0,13,1,70,,68063,24,0,10,1,30,,68085,24,0,11 12,1,70,,68064,24,0,10,1,30,,68086,24,0,11 12,1,70,,68065,24,0,10,1,30,,68087,24,0,11 12,1,70,,68066,24,0,10,1,24,,68098,24,0,17 18,1,9,,68097,24,0,13,1,21,,68094,24,0,11 12,1,50,,68072,24,0,10,1,20,,68099,24,0,17 18,1,9,,68102,24,,,1,21,,68100,24,0,17 18,1,50,,68073,24,0,10,1,15,,68079,24,0,15,1,5,,68101,24,0,17 18,1,12,,68088,24,0,11 12,1,65,,68067,24,0,10,1,30,,68096,24,0,13,1,70,,68068,24,0,10,1,30,,68089,24,0,11 12,1,70,,68069,24,0,10,1,30,,68090,24,0,11 12,1,70,,68070,24,0,10,1,30,,68091,24,0,11 12,1,70,,68071,24,0,10,1,30,,68092,24,0,11 12,1,18,,68076,24,0,10,1,82,,68093,24,0,11 12,1
100,'20261030',657,,68103,24,0,10,1,70,,68127,24,0,11 12,1,78,,68104,24,0,10,1,30,,68128,24,0,11 12,1,70,,68105,24,0,10,1,30,,68129,24,0,11 12,1,70,,68106,24,0,10,1,30,,68130,24,0,11 12,1,70,,68107,24,0,10,1,30,,68131,24,0,11 12,1,70,,68108,24,0,10,1,30,,68143,24,0,13,1,70,,68109,24,0,10,1,30,,68132,24,0,11 12,1,70,,68110,24,0,10,1,30,,68133,24,0,11 12,1,70,,68111,24,0,10,1,30,,68134,24,0,11 12,1,70,,68112,24,0,10,1,24,,68146,24,0,17 18,1,9,,68145,24,0,13,1,21,,68142,24,0,11 12,1,50,,68120,24,0,10,1,20,,68147,24,0,17 18,1,9,,68150,24,,,1,21,,68148,24,0,17 18,1,50,,68121,24,0,10,1,15,,68126,24,0,15,1,5,,68149,24,0,17 18,1,12,,68135,24,0,11 12,1,65,,68113,24,0,10,1,30,,68144,24,0,13,1,70,,68114,24,0,10,1,30,,68136,24,0,11 12,1,70,,68115,24,0,10,1,30,,68137,24,0,11 12,1,70,,68116,24,0,10,1,30,,68138,24,0,11 12,1,70,,68117,24,0,10,1,30,,68139,24,0,11 12,1,70,,68118,24,0,10,1,30,,68140,24,0,11 12,1,70,,68119,24,0,10,1,30,,68141,24,0,11 12,1
100,'20261031',935,,68167,24,0,11 12,1,70,,68151,24,0,10,1,30,,68168,24,0,11 12,1,70,,68152,24,0,10,1,30,,68169,24,0,11 12,1,70,,68153,24,0,10,1,30,,68170,24,0,11 12,1,70,,68154,24,0,10,1,30,,68171,24,0,11 12,1,70,,68155,24,0,10,1,30,,68172,24,0,11 12,1,70,,68156,24,0,10,1,30,,68182,24,0,13,1,70,,68157,24,0,10,1,30,,68173,24,0,11 12,1,70,,68158,24,0,10,1,30,,68174,24,0,11 12,1,71,,68159,24,0,10,1,30,,68175,24,0,11 12,1,70,,68160,24,0,10,1,30,,68176,24,0,11 12,1,70,,68161,24,0,10,1,30,,68177,24,0,11 12,1,70,,68162,24,0,10,1,30,,68183,24,0,13,1,70,,68163,24,0,10,1,30,,68178,24,0,11 12,1,70,,68164,24,0,10,1,30,,68179,24,0,11 12,1,71,,68165,24,0,10,1,31,,68180,24,0,11 12,1,70,,68166,24,0,10,1,30,,68181,24,0,11 12,1
100,'20261101',935,,68204,24,0,11 12,1,70,,68188,24,0,10,1,30,,68205,24,0,11 12,1,70,,68189,24,0,10,1,30,,68206,24,0,11 12,1,70,,68190,24,0,10,1,30,,68207,24,0,11 12,1,70,,68191,24,0,10,1,30,,68208,24,0,11 12,1,70,,68192,24,0,10,1,30,,68209,24,0,11 12,1,70,,68193,24,0,10,1,30,,68218,24,0,13,1,70,,68194,24,0,10,1,30,,68210,24,0,11 12,1,70,,68195,24,0,10,1,30,,68211,24,0,11 12,1,71,,68196,24,0,10,1,30,,68212,24,0,11 12,1,70,,68197,24,0,10,1,30,,68213,24,0,11 12,1,70,,68198,24,0,10,1,30,,68214,24,0,11 12,1,70,,68199,24,0,10,1,30,,68219,24,0,13,1,70,,68200,24,0,10,1,30,,68215,24,0,11 12,1,70,,68201,24,0,10,1,30,,68216,24,0,11 12,1,71,,68202,24,0,10,1,31,,68217,24,0,11 12,1,70,,68203,24,0,10,1
100,'20261102',657,,68224,24,0,10,1,70,,68247,24,0,11 12,1,78,,68225,24,0,10,1,30,,68248,24,0,11 12,1,70,,68226,24,0,10,1,30,,68249,24,0,11 12,1,70,,68227,24,0,10,1,30,,68250,24,0,11 12,1,70,,68228,24,0,10,1,30,,68251,24,0,11 12,1,70,,68229,24,0,10,1,30,,68262,24,0,13,1,70,,68230,24,0,10,1,30,,68252,24,0,11 12,1,70,,68231,24,0,10,1,30,,68253,24,0,11 12,1,70,,68232,24,0,10,1,30,,68254,24,0,11 12,1,70,,68233,24,0,10,1,24,,68265,24,0,17 18,1,9,,68264,24,0,13,1,21,,68261,24,0,11 12,1,50,,68239,24,0,10,1,20,,68266,24,0,17 18,1,9,,68269,24,,,1,21,,68267,24,0,17 18,1,50,,68240,24,0,10,1,15,,68246,24,0,15,1,5,,68268,24,0,17 18,1,12,,68255,24,0,11 12,1,65,,68234,24,0,10,1,30,,68263,24,0,13,1,70,,68235,24,0,10,1,30,,68256,24,0,11 12,1,70,,68236,24,0,10,1,30,,68257,24,0,11 12,1,70,,68237,24,0,10,1,30,,68258,24,0,11 12,1,70,,68238,24,0,10,1,30,,68259,24,0,11 12,1,18,,68243,24,0,10,1,82,,68260,24,0,11 12,1
100,'20261103',657,,68270,24,0,10,1,70,,68293,24,0,11 12,1,78,,68271,24,0,10,1,30,,68294,24,0,11 12,1,70,,68272,24,0,10,1,30,,68295,24,0,11 12,1,70,,68273,24,0,10,1,30,,68296,24,0,11 12,1,70,,68274,24,0,10,1,30,,68297,24,0,11 12,1,70,,68275,24,0,10,1,30,,68308,24,0,13,1,70,,68276,24,0,10,1,30,,68298,24,0,11 12,1,70,,68277,24,0,10,1,30,,68299,24,0,11 12,1,70,,68278,24,0,10,1,30,,68300,24,0,11 12,1,70,,68279,24,0,10,1,24,,68311,24,0,17 18,1,9,,68310,24,0,13,1,21,,68307,24,0,11 12,1,50,,68285,24,0,10,1,20,,68312,24,0,17 18,1,9,,68315,24,,,1,21,,68313,24,0,17 18,1,50,,68286,24,0,10,1,15,,68292,24,0,15,1,5,,68314,24,0,17 18,1,12,,68301,24,0,11 12,1,65,,68280,24,0,10,1,30,,68309,24,0,13,1,70,,68281,24,0,10,1,30,,68302,24,0,11 12,1,70,,68282,24,0,10,1,30,,68303,24,0,11 12,1,70,,68283,24,0,10,1,30,,68304,24,0,11 12,1,70,,68284,24,0,10,1,30,,68305,24,0,11 12,1,18,,68289,24,0,10,1,82,,68306,24,0,11 12,1
100,'20261104',657,,68316,24,0,10,1,70,,68339,24,0,11 12,1,78,,68317,24,0,10,1,30,,68340,24,0,11 12,1,70,,68318,24,0,10,1,30,,68341,24,0,11 12,1,70,,68319,24,0,10,1,30,,68342,24,0,11 12,1,70,,68320,24,0,10,1,30,,68343,24,0,11 12,1,70,,68321,24,0,10,1,30,,68354,24,0,13,1,70,,68322,24,0,10,1,30,,68344,24,0,11 12,1,70,,68323,24,0,10,1,30,,68345,24,0,11 12,1,70,,68324,24,0,10,1,30,,68346,24,0,11 12,1,70,,68325,24,0,10,1,24,,68357,24,0,17 18,1,9,,68356,24,0,13,1,21,,68353,24,0,11 12,1,50,,68331,24,0,10,1,20,,68358,24,0,17 18,1,9,,68361,24,,,1,21,,68359,24,0,17 18,1,50,,68332,24,0,10,1,15,,68338,24,0,15,1,5,,68360,24,0,17 18,1,12,,68347,24,0,11 12,1,65,,68326,24,0,10,1,30,,68355,24,0,13,1,70,,68327,24,0,10,1,30,,68348,24,0,11 12,1,70,,68328,24,0,10,1,30,,68349,24,0,11 12,1,70,,68329,24,0,10,1,30,,68350,24,0,11 12,1,70,,68330,24,0,10,1,30,,68351,24,0,11 12,1,18,,68335,24,0,10,1,82,,68352,24,0,11 12,1
100,'20261105',657,,68362,24,0,10,1,70,,68385,24,0,11 12,1,78,,68363,24,0,10,1,30,,68386,24,0,11 12,1,70,,68364,24,0,10,1,30,,68387,24,0,11 12,1,70,,68365,24,0,10,1,30,,68388,24,0,11 12,1,70,,68366,24,0,10,1,30,,68389,24,0,11 12,1,70,,68367,24,0,10,1,30,,68400,24,0,13,1,70,,68368,24,0,10,1,30,,68390,24,0,11 12,1,70,,68369,24,0,10,1,30,,68391,24,0,11 12,1,70,,68370,24,0,10,1,30,,68392,24,0,11 12,1,70,,68371,24,0,10,1,24,,68403,24,0,17 18,1,9,,68402,24,0,13,1,21,,68399,24,0,11 12,1,50,,68377,24,0,10,1,20,,68404,24,0,17 18,1,9,,68407,24,,,1,21,,68405,24,0,17 18,1,50,,68378,24,0,10,1,15,,68384,24,0,15,1,5,,68406,24,0,17 18,1,12,,68393,24,0,11 12,1,65,,68372,24,0,10,1,30,,68401,24,0,13,1,70,,68373,24,0,10,1,30,,68394,24,0,11 12,1,70,,68374,24,0,10,1,30,,68395,24,0,11 12,1,70,,68375,24,0,10,1,30,,68396,24,0,11 12,1,70,,68376,24,0,10,1,30,,68397,24,0,11 12,1,18,,68381,24,0,10,1,82,,68398,24,0,11 12,1
100,'20261106',657,,68408,24,0,10,1,70,,68432,24,0,11 12,1,78,,68409,24,0,10,1,30,,68433,24,0,11 12,1,70,,68410,24,0,10,1,30,,68434,24,0,11 12,1,70,,68411,24,0,10,1,30,,68435,24,0,11 12,1,70,,68412,24,0,10,1,30,,68436,24,0,11 12,1,70,,68413,24,0,10,1,30,,68448,24,0,13,1,70,,68414,24,0,10,1,30,,68437,24,0,11 12,1,70,,68415,24,0,10,1,30,,68438,24,0,11 12,1,70,,68416,24,0,10,1,30,,68439,24,0,11 12,1,70,,68417,24,0,10,1,24,,68451,24,0,17 18,1,9,,68450,24,0,13,1,21,,68447,24,0,11 12,1,50,,68425,24,0,10,1,20,,68452,24,0,17 18,1,9,,68455,24,,,1,21,,68453,24,0,17 18,1,50,,68426,24,0,10,1,15,,68431,24,0,15,1,5,,68454,24,0,17 18,1,12,,68440,24,0,11 12,1,65,,68418,24,0,10,1,30,,68449,24,0,13,1,70,,68419,24,0,10,1,30,,68441,24,0,11 12,1,70,,68420,24,0,10,1,30,,68442,24,0,11 12,1,70,,68421,24,0,10,1,30,,68443,24,0,11 12,1,70,,68422,24,0,10,1,30,,68444,24,0,11 12,1,70,,68423,24,0,10,1,30,,68445,24,0,11 12,1,70,,68424,24,0,10,1,30,,68446,24,0,11 12,1
100,'20261107',935,,68472,24,0,11 12,1,70,,68456,24,0,10,1,30,,68473,24,0,11 12,1,70,,68457,24,0,10,1,30,,68474,24,0,11 12,1,70,,68458,24,0,10,1,30,,68475,24,0,11 12,1,70,,68459,24,0,10,1,30,,68476,24,0,11 12,1,70,,68460,24,0,10,1,30,,68477,24,0,11 12,1,70,,68461,24,0,10,1,30,,68487,24,0,13,1,70,,68462,24,0,10,1,30,,68478,24,0,11 12,1,70,,68463,24,0,10,1,30,,68479,24,0,11 12,1,71,,68464,24,0,10,1,30,,68480,24,0,11 12,1,70,,68465,24,0,10,1,30,,68481,24,0,11 12,1,70,,68466,24,0,10,1,30,,68482,24,0,11 12,1,70,,68467,24,0,10,1,30,,68488,24,0,13,1,70,,68468,24,0,10,1,30,,68483,24,0,11 12,1,70,,68469,24,0,10,1,30,,68484,24,0,11 12,1,71,,68470,24,0,10,1,31,,68485,24,0,11 12,1,70,,68471,24,0,10,1,30,,68486,24,0,11 12,1
100,'20261108',935,,68509,24,0,11 12,1,70,,68493,24,0,10,1,30,,68510,24,0,11 12,1,70,,68494,24,0,10,1,30,,68511,24,0,11 12,1,70,,68495,24,0,10,1,30,,68512,24,0,11 12,1,70,,68496,24,0,10,1,30,,68513,24,0,11 12,1,70,,68497,24,0,10,1,30,,68514,24,0,11 12,1,70,,68498,24,0,10,1,30,,68523,24,0,13,1,70,,68499,24,0,10,1,30,,68515,24,0,11 12,1,70,,68500,24,0,10,1,30,,68516,24,0,11 12,1,71,,68501,24,0,10,1,30,,68517,24,0,11 12,1,70,,68502,24,0,10,1,30,,68518,24,0,11 12,1,70,,68503,24,0,10,1,30,,68519,24,0,11 12,1,70,,68504,24,0,10,1,30,,68524,24,0,13,1,70,,68505,24,0,10,1,30,,68520,24,0,11 12,1,70,,68506,24,0,10,1,30,,68521,24,0,11 12,1,71,,68507,24,0,10,1,31,,68522,24,0,11 12,1,70,,68508,24,0,10,1
100,'20261109',657,,68529,24,0,10,1,70,,68552,24,0,11 12,1,78,,68530,24,0,10,1,30,,68553,24,0,11 12,1,70,,68531,24,0,10,1,30,,68554,24,0,11 12,1,70,,68532,24,0,10,1,30,,68555,24,0,11 12,1,70,,68533,24,0,10,1,30,,68556,24,0,11 12,1,70,,68534,24,0,10,1,30,,68567,24,0,13,1,70,,68535,24,0,10,1,30,,68557,24,0,11 12,1,70,,68536,24,0,10,1,30,,68558,24,0,11 12,1,70,,68537,24,0,10,1,30,,68559,24,0,11 12,1,70,,68538,24,0,10,1,24,,68570,24,0,17 18,1,9,,68569,24,0,13,1,21,,68566,24,0,11 12,1,50,,68544,24,0,10,1,20,,68571,24,0,17 18,1,9,,68574,24,,,1,21,,68572,24,0,17 18,1,50,,68545,24,0,10,1,15,,68551,24,0,15,1,5,,68573,24,0,17 18,1,12,,68560,24,0,11 12,1,65,,68539,24,0,10,1,30,,68568,24,0,13,1,70,,68540,24,0,10,1,30,,68561,24,0,11 12,1,70,,68541,24,0,10,1,30,,68562,24,0,11 12,1,70,,68542,24,0,10,1,30,,68563,24,0,11 12,1,70,,68543,24,0,10,1,30,,68564,24,0,11 12,1,18,,68548,24,0,10,1,82,,68565,24,0,11 12,1
100,'20261110',657,,68575,24,0,10,1,70,,68598,24,0,11 12,1,78,,68576,24,0,10,1,30,,68599,24,0,11 12,1,70,,68577,24,0,10,1,30,,68600,24,0,11 12,1,70,,68578,24,0,10,1,30,,68601,24,0,11 12,1,70,,68579,24,0,10,1,30,,68602,24,0,11 12,1,70,,68580,24,0,10,1,30,,68613,24,0,13,1,70,,68581,24,0,10,1,30,,68603,24,0,11 12,1,70,,68582,24,0,10,1,30,,68604,24,0,11 12,1,70,,68583,24,0,10,1,30,,68605,24,0,11 12,1,70,,68584,24,0,10,1,24,,68616,24,0,17 18,1,9,,68615,24,0,13,1,21,,68612,24,0,11 12,1,50,,68590,24,0,10,1,20,,68617,24,0,17 18,1,9,,68620,24,,,1,21,,68618,24,0,17 18,1,50,,68591,24,0,10,1,15,,68597,24,0,15,1,5,,68619,24,0,17 18,1,12,,68606,24,0,11 12,1,65,,68585,24,0,10,1,30,,68614,24,0,13,1,70,,68586,24,0,10,1,30,,68607,24,0,11 12,1,70,,68587,24,0,10,1,30,,68608,24,0,11 12,1,70,,68588,24,0,10,1,30,,68609,24,0,11 12,1,70,,68589,24,0,10,1,30,,68610,24,0,11 12,1,18,,68594,24,0,10,1,82,,68611,24,0,11 12,1
100,'20261111',657,,68621,24,0,10,1,70,,68644,24,0,11 12,1,78,,68622,24,0,10,1,30,,68645,24,0,11 12,1,70,,68623,24,0,10,1,30,,68646,24,0,11 12,1,70,,68624,24,0,10,1,30,,68647,24,0,11 12,1,70,,68625,24,0,10,1,30,,68648,24,0,11 12,1,70,,68626,24,0,10,1,30,,68659,24,0,13,1,70,,68627,24,0,10,1,30,,68649,24,0,11 12,1,70,,68628,24,0,10,1,30,,68650,24,0,11 12,1,70,,68629,24,0,10,1,30,,68651,24,0,11 12,1,70,,68630,24,0,10,1,24,,68662,24,0,17 18,1,9,,68661,24,0,13,1,21,,68658,24,0,11 12,1,50,,68636,24,0,10,1,20,,68663,24,0,17 18,1,9,,68666,24,,,1,21,,68664,24,0,17 18,1,50,,68637,24,0,10,1,15,,68643,24,0,15,1,5,,68665,24,0,17 18,1,12,,68652,24,0,11 12,1,65,,68631,24,0,10,1,30,,68660,24,0,13,1,70,,68632,24,0,10,1,30,,68653,24,0,11 12,1,70,,68633,24,0,10,1,30,,68654,24,0,11 12,1,70,,68634,24,0,10,1,30,,68655,24,0,11 12,1,70,,68635,24,0,10,1,30,,68656,24,0,11 12,1,18,,68640,24,0,10,1,82,,68657,24,0,11 12,1
100,'20261112',657,,68667,24,0,10,1,70,,68690,24,0,11 12,1,78,,68668,24,0,10,1,30,,68691,24,0,11 12,1,70,,68669,24,0,10,1,30,,68692,24,0,11 12,1,70,,68670,24,0,10,1,30,,68693,24,0,11 12,1,70,,68671,24,0,10,1,30,,68694,24,0,11 12,1,70,,68672,24,0,10,1,30,,68705,24,0,13,1,70,,68673,24,0,10,1,30,,68695,24,0,11 12,1,70,,68674,24,0,10,1,30,,68696,24,0,11 12,1,70,,68675,24,0,10,1,30,,68697,24,0,11 12,1,70,,68676,24,0,10,1,24,,68708,24,0,17 18,1,9,,68707,24,0,13,1,21,,68704,24,0,11 12,1,50,,68682,24,0,10,1,20,,68709,24,0,17 18,1,9,,68712,24,,,1,21,,68710,24,0,17 18,1,50,,68683,24,0,10,1,15,,68689,24,0,15,1,5,,68711,24,0,17 18,1,12,,68698,24,0,11 12,1,65,,68677,24,0,10,1,30,,68706,24,0,13,1,70,,68678,24,0,10,1,30,,68699,24,0,11 12,1,70,,68679,24,0,10,1,30,,68700,24,0,11 12,1,70,,68680,24,0,10,1,30,,68701,24,0,11 12,1,70,,68681,24,0,10,1,30,,68702,24,0,11 12,1,18,,68686,24,0,10,1,82,,68703,24,0,11 12,1
100,'20261113',657,,68713,24,0,10,1,70,,68737,24,0,11 12,1,78,,68714,24,0,10,1,30,,68738,24,0,11 12,1,70,,68715,24,0,10,1,30,,68739,24,0,11 12,1,70,,68716,24,0,10,1,30,,68740,24,0,11 12,1,70,,68717,24,0,10,1,30,,68741,24,0,11 12,1,70,,68718,24,0,10,1,30,,68753,24,0,13,1,70,,68719,24,0,10,1,30,,68742,24,0,11 12,1,70,,68720,24,0,10,1,30,,68743,24,0,11 12,1,70,,68721,24,0,10,1,30,,68744,24,0,11 12,1,70,,68722,24,0,10,1,24,,68756,24,0,17 18,1,9,,68755,24,0,13,1,21,,68752,24,0,11 12,1,50,,68730,24,0,10,1,20,,68757,24,0,17 18,1,9,,68760,24,,,1,21,,68758,24,0,17 18,1,50,,68731,24,0,10,1,15,,68736,24,0,15,1,5,,68759,24,0,17 18,1,12,,68745,24,0,11 12,1,65,,68723,24,0,10,1,30,,68754,24,0,13,1,70,,68724,24,0,10,1,30,,68746,24,0,11 12,1,70,,68725,24,0,10,1,30,,68747,24,0,11 12,1,70,,68726,24,0,10,1,30,,68748,24,0,11 12,1,70,,68727,24,0,10,1,30,,68749,24,0,11 12,1,70,,68728,24,0,10,1,30,,68750,24,0,11 12,1,70,,68729,24,0,10,1,30,,68751,24,0,11 12,1
100,'20261114',935,,68777,24,0,11 12,1,70,,68761,24,0,10,1,30,,68778,24,0,11 12,1,70,,68762,24,0,10,1,30,,68779,24,0,11 12,1,70,,68763,24,0,10,1,30,,68780,24,0,11 12,1,70,,68764,24,0,10,1,30,,68781,24,0,11 12,1,70,,68765,24,0,10,1,30,,68782,24,0,11 12,1,70,,68766,24,0,10,1,30,,68792,24,0,13,1,70,,68767,24,0,10,1,30,,68783,24,0,11 12,1,70,,68768,24,0,10,1,30,,68784,24,0,11 12,1,71,,68769,24,0,10,1,30,,68785,24,0,11 12,1,70,,68770,24,0,10,1,30,,68786,24,0,11 12,1,70,,68771,24,0,10,1,30,,68787,24,0,11 12,1,70,,68772,24,0,10,1,30,,68793,24,0,13,1,70,,68773,24,0,10,1,30,,68788,24,0,11 12,1,70,,68774,24,0,10,1,30,,68789,24,0,11 12,1,71,,68775,24,0,10,1,31,,68790,24,0,11 12,1,70,,68776,24,0,10,1,30,,68791,24,0,11 12,1
100,'20261115',935,,68814,24,0,11 12,1,70,,68798,24,0,10,1,30,,68815,24,0,11 12,1,70,,68799,24,0,10,1,30,,68816,24,0,11 12,1,70,,68800,24,0,10,1,30,,68817,24,0,11 12,1,70,,68801,24,0,10,1,30,,68818,24,0,11 12,1,70,,68802,24,0,10,1,30,,68819,24,0,11 12,1,70,,68803,24,0,10,1,30,,68828,24,0,13,1,70,,68804,24,0,10,1,30,,68820,24,0,11 12,1,70,,68805,24,0,10,1,30,,68821,24,0,11 12,1,71,,68806,24,0,10,1,30,,68822,24,0,11 12,1,70,,68807,24,0,10,1,30,,68823,24,0,11 12,1,70,,68808,24,0,10,1,30,,68824,24,0,11 12,1,70,,68809,24,0,10,1,30,,68829,24,0,13,1,70,,68810,24,0,10,1,30,,68825,24,0,11 12,1,70,,68811,24,0,10,1,30,,68826,24,0,11 12,1,71,,68812,24,0,10,1,31,,68827,24,0,11 12,1,70,,68813,24,0,10,1
100,'20261116',657,,68834,24,0,10,1,70,,68857,24,0,11 12,1,78,,68835,24,0,10,1,30,,68858,24,0,11 12,1,70,,68836,24,0,10,1,30,,68859,24,0,11 12,1,70,,68837,24,0,10,1,30,,68860,24,0,11 12,1,70,,68838,24,0,10,1,30,,68861,24,0,11 12,1,70,,68839,24,0,10,1,30,,68872,24,0,13,1,70,,68840,24,0,10,1,30,,68862,24,0,11 12,1,70,,68841,24,0,10,1,30,,68863,24,0,11 12,1,70,,68842,24,0,10,1,30,,68864,24,0,11 12,1,70,,68843,24,0,10,1,24,,68875,24,0,17 18,1,9,,68874,24,0,13,1,21,,68871,24,0,11 12,1,50,,68849,24,0,10,1,20,,68876,24,0,17 18,1,9,,68879,24,,,1,21,,68877,24,0,17 18,1,50,,68850,24,0,10,1,15,,68856,24,0,15,1,5,,68878,24,0,17 18,1,12,,68865,24,0,11 12,1,65,,68844,24,0,10,1,30,,68873,24,0,13,1,70,,68845,24,0,10,1,30,,68866,24,0,11 12,1,70,,68846,24,0,10,1,30,,68867,24,0,11 12,1,70,,68847,24,0,10,1,30,,68868,24,0,11 12,1,70,,68848,24,0,10,1,30,,68869,24,0,11 12,1,18,,68853,24,0,10,1,82,,68870,24,0,11 12,1
100,'20261117',657,,68880,24,0,10,1,70,,68903,24,0,11 12,1,78,,68881,24,0,10,1,30,,68904,24,0,11 12,1,70,,68882,24,0,10,1,30,,68905,24,0,11 12,1,70,,68883,24,0,10,1,30,,68906,24,0,11 12,1,70,,68884,24,0,10,1,30,,68907,24,0,11 12,1,70,,68885,24,0,10,1,30,,68918,24,0,13,1,70,,68886,24,0,10,1,30,,68908,24,0,11 12,1,70,,68887,24,0,10,1,30,,68909,24,0,11 12,1,70,,68888,24,0,10,1,30,,68910,24,0,11 12,1,70,,68889,24,0,10,1,24,,68921,24,0,17 18,1,9,,68920,24,0,13,1,21,,68917,24,0,11 12,1,50,,68895,24,0,10,1,20,,68922,24,0,17 18,1,9,,68925,24,,,1,21,,68923,24,0,17 18,1,50,,68896,24,0,10,1,15,,68902,24,0,15,1,5,,68924,24,0,17 18,1,12,,68911,24,0,11 12,1,65,,68890,24,0,10,1,30,,68919,24,0,13,1,70,,68891,24,0,10,1,30,,68912,24,0,11 12,1,70,,68892,24,0,10,1,30,,68913,24,0,11 12,1,70,,68893,24,0,10,1,30,,68914,24,0,11 12,1,70,,68894,24,0,10,1,30,,68915,24,0,11 12,1,18,,68899,24,0,10,1,82,,68916,24,0,11 12,1
100,'20261118',657,,68926,24,0,10,1,70,,68949,24,0,11 12,1,78,,68927,24,0,10,1,30,,68950,24,0,11 12,1,70,,68928,24,0,10,1,30,,68951,24,0,11 12,1,70,,68929,24,0,10,1,30,,68952,24,0,11 12,1,70,,68930,24,0,10,1,30,,68953,24,0,11 12,1,70,,68931,24,0,10,1,30,,68964,24,0,13,1,70,,68932,24,0,10,1,30,,68954,24,0,11 12,1,70,,68933,24,0,10,1,30,,68955,24,0,11 12,1,70,,68934,24,0,10,1,30,,68956,24,0,11 12,1,70,,68935,24,0,10,1,24,,68967,24,0,17 18,1,9,,68966,24,0,13,1,21,,68963,24,0,11 12,1,50,,68941,24,0,10,1,20,,68968,24,0,17 18,1,9,,68971,24,,,1,21,,68969,24,0,17 18,1,50,,68942,24,0,10,1,15,,68948,24,0,15,1,5,,68970,24,0,17 18,1,12,,68957,24,0,11 12,1,65,,68936,24,0,10,1,30,,68965,24,0,13,1,70,,68937,24,0,10,1,30,,68958,24,0,11 12,1,70,,68938,24,0,10,1,30,,68959,24,0,11 12,1,70,,68939,24,0,10,1,30,,68960,24,0,11 12,1,70,,68940,24,0,10,1,30,,68961,24,0,11 12,1,18,,68945,24,0,10,1,82,,68962,24,0,11 12,1
100,'20261119',657,,68972,24,0,10,1,70,,68995,24,0,11 12,1,78,,68973,24,0,10,1,30,,68996,24,0,11 12,1,70,,68974,24,0,10,1,30,,68997,24,0,11 12,1,70,,68975,24,0,10,1,30,,68998,24,0,11 12,1,70,,68976,24,0,10,1,30,,68999,24,0,11 12,1,70,,68977,24,0,10,1,30,,69010,24,0,13,1,70,,68978,24,0,10,1,30,,69000,24,0,11 12,1,70,,68979,24,0,10,1,30,,69001,24,0,11 12,1,70,,68980,24,0,10,1,30,,69002,24,0,11 12,1,70,,68981,24,0,10,1,24,,69013,24,0,17 18,1,9,,69012,24,0,13,1,21,,69009,24,0,11 12,1,50,,68987,24,0,10,1,20,,69014,24,0,17 18,1,9,,69017,24,,,1,21,,69015,24,0,17 18,1,50,,68988,24,0,10,1,15,,68994,24,0,15,1,5,,69016,24,0,17 18,1,12,,69003,24,0,11 12,1,65,,68982,24,0,10,1,30,,69011,24,0,13,1,70,,68983,24,0,10,1,30,,69004,24,0,11 12,1,70,,68984,24,0,10,1,30,,69005,24,0,11 12,1,70,,68985,24,0,10,1,30,,69006,24,0,11 12,1,70,,68986,24,0,10,1,30,,69007,24,0,11 12,1,18,,68991,24,0,10,1,82,,69008,24,0,11 12,1
100,'20261120',657,,69018,24,0,10,1,70,,69042,24,0,11 12,1,78,,69019,24,0,10,1,30,,69043,24,0,11 12,1,70,,69020,24,0,10,1,30,,69044,24,0,11 12,1,70,,69021,24,0,10,1,30,,69045,24,0,11 12,1,70,,69022,24,0,10,1,30,,69046,24,0,11 12,1,70,,69023,24,0,10,1,30,,69058,24,0,13,1,70,,69024,24,0,10,1,30,,69047,24,0,11 12,1,70,,69025,24,0,10,1,30,,69048,24,0,11 12,1,70,,69026,24,0,10,1,30,,69049,24,0,11 12,1,70,,69027,24,0,10,1,24,,69061,24,0,17 18,1,9,,69060,24,0,13,1,21,,69057,24,0,11 12,1,50,,69035,24,0,10,1,20,,69062,24,0,17 18,1,9,,69065,24,,,1,21,,69063,24,0,17 18,1,50,,69036,24,0,10,1,15,,69041,24,0,15,1,5,,69064,24,0,17 18,1,12,,69050,24,0,11 12,1,65,,69028,24,0,10,1,30,,69059,24,0,13,1,70,,69029,24,0,10,1,30,,69051,24,0,11 12,1,70,,69030,24,0,10,1,30,,69052,24,0,11 12,1,70,,69031,24,0,10,1,30,,69053,24,0,11 12,1,70,,69032,24,0,10,1,30,,69054,24,0,11 12,1,70,,69033,24,0,10,1,30,,69055,24,0,11 12,1,70,,69034,24,0,10,1,30,,69056,24,0,11 12,1
100,'20261121',935,,69082,24,0,11 12,1,70,,69066,24,0,10,1,30,,69083,24,0,11 12,1,70,,69067,24,0,10,1,30,,69084,24,0,11 12,1,70,,69068,24,0,10,1,30,,69085,24,0,11 12,1,70,,69069,24,0,10,1,30,,69086,24,0,11 12,1,70,,69070,24,0,10,1,30,,69087,24,0,11 12,1,70,,69071,24,0,10,1,30,,69097,24,0,13,1,70,,69072,24,0,10,1,30,,69088,24,0,11 12,1,70,,69073,24,0,10,1,30,,69089,24,0,11 12,1,71,,69074,24,0,10,1,30,,69090,24,0,11 12,1,70,,69075,24,0,10,1,30,,69091,24,0,11 12,1,70,,69076,24,0,10,1,30,,69092,24,0,11 12,1,70,,69077,24,0,10,1,30,,69098,24,0,13,1,70,,69078,24,0,10,1,30,,69093,24,0,11 12,1,70,,69079,24,0,10,1,30,,69094,24,0,11 12,1,71,,69080,24,0,10,1,31,,69095,24,0,11 12,1,70,,69081,24,0,10,1,30,,69096,24,0,11 12,1
100,'20261122',935,,69119,24,0,11 12,1,70,,69103,24,0,10,1,30,,69120,24,0,11 12,1,70,,69104,24,0,10,1,30,,69121,24,0,11 12,1,70,,69105,24,0,10,1,30,,69122,24,0,11 12,1,70,,69106,24,0,10,1,30,,69123,24,0,11 12,1,70,,69107,24,0,10,1,30,,69124,24,0,11 12,1,70,,69108,24,0,10,1,30,,69133,24,0,13,1,70,,69109,24,0,10,1,30,,69125,24,0,11 12,1,70,,69110,24,0,10,1,30,,69126,24,0,11 12,1,71,,69111,24,0,10,1,30,,69127,24,0,11 12,1,70,,69112,24,0,10,1,30,,69128,24,0,11 12,1,70,,69113,24,0,10,1,30,,69129,24,0,11 12,1,70,,69114,24,0,10,1,30,,69134,24,0,13,1,70,,69115,24,0,10,1,30,,69130,24,0,11 12,1,70,,69116,24,0,10,1,30,,69131,24,0,11 12,1,71,,69117,24,0,10,1,31,,69132,24,0,11 12,1,70,,69118,24,0,10,1
100,'20261123',657,,69139,24,0,10,1,70,,69162,24,0,11 12,1,78,,69140,24,0,10,1,30,,69163,24,0,11 12,1,70,,69141,24,0,10,1,30,,69164,24,0,11 12,1,70,,69142,24,0,10,1,30,,69165,24,0,11 12,1,70,,69143,24,0,10,1,30,,69166,24,0,11 12,1,70,,69144,24,0,10,1,30,,69177,24,0,13,1,70,,69145,24,0,10,1,30,,69167,24,0,11 12,1,70,,69146,24,0,10,1,30,,69168,24,0,11 12,1,70,,69147,24,0,10,1,30,,69169,24,0,11 12,1,70,,69148,24,0,10,1,24,,69180,24,0,17 18,1,9,,69179,24,0,13,1,21,,69176,24,0,11 12,1,50,,69154,24,0,10,1,20,,69181,24,0,17 18,1,9,,69184,24,,,1,21,,69182,24,0,17 18,1,50,,69155,24,0,10,1,15,,69161,24,0,15,1,5,,69183,24,0,17 18,1,12,,69170,24,0,11 12,1,65,,69149,24,0,10,1,30,,69178,24,0,13,1,70,,69150,24,0,10,1,30,,69171,24,0,11 12,1,70,,69151,24,0,10,1,30,,69172,24,0,11 12,1,70,,69152,24,0,10,1,30,,69173,24,0,11 12,1,70,,69153,24,0,10,1,30,,69174,24,0,11 12,1,18,,69158,24,0,10,1,82,,69175,24,0,11 12,1
100,'20261124',657,,69185,24,0,10,1,70,,69208,24,0,11 12,1,78,,69186,24,0,10,1,30,,69209,24,0,11 12,1,70,,69187,24,0,10,1,30,,69210,24,0,11 12,1,70,,69188,24,0,10,1,30,,69211,24,0,11 12,1,70,,69189,24,0,10,1,30,,69212,24,0,11 12,1,70,,69190,24,0,10,1,30,,69223,24,0,13,1,70,,69191,24,0,10,1,30,,69213,24,0,11 12,1,70,,69192,24,0,10,1,30,,69214,24,0,11 12,1,70,,69193,24,0,10,1,30,,69215,24,0,11 12,1,70,,69194,24,0,10,1,24,,69226,24,0,17 18,1,9,,69225,24,0,13,1,21,,69222,24,0,11 12,1,50,,69200,24,0,10,1,20,,69227,24,0,17 18,1,9,,69230,24,,,1,21,,69228,24,0,17 18,1,50,,69201,24,0,10,1,15,,69207,24,0,15,1,5,,69229,24,0,17 18,1,12,,69216,24,0,11 12,1,65,,69195,24,0,10,1,30,,69224,24,0,13,1,70,,69196,24,0,10,1,30,,69217,24,0,11 12,1,70,,69197,24,0,10,1,30,,69218,24,0,11 12,1,70,,69198,24,0,10,1,30,,69219,24,0,11 12,1,70,,69199,24,0,10,1,30,,69220,24,0,11 12,1,18,,69204,24,0,10,1,82,,69221,24,0,11 12,1
100,'20261125',657,,69231,24,0,10,1,70,,69254,24,0,11 12,1,78,,69232,24,0,10,1,30,,69255,24,0,11 12,1,70,,69233,24,0,10,1,30,,69256,24,0,11 12,1,70,,69234,24,0,10,1,30,,69257,24,0,11 12,1,70,,69235,24,0,10,1,30,,69258,24,0,11 12,1,70,,69236,24,0,10,1,30,,69269,24,0,13,1,70,,69237,24,0,10,1,30,,69259,24,0,11 12,1,70,,69238,24,0,10,1,30,,69260,24,0,11 12,1,70,,69239,24,0,10,1,30,,69261,24,0,11 12,1,70,,69240,24,0,10,1,24,,69272,24,0,17 18,1,9,,69271,24,0,13,1,21,,69268,24,0,11 12,1,50,,69246,24,0,10,1,20,,69273,24,0,17 18,1,9,,69276,24,,,1,21,,69274,24,0,17 18,1,50,,69247,24,0,10,1,15,,69253,24,0,15,1,5,,69275,24,0,17 18,1,12,,69262,24,0,11 12,1,65,,69241,24,0,10,1,30,,69270,24,0,13,1,70,,69242,24,0,10,1,30,,69263,24,0,11 12,1,70,,69243,24,0,10,1,30,,69264,24,0,11 12,1,70,,69244,24,0,10,1,30,,69265,24,0,11 12,1,70,,69245,24,0,10,1,30,,69266,24,0,11 12,1,18,,69250,24,0,10,1,82,,69267,24,0,11 12,1
100,'20261126',657,,69277,24,0,10,1,70,,69300,24,0,11 12,1,78,,69278,24,0,10,1,30,,69301,24,0,11 12,1,70,,69279,24,0,10,1,30,,69302,24,0,11 12,1,70,,69280,24,0,10,1,30,,69303,24,0,11 12,1,70,,69281,24,0,10,1,30,,69304,24,0,11 12,1,70,,69282,24,0,10,1,30,,69315,24,0,13,1,70,,69283,24,0,10,1,30,,69305,24,0,11 12,1,70,,69284,24,0,10,1,30,,69306,24,0,11 12,1,70,,69285,24,0,10,1,30,,69307,24,0,11 12,1,70,,69286,24,0,10,1,24,,69318,24,0,17 18,1,9,,69317,24,0,13,1,21,,69314,24,0,11 12,1,50,,69292,24,0,10,1,20,,69319,24,0,17 18,1,9,,69322,24,,,1,21,,69320,24,0,17 18,1,50,,69293,24,0,10,1,15,,69299,24,0,15,1,5,,69321,24,0,17 18,1,12,,69308,24,0,11 12,1,65,,69287,24,0,10,1,30,,69316,24,0,13,1,70,,69288,24,0,10,1,30,,69309,24,0,11 12,1,70,,69289,24,0,10,1,30,,69310,24,0,11 12,1,70,,69290,24,0,10,1,30,,69311,24,0,11 12,1,70,,69291,24,0,10,1,30,,69312,24,0,11 12,1,18,,69296,24,0,10,1,82,,69313,24,0,11 12,1
100,'20261127',657,,69323,24,0,10,1,70,,69347,24,0,11 12,1,78,,69324,24,0,10,1,30,,69348,24,0,11 12,1,70,,69325,24,0,10,1,30,,69349,24,0,11 12,1,70,,69326,24,0,10,1,30,,69350,24,0,11 12,1,70,,69327,24,0,10,1,30,,69351,24,0,11 12,1,70,,69328,24,0,10,1,30,,69363,24,0,13,1,70,,69329,24,0,10,1,30,,69352,24,0,11 12,1,70,,69330,24,0,10,1,30,,69353,24,0,11 12,1,70,,69331,24,0,10,1,30,,69354,24,0,11 12,1,70,,69332,24,0,10,1,24,,69366,24,0,17 18,1,9,,69365,24,0,13,1,21,,69362,24,0,11 12,1,50,,69340,24,0,10,1,20,,69367,24,0,17 18,1,9,,69370,24,,,1,21,,69368,24,0,17 18,1,50,,69341,24,0,10,1,15,,69346,24,0,15,1,5,,69369,24,0,17 18,1,12,,69355,24,0,11 12,1,65,,69333,24,0,10,1,30,,69364,24,0,13,1,70,,69334,24,0,10,1,30,,69356,24,0,11 12,1,70,,69335,24,0,10,1,30,,69357,24,0,11 12,1,70,,69336,24,0,10,1,30,,69358,24,0,11 12,1,70,,69337,24,0,10,1,30,,69359,24,0,11 12,1,70,,69338,24,0,10,1,30,,69360,24,0,11 12,1,70,,69339,24,0,10,1,30,,69361,24,0,11 12,1
101,'20260831',511,,64774,11,,,1,30,,64783,18,,,1,70,,64775,11,,,1,11,,64788,20,,,1,15,,64786,22,,,1,8,,64780,3,,,1,7,,64789,20,,,1,55,,64778,11,,,1,8,,64776,3,,,1,7,,64790,20,,,1,16,,64787,22,,,1,7,,64781,3,,,1,7,,64791,20,,,1,55,,64779,11,,,1,8,,64777,3,,,1,9,,64792,35,,,1,7,,64782,3,,,1,24,,64784,18,,,1,69,,41440,11,,,1,30,,64785,18,,,1,70,,41441,11,,,1,30,,41465,18,,,1,70,,41442,11,,,1,30,,41475,22,,,1,70,,41443,11,,,1,30,,41466,18,,,1,70,,41444,11,,,1,30,,41467,18,,,1,70,,41445,11,,,1,30,,41468,18,,,1,70,,41446,11,,,1,31,,41469,18,,,1,70,,41447,11,,,1,29,,41470,18,,,1,69,,41448,11,,,1,31,,41471,18,,,1,69,,41449,11,,,1,32,,41472,18,,,1,69,,41450,11,,,1,30,,41476,22,,,1,70,,41451,11,,,1,30,,41473,18,,,1,70,,41452,11,,,1,30,,41474,18,,,1,70,,41453,11,,,1,30,,65542,18,,,1,70,,41454,11,,,1
101,'20260901',511,,41486,11,,,1,30,,41510,18,,,1,70,,41487,11,,,1,11,,41527,20,,,1,15,,41525,22,,,1,8,,41507,3,,,1,7,,41528,20,,,1,55,,41505,11,,,1,8,,41503,3,,,1,7,,41529,20,,,1,16,,41526,22,,,1,7,,41508,3,,,1,7,,41530,20,,,1,55,,41506,11,,,1,8,,41504,3,,,1,9,,41531,35,,,1,7,,41509,3,,,1,24,,41511,18,,,1,69,,41488,11,,,1,30,,41512,18,,,1,70,,41489,11,,,1,30,,41513,18,,,1,70,,41490,11,,,1,30,,41523,22,,,1,70,,41491,11,,,1,30,,41514,18,,,1,70,,41492,11,,,1,30,,41515,18,,,1,70,,41493,11,,,1,30,,41516,18,,,1,70,,41494,11,,,1,31,,41517,18,,,1,70,,41495,11,,,1,29,,41518,18,,,1,69,,41496,11,,,1,31,,41519,18,,,1,69,,41497,11,,,1,32,,41520,18,,,1,69,,41498,11,,,1,30,,41524,22,,,1,70,,41499,11,,,1,30,,41521,18,,,1,70,,41500,11,,,1,30,,41522,18,,,1,70,,41501,11,,,1,30,,65550,18,,,1,70,,41502,11,,,1
101,'20260902',511,,41534,11,,,1,30,,41558,18,,,1,70,,41535,11,,,1,11,,41575,20,,,1,15,,41573,22,,,1,8,,41555,3,,,1,7,,41576,20,,,1,55,,41553,11,,,1,8,,41551,3,,,1,7,,41577,20,,,1,16,,41574,22,,,1,7,,41556,3,,,1,7,,41578,20,,,1,55,,41554,11,,,1,8,,41552,3,,,1,9,,41579,35,,,1,7,,41557,3,,,1,24,,41559,18,,,1,69,,41536,11,,,1,30,,41560,18,,,1,70,,41537,11,,,1,30,,41561,18,,,1,70,,41538,11,,,1,30,,41571,22,,,1,70,,41539,11,,,1,30,,41562,18,,,1,70,,41540,11,,,1,30,,41563,18,,,1,70,,41541,11,,,1,30,,41564,18,,,1,70,,41542,11,,,1,31,,41565,18,,,1,70,,41543,11,,,1,29,,41566,18,,,1,69,,41544,11,,,1,31,,41567,18,,,1,69,,41545,11,,,1,32,,41568,18,,,1,69,,41546,11,,,1,30,,41572,22,,,1,70,,41547,11,,,1,30,,41569,18,,,1,70,,41548,11,,,1,30,,41570,18,,,1,70,,41549,11,,,1,30,,65558,18,,,1,70,,41550,11,,,1
101,'20260903',511,,41582,11,,,1,30,,41606,18,,,1,70,,41583,11,,,1,11,,41623,20,,,1,15,,41621,22,,,1,8,,41603,3,,,1,7,,41624,20,,,1,55,,41601,11,,,1,8,,41599,3,,,1,7,,41625,20,,,1,16,,41622,22,,,1,7,,41604,3,,,1,7,,41626,20,,,1,55,,41602,11,,,1,8,,41600,3,,,1,9,,41627,35,,,1,7,,41605,3,,,1,24,,41607,18,,,1,69,,41584,11,,,1,30,,41608,18,,,1,70,,41585,11,,,1,30,,41609,18,,,1,70,,41586,11,,,1,30,,41619,22,,,1,70,,41587,11,,,1,30,,41610,18,,,1,70,,41588,11,,,1,30,,41611,18,,,1,70,,41589,11,,,1,30,,41612,18,,,1,70,,41590,11,,,1,31,,41613,18,,,1,70,,41591,11,,,1,29,,41614,18,,,1,69,,41592,11,,,1,31,,41615,18,,,1,69,,41593,11,,,1,32,,41616,18,,,1,69,,41594,11,,,1,30,,41620,22,,,1,70,,41595,11,,,1,30,,41617,18,,,1,70,,41596,11,,,1,30,,41618,18,,,1,70,,41597,11,,,1,30,,65566,18,,,1,70,,41598,11,,,1
101,'20260904',511,,41630,11,,,1,30,,41654,18,,,1,70,,41631,11,,,1,11,,41673,20,,,1,15,,41671,22,,,1,8,,41651,3,,,1,7,,41674,20,,,1,55,,41649,11,,,1,8,,41647,3,,,1,7,,41675,20,,,1,16,,41672,22,,,1,7,,41652,3,,,1,7,,41676,20,,,1,55,,41650,11,,,1,8,,41648,3,,,1,9,,41677,35,,,1,7,,41653,3,,,1,24,,41655,18,,,1,69,,41632,11,,,1,30,,41656,18,,,1,70,,41633,11,,,1,30,,41657,18,,,1,70,,41634,11,,,1,30,,41669,22,,,1,70,,41635,11,,,1,30,,41658,18,,,1,70,,41636,11,,,1,30,,41659,18,,,1,70,,41637,11,,,1,30,,41660,18,,,1,70,,41638,11,,,1,31,,41661,18,,,1,70,,41639,11,,,1,29,,41662,18,,,1,69,,41640,11,,,1,31,,41663,18,,,1,69,,41641,11,,,1,32,,41664,18,,,1,69,,41642,11,,,1,30,,41670,22,,,1,70,,41643,11,,,1,30,,41665,18,,,1,70,,41644,11,,,1,30,,41666,18,,,1,70,,41645,11,,,1,30,,41667,18,,,1,70,,41646,11,,,1,30,,41668,18,,,1
101,'20260905',754,,69416,22,,,1,70,,69371,11,,,1,30,,69417,22,,,1,70,,69372,11,,,1,30,,69418,22,,,1,70,,69373,11,,,1,30,,69404,18,,,1,70,,69374,11,,,1,30,,69419,22,,,1,70,,69375,11,,,1,30,,69405,18,,,1,70,,69376,11,,,1,30,,69406,18,,,1,70,,69377,11,,,1,30,,69407,18,,,1,70,,69378,11,,,1,30,,69408,18,,,1,70,,69379,11,,,1,30,,69409,18,,,1,70,,69380,11,,,1,30,,69410,18,,,1,70,,69381,11,,,1,30,,69411,18,,,1,70,,69382,11,,,1,30,,69420,22,,,1,70,,69383,11,,,1,30,,69412,18,,,1,70,,69384,11,,,1,30,,69413,18,,,1,70,,69385,11,,,1,30,,69414,18,,,1,70,,69386,11,,,1,30,,69415,18,,,1
101,'20260906',754,,69471,22,,,1,70,,69426,11,,,1,30,,69472,22,,,1,70,,69427,11,,,1,30,,69473,22,,,1,70,,69428,11,,,1,30,,69459,18,,,1,70,,69429,11,,,1,30,,69474,22,,,1,70,,69430,11,,,1,30,,69460,18,,,1,70,,69431,11,,,1,30,,69461,18,,,1,70,,69432,11,,,1,30,,69462,18,,,1,70,,69433,11,,,1,30,,69463,18,,,1,70,,69434,11,,,1,30,,69464,18,,,1,70,,69435,11,,,1,30,,69465,18,,,1,70,,69436,11,,,1,30,,69466,18,,,1,70,,69437,11,,,1,30,,69475,22,,,1,70,,69438,11,,,1,30,,69467,18,,,1,70,,69439,11,,,1,30,,69468,18,,,1,70,,69440,11,,,1,30,,69469,18,,,1,70,,69441,11,,,1,30,,69470,18,,,1
101,'20260907',754,,69526,22,,,1,70,,69481,11,,,1,30,,69527,22,,,1,70,,69482,11,,,1,30,,69528,22,,,1,70,,69483,11,,,1,30,,69514,18,,,1,70,,69484,11,,,1,30,,69529,22,,,1,70,,69485,11,,,1,30,,69515,18,,,1,70,,69486,11,,,1,30,,69516,18,,,1,70,,69487,11,,,1,30,,69517,18,,,1,70,,69488,11,,,1,30,,69518,18,,,1,70,,69489,11,,,1,30,,69519,18,,,1,70,,69490,11,,,1,30,,69520,18,,,1,70,,69491,11,,,1,30,,69521,18,,,1,70,,69492,11,,,1,30,,69530,22,,,1,70,,69493,11,,,1,30,,69522,18,,,1,70,,69494,11,,,1,30,,69523,18,,,1,70,,69495,11,,,1,30,,69524,18,,,1,70,,69496,11,,,1,30,,69525,18,,,1
101,'20260908',511,,69536,11,,,1,30,,69560,18,,,1,70,,69537,11,,,1,11,,69577,20,,,1,15,,69575,22,,,1,8,,69557,3,,,1,7,,69578,20,,,1,55,,69555,11,,,1,8,,69553,3,,,1,7,,69579,20,,,1,16,,69576,22,,,1,7,,69558,3,,,1,7,,69580,20,,,1,55,,69556,11,,,1,8,,69554,3,,,1,9,,69581,35,,,1,7,,69559,3,,,1,24,,69561,18,,,1,70,,69538,11,,,1,30,,69562,18,,,1,70,,69539,11,,,1,30,,69563,18,,,1,70,,69540,11,,,1,30,,69573,22,,,1,70,,69541,11,,,1,30,,69564,18,,,1,70,,69542,11,,,1,30,,69565,18,,,1,70,,69543,11,,,1,30,,69566,18,,,1,70,,69544,11,,,1,31,,69567,18,,,1,70,,69545,11,,,1,28,,69568,18,,,1,70,,69546,11,,,1,30,,69569,18,,,1,69,,69547,11,,,1,32,,69570,18,,,1,69,,69548,11,,,1,30,,69574,22,,,1,70,,69549,11,,,1,30,,69571,18,,,1,70,,69550,11,,,1,30,,69572,18,,,1,70,,69551,11,,,1,100,,69552,11,,,1
101,'20260909',511,,69582,11,,,1,30,,69606,18,,,1,70,,69583,11,,,1,11,,69623,20,,,1,15,,69621,22,,,1,8,,69603,3,,,1,7,,69624,20,,,1,55,,69601,11,,,1,8,,69599,3,,,1,7,,69625,20,,,1,16,,69622,22,,,1,7,,69604,3,,,1,7,,69626,20,,,1,55,,69602,11,,,1,8,,69600,3,,,1,9,,69627,35,,,1,7,,69605,3,,,1,24,,69607,18,,,1,70,,69584,11,,,1,30,,69608,18,,,1,70,,69585,11,,,1,30,,69609,18,,,1,70,,69586,11,,,1,30,,69619,22,,,1,70,,69587,11,,,1,30,,69610,18,,,1,70,,69588,11,,,1,30,,69611,18,,,1,70,,69589,11,,,1,30,,69612,18,,,1,70,,69590,11,,,1,31,,69613,18,,,1,70,,69591,11,,,1,28,,69614,18,,,1,70,,69592,11,,,1,30,,69615,18,,,1,69,,69593,11,,,1,32,,69616,18,,,1,69,,69594,11,,,1,30,,69620,22,,,1,70,,69595,11,,,1,30,,69617,18,,,1,70,,69596,11,,,1,30,,69618,18,,,1,70,,69597,11,,,1,100,,69598,11,,,1
101,'20260910',511,,69628,11,,,1,30,,69652,18,,,1,70,,69629,11,,,1,11,,69669,20,,,1,15,,69667,22,,,1,8,,69649,3,,,1,7,,69670,20,,,1,55,,69647,11,,,1,8,,69645,3,,,1,7,,69671,20,,,1,16,,69668,22,,,1,7,,69650,3,,,1,7,,69672,20,,,1,55,,69648,11,,,1,8,,69646,3,,,1,9,,69673,35,,,1,7,,69651,3,,,1,24,,69653,18,,,1,70,,69630,11,,,1,30,,69654,18,,,1,70,,69631,11,,,1,30,,69655,18,,,1,70,,69632,11,,,1,30,,69665,22,,,1,70,,69633,11,,,1,30,,69656,18,,,1,70,,69634,11,,,1,30,,69657,18,,,1,70,,69635,11,,,1,30,,69658,18,,,1,70,,69636,11,,,1,31,,69659,18,,,1,70,,69637,11,,,1,28,,69660,18,,,1,70,,69638,11,,,1,30,,69661,18,,,1,69,,69639,11,,,1,32,,69662,18,,,1,69,,69640,11,,,1,30,,69666,22,,,1,70,,69641,11,,,1,30,,69663,18,,,1,70,,69642,11,,,1,30,,69664,18,,,1,70,,69643,11,,,1,100,,69644,11,,,1
101,'20260911',511,,69674,11,,,1,30,,69698,18,,,1,70,,69675,11,,,1,11,,69717,20,,,1,15,,69715,22,,,1,8,,69695,3,,,1,7,,69718,20,,,1,55,,69693,11,,,1,8,,69691,3,,,1,7,,69719,20,,,1,16,,69716,22,,,1,7,,69696,3,,,1,7,,69720,20,,,1,55,,69694,11,,,1,8,,69692,3,,,1,9,,69721,35,,,1,7,,69697,3,,,1,24,,69699,18,,,1,70,,69676,11,,,1,30,,69700,18,,,1,70,,69677,11,,,1,30,,69701,18,,,1,70,,69678,11,,,1,30,,69713,22,,,1,70,,69679,11,,,1,30,,69702,18,,,1,70,,69680,11,,,1,30,,69703,18,,,1,70,,69681,11,,,1,30,,69704,18,,,1,70,,69682,11,,,1,31,,69705,18,,,1,70,,69683,11,,,1,28,,69706,18,,,1,70,,69684,11,,,1,30,,69707,18,,,1,69,,69685,11,,,1,32,,69708,18,,,1,69,,69686,11,,,1,30,,69714,22,,,1,70,,69687,11,,,1,30,,69709,18,,,1,70,,69688,11,,,1,30,,69710,18,,,1,70,,69689,11,,,1,30,,69711,18,,,1,70,,69690,11,,,1,30,,69712,18,,,1
101,'20260912',754,,69750,22,,,1,70,,69722,11,,,1,30,,69751,22,,,1,70,,69723,11,,,1,30,,69752,22,,,1,70,,69724,11,,,1,30,,69738,18,,,1,70,,69725,11,,,1,30,,69753,22,,,1,70,,69726,11,,,1,30,,69739,18,,,1,70,,69727,11,,,1,30,,69740,18,,,1,70,,69728,11,,,1,30,,69741,18,,,1,70,,69729,11,,,1,30,,69742,18,,,1,70,,69730,11,,,1,30,,69743,18,,,1,70,,69731,11,,,1,30,,69744,18,,,1,70,,69732,11,,,1,30,,69745,18,,,1,70,,69733,11,,,1,30,,69754,22,,,1,70,,69734,11,,,1,30,,69746,18,,,1,70,,69735,11,,,1,30,,69747,18,,,1,70,,69736,11,,,1,30,,69748,18,,,1,70,,69737,11,,,1,30,,69749,18,,,1
101,'20260913',754,,69786,22,,,1,70,,69759,11,,,1,30,,69787,22,,,1,70,,69760,11,,,1,30,,69788,22,,,1,70,,69761,11,,,1,30,,69775,18,,,1,70,,69762,11,,,1,30,,69789,22,,,1,70,,69763,11,,,1,30,,69776,18,,,1,70,,69764,11,,,1,30,,69777,18,,,1,70,,69765,11,,,1,30,,69778,18,,,1,70,,69766,11,,,1,30,,69779,18,,,1,70,,69767,11,,,1,30,,69780,18,,,1,70,,69768,11,,,1,30,,69781,18,,,1,70,,69769,11,,,1,30,,69782,18,,,1,70,,69770,11,,,1,30,,69790,22,,,1,70,,69771,11,,,1,30,,69783,18,,,1,70,,69772,11,,,1,30,,69784,18,,,1,70,,69773,11,,,1,30,,69785,18,,,1,70,,69774,11,,,1
101,'20260914',511,,69795,11,,,1,30,,69819,18,,,1,70,,69796,11,,,1,11,,69836,20,,,1,15,,69834,22,,,1,8,,69816,3,,,1,7,,69837,20,,,1,55,,69814,11,,,1,8,,69812,3,,,1,7,,69838,20,,,1,16,,69835,22,,,1,7,,69817,3,,,1,7,,69839,20,,,1,55,,69815,11,,,1,8,,69813,3,,,1,9,,69840,35,,,1,7,,69818,3,,,1,24,,69820,18,,,1,70,,69797,11,,,1,30,,69821,18,,,1,70,,69798,11,,,1,30,,69822,18,,,1,70,,69799,11,,,1,30,,69832,22,,,1,70,,69800,11,,,1,30,,69823,18,,,1,70,,69801,11,,,1,30,,69824,18,,,1,70,,69802,11,,,1,30,,69825,18,,,1,70,,69803,11,,,1,31,,69826,18,,,1,70,,69804,11,,,1,28,,69827,18,,,1,70,,69805,11,,,1,30,,69828,18,,,1,69,,69806,11,,,1,32,,69829,18,,,1,69,,69807,11,,,1,30,,69833,22,,,1,70,,69808,11,,,1,30,,69830,18,,,1,70,,69809,11,,,1,30,,69831,18,,,1,70,,69810,11,,,1,100,,69811,11,,,1
101,'20260915',511,,69841,11,,,1,30,,69865,18,,,1,70,,69842,11,,,1,11,,69882,20,,,1,15,,69880,22,,,1,8,,69862,3,,,1,7,,69883,20,,,1,55,,69860,11,,,1,8,,69858,3,,,1,7,,69884,20,,,1,16,,69881,22,,,1,7,,69863,3,,,1,7,,69885,20,,,1,55,,69861,11,,,1,8,,69859,3,,,1,9,,69886,35,,,1,7,,69864,3,,,1,24,,69866,18,,,1,70,,69843,11,,,1,30,,69867,18,,,1,70,,69844,11,,,1,30,,69868,18,,,1,70,,69845,11,,,1,30,,69878,22,,,1,70,,69846,11,,,1,30,,69869,18,,,1,70,,69847,11,,,1,30,,69870,18,,,1,70,,69848,11,,,1,30,,69871,18,,,1,70,,69849,11,,,1,31,,69872,18,,,1,70,,69850,11,,,1,28,,69873,18,,,1,70,,69851,11,,,1,30,,69874,18,,,1,69,,69852,11,,,1,32,,69875,18,,,1,69,,69853,11,,,1,30,,69879,22,,,1,70,,69854,11,,,1,30,,69876,18,,,1,70,,69855,11,,,1,30,,69877,18,,,1,70,,69856,11,,,1,100,,69857,11,,,1
101,'20260916',511,,69887,11,,,1,30,,69911,18,,,1,70,,69888,11,,,1,11,,69928,20,,,1,15,,69926,22,,,1,8,,69908,3,,,1,7,,69929,20,,,1,55,,69906,11,,,1,8,,69904,3,,,1,7,,69930,20,,,1,16,,69927,22,,,1,7,,69909,3,,,1,7,,69931,20,,,1,55,,69907,11,,,1,8,,69905,3,,,1,9,,69932,35,,,1,7,,69910,3,,,1,24,,69912,18,,,1,70,,69889,11,,,1,30,,69913,18,,,1,70,,69890,11,,,1,30,,69914,18,,,1,70,,69891,11,,,1,30,,69924,22,,,1,70,,69892,11,,,1,30,,69915,18,,,1,70,,69893,11,,,1,30,,69916,18,,,1,70,,69894,11,,,1,30,,69917,18,,,1,70,,69895,11,,,1,31,,69918,18,,,1,70,,69896,11,,,1,28,,69919,18,,,1,70,,69897,11,,,1,30,,69920,18,,,1,69,,69898,11,,,1,32,,69921,18,,,1,69,,69899,11,,,1,30,,69925,22,,,1,70,,69900,11,,,1,30,,69922,18,,,1,70,,69901,11,,,1,30,,69923,18,,,1,70,,69902,11,,,1,100,,69903,11,,,1
101,'20260917',511,,69933,11,,,1,30,,69957,18,,,1,70,,69934,11,,,1,11,,69974,20,,,1,15,,69972,22,,,1,8,,69954,3,,,1,7,,69975,20,,,1,55,,69952,11,,,1,8,,69950,3,,,1,7,,69976,20,,,1,16,,69973,22,,,1,7,,69955,3,,,1,7,,69977,20,,,1,55,,69953,11,,,1,8,,69951,3,,,1,9,,69978,35,,,1,7,,69956,3,,,1,24,,69958,18,,,1,70,,69935,11,,,1,30,,69959,18,,,1,70,,69936,11,,,1,30,,69960,18,,,1,70,,69937,11,,,1,30,,69970,22,,,1,70,,69938,11,,,1,30,,69961,18,,,1,70,,69939,11,,,1,30,,69962,18,,,1,70,,69940,11,,,1,30,,69963,18,,,1,70,,69941,11,,,1,31,,69964,18,,,1,70,,69942,11,,,1,28,,69965,18,,,1,70,,69943,11,,,1,30,,69966,18,,,1,69,,69944,11,,,1,32,,69967,18,,,1,69,,69945,11,,,1,30,,69971,22,,,1,70,,69946,11,,,1,30,,69968,18,,,1,70,,69947,11,,,1,30,,69969,18,,,1,70,,69948,11,,,1,100,,69949,11,,,1
101,'20260918',511,,69979,11,,,1,30,,70003,18,,,1,70,,69980,11,,,1,11,,70022,20,,,1,15,,70020,22,,,1,8,,70000,3,,,1,7,,70023,20,,,1,55,,69998,11,,,1,8,,69996,3,,,1,7,,70024,20,,,1,16,,70021,22,,,1,7,,70001,3,,,1,7,,70025,20,,,1,55,,69999,11,,,1,8,,69997,3,,,1,9,,70026,35,,,1,7,,70002,3,,,1,24,,70004,18,,,1,70,,69981,11,,,1,30,,70005,18,,,1,70,,69982,11,,,1,30,,70006,18,,,1,70,,69983,11,,,1,30,,70018,22,,,1,70,,69984,11,,,1,30,,70007,18,,,1,70,,69985,11,,,1,30,,70008,18,,,1,70,,69986,11,,,1,30,,70009,18,,,1,70,,69987,11,,,1,31,,70010,18,,,1,70,,69988,11,,,1,28,,70011,18,,,1,70,,69989,11,,,1,30,,70012,18,,,1,69,,69990,11,,,1,32,,70013,18,,,1,69,,69991,11,,,1,30,,70019,22,,,1,70,,69992,11,,,1,30,,70014,18,,,1,70,,69993,11,,,1,30,,70015,18,,,1,70,,69994,11,,,1,30,,70016,18,,,1,70,,69995,11,,,1,30,,70017,18,,,1
101,'20260919',754,,70055,22,,,1,70,,70027,11,,,1,30,,70056,22,,,1,70,,70028,11,,,1,30,,70057,22,,,1,70,,70029,11,,,1,30,,70043,18,,,1,70,,70030,11,,,1,30,,70058,22,,,1,70,,70031,11,,,1,30,,70044,18,,,1,70,,70032,11,,,1,30,,70045,18,,,1,70,,70033,11,,,1,30,,70046,18,,,1,70,,70034,11,,,1,30,,70047,18,,,1,70,,70035,11,,,1,30,,70048,18,,,1,70,,70036,11,,,1,30,,70049,18,,,1,70,,70037,11,,,1,30,,70050,18,,,1,70,,70038,11,,,1,30,,70059,22,,,1,70,,70039,11,,,1,30,,70051,18,,,1,70,,70040,11,,,1,30,,70052,18,,,1,70,,70041,11,,,1,30,,70053,18,,,1,70,,70042,11,,,1,30,,70054,18,,,1
101,'20260920',754,,70091,22,,,1,70,,70064,11,,,1,30,,70092,22,,,1,70,,70065,11,,,1,30,,70093,22,,,1,70,,70066,11,,,1,30,,70080,18,,,1,70,,70067,11,,,1,30,,70094,22,,,1,70,,70068,11,,,1,30,,70081,18,,,1,70,,70069,11,,,1,30,,70082,18,,,1,70,,70070,11,,,1,30,,70083,18,,,1,70,,70071,11,,,1,30,,70084,18,,,1,70,,70072,11,,,1,30,,70085,18,,,1,70,,70073,11,,,1,30,,70086,18,,,1,70,,70074,11,,,1,30,,70087,18,,,1,70,,70075,11,,,1,30,,70095,22,,,1,70,,70076,11,,,1,30,,70088,18,,,1,70,,70077,11,,,1,30,,70089,18,,,1,70,,70078,11,,,1,30,,70090,18,,,1,70,,70079,11,,,1
101,'20260921',511,,70100,11,,,1,30,,70124,18,,,1,70,,70101,11,,,1,11,,70141,20,,,1,15,,70139,22,,,1,8,,70121,3,,,1,7,,70142,20,,,1,55,,70119,11,,,1,8,,70117,3,,,1,7,,70143,20,,,1,16,,70140,22,,,1,7,,70122,3,,,1,7,,70144,20,,,1,55,,70120,11,,,1,8,,70118,3,,,1,9,,70145,35,,,1,7,,70123,3,,,1,24,,70125,18,,,1,70,,70102,11,,,1,30,,70126,18,,,1,70,,70103,11,,,1,30,,70127,18,,,1,70,,70104,11,,,1,30,,70137,22,,,1,70,,70105,11,,,1,30,,70128,18,,,1,70,,70106,11,,,1,30,,70129,18,,,1,70,,70107,11,,,1,30,,70130,18,,,1,70,,70108,11,,,1,31,,70131,18,,,1,70,,70109,11,,,1,28,,70132,18,,,1,70,,70110,11,,,1,30,,70133,18,,,1,69,,70111,11,,,1,32,,70134,18,,,1,69,,70112,11,,,1,30,,70138,22,,,1,70,,70113,11,,,1,30,,70135,18,,,1,70,,70114,11,,,1,30,,70136,18,,,1,70,,70115,11,,,1,100,,70116,11,,,1
101,'20260922',511,,70146,11,,,1,30,,70170,18,,,1,70,,70147,11,,,1,11,,70187,20,,,1,15,,70185,22,,,1,8,,70167,3,,,1,7,,70188,20,,,1,55,,70165,11,,,1,8,,70163,3,,,1,7,,70189,20,,,1,16,,70186,22,,,1,7,,70168,3,,,1,7,,70190,20,,,1,55,,70166,11,,,1,8,,70164,3,,,1,9,,70191,35,,,1,7,,70169,3,,,1,24,,70171,18,,,1,70,,70148,11,,,1,30,,70172,18,,,1,70,,70149,11,,,1,30,,70173,18,,,1,70,,70150,11,,,1,30,,70183,22,,,1,70,,70151,11,,,1,30,,70174,18,,,1,70,,70152,11,,,1,30,,70175,18,,,1,70,,70153,11,,,1,30,,70176,18,,,1,70,,70154,11,,,1,31,,70177,18,,,1,70,,70155,11,,,1,28,,70178,18,,,1,70,,70156,11,,,1,30,,70179,18,,,1,69,,70157,11,,,1,32,,70180,18,,,1,69,,70158,11,,,1,30,,70184,22,,,1,70,,70159,11,,,1,30,,70181,18,,,1,70,,70160,11,,,1,30,,70182,18,,,1,70,,70161,11,,,1,100,,70162,11,,,1
101,'20260923',511,,70192,11,,,1,30,,70216,18,,,1,70,,70193,11,,,1,11,,70233,20,,,1,15,,70231,22,,,1,8,,70213,3,,,1,7,,70234,20,,,1,55,,70211,11,,,1,8,,70209,3,,,1,7,,70235,20,,,1,16,,70232,22,,,1,7,,70214,3,,,1,7,,70236,20,,,1,55,,70212,11,,,1,8,,70210,3,,,1,9,,70237,35,,,1,7,,70215,3,,,1,24,,70217,18,,,1,70,,70194,11,,,1,30,,70218,18,,,1,70,,70195,11,,,1,30,,70219,18,,,1,70,,70196,11,,,1,30,,70229,22,,,1,70,,70197,11,,,1,30,,70220,18,,,1,70,,70198,11,,,1,30,,70221,18,,,1,70,,70199,11,,,1,30,,70222,18,,,1,70,,70200,11,,,1,31,,70223,18,,,1,70,,70201,11,,,1,28,,70224,18,,,1,70,,70202,11,,,1,30,,70225,18,,,1,69,,70203,11,,,1,32,,70226,18,,,1,69,,70204,11,,,1,30,,70230,22,,,1,70,,70205,11,,,1,30,,70227,18,,,1,70,,70206,11,,,1,30,,70228,18,,,1,70,,70207,11,,,1,100,,70208,11,,,1
101,'20260924',511,,70238,11,,,1,30,,70262,18,,,1,70,,70239,11,,,1,11,,70279,20,,,1,15,,70277,22,,,1,8,,70259,3,,,1,7,,70280,20,,,1,55,,70257,11,,,1,8,,70255,3,,,1,7,,70281,20,,,1,16,,70278,22,,,1,7,,70260,3,,,1,7,,70282,20,,,1,55,,70258,11,,,1,8,,70256,3,,,1,9,,70283,35,,,1,7,,70261,3,,,1,24,,70263,18,,,1,70,,70240,11,,,1,30,,70264,18,,,1,70,,70241,11,,,1,30,,70265,18,,,1,70,,70242,11,,,1,30,,70275,22,,,1,70,,70243,11,,,1,30,,70266,18,,,1,70,,70244,11,,,1,30,,70267,18,,,1,70,,70245,11,,,1,30,,70268,18,,,1,70,,70246,11,,,1,31,,70269,18,,,1,70,,70247,11,,,1,28,,70270,18,,,1,70,,70248,11,,,1,30,,70271,18,,,1,69,,70249,11,,,1,32,,70272,18,,,1,69,,70250,11,,,1,30,,70276,22,,,1,70,,70251,11,,,1,30,,70273,18,,,1,70,,70252,11,,,1,30,,70274,18,,,1,70,,70253,11,,,1,100,,70254,11,,,1
101,'20260925',511,,70284,11,,,1,30,,70308,18,,,1,70,,70285,11,,,1,11,,70327,20,,,1,15,,70325,22,,,1,8,,70305,3,,,1,7,,70328,20,,,1,55,,70303,11,,,1,8,,70301,3,,,1,7,,70329,20,,,1,16,,70326,22,,,1,7,,70306,3,,,1,7,,70330,20,,,1,55,,70304,11,,,1,8,,70302,3,,,1,9,,70331,35,,,1,7,,70307,3,,,1,24,,70309,18,,,1,70,,70286,11,,,1,30,,70310,18,,,1,70,,70287,11,,,1,30,,70311,18,,,1,70,,70288,11,,,1,30,,70323,22,,,1,70,,70289,11,,,1,30,,70312,18,,,1,70,,70290,11,,,1,30,,70313,18,,,1,70,,70291,11,,,1,30,,70314,18,,,1,70,,70292,11,,,1,31,,70315,18,,,1,70,,70293,11,,,1,28,,70316,18,,,1,70,,70294,11,,,1,30,,70317,18,,,1,69,,70295,11,,,1,32,,70318,18,,,1,69,,70296,11,,,1,30,,70324,22,,,1,70,,70297,11,,,1,30,,70319,18,,,1,70,,70298,11,,,1,30,,70320,18,,,1,70,,70299,11,,,1,30,,70321,18,,,1,70,,70300,11,,,1,30,,70322,18,,,1
101,'20260926',754,,70360,22,,,1,70,,70332,11,,,1,30,,70361,22,,,1,70,,70333,11,,,1,30,,70362,22,,,1,70,,70334,11,,,1,30,,70348,18,,,1,70,,70335,11,,,1,30,,70363,22,,,1,70,,70336,11,,,1,30,,70349,18,,,1,70,,70337,11,,,1,30,,70350,18,,,1,70,,70338,11,,,1,30,,70351,18,,,1,70,,70339,11,,,1,30,,70352,18,,,1,70,,70340,11,,,1,30,,70353,18,,,1,70,,70341,11,,,1,30,,70354,18,,,1,70,,70342,11,,,1,30,,70355,18,,,1,70,,70343,11,,,1,30,,70364,22,,,1,70,,70344,11,,,1,30,,70356,18,,,1,70,,70345,11,,,1,30,,70357,18,,,1,70,,70346,11,,,1,30,,70358,18,,,1,70,,70347,11,,,1,30,,70359,18,,,1
101,'20260927',754,,70396,22,,,1,70,,70369,11,,,1,30,,70397,22,,,1,70,,70370,11,,,1,30,,70398,22,,,1,70,,70371,11,,,1,30,,70385,18,,,1,70,,70372,11,,,1,30,,70399,22,,,1,70,,70373,11,,,1,30,,70386,18,,,1,70,,70374,11,,,1,30,,70387,18,,,1,70,,70375,11,,,1,30,,70388,18,,,1,70,,70376,11,,,1,30,,70389,18,,,1,70,,70377,11,,,1,30,,70390,18,,,1,70,,70378,11,,,1,30,,70391,18,,,1,70,,70379,11,,,1,30,,70392,18,,,1,70,,70380,11,,,1,30,,70400,22,,,1,70,,70381,11,,,1,30,,70393,18,,,1,70,,70382,11,,,1,30,,70394,18,,,1,70,,70383,11,,,1,30,,70395,18,,,1,70,,70384,11,,,1
101,'20260928',511,,70405,11,,,1,30,,70429,18,,,1,70,,70406,11,,,1,11,,70446,20,,,1,15,,70444,22,,,1,8,,70426,3,,,1,7,,70447,20,,,1,55,,70424,11,,,1,8,,70422,3,,,1,7,,70448,20,,,1,16,,70445,22,,,1,7,,70427,3,,,1,7,,70449,20,,,1,55,,70425,11,,,1,8,,70423,3,,,1,9,,70450,35,,,1,7,,70428,3,,,1,24,,70430,18,,,1,70,,70407,11,,,1,30,,70431,18,,,1,70,,70408,11,,,1,30,,70432,18,,,1,70,,70409,11,,,1,30,,70442,22,,,1,70,,70410,11,,,1,30,,70433,18,,,1,70,,70411,11,,,1,30,,70434,18,,,1,70,,70412,11,,,1,30,,70435,18,,,1,70,,70413,11,,,1,31,,70436,18,,,1,70,,70414,11,,,1,28,,70437,18,,,1,70,,70415,11,,,1,30,,70438,18,,,1,69,,70416,11,,,1,32,,70439,18,,,1,69,,70417,11,,,1,30,,70443,22,,,1,70,,70418,11,,,1,30,,70440,18,,,1,70,,70419,11,,,1,30,,70441,18,,,1,70,,70420,11,,,1,100,,70421,11,,,1
101,'20260929',511,,70451,11,,,1,30,,70475,18,,,1,70,,70452,11,,,1,11,,70492,20,,,1,15,,70490,22,,,1,8,,70472,3,,,1,7,,70493,20,,,1,55,,70470,11,,,1,8,,70468,3,,,1,7,,70494,20,,,1,16,,70491,22,,,1,7,,70473,3,,,1,7,,70495,20,,,1,55,,70471,11,,,1,8,,70469,3,,,1,9,,70496,35,,,1,7,,70474,3,,,1,24,,70476,18,,,1,70,,70453,11,,,1,30,,70477,18,,,1,70,,70454,11,,,1,30,,70478,18,,,1,70,,70455,11,,,1,30,,70488,22,,,1,70,,70456,11,,,1,30,,70479,18,,,1,70,,70457,11,,,1,30,,70480,18,,,1,70,,70458,11,,,1,30,,70481,18,,,1,70,,70459,11,,,1,31,,70482,18,,,1,70,,70460,11,,,1,28,,70483,18,,,1,70,,70461,11,,,1,30,,70484,18,,,1,69,,70462,11,,,1,32,,70485,18,,,1,69,,70463,11,,,1,30,,70489,22,,,1,70,,70464,11,,,1,30,,70486,18,,,1,70,,70465,11,,,1,30,,70487,18,,,1,70,,70466,11,,,1,100,,70467,11,,,1
101,'20260930',511,,70497,11,,,1,30,,70521,18,,,1,70,,70498,11,,,1,11,,70538,20,,,1,15,,70536,22,,,1,8,,70518,3,,,1,7,,70539,20,,,1,55,,70516,11,,,1,8,,70514,3,,,1,7,,70540,20,,,1,16,,70537,22,,,1,7,,70519,3,,,1,7,,70541,20,,,1,55,,70517,11,,,1,8,,70515,3,,,1,9,,70542,35,,,1,7,,70520,3,,,1,24,,70522,18,,,1,70,,70499,11,,,1,30,,70523,18,,,1,70,,70500,11,,,1,30,,70524,18,,,1,70,,70501,11,,,1,30,,70534,22,,,1,70,,70502,11,,,1,30,,70525,18,,,1,70,,70503,11,,,1,30,,70526,18,,,1,70,,70504,11,,,1,30,,70527,18,,,1,70,,70505,11,,,1,31,,70528,18,,,1,70,,70506,11,,,1,28,,70529,18,,,1,70,,70507,11,,,1,30,,70530,18,,,1,69,,70508,11,,,1,32,,70531,18,,,1,69,,70509,11,,,1,30,,70535,22,,,1,70,,70510,11,,,1,30,,70532,18,,,1,70,,70511,11,,,1,30,,70533,18,,,1,70,,70512,11,,,1,100,,70513,11,,,1
101,'20261001',511,,70543,11,,,1,30,,70567,18,,,1,70,,70544,11,,,1,11,,70584,20,,,1,15,,70582,22,,,1,8,,70564,3,,,1,7,,70585,20,,,1,55,,70562,11,,,1,8,,70560,3,,,1,7,,70586,20,,,1,16,,70583,22,,,1,7,,70565,3,,,1,7,,70587,20,,,1,55,,70563,11,,,1,8,,70561,3,,,1,9,,70588,35,,,1,7,,70566,3,,,1,24,,70568,18,,,1,70,,70545,11,,,1,30,,70569,18,,,1,70,,70546,11,,,1,30,,70570,18,,,1,70,,70547,11,,,1,30,,70580,22,,,1,70,,70548,11,,,1,30,,70571,18,,,1,70,,70549,11,,,1,30,,70572,18,,,1,70,,70550,11,,,1,30,,70573,18,,,1,70,,70551,11,,,1,31,,70574,18,,,1,70,,70552,11,,,1,28,,70575,18,,,1,70,,70553,11,,,1,30,,70576,18,,,1,69,,70554,11,,,1,32,,70577,18,,,1,69,,70555,11,,,1,30,,70581,22,,,1,70,,70556,11,,,1,30,,70578,18,,,1,70,,70557,11,,,1,30,,70579,18,,,1,70,,70558,11,,,1,100,,70559,11,,,1
101,'20261002',511,,70589,11,,,1,30,,70613,18,,,1,70,,70590,11,,,1,11,,70632,20,,,1,15,,70630,22,,,1,8,,70610,3,,,1,7,,70633,20,,,1,55,,70608,11,,,1,8,,70606,3,,,1,7,,70634,20,,,1,16,,70631,22,,,1,7,,70611,3,,,1,7,,70635,20,,,1,55,,70609,11,,,1,8,,70607,3,,,1,9,,70636,35,,,1,7,,70612,3,,,1,24,,70614,18,,,1,70,,70591,11,,,1,30,,70615,18,,,1,70,,70592,11,,,1,30,,70616,18,,,1,70,,70593,11,,,1,30,,70628,22,,,1,70,,70594,11,,,1,30,,70617,18,,,1,70,,70595,11,,,1,30,,70618,18,,,1,70,,70596,11,,,1,30,,70619,18,,,1,70,,70597,11,,,1,31,,70620,18,,,1,70,,70598,11,,,1,28,,70621,18,,,1,70,,70599,11,,,1,30,,70622,18,,,1,69,,70600,11,,,1,32,,70623,18,,,1,69,,70601,11,,,1,30,,70629,22,,,1,70,,70602,11,,,1,30,,70624,18,,,1,70,,70603,11,,,1,30,,70625,18,,,1,70,,70604,11,,,1,30,,70626,18,,,1,70,,70605,11,,,1,30,,70627,18,,,1
101,'20261003',754,,70665,22,,,1,70,,70637,11,,,1,30,,70666,22,,,1,70,,70638,11,,,1,30,,70667,22,,,1,70,,70639,11,,,1,30,,70653,18,,,1,70,,70640,11,,,1,30,,70668,22,,,1,70,,70641,11,,,1,30,,70654,18,,,1,70,,70642,11,,,1,30,,70655,18,,,1,70,,70643,11,,,1,30,,70656,18,,,1,70,,70644,11,,,1,30,,70657,18,,,1,70,,70645,11,,,1,30,,70658,18,,,1,70,,70646,11,,,1,30,,70659,18,,,1,70,,70647,11,,,1,30,,70660,18,,,1,70,,70648,11,,,1,30,,70669,22,,,1,70,,70649,11,,,1,30,,70661,18,,,1,70,,70650,11,,,1,30,,70662,18,,,1,70,,70651,11,,,1,30,,70663,18,,,1,70,,70652,11,,,1,30,,70664,18,,,1
101,'20261004',754,,70701,22,,,1,70,,70674,11,,,1,30,,70702,22,,,1,70,,70675,11,,,1,30,,70703,22,,,1,70,,70676,11,,,1,30,,70690,18,,,1,70,,70677,11,,,1,30,,70704,22,,,1,70,,70678,11,,,1,30,,70691,18,,,1,70,,70679,11,,,1,30,,70692,18,,,1,70,,70680,11,,,1,30,,70693,18,,,1,70,,70681,11,,,1,30,,70694,18,,,1,70,,70682,11,,,1,30,,70695,18,,,1,70,,70683,11,,,1,30,,70696,18,,,1,70,,70684,11,,,1,30,,70697,18,,,1,70,,70685,11,,,1,30,,70705,22,,,1,70,,70686,11,,,1,30,,70698,18,,,1,70,,70687,11,,,1,30,,70699,18,,,1,70,,70688,11,,,1,30,,70700,18,,,1,70,,70689,11,,,1
101,'20261005',511,,70710,11,,,1,30,,70734,18,,,1,70,,70711,11,,,1,11,,70751,20,,,1,15,,70749,22,,,1,8,,70731,3,,,1,7,,70752,20,,,1,55,,70729,11,,,1,8,,70727,3,,,1,7,,70753,20,,,1,16,,70750,22,,,1,7,,70732,3,,,1,7,,70754,20,,,1,55,,70730,11,,,1,8,,70728,3,,,1,9,,70755,35,,,1,7,,70733,3,,,1,24,,70735,18,,,1,70,,70712,11,,,1,30,,70736,18,,,1,70,,70713,11,,,1,30,,70737,18,,,1,70,,70714,11,,,1,30,,70747,22,,,1,70,,70715,11,,,1,30,,70738,18,,,1,70,,70716,11,,,1,30,,70739,18,,,1,70,,70717,11,,,1,30,,70740,18,,,1,70,,70718,11,,,1,31,,70741,18,,,1,70,,70719,11,,,1,28,,70742,18,,,1,70,,70720,11,,,1,30,,70743,18,,,1,69,,70721,11,,,1,32,,70744,18,,,1,69,,70722,11,,,1,30,,70748,22,,,1,70,,70723,11,,,1,30,,70745,18,,,1,70,,70724,11,,,1,30,,70746,18,,,1,70,,70725,11,,,1,100,,70726,11,,,1
101,'20261006',511,,70756,11,,,1,30,,70780,18,,,1,70,,70757,11,,,1,11,,70797,20,,,1,15,,70795,22,,,1,8,,70777,3,,,1,7,,70798,20,,,1,55,,70775,11,,,1,8,,70773,3,,,1,7,,70799,20,,,1,16,,70796,22,,,1,7,,70778,3,,,1,7,,70800,20,,,1,55,,70776,11,,,1,8,,70774,3,,,1,9,,70801,35,,,1,7,,70779,3,,,1,24,,70781,18,,,1,70,,70758,11,,,1,30,,70782,18,,,1,70,,70759,11,,,1,30,,70783,18,,,1,70,,70760,11,,,1,30,,70793,22,,,1,70,,70761,11,,,1,30,,70784,18,,,1,70,,70762,11,,,1,30,,70785,18,,,1,70,,70763,11,,,1,30,,70786,18,,,1,70,,70764,11,,,1,31,,70787,18,,,1,70,,70765,11,,,1,28,,70788,18,,,1,70,,70766,11,,,1,30,,70789,18,,,1,69,,70767,11,,,1,32,,70790,18,,,1,69,,70768,11,,,1,30,,70794,22,,,1,70,,70769,11,,,1,30,,70791,18,,,1,70,,70770,11,,,1,30,,70792,18,,,1,70,,70771,11,,,1,100,,70772,11,,,1
101,'20261007',511,,70802,11,,,1,30,,70826,18,,,1,70,,70803,11,,,1,11,,70843,20,,,1,15,,70841,22,,,1,8,,70823,3,,,1,7,,70844,20,,,1,55,,70821,11,,,1,8,,70819,3,,,1,7,,70845,20,,,1,16,,70842,22,,,1,7,,70824,3,,,1,7,,70846,20,,,1,55,,70822,11,,,1,8,,70820,3,,,1,9,,70847,35,,,1,7,,70825,3,,,1,24,,70827,18,,,1,70,,70804,11,,,1,30,,70828,18,,,1,70,,70805,11,,,1,30,,70829,18,,,1,70,,70806,11,,,1,30,,70839,22,,,1,70,,70807,11,,,1,30,,70830,18,,,1,70,,70808,11,,,1,30,,70831,18,,,1,70,,70809,11,,,1,30,,70832,18,,,1,70,,70810,11,,,1,31,,70833,18,,,1,70,,70811,11,,,1,28,,70834,18,,,1,70,,70812,11,,,1,30,,70835,18,,,1,69,,70813,11,,,1,32,,70836,18,,,1,69,,70814,11,,,1,30,,70840,22,,,1,70,,70815,11,,,1,30,,70837,18,,,1,70,,70816,11,,,1,30,,70838,18,,,1,70,,70817,11,,,1,100,,70818,11,,,1
101,'20261008',511,,70848,11,,,1,30,,70872,18,,,1,70,,70849,11,,,1,11,,70889,20,,,1,15,,70887,22,,,1,8,,70869,3,,,1,7,,70890,20,,,1,55,,70867,11,,,1,8,,70865,3,,,1,7,,70891,20,,,1,16,,70888,22,,,1,7,,70870,3,,,1,7,,70892,20,,,1,55,,70868,11,,,1,8,,70866,3,,,1,9,,70893,35,,,1,7,,70871,3,,,1,24,,70873,18,,,1,70,,70850,11,,,1,30,,70874,18,,,1,70,,70851,11,,,1,30,,70875,18,,,1,70,,70852,11,,,1,30,,70885,22,,,1,70,,70853,11,,,1,30,,70876,18,,,1,70,,70854,11,,,1,30,,70877,18,,,1,70,,70855,11,,,1,30,,70878,18,,,1,70,,70856,11,,,1,31,,70879,18,,,1,70,,70857,11,,,1,28,,70880,18,,,1,70,,70858,11,,,1,30,,70881,18,,,1,69,,70859,11,,,1,32,,70882,18,,,1,69,,70860,11,,,1,30,,70886,22,,,1,70,,70861,11,,,1,30,,70883,18,,,1,70,,70862,11,,,1,30,,70884,18,,,1,70,,70863,11,,,1,100,,70864,11,,,1
101,'20261009',511,,70894,11,,,1,30,,70918,18,,,1,70,,70895,11,,,1,11,,70937,20,,,1,15,,70935,22,,,1,8,,70915,3,,,1,7,,70938,20,,,1,55,,70913,11,,,1,8,,70911,3,,,1,7,,70939,20,,,1,16,,70936,22,,,1,7,,70916,3,,,1,7,,70940,20,,,1,55,,70914,11,,,1,8,,70912,3,,,1,9,,70941,35,,,1,7,,70917,3,,,1,24,,70919,18,,,1,70,,70896,11,,,1,30,,70920,18,,,1,70,,70897,11,,,1,30,,70921,18,,,1,70,,70898,11,,,1,30,,70933,22,,,1,70,,70899,11,,,1,30,,70922,18,,,1,70,,70900,11,,,1,30,,70923,18,,,1,70,,70901,11,,,1,30,,70924,18,,,1,70,,70902,11,,,1,31,,70925,18,,,1,70,,70903,11,,,1,28,,70926,18,,,1,70,,70904,11,,,1,30,,70927,18,,,1,69,,70905,11,,,1,32,,70928,18,,,1,69,,70906,11,,,1,30,,70934,22,,,1,70,,70907,11,,,1,30,,70929,18,,,1,70,,70908,11,,,1,30,,70930,18,,,1,70,,70909,11,,,1,30,,70931,18,,,1,70,,70910,11,,,1,30,,70932,18,,,1
101,'20261010',754,,70970,22,,,1,70,,70942,11,,,1,30,,70971,22,,,1,70,,70943,11,,,1,30,,70972,22,,,1,70,,70944,11,,,1,30,,70958,18,,,1,70,,70945,11,,,1,30,,70973,22,,,1,70,,70946,11,,,1,30,,70959,18,,,1,70,,70947,11,,,1,30,,70960,18,,,1,70,,70948,11,,,1,30,,70961,18,,,1,70,,70949,11,,,1,30,,70962,18,,,1,70,,70950,11,,,1,30,,70963,18,,,1,70,,70951,11,,,1,30,,70964,18,,,1,70,,70952,11,,,1,30,,70965,18,,,1,70,,70953,11,,,1,30,,70974,22,,,1,70,,70954,11,,,1,30,,70966,18,,,1,70,,70955,11,,,1,30,,70967,18,,,1,70,,70956,11,,,1,30,,70968,18,,,1,70,,70957,11,,,1,30,,70969,18,,,1
101,'20261011',754,,71006,22,,,1,70,,70979,11,,,1,30,,71007,22,,,1,70,,70980,11,,,1,30,,71008,22,,,1,70,,70981,11,,,1,30,,70995,18,,,1,70,,70982,11,,,1,30,,71009,22,,,1,70,,70983,11,,,1,30,,70996,18,,,1,70,,70984,11,,,1,30,,70997,18,,,1,70,,70985,11,,,1,30,,70998,18,,,1,70,,70986,11,,,1,30,,70999,18,,,1,70,,70987,11,,,1,30,,71000,18,,,1,70,,70988,11,,,1,30,,71001,18,,,1,70,,70989,11,,,1,30,,71002,18,,,1,70,,70990,11,,,1,30,,71010,22,,,1,70,,70991,11,,,1,30,,71003,18,,,1,70,,70992,11,,,1,30,,71004,18,,,1,70,,70993,11,,,1,30,,71005,18,,,1,70,,70994,11,,,1
101,'20261012',511,,71015,11,,,1,30,,71039,18,,,1,70,,71016,11,,,1,11,,71056,20,,,1,15,,71054,22,,,1,8,,71036,3,,,1,7,,71057,20,,,1,55,,71034,11,,,1,8,,71032,3,,,1,7,,71058,20,,,1,16,,71055,22,,,1,7,,71037,3,,,1,7,,71059,20,,,1,55,,71035,11,,,1,8,,71033,3,,,1,9,,71060,35,,,1,7,,71038,3,,,1,24,,71040,18,,,1,70,,71017,11,,,1,30,,71041,18,,,1,70,,71018,11,,,1,30,,71042,18,,,1,70,,71019,11,,,1,30,,71052,22,,,1,70,,71020,11,,,1,30,,71043,18,,,1,70,,71021,11,,,1,30,,71044,18,,,1,70,,71022,11,,,1,30,,71045,18,,,1,70,,71023,11,,,1,31,,71046,18,,,1,70,,71024,11,,,1,28,,71047,18,,,1,70,,71025,11,,,1,30,,71048,18,,,1,69,,71026,11,,,1,32,,71049,18,,,1,69,,71027,11,,,1,30,,71053,22,,,1,70,,71028,11,,,1,30,,71050,18,,,1,70,,71029,11,,,1,30,,71051,18,,,1,70,,71030,11,,,1,100,,71031,11,,,1
101,'20261013',511,,71061,11,,,1,30,,71085,18,,,1,70,,71062,11,,,1,11,,71102,20,,,1,15,,71100,22,,,1,8,,71082,3,,,1,7,,71103,20,,,1,55,,71080,11,,,1,8,,71078,3,,,1,7,,71104,20,,,1,16,,71101,22,,,1,7,,71083,3,,,1,7,,71105,20,,,1,55,,71081,11,,,1,8,,71079,3,,,1,9,,71106,35,,,1,7,,71084,3,,,1,24,,71086,18,,,1,70,,71063,11,,,1,30,,71087,18,,,1,70,,71064,11,,,1,30,,71088,18,,,1,70,,71065,11,,,1,30,,71098,22,,,1,70,,71066,11,,,1,30,,71089,18,,,1,70,,71067,11,,,1,30,,71090,18,,,1,70,,71068,11,,,1,30,,71091,18,,,1,70,,71069,11,,,1,31,,71092,18,,,1,70,,71070,11,,,1,28,,71093,18,,,1,70,,71071,11,,,1,30,,71094,18,,,1,69,,71072,11,,,1,32,,71095,18,,,1,69,,71073,11,,,1,30,,71099,22,,,1,70,,71074,11,,,1,30,,71096,18,,,1,70,,71075,11,,,1,30,,71097,18,,,1,70,,71076,11,,,1,100,,71077,11,,,1
101,'20261014',511,,71107,11,,,1,30,,71131,18,,,1,70,,71108,11,,,1,11,,71148,20,,,1,15,,71146,22,,,1,8,,71128,3,,,1,7,,71149,20,,,1,55,,71126,11,,,1,8,,71124,3,,,1,7,,71150,20,,,1,16,,71147,22,,,1,7,,71129,3,,,1,7,,71151,20,,,1,55,,71127,11,,,1,8,,71125,3,,,1,9,,71152,35,,,1,7,,71130,3,,,1,24,,71132,18,,,1,70,,71109,11,,,1,30,,71133,18,,,1,70,,71110,11,,,1,30,,71134,18,,,1,70,,71111,11,,,1,30,,71144,22,,,1,70,,71112,11,,,1,30,,71135,18,,,1,70,,71113,11,,,1,30,,71136,18,,,1,70,,71114,11,,,1,30,,71137,18,,,1,70,,71115,11,,,1,31,,71138,18,,,1,70,,71116,11,,,1,28,,71139,18,,,1,70,,71117,11,,,1,30,,71140,18,,,1,69,,71118,11,,,1,32,,71141,18,,,1,69,,71119,11,,,1,30,,71145,22,,,1,70,,71120,11,,,1,30,,71142,18,,,1,70,,71121,11,,,1,30,,71143,18,,,1,70,,71122,11,,,1,100,,71123,11,,,1
101,'20261015',511,,71153,11,,,1,30,,71177,18,,,1,70,,71154,11,,,1,11,,71194,20,,,1,15,,71192,22,,,1,8,,71174,3,,,1,7,,71195,20,,,1,55,,71172,11,,,1,8,,71170,3,,,1,7,,71196,20,,,1,16,,71193,22,,,1,7,,71175,3,,,1,7,,71197,20,,,1,55,,71173,11,,,1,8,,71171,3,,,1,9,,71198,35,,,1,7,,71176,3,,,1,24,,71178,18,,,1,70,,71155,11,,,1,30,,71179,18,,,1,70,,71156,11,,,1,30,,71180,18,,,1,70,,71157,11,,,1,30,,71190,22,,,1,70,,71158,11,,,1,30,,71181,18,,,1,70,,71159,11,,,1,30,,71182,18,,,1,70,,71160,11,,,1,30,,71183,18,,,1,70,,71161,11,,,1,31,,71184,18,,,1,70,,71162,11,,,1,28,,71185,18,,,1,70,,71163,11,,,1,30,,71186,18,,,1,69,,71164,11,,,1,32,,71187,18,,,1,69,,71165,11,,,1,30,,71191,22,,,1,70,,71166,11,,,1,30,,71188,18,,,1,70,,71167,11,,,1,30,,71189,18,,,1,70,,71168,11,,,1,100,,71169,11,,,1
101,'20261016',511,,71199,11,,,1,30,,71223,18,,,1,70,,71200,11,,,1,11,,71242,20,,,1,15,,71240,22,,,1,8,,71220,3,,,1,7,,71243,20,,,1,55,,71218,11,,,1,8,,71216,3,,,1,7,,71244,20,,,1,16,,71241,22,,,1,7,,71221,3,,,1,7,,71245,20,,,1,55,,71219,11,,,1,8,,71217,3,,,1,9,,71246,35,,,1,7,,71222,3,,,1,24,,71224,18,,,1,70,,71201,11,,,1,30,,71225,18,,,1,70,,71202,11,,,1,30,,71226,18,,,1,70,,71203,11,,,1,30,,71238,22,,,1,70,,71204,11,,,1,30,,71227,18,,,1,70,,71205,11,,,1,30,,71228,18,,,1,70,,71206,11,,,1,30,,71229,18,,,1,70,,71207,11,,,1,31,,71230,18,,,1,70,,71208,11,,,1,28,,71231,18,,,1,70,,71209,11,,,1,30,,71232,18,,,1,69,,71210,11,,,1,32,,71233,18,,,1,69,,71211,11,,,1,30,,71239,22,,,1,70,,71212,11,,,1,30,,71234,18,,,1,70,,71213,11,,,1,30,,71235,18,,,1,70,,71214,11,,,1,30,,71236,18,,,1,70,,71215,11,,,1,30,,71237,18,,,1
101,'20261017',754,,71275,22,,,1,70,,71247,11,,,1,30,,71276,22,,,1,70,,71248,11,,,1,30,,71277,22,,,1,70,,71249,11,,,1,30,,71263,18,,,1,70,,71250,11,,,1,30,,71278,22,,,1,70,,71251,11,,,1,30,,71264,18,,,1,70,,71252,11,,,1,30,,71265,18,,,1,70,,71253,11,,,1,30,,71266,18,,,1,70,,71254,11,,,1,30,,71267,18,,,1,70,,71255,11,,,1,30,,71268,18,,,1,70,,71256,11,,,1,30,,71269,18,,,1,70,,71257,11,,,1,30,,71270,18,,,1,70,,71258,11,,,1,30,,71279,22,,,1,70,,71259,11,,,1,30,,71271,18,,,1,70,,71260,11,,,1,30,,71272,18,,,1,70,,71261,11,,,1,30,,71273,18,,,1,70,,71262,11,,,1,30,,71274,18,,,1
101,'20261018',754,,71311,22,,,1,70,,71284,11,,,1,30,,71312,22,,,1,70,,71285,11,,,1,30,,71313,22,,,1,70,,71286,11,,,1,30,,71300,18,,,1,70,,71287,11,,,1,30,,71314,22,,,1,70,,71288,11,,,1,30,,71301,18,,,1,70,,71289,11,,,1,30,,71302,18,,,1,70,,71290,11,,,1,30,,71303,18,,,1,70,,71291,11,,,1,30,,71304,18,,,1,70,,71292,11,,,1,30,,71305,18,,,1,70,,71293,11,,,1,30,,71306,18,,,1,70,,71294,11,,,1,30,,71307,18,,,1,70,,71295,11,,,1,30,,71315,22,,,1,70,,71296,11,,,1,30,,71308,18,,,1,70,,71297,11,,,1,30,,71309,18,,,1,70,,71298,11,,,1,30,,71310,18,,,1,70,,71299,11,,,1
101,'20261019',511,,71320,11,,,1,30,,71344,18,,,1,70,,71321,11,,,1,11,,71361,20,,,1,15,,71359,22,,,1,8,,71341,3,,,1,7,,71362,20,,,1,55,,71339,11,,,1,8,,71337,3,,,1,7,,71363,20,,,1,16,,71360,22,,,1,7,,71342,3,,,1,7,,71364,20,,,1,55,,71340,11,,,1,8,,71338,3,,,1,9,,71365,35,,,1,7,,71343,3,,,1,24,,71345,18,,,1,70,,71322,11,,,1,30,,71346,18,,,1,70,,71323,11,,,1,30,,71347,18,,,1,70,,71324,11,,,1,30,,71357,22,,,1,70,,71325,11,,,1,30,,71348,18,,,1,70,,71326,11,,,1,30,,71349,18,,,1,70,,71327,11,,,1,30,,71350,18,,,1,70,,71328,11,,,1,31,,71351,18,,,1,70,,71329,11,,,1,28,,71352,18,,,1,70,,71330,11,,,1,30,,71353,18,,,1,69,,71331,11,,,1,32,,71354,18,,,1,69,,71332,11,,,1,30,,71358,22,,,1,70,,71333,11,,,1,30,,71355,18,,,1,70,,71334,11,,,1,30,,71356,18,,,1,70,,71335,11,,,1,100,,71336,11,,,1
101,'20261020',511,,71366,11,,,1,30,,71390,18,,,1,70,,71367,11,,,1,11,,71407,20,,,1,15,,71405,22,,,1,8,,71387,3,,,1,7,,71408,20,,,1,55,,71385,11,,,1,8,,71383,3,,,1,7,,71409,20,,,1,16,,71406,22,,,1,7,,71388,3,,,1,7,,71410,20,,,1,55,,71386,11,,,1,8,,71384,3,,,1,9,,71411,35,,,1,7,,71389,3,,,1,24,,71391,18,,,1,70,,71368,11,,,1,30,,71392,18,,,1,70,,71369,11,,,1,30,,71393,18,,,1,70,,71370,11,,,1,30,,71403,22,,,1,70,,71371,11,,,1,30,,71394,18,,,1,70,,71372,11,,,1,30,,71395,18,,,1,70,,71373,11,,,1,30,,71396,18,,,1,70,,71374,11,,,1,31,,71397,18,,,1,70,,71375,11,,,1,28,,71398,18,,,1,70,,71376,11,,,1,30,,71399,18,,,1,69,,71377,11,,,1,32,,71400,18,,,1,69,,71378,11,,,1,30,,71404,22,,,1,70,,71379,11,,,1,30,,71401,18,,,1,70,,71380,11,,,1,30,,71402,18,,,1,70,,71381,11,,,1,100,,71382,11,,,1
101,'20261021',511,,71412,11,,,1,30,,71436,18,,,1,70,,71413,11,,,1,11,,71453,20,,,1,15,,71451,22,,,1,8,,71433,3,,,1,7,,71454,20,,,1,55,,71431,11,,,1,8,,71429,3,,,1,7,,71455,20,,,1,16,,71452,22,,,1,7,,71434,3,,,1,7,,71456,20,,,1,55,,71432,11,,,1,8,,71430,3,,,1,9,,71457,35,,,1,7,,71435,3,,,1,24,,71437,18,,,1,70,,71414,11,,,1,30,,71438,18,,,1,70,,71415,11,,,1,30,,71439,18,,,1,70,,71416,11,,,1,30,,71449,22,,,1,70,,71417,11,,,1,30,,71440,18,,,1,70,,71418,11,,,1,30,,71441,18,,,1,70,,71419,11,,,1,30,,71442,18,,,1,70,,71420,11,,,1,31,,71443,18,,,1,70,,71421,11,,,1,28,,71444,18,,,1,70,,71422,11,,,1,30,,71445,18,,,1,69,,71423,11,,,1,32,,71446,18,,,1,69,,71424,11,,,1,30,,71450,22,,,1,70,,71425,11,,,1,30,,71447,18,,,1,70,,71426,11,,,1,30,,71448,18,,,1,70,,71427,11,,,1,100,,71428,11,,,1
101,'20261022',511,,71458,11,,,1,30,,71482,18,,,1,70,,71459,11,,,1,11,,71499,20,,,1,15,,71497,22,,,1,8,,71479,3,,,1,7,,71500,20,,,1,55,,71477,11,,,1,8,,71475,3,,,1,7,,71501,20,,,1,16,,71498,22,,,1,7,,71480,3,,,1,7,,71502,20,,,1,55,,71478,11,,,1,8,,71476,3,,,1,9,,71503,35,,,1,7,,71481,3,,,1,24,,71483,18,,,1,70,,71460,11,,,1,30,,71484,18,,,1,70,,71461,11,,,1,30,,71485,18,,,1,70,,71462,11,,,1,30,,71495,22,,,1,70,,71463,11,,,1,30,,71486,18,,,1,70,,71464,11,,,1,30,,71487,18,,,1,70,,71465,11,,,1,30,,71488,18,,,1,70,,71466,11,,,1,31,,71489,18,,,1,70,,71467,11,,,1,28,,71490,18,,,1,70,,71468,11,,,1,30,,71491,18,,,1,69,,71469,11,,,1,32,,71492,18,,,1,69,,71470,11,,,1,30,,71496,22,,,1,70,,71471,11,,,1,30,,71493,18,,,1,70,,71472,11,,,1,30,,71494,18,,,1,70,,71473,11,,,1,100,,71474,11,,,1
101,'20261023',511,,71504,11,,,1,30,,71528,18,,,1,70,,71505,11,,,1,11,,71547,20,,,1,15,,71545,22,,,1,8,,71525,3,,,1,7,,71548,20,,,1,55,,71523,11,,,1,8,,71521,3,,,1,7,,71549,20,,,1,16,,71546,22,,,1,7,,71526,3,,,1,7,,71550,20,,,1,55,,71524,11,,,1,8,,71522,3,,,1,9,,71551,35,,,1,7,,71527,3,,,1,24,,71529,18,,,1,70,,71506,11,,,1,30,,71530,18,,,1,70,,71507,11,,,1,30,,71531,18,,,1,70,,71508,11,,,1,30,,71543,22,,,1,70,,71509,11,,,1,30,,71532,18,,,1,70,,71510,11,,,1,30,,71533,18,,,1,70,,71511,11,,,1,30,,71534,18,,,1,70,,71512,11,,,1,31,,71535,18,,,1,70,,71513,11,,,1,28,,71536,18,,,1,70,,71514,11,,,1,30,,71537,18,,,1,69,,71515,11,,,1,32,,71538,18,,,1,69,,71516,11,,,1,30,,71544,22,,,1,70,,71517,11,,,1,30,,71539,18,,,1,70,,71518,11,,,1,30,,71540,18,,,1,70,,71519,11,,,1,30,,71541,18,,,1,70,,71520,11,,,1,30,,71542,18,,,1
101,'20261024',754,,71580,22,,,1,70,,71552,11,,,1,30,,71581,22,,,1,70,,71553,11,,,1,30,,71582,22,,,1,70,,71554,11,,,1,30,,71568,18,,,1,70,,71555,11,,,1,30,,71583,22,,,1,70,,71556,11,,,1,30,,71569,18,,,1,70,,71557,11,,,1,30,,71570,18,,,1,70,,71558,11,,,1,30,,71571,18,,,1,70,,71559,11,,,1,30,,71572,18,,,1,70,,71560,11,,,1,30,,71573,18,,,1,70,,71561,11,,,1,30,,71574,18,,,1,70,,71562,11,,,1,30,,71575,18,,,1,70,,71563,11,,,1,30,,71584,22,,,1,70,,71564,11,,,1,30,,71576,18,,,1,70,,71565,11,,,1,30,,71577,18,,,1,70,,71566,11,,,1,30,,71578,18,,,1,70,,71567,11,,,1,30,,71579,18,,,1
101,'20261025',754,,71616,22,,,1,70,,71589,11,,,1,30,,71617,22,,,1,70,,71590,11,,,1,30,,71618,22,,,1,70,,71591,11,,,1,30,,71605,18,,,1,70,,71592,11,,,1,30,,71619,22,,,1,70,,71593,11,,,1,30,,71606,18,,,1,70,,71594,11,,,1,30,,71607,18,,,1,70,,71595,11,,,1,30,,71608,18,,,1,70,,71596,11,,,1,30,,71609,18,,,1,70,,71597,11,,,1,30,,71610,18,,,1,70,,71598,11,,,1,30,,71611,18,,,1,70,,71599,11,,,1,30,,71612,18,,,1,70,,71600,11,,,1,30,,71620,22,,,1,70,,71601,11,,,1,30,,71613,18,,,1,70,,71602,11,,,1,30,,71614,18,,,1,70,,71603,11,,,1,30,,71615,18,,,1,70,,71604,11,,,1
101,'20261026',511,,71625,11,,,1,30,,71649,18,,,1,70,,71626,11,,,1,11,,71666,20,,,1,15,,71664,22,,,1,8,,71646,3,,,1,7,,71667,20,,,1,55,,71644,11,,,1,8,,71642,3,,,1,7,,71668,20,,,1,16,,71665,22,,,1,7,,71647,3,,,1,7,,71669,20,,,1,55,,71645,11,,,1,8,,71643,3,,,1,9,,71670,35,,,1,7,,71648,3,,,1,24,,71650,18,,,1,70,,71627,11,,,1,30,,71651,18,,,1,70,,71628,11,,,1,30,,71652,18,,,1,70,,71629,11,,,1,30,,71662,22,,,1,70,,71630,11,,,1,30,,71653,18,,,1,70,,71631,11,,,1,30,,71654,18,,,1,70,,71632,11,,,1,30,,71655,18,,,1,70,,71633,11,,,1,31,,71656,18,,,1,70,,71634,11,,,1,28,,71657,18,,,1,70,,71635,11,,,1,30,,71658,18,,,1,69,,71636,11,,,1,32,,71659,18,,,1,69,,71637,11,,,1,30,,71663,22,,,1,70,,71638,11,,,1,30,,71660,18,,,1,70,,71639,11,,,1,30,,71661,18,,,1,70,,71640,11,,,1,100,,71641,11,,,1
101,'20261027',511,,71671,11,,,1,30,,71695,18,,,1,70,,71672,11,,,1,11,,71712,20,,,1,15,,71710,22,,,1,8,,71692,3,,,1,7,,71713,20,,,1,55,,71690,11,,,1,8,,71688,3,,,1,7,,71714,20,,,1,16,,71711,22,,,1,7,,71693,3,,,1,7,,71715,20,,,1,55,,71691,11,,,1,8,,71689,3,,,1,9,,71716,35,,,1,7,,71694,3,,,1,24,,71696,18,,,1,70,,71673,11,,,1,30,,71697,18,,,1,70,,71674,11,,,1,30,,71698,18,,,1,70,,71675,11,,,1,30,,71708,22,,,1,70,,71676,11,,,1,30,,71699,18,,,1,70,,71677,11,,,1,30,,71700,18,,,1,70,,71678,11,,,1,30,,71701,18,,,1,70,,71679,11,,,1,31,,71702,18,,,1,70,,71680,11,,,1,28,,71703,18,,,1,70,,71681,11,,,1,30,,71704,18,,,1,69,,71682,11,,,1,32,,71705,18,,,1,69,,71683,11,,,1,30,,71709,22,,,1,70,,71684,11,,,1,30,,71706,18,,,1,70,,71685,11,,,1,30,,71707,18,,,1,70,,71686,11,,,1,100,,71687,11,,,1
101,'20261028',511,,71717,11,,,1,30,,71741,18,,,1,70,,71718,11,,,1,11,,71758,20,,,1,15,,71756,22,,,1,8,,71738,3,,,1,7,,71759,20,,,1,55,,71736,11,,,1,8,,71734,3,,,1,7,,71760,20,,,1,16,,71757,22,,,1,7,,71739,3,,,1,7,,71761,20,,,1,55,,71737,11,,,1,8,,71735,3,,,1,9,,71762,35,,,1,7,,71740,3,,,1,24,,71742,18,,,1,70,,71719,11,,,1,30,,71743,18,,,1,70,,71720,11,,,1,30,,71744,18,,,1,70,,71721,11,,,1,30,,71754,22,,,1,70,,71722,11,,,1,30,,71745,18,,,1,70,,71723,11,,,1,30,,71746,18,,,1,70,,71724,11,,,1,30,,71747,18,,,1,70,,71725,11,,,1,31,,71748,18,,,1,70,,71726,11,,,1,28,,71749,18,,,1,70,,71727,11,,,1,30,,71750,18,,,1,69,,71728,11,,,1,32,,71751,18,,,1,69,,71729,11,,,1,30,,71755,22,,,1,70,,71730,11,,,1,30,,71752,18,,,1,70,,71731,11,,,1,30,,71753,18,,,1,70,,71732,11,,,1,100,,71733,11,,,1
101,'20261029',511,,71763,11,,,1,30,,71787,18,,,1,70,,71764,11,,,1,11,,71804,20,,,1,15,,71802,22,,,1,8,,71784,3,,,1,7,,71805,20,,,1,55,,71782,11,,,1,8,,71780,3,,,1,7,,71806,20,,,1,16,,71803,22,,,1,7,,71785,3,,,1,7,,71807,20,,,1,55,,71783,11,,,1,8,,71781,3,,,1,9,,71808,35,,,1,7,,71786,3,,,1,24,,71788,18,,,1,70,,71765,11,,,1,30,,71789,18,,,1,70,,71766,11,,,1,30,,71790,18,,,1,70,,71767,11,,,1,30,,71800,22,,,1,70,,71768,11,,,1,30,,71791,18,,,1,70,,71769,11,,,1,30,,71792,18,,,1,70,,71770,11,,,1,30,,71793,18,,,1,70,,71771,11,,,1,31,,71794,18,,,1,70,,71772,11,,,1,28,,71795,18,,,1,70,,71773,11,,,1,30,,71796,18,,,1,69,,71774,11,,,1,32,,71797,18,,,1,69,,71775,11,,,1,30,,71801,22,,,1,70,,71776,11,,,1,30,,71798,18,,,1,70,,71777,11,,,1,30,,71799,18,,,1,70,,71778,11,,,1,100,,71779,11,,,1
101,'20261030',511,,71809,11,,,1,30,,71833,18,,,1,70,,71810,11,,,1,11,,71852,20,,,1,15,,71850,22,,,1,8,,71830,3,,,1,7,,71853,20,,,1,55,,71828,11,,,1,8,,71826,3,,,1,7,,71854,20,,,1,16,,71851,22,,,1,7,,71831,3,,,1,7,,71855,20,,,1,55,,71829,11,,,1,8,,71827,3,,,1,9,,71856,35,,,1,7,,71832,3,,,1,24,,71834,18,,,1,70,,71811,11,,,1,30,,71835,18,,,1,70,,71812,11,,,1,30,,71836,18,,,1,70,,71813,11,,,1,30,,71848,22,,,1,70,,71814,11,,,1,30,,71837,18,,,1,70,,71815,11,,,1,30,,71838,18,,,1,70,,71816,11,,,1,30,,71839,18,,,1,70,,71817,11,,,1,31,,71840,18,,,1,70,,71818,11,,,1,28,,71841,18,,,1,70,,71819,11,,,1,30,,71842,18,,,1,69,,71820,11,,,1,32,,71843,18,,,1,69,,71821,11,,,1,30,,71849,22,,,1,70,,71822,11,,,1,30,,71844,18,,,1,70,,71823,11,,,1,30,,71845,18,,,1,70,,71824,11,,,1,30,,71846,18,,,1,70,,71825,11,,,1,30,,71847,18,,,1
101,'20261031',754,,71885,22,,,1,70,,71857,11,,,1,30,,71886,22,,,1,70,,71858,11,,,1,30,,71887,22,,,1,70,,71859,11,,,1,30,,71873,18,,,1,70,,71860,11,,,1,30,,71888,22,,,1,70,,71861,11,,,1,30,,71874,18,,,1,70,,71862,11,,,1,30,,71875,18,,,1,70,,71863,11,,,1,30,,71876,18,,,1,70,,71864,11,,,1,30,,71877,18,,,1,70,,71865,11,,,1,30,,71878,18,,,1,70,,71866,11,,,1,30,,71879,18,,,1,70,,71867,11,,,1,30,,71880,18,,,1,70,,71868,11,,,1,30,,71889,22,,,1,70,,71869,11,,,1,30,,71881,18,,,1,70,,71870,11,,,1,30,,71882,18,,,1,70,,71871,11,,,1,30,,71883,18,,,1,70,,71872,11,,,1,30,,71884,18,,,1
101,'20261101',754,,71921,22,,,1,70,,71894,11,,,1,30,,71922,22,,,1,70,,71895,11,,,1,30,,71923,22,,,1,70,,71896,11,,,1,30,,71910,18,,,1,70,,71897,11,,,1,30,,71924,22,,,1,70,,71898,11,,,1,30,,71911,18,,,1,70,,71899,11,,,1,30,,71912,18,,,1,70,,71900,11,,,1,30,,71913,18,,,1,70,,71901,11,,,1,30,,71914,18,,,1,70,,71902,11,,,1,30,,71915,18,,,1,70,,71903,11,,,1,30,,71916,18,,,1,70,,71904,11,,,1,30,,71917,18,,,1,70,,71905,11,,,1,30,,71925,22,,,1,70,,71906,11,,,1,30,,71918,18,,,1,70,,71907,11,,,1,30,,71919,18,,,1,70,,71908,11,,,1,30,,71920,18,,,1,70,,71909,11,,,1
101,'20261102',511,,71930,11,,,1,30,,71954,18,,,1,70,,71931,11,,,1,11,,71971,20,,,1,15,,71969,22,,,1,8,,71951,3,,,1,7,,71972,20,,,1,55,,71949,11,,,1,8,,71947,3,,,1,7,,71973,20,,,1,16,,71970,22,,,1,7,,71952,3,,,1,7,,71974,20,,,1,55,,71950,11,,,1,8,,71948,3,,,1,9,,71975,35,,,1,7,,71953,3,,,1,24,,71955,18,,,1,70,,71932,11,,,1,30,,71956,18,,,1,70,,71933,11,,,1,30,,71957,18,,,1,70,,71934,11,,,1,30,,71967,22,,,1,70,,71935,11,,,1,30,,71958,18,,,1,70,,71936,11,,,1,30,,71959,18,,,1,70,,71937,11,,,1,30,,71960,18,,,1,70,,71938,11,,,1,31,,71961,18,,,1,70,,71939,11,,,1,28,,71962,18,,,1,70,,71940,11,,,1,30,,71963,18,,,1,69,,71941,11,,,1,32,,71964,18,,,1,69,,71942,11,,,1,30,,71968,22,,,1,70,,71943,11,,,1,30,,71965,18,,,1,70,,71944,11,,,1,30,,71966,18,,,1,70,,71945,11,,,1,100,,71946,11,,,1
101,'20261103',511,,71976,11,,,1,30,,72000,18,,,1,70,,71977,11,,,1,11,,72017,20,,,1,15,,72015,22,,,1,8,,71997,3,,,1,7,,72018,20,,,1,55,,71995,11,,,1,8,,71993,3,,,1,7,,72019,20,,,1,16,,72016,22,,,1,7,,71998,3,,,1,7,,72020,20,,,1,55,,71996,11,,,1,8,,71994,3,,,1,9,,72021,35,,,1,7,,71999,3,,,1,24,,72001,18,,,1,70,,71978,11,,,1,30,,72002,18,,,1,70,,71979,11,,,1,30,,72003,18,,,1,70,,71980,11,,,1,30,,72013,22,,,1,70,,71981,11,,,1,30,,72004,18,,,1,70,,71982,11,,,1,30,,72005,18,,,1,70,,71983,11,,,1,30,,72006,18,,,1,70,,71984,11,,,1,31,,72007,18,,,1,70,,71985,11,,,1,28,,72008,18,,,1,70,,71986,11,,,1,30,,72009,18,,,1,69,,71987,11,,,1,32,,72010,18,,,1,69,,71988,11,,,1,30,,72014,22,,,1,70,,71989,11,,,1,30,,72011,18,,,1,70,,71990,11,,,1,30,,72012,18,,,1,70,,71991,11,,,1,100,,71992,11,,,1
101,'20261104',511,,72022,11,,,1,30,,72046,18,,,1,70,,72023,11,,,1,11,,72063,20,,,1,15,,72061,22,,,1,8,,72043,3,,,1,7,,72064,20,,,1,55,,72041,11,,,1,8,,72039,3,,,1,7,,72065,20,,,1,16,,72062,22,,,1,7,,72044,3,,,1,7,,72066,20,,,1,55,,72042,11,,,1,8,,72040,3,,,1,9,,72067,35,,,1,7,,72045,3,,,1,24,,72047,18,,,1,70,,72024,11,,,1,30,,72048,18,,,1,70,,72025,11,,,1,30,,72049,18,,,1,70,,72026,11,,,1,30,,72059,22,,,1,70,,72027,11,,,1,30,,72050,18,,,1,70,,72028,11,,,1,30,,72051,18,,,1,70,,72029,11,,,1,30,,72052,18,,,1,70,,72030,11,,,1,31,,72053,18,,,1,70,,72031,11,,,1,28,,72054,18,,,1,70,,72032,11,,,1,30,,72055,18,,,1,69,,72033,11,,,1,32,,72056,18,,,1,69,,72034,11,,,1,30,,72060,22,,,1,70,,72035,11,,,1,30,,72057,18,,,1,70,,72036,11,,,1,30,,72058,18,,,1,70,,72037,11,,,1,100,,72038,11,,,1
101,'20261105',511,,72068,11,,,1,30,,72092,18,,,1,70,,72069,11,,,1,11,,72109,20,,,1,15,,72107,22,,,1,8,,72089,3,,,1,7,,72110,20,,,1,55,,72087,11,,,1,8,,72085,3,,,1,7,,72111,20,,,1,16,,72108,22,,,1,7,,72090,3,,,1,7,,72112,20,,,1,55,,72088,11,,,1,8,,72086,3,,,1,9,,72113,35,,,1,7,,72091,3,,,1,24,,72093,18,,,1,70,,72070,11,,,1,30,,72094,18,,,1,70,,72071,11,,,1,30,,72095,18,,,1,70,,72072,11,,,1,30,,72105,22,,,1,70,,72073,11,,,1,30,,72096,18,,,1,70,,72074,11,,,1,30,,72097,18,,,1,70,,72075,11,,,1,30,,72098,18,,,1,70,,72076,11,,,1,31,,72099,18,,,1,70,,72077,11,,,1,28,,72100,18,,,1,70,,72078,11,,,1,30,,72101,18,,,1,69,,72079,11,,,1,32,,72102,18,,,1,69,,72080,11,,,1,30,,72106,22,,,1,70,,72081,11,,,1,30,,72103,18,,,1,70,,72082,11,,,1,30,,72104,18,,,1,70,,72083,11,,,1,100,,72084,11,,,1
101,'20261106',511,,72114,11,,,1,30,,72138,18,,,1,70,,72115,11,,,1,11,,72157,20,,,1,15,,72155,22,,,1,8,,72135,3,,,1,7,,72158,20,,,1,55,,72133,11,,,1,8,,72131,3,,,1,7,,72159,20,,,1,16,,72156,22,,,1,7,,72136,3,,,1,7,,72160,20,,,1,55,,72134,11,,,1,8,,72132,3,,,1,9,,72161,35,,,1,7,,72137,3,,,1,24,,72139,18,,,1,70,,72116,11,,,1,30,,72140,18,,,1,70,,72117,11,,,1,30,,72141,18,,,1,70,,72118,11,,,1,30,,72153,22,,,1,70,,72119,11,,,1,30,,72142,18,,,1,70,,72120,11,,,1,30,,72143,18,,,1,70,,72121,11,,,1,30,,72144,18,,,1,70,,72122,11,,,1,31,,72145,18,,,1,70,,72123,11,,,1,28,,72146,18,,,1,70,,72124,11,,,1,30,,72147,18,,,1,69,,72125,11,,,1,32,,72148,18,,,1,69,,72126,11,,,1,30,,72154,22,,,1,70,,72127,11,,,1,30,,72149,18,,,1,70,,72128,11,,,1,30,,72150,18,,,1,70,,72129,11,,,1,30,,72151,18,,,1,70,,72130,11,,,1,30,,72152,18,,,1
101,'20261107',754,,72190,22,,,1,70,,72162,11,,,1,30,,72191,22,,,1,70,,72163,11,,,1,30,,72192,22,,,1,70,,72164,11,,,1,30,,72178,18,,,1,70,,72165,11,,,1,30,,72193,22,,,1,70,,72166,11,,,1,30,,72179,18,,,1,70,,72167,11,,,1,30,,72180,18,,,1,70,,72168,11,,,1,30,,72181,18,,,1,70,,72169,11,,,1,30,,72182,18,,,1,70,,72170,11,,,1,30,,72183,18,,,1,70,,72171,11,,,1,30,,72184,18,,,1,70,,72172,11,,,1,30,,72185,18,,,1,70,,72173,11,,,1,30,,72194,22,,,1,70,,72174,11,,,1,30,,72186,18,,,1,70,,72175,11,,,1,30,,72187,18,,,1,70,,72176,11,,,1,30,,72188,18,,,1,70,,72177,11,,,1,30,,72189,18,,,1
101,'20261108',754,,72226,22,,,1,70,,72199,11,,,1,30,,72227,22,,,1,70,,72200,11,,,1,30,,72228,22,,,1,70,,72201,11,,,1,30,,72215,18,,,1,70,,72202,11,,,1,30,,72229,22,,,1,70,,72203,11,,,1,30,,72216,18,,,1,70,,72204,11,,,1,30,,72217,18,,,1,70,,72205,11,,,1,30,,72218,18,,,1,70,,72206,11,,,1,30,,72219,18,,,1,70,,72207,11,,,1,30,,72220,18,,,1,70,,72208,11,,,1,30,,72221,18,,,1,70,,72209,11,,,1,30,,72222,18,,,1,70,,72210,11,,,1,30,,72230,22,,,1,70,,72211,11,,,1,30,,72223,18,,,1,70,,72212,11,,,1,30,,72224,18,,,1,70,,72213,11,,,1,30,,72225,18,,,1,70,,72214,11,,,1
101,'20261109',511,,72235,11,,,1,30,,72259,18,,,1,70,,72236,11,,,1,11,,72276,20,,,1,15,,72274,22,,,1,8,,72256,3,,,1,7,,72277,20,,,1,55,,72254,11,,,1,8,,72252,3,,,1,7,,72278,20,,,1,16,,72275,22,,,1,7,,72257,3,,,1,7,,72279,20,,,1,55,,72255,11,,,1,8,,72253,3,,,1,9,,72280,35,,,1,7,,72258,3,,,1,24,,72260,18,,,1,70,,72237,11,,,1,30,,72261,18,,,1,70,,72238,11,,,1,30,,72262,18,,,1,70,,72239,11,,,1,30,,72272,22,,,1,70,,72240,11,,,1,30,,72263,18,,,1,70,,72241,11,,,1,30,,72264,18,,,1,70,,72242,11,,,1,30,,72265,18,,,1,70,,72243,11,,,1,31,,72266,18,,,1,70,,72244,11,,,1,28,,72267,18,,,1,70,,72245,11,,,1,30,,72268,18,,,1,69,,72246,11,,,1,32,,72269,18,,,1,69,,72247,11,,,1,30,,72273,22,,,1,70,,72248,11,,,1,30,,72270,18,,,1,70,,72249,11,,,1,30,,72271,18,,,1,70,,72250,11,,,1,100,,72251,11,,,1
101,'20261110',511,,72281,11,,,1,30,,72305,18,,,1,70,,72282,11,,,1,11,,72322,20,,,1,15,,72320,22,,,1,8,,72302,3,,,1,7,,72323,20,,,1,55,,72300,11,,,1,8,,72298,3,,,1,7,,72324,20,,,1,16,,72321,22,,,1,7,,72303,3,,,1,7,,72325,20,,,1,55,,72301,11,,,1,8,,72299,3,,,1,9,,72326,35,,,1,7,,72304,3,,,1,24,,72306,18,,,1,70,,72283,11,,,1,30,,72307,18,,,1,70,,72284,11,,,1,30,,72308,18,,,1,70,,72285,11,,,1,30,,72318,22,,,1,70,,72286,11,,,1,30,,72309,18,,,1,70,,72287,11,,,1,30,,72310,18,,,1,70,,72288,11,,,1,30,,72311,18,,,1,70,,72289,11,,,1,31,,72312,18,,,1,70,,72290,11,,,1,28,,72313,18,,,1,70,,72291,11,,,1,30,,72314,18,,,1,69,,72292,11,,,1,32,,72315,18,,,1,69,,72293,11,,,1,30,,72319,22,,,1,70,,72294,11,,,1,30,,72316,18,,,1,70,,72295,11,,,1,30,,72317,18,,,1,70,,72296,11,,,1,100,,72297,11,,,1
101,'20261111',511,,72327,11,,,1,30,,72351,18,,,1,70,,72328,11,,,1,11,,72368,20,,,1,15,,72366,22,,,1,8,,72348,3,,,1,7,,72369,20,,,1,55,,72346,11,,,1,8,,72344,3,,,1,7,,72370,20,,,1,16,,72367,22,,,1,7,,72349,3,,,1,7,,72371,20,,,1,55,,72347,11,,,1,8,,72345,3,,,1,9,,72372,35,,,1,7,,72350,3,,,1,24,,72352,18,,,1,70,,72329,11,,,1,30,,72353,18,,,1,70,,72330,11,,,1,30,,72354,18,,,1,70,,72331,11,,,1,30,,72364,22,,,1,70,,72332,11,,,1,30,,72355,18,,,1,70,,72333,11,,,1,30,,72356,18,,,1,70,,72334,11,,,1,30,,72357,18,,,1,70,,72335,11,,,1,31,,72358,18,,,1,70,,72336,11,,,1,28,,72359,18,,,1,70,,72337,11,,,1,30,,72360,18,,,1,69,,72338,11,,,1,32,,72361,18,,,1,69,,72339,11,,,1,30,,72365,22,,,1,70,,72340,11,,,1,30,,72362,18,,,1,70,,72341,11,,,1,30,,72363,18,,,1,70,,72342,11,,,1,100,,72343,11,,,1
101,'20261112',511,,72373,11,,,1,30,,72397,18,,,1,70,,72374,11,,,1,11,,72414,20,,,1,15,,72412,22,,,1,8,,72394,3,,,1,7,,72415,20,,,1,55,,72392,11,,,1,8,,72390,3,,,1,7,,72416,20,,,1,16,,72413,22,,,1,7,,72395,3,,,1,7,,72417,20,,,1,55,,72393,11,,,1,8,,72391,3,,,1,9,,72418,35,,,1,7,,72396,3,,,1,24,,72398,18,,,1,70,,72375,11,,,1,30,,72399,18,,,1,70,,72376,11,,,1,30,,72400,18,,,1,70,,72377,11,,,1,30,,72410,22,,,1,70,,72378,11,,,1,30,,72401,18,,,1,70,,72379,11,,,1,30,,72402,18,,,1,70,,72380,11,,,1,30,,72403,18,,,1,70,,72381,11,,,1,31,,72404,18,,,1,70,,72382,11,,,1,28,,72405,18,,,1,70,,72383,11,,,1,30,,72406,18,,,1,69,,72384,11,,,1,32,,72407,18,,,1,69,,72385,11,,,1,30,,72411,22,,,1,70,,72386,11,,,1,30,,72408,18,,,1,70,,72387,11,,,1,30,,72409,18,,,1,70,,72388,11,,,1,100,,72389,11,,,1
101,'20261113',511,,72419,11,,,1,30,,72443,18,,,1,70,,72420,11,,,1,11,,72462,20,,,1,15,,72460,22,,,1,8,,72440,3,,,1,7,,72463,20,,,1,55,,72438,11,,,1,8,,72436,3,,,1,7,,72464,20,,,1,16,,72461,22,,,1,7,,72441,3,,,1,7,,72465,20,,,1,55,,72439,11,,,1,8,,72437,3,,,1,9,,72466,35,,,1,7,,72442,3,,,1,24,,72444,18,,,1,70,,72421,11,,,1,30,,72445,18,,,1,70,,72422,11,,,1,30,,72446,18,,,1,70,,72423,11,,,1,30,,72458,22,,,1,70,,72424,11,,,1,30,,72447,18,,,1,70,,72425,11,,,1,30,,72448,18,,,1,70,,72426,11,,,1,30,,72449,18,,,1,70,,72427,11,,,1,31,,72450,18,,,1,70,,72428,11,,,1,28,,72451,18,,,1,70,,72429,11,,,1,30,,72452,18,,,1,69,,72430,11,,,1,32,,72453,18,,,1,69,,72431,11,,,1,30,,72459,22,,,1,70,,72432,11,,,1,30,,72454,18,,,1,70,,72433,11,,,1,30,,72455,18,,,1,70,,72434,11,,,1,30,,72456,18,,,1,70,,72435,11,,,1,30,,72457,18,,,1
101,'20261114',754,,72495,22,,,1,70,,72467,11,,,1,30,,72496,22,,,1,70,,72468,11,,,1,30,,72497,22,,,1,70,,72469,11,,,1,30,,72483,18,,,1,70,,72470,11,,,1,30,,72498,22,,,1,70,,72471,11,,,1,30,,72484,18,,,1,70,,72472,11,,,1,30,,72485,18,,,1,70,,72473,11,,,1,30,,72486,18,,,1,70,,72474,11,,,1,30,,72487,18,,,1,70,,72475,11,,,1,30,,72488,18,,,1,70,,72476,11,,,1,30,,72489,18,,,1,70,,72477,11,,,1,30,,72490,18,,,1,70,,72478,11,,,1,30,,72499,22,,,1,70,,72479,11,,,1,30,,72491,18,,,1,70,,72480,11,,,1,30,,72492,18,,,1,70,,72481,11,,,1,30,,72493,18,,,1,70,,72482,11,,,1,30,,72494,18,,,1
101,'20261115',754,,72531,22,,,1,70,,72504,11,,,1,30,,72532,22,,,1,70,,72505,11,,,1,30,,72533,22,,,1,70,,72506,11,,,1,30,,72520,18,,,1,70,,72507,11,,,1,30,,72534,22,,,1,70,,72508,11,,,1,30,,72521,18,,,1,70,,72509,11,,,1,30,,72522,18,,,1,70,,72510,11,,,1,30,,72523,18,,,1,70,,72511,11,,,1,30,,72524,18,,,1,70,,72512,11,,,1,30,,72525,18,,,1,70,,72513,11,,,1,30,,72526,18,,,1,70,,72514,11,,,1,30,,72527,18,,,1,70,,72515,11,,,1,30,,72535,22,,,1,70,,72516,11,,,1,30,,72528,18,,,1,70,,72517,11,,,1,30,,72529,18,,,1,70,,72518,11,,,1,30,,72530,18,,,1,70,,72519,11,,,1
101,'20261116',511,,72540,11,,,1,30,,72564,18,,,1,70,,72541,11,,,1,11,,72581,20,,,1,15,,72579,22,,,1,8,,72561,3,,,1,7,,72582,20,,,1,55,,72559,11,,,1,8,,72557,3,,,1,7,,72583,20,,,1,16,,72580,22,,,1,7,,72562,3,,,1,7,,72584,20,,,1,55,,72560,11,,,1,8,,72558,3,,,1,9,,72585,35,,,1,7,,72563,3,,,1,24,,72565,18,,,1,70,,72542,11,,,1,30,,72566,18,,,1,70,,72543,11,,,1,30,,72567,18,,,1,70,,72544,11,,,1,30,,72577,22,,,1,70,,72545,11,,,1,30,,72568,18,,,1,70,,72546,11,,,1,30,,72569,18,,,1,70,,72547,11,,,1,30,,72570,18,,,1,70,,72548,11,,,1,31,,72571,18,,,1,70,,72549,11,,,1,28,,72572,18,,,1,70,,72550,11,,,1,30,,72573,18,,,1,69,,72551,11,,,1,32,,72574,18,,,1,69,,72552,11,,,1,30,,72578,22,,,1,70,,72553,11,,,1,30,,72575,18,,,1,70,,72554,11,,,1,30,,72576,18,,,1,70,,72555,11,,,1,100,,72556,11,,,1
101,'20261117',511,,72586,11,,,1,30,,72610,18,,,1,70,,72587,11,,,1,11,,72627,20,,,1,15,,72625,22,,,1,8,,72607,3,,,1,7,,72628,20,,,1,55,,72605,11,,,1,8,,72603,3,,,1,7,,72629,20,,,1,16,,72626,22,,,1,7,,72608,3,,,1,7,,72630,20,,,1,55,,72606,11,,,1,8,,72604,3,,,1,9,,72631,35,,,1,7,,72609,3,,,1,24,,72611,18,,,1,70,,72588,11,,,1,30,,72612,18,,,1,70,,72589,11,,,1,30,,72613,18,,,1,70,,72590,11,,,1,30,,72623,22,,,1,70,,72591,11,,,1,30,,72614,18,,,1,70,,72592,11,,,1,30,,72615,18,,,1,70,,72593,11,,,1,30,,72616,18,,,1,70,,72594,11,,,1,31,,72617,18,,,1,70,,72595,11,,,1,28,,72618,18,,,1,70,,72596,11,,,1,30,,72619,18,,,1,69,,72597,11,,,1,32,,72620,18,,,1,69,,72598,11,,,1,30,,72624,22,,,1,70,,72599,11,,,1,30,,72621,18,,,1,70,,72600,11,,,1,30,,72622,18,,,1,70,,72601,11,,,1,100,,72602,11,,,1
101,'20261118',511,,72632,11,,,1,30,,72656,18,,,1,70,,72633,11,,,1,11,,72673,20,,,1,15,,72671,22,,,1,8,,72653,3,,,1,7,,72674,20,,,1,55,,72651,11,,,1,8,,72649,3,,,1,7,,72675,20,,,1,16,,72672,22,,,1,7,,72654,3,,,1,7,,72676,20,,,1,55,,72652,11,,,1,8,,72650,3,,,1,9,,72677,35,,,1,7,,72655,3,,,1,24,,72657,18,,,1,70,,72634,11,,,1,30,,72658,18,,,1,70,,72635,11,,,1,30,,72659,18,,,1,70,,72636,11,,,1,30,,72669,22,,,1,70,,72637,11,,,1,30,,72660,18,,,1,70,,72638,11,,,1,30,,72661,18,,,1,70,,72639,11,,,1,30,,72662,18,,,1,70,,72640,11,,,1,31,,72663,18,,,1,70,,72641,11,,,1,28,,72664,18,,,1,70,,72642,11,,,1,30,,72665,18,,,1,69,,72643,11,,,1,32,,72666,18,,,1,69,,72644,11,,,1,30,,72670,22,,,1,70,,72645,11,,,1,30,,72667,18,,,1,70,,72646,11,,,1,30,,72668,18,,,1,70,,72647,11,,,1,100,,72648,11,,,1
101,'20261119',511,,72678,11,,,1,30,,72702,18,,,1,70,,72679,11,,,1,11,,72719,20,,,1,15,,72717,22,,,1,8,,72699,3,,,1,7,,72720,20,,,1,55,,72697,11,,,1,8,,72695,3,,,1,7,,72721,20,,,1,16,,72718,22,,,1,7,,72700,3,,,1,7,,72722,20,,,1,55,,72698,11,,,1,8,,72696,3,,,1,9,,72723,35,,,1,7,,72701,3,,,1,24,,72703,18,,,1,70,,72680,11,,,1,30,,72704,18,,,1,70,,72681,11,,,1,30,,72705,18,,,1,70,,72682,11,,,1,30,,72715,22,,,1,70,,72683,11,,,1,30,,72706,18,,,1,70,,72684,11,,,1,30,,72707,18,,,1,70,,72685,11,,,1,30,,72708,18,,,1,70,,72686,11,,,1,31,,72709,18,,,1,70,,72687,11,,,1,28,,72710,18,,,1,70,,72688,11,,,1,30,,72711,18,,,1,69,,72689,11,,,1,32,,72712,18,,,1,69,,72690,11,,,1,30,,72716,22,,,1,70,,72691,11,,,1,30,,72713,18,,,1,70,,72692,11,,,1,30,,72714,18,,,1,70,,72693,11,,,1,100,,72694,11,,,1
101,'20261120',511,,72724,11,,,1,30,,72748,18,,,1,70,,72725,11,,,1,11,,72767,20,,,1,15,,72765,22,,,1,8,,72745,3,,,1,7,,72768,20,,,1,55,,72743,11,,,1,8,,72741,3,,,1,7,,72769,20,,,1,16,,72766,22,,,1,7,,72746,3,,,1,7,,72770,20,,,1,55,,72744,11,,,1,8,,72742,3,,,1,9,,72771,35,,,1,7,,72747,3,,,1,24,,72749,18,,,1,70,,72726,11,,,1,30,,72750,18,,,1,70,,72727,11,,,1,30,,72751,18,,,1,70,,72728,11,,,1,30,,72763,22,,,1,70,,72729,11,,,1,30,,72752,18,,,1,70,,72730,11,,,1,30,,72753,18,,,1,70,,72731,11,,,1,30,,72754,18,,,1,70,,72732,11,,,1,31,,72755,18,,,1,70,,72733,11,,,1,28,,72756,18,,,1,70,,72734,11,,,1,30,,72757,18,,,1,69,,72735,11,,,1,32,,72758,18,,,1,69,,72736,11,,,1,30,,72764,22,,,1,70,,72737,11,,,1,30,,72759,18,,,1,70,,72738,11,,,1,30,,72760,18,,,1,70,,72739,11,,,1,30,,72761,18,,,1,70,,72740,11,,,1,30,,72762,18,,,1
101,'20261121',754,,72800,22,,,1,70,,72772,11,,,1,30,,72801,22,,,1,70,,72773,11,,,1,30,,72802,22,,,1,70,,72774,11,,,1,30,,72788,18,,,1,70,,72775,11,,,1,30,,72803,22,,,1,70,,72776,11,,,1,30,,72789,18,,,1,70,,72777,11,,,1,30,,72790,18,,,1,70,,72778,11,,,1,30,,72791,18,,,1,70,,72779,11,,,1,30,,72792,18,,,1,70,,72780,11,,,1,30,,72793,18,,,1,70,,72781,11,,,1,30,,72794,18,,,1,70,,72782,11,,,1,30,,72795,18,,,1,70,,72783,11,,,1,30,,72804,22,,,1,70,,72784,11,,,1,30,,72796,18,,,1,70,,72785,11,,,1,30,,72797,18,,,1,70,,72786,11,,,1,30,,72798,18,,,1,70,,72787,11,,,1,30,,72799,18,,,1
101,'20261122',754,,72836,22,,,1,70,,72809,11,,,1,30,,72837,22,,,1,70,,72810,11,,,1,30,,72838,22,,,1,70,,72811,11,,,1,30,,72825,18,,,1,70,,72812,11,,,1,30,,72839,22,,,1,70,,72813,11,,,1,30,,72826,18,,,1,70,,72814,11,,,1,30,,72827,18,,,1,70,,72815,11,,,1,30,,72828,18,,,1,70,,72816,11,,,1,30,,72829,18,,,1,70,,72817,11,,,1,30,,72830,18,,,1,70,,72818,11,,,1,30,,72831,18,,,1,70,,72819,11,,,1,30,,72832,18,,,1,70,,72820,11,,,1,30,,72840,22,,,1,70,,72821,11,,,1,30,,72833,18,,,1,70,,72822,11,,,1,30,,72834,18,,,1,70,,72823,11,,,1,30,,72835,18,,,1,70,,72824,11,,,1
101,'20261123',511,,72845,11,,,1,30,,72869,18,,,1,70,,72846,11,,,1,11,,72886,20,,,1,15,,72884,22,,,1,8,,72866,3,,,1,7,,72887,20,,,1,55,,72864,11,,,1,8,,72862,3,,,1,7,,72888,20,,,1,16,,72885,22,,,1,7,,72867,3,,,1,7,,72889,20,,,1,55,,72865,11,,,1,8,,72863,3,,,1,9,,72890,35,,,1,7,,72868,3,,,1,24,,72870,18,,,1,70,,72847,11,,,1,30,,72871,18,,,1,70,,72848,11,,,1,30,,72872,18,,,1,70,,72849,11,,,1,30,,72882,22,,,1,70,,72850,11,,,1,30,,72873,18,,,1,70,,72851,11,,,1,30,,72874,18,,,1,70,,72852,11,,,1,30,,72875,18,,,1,70,,72853,11,,,1,31,,72876,18,,,1,70,,72854,11,,,1,28,,72877,18,,,1,70,,72855,11,,,1,30,,72878,18,,,1,69,,72856,11,,,1,32,,72879,18,,,1,69,,72857,11,,,1,30,,72883,22,,,1,70,,72858,11,,,1,30,,72880,18,,,1,70,,72859,11,,,1,30,,72881,18,,,1,70,,72860,11,,,1,100,,72861,11,,,1
101,'20261124',511,,72891,11,,,1,30,,72915,18,,,1,70,,72892,11,,,1,11,,72932,20,,,1,15,,72930,22,,,1,8,,72912,3,,,1,7,,72933,20,,,1,55,,72910,11,,,1,8,,72908,3,,,1,7,,72934,20,,,1,16,,72931,22,,,1,7,,72913,3,,,1,7,,72935,20,,,1,55,,72911,11,,,1,8,,72909,3,,,1,9,,72936,35,,,1,7,,72914,3,,,1,24,,72916,18,,,1,70,,72893,11,,,1,30,,72917,18,,,1,70,,72894,11,,,1,30,,72918,18,,,1,70,,72895,11,,,1,30,,72928,22,,,1,70,,72896,11,,,1,30,,72919,18,,,1,70,,72897,11,,,1,30,,72920,18,,,1,70,,72898,11,,,1,30,,72921,18,,,1,70,,72899,11,,,1,31,,72922,18,,,1,70,,72900,11,,,1,28,,72923,18,,,1,70,,72901,11,,,1,30,,72924,18,,,1,69,,72902,11,,,1,32,,72925,18,,,1,69,,72903,11,,,1,30,,72929,22,,,1,70,,72904,11,,,1,30,,72926,18,,,1,70,,72905,11,,,1,30,,72927,18,,,1,70,,72906,11,,,1,100,,72907,11,,,1
101,'20261125',511,,72937,11,,,1,30,,72961,18,,,1,70,,72938,11,,,1,11,,72978,20,,,1,15,,72976,22,,,1,8,,72958,3,,,1,7,,72979,20,,,1,55,,72956,11,,,1,8,,72954,3,,,1,7,,72980,20,,,1,16,,72977,22,,,1,7,,72959,3,,,1,7,,72981,20,,,1,55,,72957,11,,,1,8,,72955,3,,,1,9,,72982,35,,,1,7,,72960,3,,,1,24,,72962,18,,,1,70,,72939,11,,,1,30,,72963,18,,,1,70,,72940,11,,,1,30,,72964,18,,,1,70,,72941,11,,,1,30,,72974,22,,,1,70,,72942,11,,,1,30,,72965,18,,,1,70,,72943,11,,,1,30,,72966,18,,,1,70,,72944,11,,,1,30,,72967,18,,,1,70,,72945,11,,,1,31,,72968,18,,,1,70,,72946,11,,,1,28,,72969,18,,,1,70,,72947,11,,,1,30,,72970,18,,,1,69,,72948,11,,,1,32,,72971,18,,,1,69,,72949,11,,,1,30,,72975,22,,,1,70,,72950,11,,,1,30,,72972,18,,,1,70,,72951,11,,,1,30,,72973,18,,,1,70,,72952,11,,,1,100,,72953,11,,,1
101,'20261126',511,,72983,11,,,1,30,,73007,18,,,1,70,,72984,11,,,1,11,,73024,20,,,1,15,,73022,22,,,1,8,,73004,3,,,1,7,,73025,20,,,1,55,,73002,11,,,1,8,,73000,3,,,1,7,,73026,20,,,1,16,,73023,22,,,1,7,,73005,3,,,1,7,,73027,20,,,1,55,,73003,11,,,1,8,,73001,3,,,1,9,,73028,35,,,1,7,,73006,3,,,1,24,,73008,18,,,1,70,,72985,11,,,1,30,,73009,18,,,1,70,,72986,11,,,1,30,,73010,18,,,1,70,,72987,11,,,1,30,,73020,22,,,1,70,,72988,11,,,1,30,,73011,18,,,1,70,,72989,11,,,1,30,,73012,18,,,1,70,,72990,11,,,1,30,,73013,18,,,1,70,,72991,11,,,1,31,,73014,18,,,1,70,,72992,11,,,1,28,,73015,18,,,1,70,,72993,11,,,1,30,,73016,18,,,1,69,,72994,11,,,1,32,,73017,18,,,1,69,,72995,11,,,1,30,,73021,22,,,1,70,,72996,11,,,1,30,,73018,18,,,1,70,,72997,11,,,1,30,,73019,18,,,1,70,,72998,11,,,1,100,,72999,11,,,1
101,'20261127',511,,73029,11,,,1,30,,73053,18,,,1,70,,73030,11,,,1,11,,73072,20,,,1,15,,73070,22,,,1,8,,73050,3,,,1,7,,73073,20,,,1,55,,73048,11,,,1,8,,73046,3,,,1,7,,73074,20,,,1,16,,73071,22,,,1,7,,73051,3,,,1,7,,73075,20,,,1,55,,73049,11,,,1,8,,73047,3,,,1,9,,73076,35,,,1,7,,73052,3,,,1,24,,73054,18,,,1,70,,73031,11,,,1,30,,73055,18,,,1,70,,73032,11,,,1,30,,73056,18,,,1,70,,73033,11,,,1,30,,73068,22,,,1,70,,73034,11,,,1,30,,73057,18,,,1,70,,73035,11,,,1,30,,73058,18,,,1,70,,73036,11,,,1,30,,73059,18,,,1,70,,73037,11,,,1,31,,73060,18,,,1,70,,73038,11,,,1,28,,73061,18,,,1,70,,73039,11,,,1,30,,73062,18,,,1,69,,73040,11,,,1,32,,73063,18,,,1,69,,73041,11,,,1,30,,73069,22,,,1,70,,73042,11,,,1,30,,73064,18,,,1,70,,73043,11,,,1,30,,73065,18,,,1,70,,73044,11,,,1,30,,73066,18,,,1,70,,73045,11,,,1,30,,73067,18,,,1
