100,'20260917',651,,66227,22,0,10,1,70,,66250,22,0,11 12,1,38,,66228,22,0,10,1,70,,66251,22,0,11 12,1,30,,66229,22,0,10,1,70,,66252,22,0,11 12,1,30,,66230,22,0,10,1,70,,66253,22,0,11 12,1,30,,66231,22,0,10,1,70,,66254,22,0,11 12,1,30,,66232,22,0,10,1,70,,66265,22,0,13,1,30,,66233,22,0,10,1,70,,66255,22,0,11 12,1,30,,66234,22,0,10,1,70,,66256,22,0,11 12,1,30,,66235,22,0,10,1,70,,66257,22,0,11 12,1,30,,66236,22,0,10,1,60,,66247,22,4,,1,3,,66268,22,0,17 18,1,9,,66267,22,0,13,1,19,,66244,22,4,,1,2,,66264,22,0,11 12,1,50,,66242,22,0,10,1,18,,66248,22,4,,1,2,,66269,22,0,17 18,1,9,,66272,22,,,1,19,,66245,22,4,,1,2,,66270,22,0,17 18,1,50,,66243,22,0,10,1,16,,66249,22,0,15,1,4,,66271,22,0,17 18,1,13,,66258,22,0,11 12,1,65,,66237,22,0,10,1,30,,66266,22,0,13,1,70,,66238,22,0,10,1,30,,66259,22,0,11 12,1,70,,66239,22,0,10,1,30,,66260,22,0,11 12,1,70,,66240,22,0,10,1,30,,66261,22,0,11 12,1,70,,66241,22,0,10,1,30,,66262,22,0,11 12,1,18,,66246,22,0,10,1,82,,66263,22,0,11 12,1
100,'20260918',651,,66273,22,0,10,1,70,,66297,22,0,11 12,1,38,,66274,22,0,10,1,70,,66298,22,0,11 12,1,30,,66275,22,0,10,1,70,,66299,22,0,11 12,1,30,,66276,22,0,10,1,70,,66300,22,0,11 12,1,30,,66277,22,0,10,1,70,,66301,22,0,11 12,1,30,,66278,22,0,10,1,70,,66313,22,0,13,1,30,,66279,22,0,10,1,70,,66302,22,0,11 12,1,30,,66280,22,0,10,1,70,,66303,22,0,11 12,1,30,,66281,22,0,10,1,70,,66304,22,0,11 12,1,30,,66282,22,0,10,1,60,,66294,22,4,,1,3,,66316,22,0,17 18,1,9,,66315,22,0,13,1,19,,66292,22,4,,1,2,,66312,22,0,11 12,1,50,,66290,22,0,10,1,18,,66295,22,4,,1,2,,66317,22,0,17 18,1,9,,66320,22,,,1,19,,66293,22,4,,1,2,,66318,22,0,17 18,1,50,,66291,22,0,10,1,16,,66296,22,0,15,1,4,,66319,22,0,17 18,1,13,,66305,22,0,11 12,1,65,,66283,22,0,10,1,30,,66314,22,0,13,1,70,,66284,22,0,10,1,30,,66306,22,0,11 12,1,70,,66285,22,0,10,1,30,,66307,22,0,11 12,1,70,,66286,22,0,10,1,30,,66308,22,0,11 12,1,70,,66287,22,0,10,1,30,,66309,22,0,11 12,1,71,,66288,22,0,10,1,29,,66310,22,0,11 12,1,70,,66289,22,0,10,1,30,,66311,22,0,11 12,1
100,'20260919',929,,66337,22,0,11 12,1,10,,66354,22,,,1,20,,66321,22,0,10,1,70,,66338,22,0,11 12,1,30,,66322,22,0,10,1,70,,66339,22,0,11 12,1,14,,66355,22,,,1,16,,66323,22,0,10,1,70,,66340,22,0,11 12,1,30,,66324,22,0,10,1,70,,66341,22,0,11 12,1,30,,66325,22,0,10,1,70,,66342,22,0,11 12,1,30,,66326,22,0,10,1,70,,66352,22,0,13,1,30,,66327,22,0,10,1,70,,66343,22,0,11 12,1,30,,66328,22,0,10,1,70,,66344,22,0,11 12,1,12,,66356,22,,,1,59,,66329,22,0,10,1,30,,66345,22,0,11 12,1,70,,66330,22,0,10,1,30,,66346,22,0,11 12,1,26,,66357,22,,,1,44,,66331,22,0,10,1,30,,66347,22,0,11 12,1,70,,66332,22,0,10,1,30,,66353,22,0,13,1,70,,66333,22,0,10,1,30,,66348,22,0,11 12,1,70,,66334,22,0,10,1,30,,66349,22,0,11 12,1,71,,66335,22,0,10,1,31,,66350,22,0,11 12,1,70,,66336,22,0,10,1,30,,66351,22,0,11 12,1
100,'20260920',929,,66374,22,0,11 12,1,10,,66390,22,,,1,20,,66358,22,0,10,1,70,,66375,22,0,11 12,1,30,,66359,22,0,10,1,70,,66376,22,0,11 12,1,14,,66391,22,,,1,16,,66360,22,0,10,1,70,,66377,22,0,11 12,1,30,,66361,22,0,10,1,70,,66378,22,0,11 12,1,30,,66362,22,0,10,1,70,,66379,22,0,11 12,1,30,,66363,22,0,10,1,70,,66388,22,0,13,1,30,,66364,22,0,10,1,70,,66380,22,0,11 12,1,30,,66365,22,0,10,1,70,,66381,22,0,11 12,1,12,,66392,22,,,1,59,,66366,22,0,10,1,30,,66382,22,0,11 12,1,70,,66367,22,0,10,1,30,,66383,22,0,11 12,1,26,,66393,22,,,1,44,,66368,22,0,10,1,30,,66384,22,0,11 12,1,70,,66369,22,0,10,1,30,,66389,22,0,13,1,70,,66370,22,0,10,1,30,,66385,22,0,11 12,1,70,,66371,22,0,10,1,30,,66386,22,0,11 12,1,71,,66372,22,0,10,1,31,,66387,22,0,11 12,1,70,,66373,22,0,10,1
100,'20260921',651,,66394,22,0,10,1,70,,66417,22,0,11 12,1,38,,66395,22,0,10,1,70,,66418,22,0,11 12,1,30,,66396,22,0,10,1,70,,66419,22,0,11 12,1,30,,66397,22,0,10,1,70,,66420,22,0,11 12,1,30,,66398,22,0,10,1,70,,66421,22,0,11 12,1,30,,66399,22,0,10,1,70,,66432,22,0,13,1,30,,66400,22,0,10,1,70,,66422,22,0,11 12,1,30,,66401,22,0,10,1,70,,66423,22,0,11 12,1,30,,66402,22,0,10,1,70,,66424,22,0,11 12,1,30,,66403,22,0,10,1,60,,66414,22,4,,1,3,,66435,22,0,17 18,1,9,,66434,22,0,13,1,19,,66411,22,4,,1,2,,66431,22,0,11 12,1,50,,66409,22,0,10,1,18,,66415,22,4,,1,2,,66436,22,0,17 18,1,9,,66439,22,,,1,19,,66412,22,4,,1,2,,66437,22,0,17 18,1,50,,66410,22,0,10,1,16,,66416,22,0,15,1,4,,66438,22,0,17 18,1,13,,66425,22,0,11 12,1,65,,66404,22,0,10,1,30,,66433,22,0,13,1,70,,66405,22,0,10,1,30,,66426,22,0,11 12,1,70,,66406,22,0,10,1,30,,66427,22,0,11 12,1,70,,66407,22,0,10,1,30,,66428,22,0,11 12,1,70,,66408,22,0,10,1,30,,66429,22,0,11 12,1,18,,66413,22,0,10,1,11,,92080,16,4,,1,71,,66430,22,0,11 12,1
100,'20260922',651,,66440,22,0,10,1,70,,66463,22,0,11 12,1,38,,66441,22,0,10,1,70,,66464,22,0,11 12,1,30,,66442,22,0,10,1,70,,66465,22,0,11 12,1,30,,66443,22,0,10,1,70,,66466,22,0,11 12,1,30,,66444,22,0,10,1,70,,66467,22,0,11 12,1,30,,66445,22,0,10,1,70,,66478,22,0,13,1,30,,66446,22,0,10,1,70,,66468,22,0,11 12,1,30,,66447,22,0,10,1,70,,66469,22,0,11 12,1,30,,66448,22,0,10,1,70,,66470,22,0,11 12,1,30,,66449,22,0,10,1,60,,66460,22,4,,1,3,,66481,22,0,17 18,1,9,,66480,22,0,13,1,19,,66457,22,4,,1,2,,66477,22,0,11 12,1,50,,66455,22,0,10,1,18,,66461,22,4,,1,2,,66482,22,0,17 18,1,9,,66485,22,,,1,19,,66458,22,4,,1,2,,66483,22,0,17 18,1,50,,66456,22,0,10,1,16,,66462,22,0,15,1,4,,66484,22,0,17 18,1,13,,66471,22,0,11 12,1,65,,66450,22,0,10,1,30,,66479,22,0,13,1,70,,66451,22,0,10,1,30,,66472,22,0,11 12,1,70,,66452,22,0,10,1,30,,66473,22,0,11 12,1,70,,66453,22,0,10,1,30,,66474,22,0,11 12,1,70,,66454,22,0,10,1,30,,66475,22,0,11 12,1,18,,66459,22,0,10,1,82,,66476,22,0,11 12,1
100,'20260923',651,,66486,22,0,10,1,70,,66509,22,0,11 12,1,38,,66487,22,0,10,1,70,,66510,22,0,11 12,1,30,,66488,22,0,10,1,70,,66511,22,0,11 12,1,30,,66489,22,0,10,1,70,,66512,22,0,11 12,1,30,,66490,22,0,10,1,70,,66513,22,0,11 12,1,30,,66491,22,0,10,1,70,,66524,22,0,13,1,30,,66492,22,0,10,1,70,,66514,22,0,11 12,1,30,,66493,22,0,10,1,70,,66515,22,0,11 12,1,30,,66494,22,0,10,1,70,,66516,22,0,11 12,1,30,,66495,22,0,10,1,60,,66506,22,4,,1,3,,66527,22,0,17 18,1,9,,66526,22,0,13,1,19,,66503,22,4,,1,2,,66523,22,0,11 12,1,50,,66501,22,0,10,1,18,,66507,22,4,,1,2,,66528,22,0,17 18,1,9,,66531,22,,,1,19,,66504,22,4,,1,2,,66529,22,0,17 18,1,50,,66502,22,0,10,1,16,,66508,22,0,15,1,4,,66530,22,0,17 18,1,13,,66517,22,0,11 12,1,65,,66496,22,0,10,1,30,,66525,22,0,13,1,70,,66497,22,0,10,1,30,,66518,22,0,11 12,1,70,,66498,22,0,10,1,30,,66519,22,0,11 12,1,70,,66499,22,0,10,1,30,,66520,22,0,11 12,1,70,,66500,22,0,10,1,30,,66521,22,0,11 12,1,18,,66505,22,0,10,1,82,,66522,22,0,11 12,1
100,'20260924',651,,66532,22,0,10,1,70,,66555,22,0,11 12,1,38,,66533,22,0,10,1,70,,66556,22,0,11 12,1,30,,66534,22,0,10,1,70,,66557,22,0,11 12,1,30,,66535,22,0,10,1,70,,66558,22,0,11 12,1,30,,66536,22,0,10,1,70,,66559,22,0,11 12,1,30,,66537,22,0,10,1,70,,66570,22,0,13,1,30,,66538,22,0,10,1,70,,66560,22,0,11 12,1,30,,66539,22,0,10,1,70,,66561,22,0,11 12,1,30,,66540,22,0,10,1,70,,66562,22,0,11 12,1,30,,66541,22,0,10,1,60,,66552,22,4,,1,3,,66573,22,0,17 18,1,9,,66572,22,0,13,1,19,,66549,22,4,,1,2,,66569,22,0,11 12,1,50,,66547,22,0,10,1,18,,66553,22,4,,1,2,,66574,22,0,17 18,1,9,,66577,22,,,1,19,,66550,22,4,,1,2,,66575,22,0,17 18,1,50,,66548,22,0,10,1,16,,66554,22,0,15,1,4,,66576,22,0,17 18,1,13,,66563,22,0,11 12,1,65,,66542,22,0,10,1,30,,66571,22,0,13,1,70,,66543,22,0,10,1,30,,66564,22,0,11 12,1,70,,66544,22,0,10,1,30,,66565,22,0,11 12,1,70,,66545,22,0,10,1,30,,66566,22,0,11 12,1,70,,66546,22,0,10,1,30,,66567,22,0,11 12,1,18,,66551,22,0,10,1,82,,66568,22,0,11 12,1
100,'20260925',651,,66578,22,0,10,1,70,,66602,22,0,11 12,1,38,,66579,22,0,10,1,70,,66603,22,0,11 12,1,30,,66580,22,0,10,1,70,,66604,22,0,11 12,1,30,,66581,22,0,10,1,70,,66605,22,0,11 12,1,30,,66582,22,0,10,1,70,,66606,22,0,11 12,1,30,,66583,22,0,10,1,70,,66618,22,0,13,1,30,,66584,22,0,10,1,70,,66607,22,0,11 12,1,30,,66585,22,0,10,1,70,,66608,22,0,11 12,1,30,,66586,22,0,10,1,70,,66609,22,0,11 12,1,30,,66587,22,0,10,1,60,,66599,22,4,,1,3,,66621,22,0,17 18,1,9,,66620,22,0,13,1,19,,66597,22,4,,1,2,,66617,22,0,11 12,1,50,,66595,22,0,10,1,18,,66600,22,4,,1,2,,66622,22,0,17 18,1,9,,66625,22,,,1,19,,66598,22,4,,1,2,,66623,22,0,17 18,1,50,,66596,22,0,10,1,16,,66601,22,0,15,1,4,,66624,22,0,17 18,1,13,,66610,22,0,11 12,1,65,,66588,22,0,10,1,30,,66619,22,0,13,1,70,,66589,22,0,10,1,30,,66611,22,0,11 12,1,70,,66590,22,0,10,1,30,,66612,22,0,11 12,1,70,,66591,22,0,10,1,30,,66613,22,0,11 12,1,70,,66592,22,0,10,1,30,,66614,22,0,11 12,1,71,,66593,22,0,10,1,29,,66615,22,0,11 12,1,70,,66594,22,0,10,1,30,,66616,22,0,11 12,1
100,'20260926',929,,66642,22,0,11 12,1,10,,66659,22,,,1,20,,66626,22,0,10,1,70,,66643,22,0,11 12,1,30,,66627,22,0,10,1,70,,66644,22,0,11 12,1,14,,66660,22,,,1,16,,66628,22,0,10,1,70,,66645,22,0,11 12,1,30,,66629,22,0,10,1,70,,66646,22,0,11 12,1,30,,66630,22,0,10,1,70,,66647,22,0,11 12,1,30,,66631,22,0,10,1,70,,66657,22,0,13,1,30,,66632,22,0,10,1,70,,66648,22,0,11 12,1,30,,66633,22,0,10,1,70,,66649,22,0,11 12,1,12,,66661,22,,,1,59,,66634,22,0,10,1,30,,66650,22,0,11 12,1,70,,66635,22,0,10,1,30,,66651,22,0,11 12,1,26,,66662,22,,,1,44,,66636,22,0,10,1,30,,66652,22,0,11 12,1,70,,66637,22,0,10,1,30,,66658,22,0,13,1,70,,66638,22,0,10,1,30,,66653,22,0,11 12,1,70,,66639,22,0,10,1,30,,66654,22,0,11 12,1,71,,66640,22,0,10,1,31,,66655,22,0,11 12,1,70,,66641,22,0,10,1,30,,66656,22,0,11 12,1
100,'20260927',929,,66679,22,0,11 12,1,10,,66695,22,,,1,20,,66663,22,0,10,1,70,,66680,22,0,11 12,1,30,,66664,22,0,10,1,70,,66681,22,0,11 12,1,14,,66696,22,,,1,16,,66665,22,0,10,1,70,,66682,22,0,11 12,1,30,,66666,22,0,10,1,70,,66683,22,0,11 12,1,30,,66667,22,0,10,1,70,,66684,22,0,11 12,1,30,,66668,22,0,10,1,70,,66693,22,0,13,1,30,,66669,22,0,10,1,70,,66685,22,0,11 12,1,30,,66670,22,0,10,1,70,,66686,22,0,11 12,1,12,,66697,22,,,1,59,,66671,22,0,10,1,30,,66687,22,0,11 12,1,70,,66672,22,0,10,1,30,,66688,22,0,11 12,1,26,,66698,22,,,1,44,,66673,22,0,10,1,30,,66689,22,0,11 12,1,70,,66674,22,0,10,1,30,,66694,22,0,13,1,70,,66675,22,0,10,1,30,,66690,22,0,11 12,1,70,,66676,22,0,10,1,30,,66691,22,0,11 12,1,71,,66677,22,0,10,1,31,,66692,22,0,11 12,1,70,,66678,22,0,10,1
100,'20260928',651,,66699,22,0,10,1,70,,66722,22,0,11 12,1,38,,66700,22,0,10,1,70,,66723,22,0,11 12,1,30,,66701,22,0,10,1,70,,66724,22,0,11 12,1,30,,66702,22,0,10,1,70,,66725,22,0,11 12,1,30,,66703,22,0,10,1,70,,66726,22,0,11 12,1,30,,66704,22,0,10,1,70,,66737,22,0,13,1,30,,66705,22,0,10,1,70,,66727,22,0,11 12,1,30,,66706,22,0,10,1,70,,66728,22,0,11 12,1,30,,66707,22,0,10,1,70,,66729,22,0,11 12,1,30,,66708,22,0,10,1,60,,66719,22,4,,1,3,,66740,22,0,17 18,1,9,,66739,22,0,13,1,19,,66716,22,4,,1,2,,66736,22,0,11 12,1,50,,66714,22,0,10,1,18,,66720,22,4,,1,2,,66741,22,0,17 18,1,9,,66744,22,,,1,19,,66717,22,4,,1,2,,66742,22,0,17 18,1,50,,66715,22,0,10,1,16,,66721,22,0,15,1,4,,66743,22,0,17 18,1,13,,66730,22,0,11 12,1,65,,66709,22,0,10,1,30,,66738,22,0,13,1,70,,66710,22,0,10,1,30,,66731,22,0,11 12,1,70,,66711,22,0,10,1,30,,66732,22,0,11 12,1,70,,66712,22,0,10,1,30,,66733,22,0,11 12,1,70,,66713,22,0,10,1,30,,66734,22,0,11 12,1,18,,66718,22,0,10,1,82,,66735,22,0,11 12,1
100,'20260929',651,,66745,22,0,10,1,70,,66768,22,0,11 12,1,38,,66746,22,0,10,1,70,,66769,22,0,11 12,1,30,,66747,22,0,10,1,70,,66770,22,0,11 12,1,30,,66748,22,0,10,1,70,,66771,22,0,11 12,1,30,,66749,22,0,10,1,70,,66772,22,0,11 12,1,30,,66750,22,0,10,1,70,,66783,22,0,13,1,30,,66751,22,0,10,1,70,,66773,22,0,11 12,1,30,,66752,22,0,10,1,70,,66774,22,0,11 12,1,30,,66753,22,0,10,1,70,,66775,22,0,11 12,1,30,,66754,22,0,10,1,60,,66765,22,4,,1,3,,66786,22,0,17 18,1,9,,66785,22,0,13,1,19,,66762,22,4,,1,2,,66782,22,0,11 12,1,50,,66760,22,0,10,1,18,,66766,22,4,,1,2,,66787,22,0,17 18,1,9,,66790,22,,,1,19,,66763,22,4,,1,2,,66788,22,0,17 18,1,50,,66761,22,0,10,1,16,,66767,22,0,15,1,4,,66789,22,0,17 18,1,13,,66776,22,0,11 12,1,65,,66755,22,0,10,1,30,,66784,22,0,13,1,70,,66756,22,0,10,1,30,,66777,22,0,11 12,1,70,,66757,22,0,10,1,30,,66778,22,0,11 12,1,70,,66758,22,0,10,1,30,,66779,22,0,11 12,1,70,,66759,22,0,10,1,30,,66780,22,0,11 12,1,18,,66764,22,0,10,1,82,,66781,22,0,11 12,1
100,'20260930',651,,66791,22,0,10,1,70,,66814,22,0,11 12,1,38,,66792,22,0,10,1,70,,66815,22,0,11 12,1,30,,66793,22,0,10,1,70,,66816,22,0,11 12,1,30,,66794,22,0,10,1,70,,66817,22,0,11 12,1,30,,66795,22,0,10,1,70,,66818,22,0,11 12,1,30,,66796,22,0,10,1,70,,66829,22,0,13,1,30,,66797,22,0,10,1,70,,66819,22,0,11 12,1,30,,66798,22,0,10,1,70,,66820,22,0,11 12,1,30,,66799,22,0,10,1,70,,66821,22,0,11 12,1,30,,66800,22,0,10,1,60,,66811,22,4,,1,3,,66832,22,0,17 18,1,9,,66831,22,0,13,1,19,,66808,22,4,,1,2,,66828,22,0,11 12,1,50,,66806,22,0,10,1,18,,66812,22,4,,1,2,,66833,22,0,17 18,1,9,,66836,22,,,1,19,,66809,22,4,,1,2,,66834,22,0,17 18,1,50,,66807,22,0,10,1,16,,66813,22,0,15,1,4,,66835,22,0,17 18,1,13,,66822,22,0,11 12,1,65,,66801,22,0,10,1,30,,66830,22,0,13,1,70,,66802,22,0,10,1,30,,66823,22,0,11 12,1,70,,66803,22,0,10,1,30,,66824,22,0,11 12,1,70,,66804,22,0,10,1,30,,66825,22,0,11 12,1,70,,66805,22,0,10,1,30,,66826,22,0,11 12,1,18,,66810,22,0,10,1,82,,66827,22,0,11 12,1
100,'20261001',651,,66837,22,0,10,1,70,,66860,22,0,11 12,1,38,,66838,22,0,10,1,70,,66861,22,0,11 12,1,30,,66839,22,0,10,1,70,,66862,22,0,11 12,1,30,,66840,22,0,10,1,70,,66863,22,0,11 12,1,30,,66841,22,0,10,1,70,,66864,22,0,11 12,1,30,,66842,22,0,10,1,70,,66875,22,0,13,1,30,,66843,22,0,10,1,70,,66865,22,0,11 12,1,30,,66844,22,0,10,1,70,,66866,22,0,11 12,1,30,,66845,22,0,10,1,70,,66867,22,0,11 12,1,30,,66846,22,0,10,1,60,,66857,22,4,,1,3,,66878,22,0,17 18,1,9,,66877,22,0,13,1,19,,66854,22,4,,1,2,,66874,22,0,11 12,1,50,,66852,22,0,10,1,18,,66858,22,4,,1,2,,66879,22,0,17 18,1,9,,66882,22,,,1,19,,66855,22,4,,1,2,,66880,22,0,17 18,1,50,,66853,22,0,10,1,16,,66859,22,0,15,1,4,,66881,22,0,17 18,1,13,,66868,22,0,11 12,1,65,,66847,22,0,10,1,30,,66876,22,0,13,1,70,,66848,22,0,10,1,30,,66869,22,0,11 12,1,70,,66849,22,0,10,1,30,,66870,22,0,11 12,1,70,,66850,22,0,10,1,30,,66871,22,0,11 12,1,70,,66851,22,0,10,1,30,,66872,22,0,11 12,1,18,,66856,22,0,10,1,82,,66873,22,0,11 12,1
100,'20261002',651,,66883,22,0,10,1,70,,66907,22,0,11 12,1,38,,66884,22,0,10,1,70,,66908,22,0,11 12,1,30,,66885,22,0,10,1,70,,66909,22,0,11 12,1,30,,66886,22,0,10,1,70,,66910,22,0,11 12,1,30,,66887,22,0,10,1,70,,66911,22,0,11 12,1,30,,66888,22,0,10,1,70,,66923,22,0,13,1,30,,66889,22,0,10,1,70,,66912,22,0,11 12,1,30,,66890,22,0,10,1,70,,66913,22,0,11 12,1,30,,66891,22,0,10,1,70,,66914,22,0,11 12,1,30,,66892,22,0,10,1,60,,66904,22,4,,1,3,,66926,22,0,17 18,1,9,,66925,22,0,13,1,19,,66902,22,4,,1,2,,66922,22,0,11 12,1,50,,66900,22,0,10,1,18,,66905,22,4,,1,2,,66927,22,0,17 18,1,9,,66930,22,,,1,19,,66903,22,4,,1,2,,66928,22,0,17 18,1,50,,66901,22,0,10,1,16,,66906,22,0,15,1,4,,66929,22,0,17 18,1,13,,66915,22,0,11 12,1,65,,66893,22,0,10,1,30,,66924,22,0,13,1,70,,66894,22,0,10,1,30,,66916,22,0,11 12,1,70,,66895,22,0,10,1,30,,66917,22,0,11 12,1,70,,66896,22,0,10,1,30,,66918,22,0,11 12,1,70,,66897,22,0,10,1,30,,66919,22,0,11 12,1,71,,66898,22,0,10,1,29,,66920,22,0,11 12,1,70,,66899,22,0,10,1,30,,66921,22,0,11 12,1
100,'20261003',929,,66947,22,0,11 12,1,10,,66964,22,,,1,20,,66931,22,0,10,1,70,,66948,22,0,11 12,1,30,,66932,22,0,10,1,70,,66949,22,0,11 12,1,14,,66965,22,,,1,16,,66933,22,0,10,1,70,,66950,22,0,11 12,1,30,,66934,22,0,10,1,70,,66951,22,0,11 12,1,30,,66935,22,0,10,1,70,,66952,22,0,11 12,1,30,,66936,22,0,10,1,70,,66962,22,0,13,1,30,,66937,22,0,10,1,70,,66953,22,0,11 12,1,30,,66938,22,0,10,1,70,,66954,22,0,11 12,1,12,,66966,22,,,1,59,,66939,22,0,10,1,30,,66955,22,0,11 12,1,70,,66940,22,0,10,1,30,,66956,22,0,11 12,1,26,,66967,22,,,1,44,,66941,22,0,10,1,30,,66957,22,0,11 12,1,70,,66942,22,0,10,1,30,,66963,22,0,13,1,70,,66943,22,0,10,1,30,,66958,22,0,11 12,1,70,,66944,22,0,10,1,30,,66959,22,0,11 12,1,71,,66945,22,0,10,1,31,,66960,22,0,11 12,1,70,,66946,22,0,10,1,30,,66961,22,0,11 12,1
100,'20261004',929,,66984,22,0,11 12,1,10,,67000,22,,,1,20,,66968,22,0,10,1,70,,66985,22,0,11 12,1,30,,66969,22,0,10,1,70,,66986,22,0,11 12,1,14,,67001,22,,,1,16,,66970,22,0,10,1,70,,66987,22,0,11 12,1,30,,66971,22,0,10,1,70,,66988,22,0,11 12,1,30,,66972,22,0,10,1,70,,66989,22,0,11 12,1,30,,66973,22,0,10,1,70,,66998,22,0,13,1,30,,66974,22,0,10,1,70,,66990,22,0,11 12,1,30,,66975,22,0,10,1,70,,66991,22,0,11 12,1,12,,67002,22,,,1,59,,66976,22,0,10,1,30,,66992,22,0,11 12,1,70,,66977,22,0,10,1,30,,66993,22,0,11 12,1,26,,67003,22,,,1,44,,66978,22,0,10,1,30,,66994,22,0,11 12,1,70,,66979,22,0,10,1,30,,66999,22,0,13,1,70,,66980,22,0,10,1,30,,66995,22,0,11 12,1,70,,66981,22,0,10,1,30,,66996,22,0,11 12,1,71,,66982,22,0,10,1,31,,66997,22,0,11 12,1,70,,66983,22,0,10,1
100,'20261005',651,,67004,22,0,10,1,70,,67027,22,0,11 12,1,38,,67005,22,0,10,1,70,,67028,22,0,11 12,1,30,,67006,22,0,10,1,70,,67029,22,0,11 12,1,30,,67007,22,0,10,1,70,,67030,22,0,11 12,1,30,,67008,22,0,10,1,70,,67031,22,0,11 12,1,30,,67009,22,0,10,1,70,,67042,22,0,13,1,30,,67010,22,0,10,1,70,,67032,22,0,11 12,1,30,,67011,22,0,10,1,70,,67033,22,0,11 12,1,30,,67012,22,0,10,1,70,,67034,22,0,11 12,1,30,,67013,22,0,10,1,60,,67024,22,4,,1,3,,67045,22,0,17 18,1,9,,67044,22,0,13,1,19,,67021,22,4,,1,2,,67041,22,0,11 12,1,50,,67019,22,0,10,1,18,,67025,22,4,,1,2,,67046,22,0,17 18,1,9,,67049,22,,,1,19,,67022,22,4,,1,2,,67047,22,0,17 18,1,50,,67020,22,0,10,1,16,,67026,22,0,15,1,4,,67048,22,0,17 18,1,13,,67035,22,0,11 12,1,65,,67014,22,0,10,1,30,,67043,22,0,13,1,70,,67015,22,0,10,1,30,,67036,22,0,11 12,1,70,,67016,22,0,10,1,30,,67037,22,0,11 12,1,70,,67017,22,0,10,1,30,,67038,22,0,11 12,1,70,,67018,22,0,10,1,30,,67039,22,0,11 12,1,18,,67023,22,0,10,1,82,,67040,22,0,11 12,1
100,'20261006',651,,67050,22,0,10,1,70,,67073,22,0,11 12,1,38,,67051,22,0,10,1,70,,67074,22,0,11 12,1,30,,67052,22,0,10,1,70,,67075,22,0,11 12,1,30,,67053,22,0,10,1,70,,67076,22,0,11 12,1,30,,67054,22,0,10,1,70,,67077,22,0,11 12,1,30,,67055,22,0,10,1,70,,67088,22,0,13,1,30,,67056,22,0,10,1,70,,67078,22,0,11 12,1,30,,67057,22,0,10,1,70,,67079,22,0,11 12,1,30,,67058,22,0,10,1,70,,67080,22,0,11 12,1,30,,67059,22,0,10,1,60,,67070,22,4,,1,3,,67091,22,0,17 18,1,9,,67090,22,0,13,1,19,,67067,22,4,,1,2,,67087,22,0,11 12,1,50,,67065,22,0,10,1,18,,67071,22,4,,1,2,,67092,22,0,17 18,1,9,,67095,22,,,1,19,,67068,22,4,,1,2,,67093,22,0,17 18,1,50,,67066,22,0,10,1,16,,67072,22,0,15,1,4,,67094,22,0,17 18,1,13,,67081,22,0,11 12,1,65,,67060,22,0,10,1,30,,67089,22,0,13,1,70,,67061,22,0,10,1,30,,67082,22,0,11 12,1,70,,67062,22,0,10,1,30,,67083,22,0,11 12,1,70,,67063,22,0,10,1,30,,67084,22,0,11 12,1,70,,67064,22,0,10,1,30,,67085,22,0,11 12,1,18,,67069,22,0,10,1,82,,67086,22,0,11 12,1
100,'20261007',651,,67096,22,0,10,1,70,,67119,22,0,11 12,1,38,,67097,22,0,10,1,70,,67120,22,0,11 12,1,30,,67098,22,0,10,1,70,,67121,22,0,11 12,1,30,,67099,22,0,10,1,70,,67122,22,0,11 12,1,30,,67100,22,0,10,1,70,,67123,22,0,11 12,1,30,,67101,22,0,10,1,70,,67134,22,0,13,1,30,,67102,22,0,10,1,70,,67124,22,0,11 12,1,30,,67103,22,0,10,1,70,,67125,22,0,11 12,1,30,,67104,22,0,10,1,70,,67126,22,0,11 12,1,30,,67105,22,0,10,1,60,,67116,22,4,,1,3,,67137,22,0,17 18,1,9,,67136,22,0,13,1,19,,67113,22,4,,1,2,,67133,22,0,11 12,1,50,,67111,22,0,10,1,18,,67117,22,4,,1,2,,67138,22,0,17 18,1,9,,67141,22,,,1,19,,67114,22,4,,1,2,,67139,22,0,17 18,1,50,,67112,22,0,10,1,16,,67118,22,0,15,1,4,,67140,22,0,17 18,1,13,,67127,22,0,11 12,1,65,,67106,22,0,10,1,30,,67135,22,0,13,1,70,,67107,22,0,10,1,30,,67128,22,0,11 12,1,70,,67108,22,0,10,1,30,,67129,22,0,11 12,1,70,,67109,22,0,10,1,30,,67130,22,0,11 12,1,70,,67110,22,0,10,1,30,,67131,22,0,11 12,1,18,,67115,22,0,10,1,82,,67132,22,0,11 12,1
100,'20261008',651,,67142,22,0,10,1,70,,67165,22,0,11 12,1,38,,67143,22,0,10,1,70,,67166,22,0,11 12,1,30,,67144,22,0,10,1,70,,67167,22,0,11 12,1,30,,67145,22,0,10,1,70,,67168,22,0,11 12,1,30,,67146,22,0,10,1,70,,67169,22,0,11 12,1,30,,67147,22,0,10,1,70,,67180,22,0,13,1,30,,67148,22,0,10,1,70,,67170,22,0,11 12,1,30,,67149,22,0,10,1,70,,67171,22,0,11 12,1,30,,67150,22,0,10,1,70,,67172,22,0,11 12,1,30,,67151,22,0,10,1,60,,67162,22,4,,1,3,,67183,22,0,17 18,1,9,,67182,22,0,13,1,19,,67159,22,4,,1,2,,67179,22,0,11 12,1,50,,67157,22,0,10,1,18,,67163,22,4,,1,2,,67184,22,0,17 18,1,9,,67187,22,,,1,19,,67160,22,4,,1,2,,67185,22,0,17 18,1,50,,67158,22,0,10,1,16,,67164,22,0,15,1,4,,67186,22,0,17 18,1,13,,67173,22,0,11 12,1,65,,67152,22,0,10,1,30,,67181,22,0,13,1,70,,67153,22,0,10,1,30,,67174,22,0,11 12,1,70,,67154,22,0,10,1,30,,67175,22,0,11 12,1,70,,67155,22,0,10,1,30,,67176,22,0,11 12,1,70,,67156,22,0,10,1,30,,67177,22,0,11 12,1,18,,67161,22,0,10,1,82,,67178,22,0,11 12,1
100,'20261009',651,,67188,22,0,10,1,70,,67212,22,0,11 12,1,38,,67189,22,0,10,1,70,,67213,22,0,11 12,1,30,,67190,22,0,10,1,70,,67214,22,0,11 12,1,30,,67191,22,0,10,1,70,,67215,22,0,11 12,1,30,,67192,22,0,10,1,70,,67216,22,0,11 12,1,30,,67193,22,0,10,1,70,,67228,22,0,13,1,30,,67194,22,0,10,1,70,,67217,22,0,11 12,1,30,,67195,22,0,10,1,70,,67218,22,0,11 12,1,30,,67196,22,0,10,1,70,,67219,22,0,11 12,1,30,,67197,22,0,10,1,60,,67209,22,4,,1,3,,67231,22,0,17 18,1,9,,67230,22,0,13,1,19,,67207,22,4,,1,2,,67227,22,0,11 12,1,50,,67205,22,0,10,1,18,,67210,22,4,,1,2,,67232,22,0,17 18,1,9,,67235,22,,,1,19,,67208,22,4,,1,2,,67233,22,0,17 18,1,50,,67206,22,0,10,1,16,,67211,22,0,15,1,4,,67234,22,0,17 18,1,13,,67220,22,0,11 12,1,65,,67198,22,0,10,1,30,,67229,22,0,13,1,70,,67199,22,0,10,1,30,,67221,22,0,11 12,1,70,,67200,22,0,10,1,30,,67222,22,0,11 12,1,70,,67201,22,0,10,1,30,,67223,22,0,11 12,1,70,,67202,22,0,10,1,30,,67224,22,0,11 12,1,71,,67203,22,0,10,1,29,,67225,22,0,11 12,1,70,,67204,22,0,10,1,30,,67226,22,0,11 12,1
100,'20261010',929,,67252,22,0,11 12,1,10,,67269,22,,,1,20,,67236,22,0,10,1,70,,67253,22,0,11 12,1,30,,67237,22,0,10,1,70,,67254,22,0,11 12,1,14,,67270,22,,,1,16,,67238,22,0,10,1,70,,67255,22,0,11 12,1,30,,67239,22,0,10,1,70,,67256,22,0,11 12,1,30,,67240,22,0,10,1,70,,67257,22,0,11 12,1,30,,67241,22,0,10,1,70,,67267,22,0,13,1,30,,67242,22,0,10,1,70,,67258,22,0,11 12,1,30,,67243,22,0,10,1,70,,67259,22,0,11 12,1,12,,67271,22,,,1,59,,67244,22,0,10,1,30,,67260,22,0,11 12,1,70,,67245,22,0,10,1,30,,67261,22,0,11 12,1,26,,67272,22,,,1,44,,67246,22,0,10,1,30,,67262,22,0,11 12,1,70,,67247,22,0,10,1,30,,67268,22,0,13,1,70,,67248,22,0,10,1,30,,67263,22,0,11 12,1,70,,67249,22,0,10,1,30,,67264,22,0,11 12,1,71,,67250,22,0,10,1,31,,67265,22,0,11 12,1,70,,67251,22,0,10,1,30,,67266,22,0,11 12,1
100,'20261011',929,,67289,22,0,11 12,1,10,,67305,22,,,1,20,,67273,22,0,10,1,70,,67290,22,0,11 12,1,30,,67274,22,0,10,1,70,,67291,22,0,11 12,1,14,,67306,22,,,1,16,,67275,22,0,10,1,70,,67292,22,0,11 12,1,30,,67276,22,0,10,1,70,,67293,22,0,11 12,1,30,,67277,22,0,10,1,70,,67294,22,0,11 12,1,30,,67278,22,0,10,1,70,,67303,22,0,13,1,30,,67279,22,0,10,1,70,,67295,22,0,11 12,1,30,,67280,22,0,10,1,70,,67296,22,0,11 12,1,12,,67307,22,,,1,59,,67281,22,0,10,1,30,,67297,22,0,11 12,1,70,,67282,22,0,10,1,30,,67298,22,0,11 12,1,26,,67308,22,,,1,44,,67283,22,0,10,1,30,,67299,22,0,11 12,1,70,,67284,22,0,10,1,30,,67304,22,0,13,1,70,,67285,22,0,10,1,30,,67300,22,0,11 12,1,70,,67286,22,0,10,1,30,,67301,22,0,11 12,1,71,,67287,22,0,10,1,31,,67302,22,0,11 12,1,70,,67288,22,0,10,1
100,'20261012',651,,67309,22,0,10,1,70,,67332,22,0,11 12,1,38,,67310,22,0,10,1,70,,67333,22,0,11 12,1,30,,67311,22,0,10,1,70,,67334,22,0,11 12,1,30,,67312,22,0,10,1,70,,67335,22,0,11 12,1,30,,67313,22,0,10,1,70,,67336,22,0,11 12,1,30,,67314,22,0,10,1,70,,67347,22,0,13,1,30,,67315,22,0,10,1,70,,67337,22,0,11 12,1,30,,67316,22,0,10,1,70,,67338,22,0,11 12,1,30,,67317,22,0,10,1,70,,67339,22,0,11 12,1,30,,67318,22,0,10,1,60,,67329,22,4,,1,3,,67350,22,0,17 18,1,9,,67349,22,0,13,1,19,,67326,22,4,,1,2,,67346,22,0,11 12,1,50,,67324,22,0,10,1,18,,67330,22,4,,1,2,,67351,22,0,17 18,1,9,,67354,22,,,1,19,,67327,22,4,,1,2,,67352,22,0,17 18,1,50,,67325,22,0,10,1,16,,67331,22,0,15,1,4,,67353,22,0,17 18,1,13,,67340,22,0,11 12,1,65,,67319,22,0,10,1,30,,67348,22,0,13,1,70,,67320,22,0,10,1,30,,67341,22,0,11 12,1,70,,67321,22,0,10,1,30,,67342,22,0,11 12,1,70,,67322,22,0,10,1,30,,67343,22,0,11 12,1,70,,67323,22,0,10,1,30,,67344,22,0,11 12,1,18,,67328,22,0,10,1,82,,67345,22,0,11 12,1
100,'20261013',651,,67355,22,0,10,1,70,,67378,22,0,11 12,1,38,,67356,22,0,10,1,70,,67379,22,0,11 12,1,30,,67357,22,0,10,1,70,,67380,22,0,11 12,1,30,,67358,22,0,10,1,70,,67381,22,0,11 12,1,30,,67359,22,0,10,1,70,,67382,22,0,11 12,1,30,,67360,22,0,10,1,70,,67393,22,0,13,1,30,,67361,22,0,10,1,70,,67383,22,0,11 12,1,30,,67362,22,0,10,1,70,,67384,22,0,11 12,1,30,,67363,22,0,10,1,70,,67385,22,0,11 12,1,30,,67364,22,0,10,1,60,,67375,22,4,,1,3,,67396,22,0,17 18,1,9,,67395,22,0,13,1,19,,67372,22,4,,1,2,,67392,22,0,11 12,1,50,,67370,22,0,10,1,18,,67376,22,4,,1,2,,67397,22,0,17 18,1,9,,67400,22,,,1,19,,67373,22,4,,1,2,,67398,22,0,17 18,1,50,,67371,22,0,10,1,16,,67377,22,0,15,1,4,,67399,22,0,17 18,1,13,,67386,22,0,11 12,1,65,,67365,22,0,10,1,30,,67394,22,0,13,1,70,,67366,22,0,10,1,30,,67387,22,0,11 12,1,70,,67367,22,0,10,1,30,,67388,22,0,11 12,1,70,,67368,22,0,10,1,30,,67389,22,0,11 12,1,70,,67369,22,0,10,1,30,,67390,22,0,11 12,1,18,,67374,22,0,10,1,82,,67391,22,0,11 12,1
100,'20261014',651,,67401,22,0,10,1,70,,67424,22,0,11 12,1,38,,67402,22,0,10,1,70,,67425,22,0,11 12,1,30,,67403,22,0,10,1,70,,67426,22,0,11 12,1,30,,67404,22,0,10,1,70,,67427,22,0,11 12,1,30,,67405,22,0,10,1,70,,67428,22,0,11 12,1,30,,67406,22,0,10,1,70,,67439,22,0,13,1,30,,67407,22,0,10,1,70,,67429,22,0,11 12,1,30,,67408,22,0,10,1,70,,67430,22,0,11 12,1,30,,67409,22,0,10,1,70,,67431,22,0,11 12,1,30,,67410,22,0,10,1,60,,67421,22,4,,1,3,,67442,22,0,17 18,1,9,,67441,22,0,13,1,19,,67418,22,4,,1,2,,67438,22,0,11 12,1,50,,67416,22,0,10,1,18,,67422,22,4,,1,2,,67443,22,0,17 18,1,9,,67446,22,,,1,19,,67419,22,4,,1,2,,67444,22,0,17 18,1,50,,67417,22,0,10,1,16,,67423,22,0,15,1,4,,67445,22,0,17 18,1,13,,67432,22,0,11 12,1,65,,67411,22,0,10,1,30,,67440,22,0,13,1,70,,67412,22,0,10,1,30,,67433,22,0,11 12,1,70,,67413,22,0,10,1,30,,67434,22,0,11 12,1,70,,67414,22,0,10,1,30,,67435,22,0,11 12,1,70,,67415,22,0,10,1,30,,67436,22,0,11 12,1,18,,67420,22,0,10,1,82,,67437,22,0,11 12,1
100,'20261015',651,,67447,22,0,10,1,70,,67470,22,0,11 12,1,38,,67448,22,0,10,1,70,,67471,22,0,11 12,1,30,,67449,22,0,10,1,70,,67472,22,0,11 12,1,30,,67450,22,0,10,1,70,,67473,22,0,11 12,1,30,,67451,22,0,10,1,70,,67474,22,0,11 12,1,30,,67452,22,0,10,1,70,,67485,22,0,13,1,30,,67453,22,0,10,1,70,,67475,22,0,11 12,1,30,,67454,22,0,10,1,70,,67476,22,0,11 12,1,30,,67455,22,0,10,1,70,,67477,22,0,11 12,1,30,,67456,22,0,10,1,60,,67467,22,4,,1,3,,67488,22,0,17 18,1,9,,67487,22,0,13,1,19,,67464,22,4,,1,2,,67484,22,0,11 12,1,50,,67462,22,0,10,1,18,,67468,22,4,,1,2,,67489,22,0,17 18,1,9,,67492,22,,,1,19,,67465,22,4,,1,2,,67490,22,0,17 18,1,50,,67463,22,0,10,1,16,,67469,22,0,15,1,4,,67491,22,0,17 18,1,13,,67478,22,0,11 12,1,65,,67457,22,0,10,1,30,,67486,22,0,13,1,70,,67458,22,0,10,1,30,,67479,22,0,11 12,1,70,,67459,22,0,10,1,30,,67480,22,0,11 12,1,70,,67460,22,0,10,1,30,,67481,22,0,11 12,1,70,,67461,22,0,10,1,30,,67482,22,0,11 12,1,18,,67466,22,0,10,1,82,,67483,22,0,11 12,1
100,'20261016',651,,67493,22,0,10,1,70,,67517,22,0,11 12,1,38,,67494,22,0,10,1,70,,67518,22,0,11 12,1,30,,67495,22,0,10,1,70,,67519,22,0,11 12,1,30,,67496,22,0,10,1,70,,67520,22,0,11 12,1,30,,67497,22,0,10,1,70,,67521,22,0,11 12,1,30,,67498,22,0,10,1,70,,67533,22,0,13,1,30,,67499,22,0,10,1,70,,67522,22,0,11 12,1,30,,67500,22,0,10,1,70,,67523,22,0,11 12,1,30,,67501,22,0,10,1,70,,67524,22,0,11 12,1,30,,67502,22,0,10,1,60,,67514,22,4,,1,3,,67536,22,0,17 18,1,9,,67535,22,0,13,1,19,,67512,22,4,,1,2,,67532,22,0,11 12,1,50,,67510,22,0,10,1,18,,67515,22,4,,1,2,,67537,22,0,17 18,1,9,,67540,22,,,1,19,,67513,22,4,,1,2,,67538,22,0,17 18,1,50,,67511,22,0,10,1,16,,67516,22,0,15,1,4,,67539,22,0,17 18,1,13,,67525,22,0,11 12,1,65,,67503,22,0,10,1,30,,67534,22,0,13,1,70,,67504,22,0,10,1,30,,67526,22,0,11 12,1,70,,67505,22,0,10,1,30,,67527,22,0,11 12,1,70,,67506,22,0,10,1,30,,67528,22,0,11 12,1,70,,67507,22,0,10,1,30,,67529,22,0,11 12,1,71,,67508,22,0,10,1,29,,67530,22,0,11 12,1,70,,67509,22,0,10,1,30,,67531,22,0,11 12,1
100,'20261017',929,,67557,22,0,11 12,1,10,,67574,22,,,1,20,,67541,22,0,10,1,70,,67558,22,0,11 12,1,30,,67542,22,0,10,1,70,,67559,22,0,11 12,1,14,,67575,22,,,1,16,,67543,22,0,10,1,70,,67560,22,0,11 12,1,30,,67544,22,0,10,1,70,,67561,22,0,11 12,1,30,,67545,22,0,10,1,70,,67562,22,0,11 12,1,30,,67546,22,0,10,1,70,,67572,22,0,13,1,30,,67547,22,0,10,1,70,,67563,22,0,11 12,1,30,,67548,22,0,10,1,70,,67564,22,0,11 12,1,12,,67576,22,,,1,59,,67549,22,0,10,1,30,,67565,22,0,11 12,1,70,,67550,22,0,10,1,30,,67566,22,0,11 12,1,26,,67577,22,,,1,44,,67551,22,0,10,1,30,,67567,22,0,11 12,1,70,,67552,22,0,10,1,30,,67573,22,0,13,1,70,,67553,22,0,10,1,30,,67568,22,0,11 12,1,70,,67554,22,0,10,1,30,,67569,22,0,11 12,1,71,,67555,22,0,10,1,31,,67570,22,0,11 12,1,70,,67556,22,0,10,1,30,,67571,22,0,11 12,1
100,'20261018',929,,67594,22,0,11 12,1,10,,67610,22,,,1,20,,67578,22,0,10,1,70,,67595,22,0,11 12,1,30,,67579,22,0,10,1,70,,67596,22,0,11 12,1,14,,67611,22,,,1,16,,67580,22,0,10,1,70,,67597,22,0,11 12,1,30,,67581,22,0,10,1,70,,67598,22,0,11 12,1,30,,67582,22,0,10,1,70,,67599,22,0,11 12,1,30,,67583,22,0,10,1,70,,67608,22,0,13,1,30,,67584,22,0,10,1,70,,67600,22,0,11 12,1,30,,67585,22,0,10,1,70,,67601,22,0,11 12,1,12,,67612,22,,,1,59,,67586,22,0,10,1,30,,67602,22,0,11 12,1,70,,67587,22,0,10,1,30,,67603,22,0,11 12,1,26,,67613,22,,,1,44,,67588,22,0,10,1,30,,67604,22,0,11 12,1,70,,67589,22,0,10,1,30,,67609,22,0,13,1,70,,67590,22,0,10,1,30,,67605,22,0,11 12,1,70,,67591,22,0,10,1,30,,67606,22,0,11 12,1,71,,67592,22,0,10,1,31,,67607,22,0,11 12,1,70,,67593,22,0,10,1
100,'20261019',651,,67614,22,0,10,1,70,,67637,22,0,11 12,1,38,,67615,22,0,10,1,70,,67638,22,0,11 12,1,30,,67616,22,0,10,1,70,,67639,22,0,11 12,1,30,,67617,22,0,10,1,70,,67640,22,0,11 12,1,30,,67618,22,0,10,1,70,,67641,22,0,11 12,1,30,,67619,22,0,10,1,70,,67652,22,0,13,1,30,,67620,22,0,10,1,70,,67642,22,0,11 12,1,30,,67621,22,0,10,1,70,,67643,22,0,11 12,1,30,,67622,22,0,10,1,70,,67644,22,0,11 12,1,30,,67623,22,0,10,1,60,,67634,22,4,,1,3,,67655,22,0,17 18,1,9,,67654,22,0,13,1,19,,67631,22,4,,1,2,,67651,22,0,11 12,1,50,,67629,22,0,10,1,18,,67635,22,4,,1,2,,67656,22,0,17 18,1,9,,67659,22,,,1,19,,67632,22,4,,1,2,,67657,22,0,17 18,1,50,,67630,22,0,10,1,16,,67636,22,0,15,1,4,,67658,22,0,17 18,1,13,,67645,22,0,11 12,1,65,,67624,22,0,10,1,30,,67653,22,0,13,1,70,,67625,22,0,10,1,30,,67646,22,0,11 12,1,70,,67626,22,0,10,1,30,,67647,22,0,11 12,1,70,,67627,22,0,10,1,30,,67648,22,0,11 12,1,70,,67628,22,0,10,1,30,,67649,22,0,11 12,1,18,,67633,22,0,10,1,82,,67650,22,0,11 12,1
100,'20261020',651,,67660,22,0,10,1,70,,67683,22,0,11 12,1,38,,67661,22,0,10,1,70,,67684,22,0,11 12,1,30,,67662,22,0,10,1,70,,67685,22,0,11 12,1,30,,67663,22,0,10,1,70,,67686,22,0,11 12,1,30,,67664,22,0,10,1,70,,67687,22,0,11 12,1,30,,67665,22,0,10,1,70,,67698,22,0,13,1,30,,67666,22,0,10,1,70,,67688,22,0,11 12,1,30,,67667,22,0,10,1,70,,67689,22,0,11 12,1,30,,67668,22,0,10,1,70,,67690,22,0,11 12,1,30,,67669,22,0,10,1,60,,67680,22,4,,1,3,,67701,22,0,17 18,1,9,,67700,22,0,13,1,19,,67677,22,4,,1,2,,67697,22,0,11 12,1,50,,67675,22,0,10,1,18,,67681,22,4,,1,2,,67702,22,0,17 18,1,9,,67705,22,,,1,19,,67678,22,4,,1,2,,67703,22,0,17 18,1,50,,67676,22,0,10,1,16,,67682,22,0,15,1,4,,67704,22,0,17 18,1,13,,67691,22,0,11 12,1,65,,67670,22,0,10,1,30,,67699,22,0,13,1,70,,67671,22,0,10,1,30,,67692,22,0,11 12,1,70,,67672,22,0,10,1,30,,67693,22,0,11 12,1,70,,67673,22,0,10,1,30,,67694,22,0,11 12,1,70,,67674,22,0,10,1,30,,67695,22,0,11 12,1,18,,67679,22,0,10,1,82,,67696,22,0,11 12,1
100,'20261021',651,,67706,22,0,10,1,70,,67729,22,0,11 12,1,38,,67707,22,0,10,1,70,,67730,22,0,11 12,1,30,,67708,22,0,10,1,70,,67731,22,0,11 12,1,30,,67709,22,0,10,1,70,,67732,22,0,11 12,1,30,,67710,22,0,10,1,70,,67733,22,0,11 12,1,30,,67711,22,0,10,1,70,,67744,22,0,13,1,30,,67712,22,0,10,1,70,,67734,22,0,11 12,1,30,,67713,22,0,10,1,70,,67735,22,0,11 12,1,30,,67714,22,0,10,1,70,,67736,22,0,11 12,1,30,,67715,22,0,10,1,60,,67726,22,4,,1,3,,67747,22,0,17 18,1,9,,67746,22,0,13,1,19,,67723,22,4,,1,2,,67743,22,0,11 12,1,50,,67721,22,0,10,1,18,,67727,22,4,,1,2,,67748,22,0,17 18,1,9,,67751,22,,,1,19,,67724,22,4,,1,2,,67749,22,0,17 18,1,50,,67722,22,0,10,1,16,,67728,22,0,15,1,4,,67750,22,0,17 18,1,13,,67737,22,0,11 12,1,65,,67716,22,0,10,1,30,,67745,22,0,13,1,70,,67717,22,0,10,1,30,,67738,22,0,11 12,1,70,,67718,22,0,10,1,30,,67739,22,0,11 12,1,70,,67719,22,0,10,1,30,,67740,22,0,11 12,1,70,,67720,22,0,10,1,30,,67741,22,0,11 12,1,18,,67725,22,0,10,1,82,,67742,22,0,11 12,1
100,'20261022',651,,67752,22,0,10,1,70,,67775,22,0,11 12,1,38,,67753,22,0,10,1,70,,67776,22,0,11 12,1,30,,67754,22,0,10,1,70,,67777,22,0,11 12,1,30,,67755,22,0,10,1,70,,67778,22,0,11 12,1,30,,67756,22,0,10,1,70,,67779,22,0,11 12,1,30,,67757,22,0,10,1,70,,67790,22,0,13,1,30,,67758,22,0,10,1,70,,67780,22,0,11 12,1,30,,67759,22,0,10,1,70,,67781,22,0,11 12,1,30,,67760,22,0,10,1,70,,67782,22,0,11 12,1,30,,67761,22,0,10,1,60,,67772,22,4,,1,3,,67793,22,0,17 18,1,9,,67792,22,0,13,1,19,,67769,22,4,,1,2,,67789,22,0,11 12,1,50,,67767,22,0,10,1,18,,67773,22,4,,1,2,,67794,22,0,17 18,1,9,,67797,22,,,1,19,,67770,22,4,,1,2,,67795,22,0,17 18,1,50,,67768,22,0,10,1,16,,67774,22,0,15,1,4,,67796,22,0,17 18,1,13,,67783,22,0,11 12,1,65,,67762,22,0,10,1,30,,67791,22,0,13,1,70,,67763,22,0,10,1,30,,67784,22,0,11 12,1,70,,67764,22,0,10,1,30,,67785,22,0,11 12,1,70,,67765,22,0,10,1,30,,67786,22,0,11 12,1,70,,67766,22,0,10,1,30,,67787,22,0,11 12,1,18,,67771,22,0,10,1,82,,67788,22,0,11 12,1
100,'20261023',651,,67798,22,0,10,1,70,,67822,22,0,11 12,1,38,,67799,22,0,10,1,70,,67823,22,0,11 12,1,30,,67800,22,0,10,1,70,,67824,22,0,11 12,1,30,,67801,22,0,10,1,70,,67825,22,0,11 12,1,30,,67802,22,0,10,1,70,,67826,22,0,11 12,1,30,,67803,22,0,10,1,70,,67838,22,0,13,1,30,,67804,22,0,10,1,70,,67827,22,0,11 12,1,30,,67805,22,0,10,1,70,,67828,22,0,11 12,1,30,,67806,22,0,10,1,70,,67829,22,0,11 12,1,30,,67807,22,0,10,1,60,,67819,22,4,,1,3,,67841,22,0,17 18,1,9,,67840,22,0,13,1,19,,67817,22,4,,1,2,,67837,22,0,11 12,1,50,,67815,22,0,10,1,18,,67820,22,4,,1,2,,67842,22,0,17 18,1,9,,67845,22,,,1,19,,67818,22,4,,1,2,,67843,22,0,17 18,1,50,,67816,22,0,10,1,16,,67821,22,0,15,1,4,,67844,22,0,17 18,1,13,,67830,22,0,11 12,1,65,,67808,22,0,10,1,30,,67839,22,0,13,1,70,,67809,22,0,10,1,30,,67831,22,0,11 12,1,70,,67810,22,0,10,1,30,,67832,22,0,11 12,1,70,,67811,22,0,10,1,30,,67833,22,0,11 12,1,70,,67812,22,0,10,1,30,,67834,22,0,11 12,1,71,,67813,22,0,10,1,29,,67835,22,0,11 12,1,70,,67814,22,0,10,1,30,,67836,22,0,11 12,1
100,'20261024',929,,67862,22,0,11 12,1,10,,67879,22,,,1,20,,67846,22,0,10,1,70,,67863,22,0,11 12,1,30,,67847,22,0,10,1,70,,67864,22,0,11 12,1,14,,67880,22,,,1,16,,67848,22,0,10,1,70,,67865,22,0,11 12,1,30,,67849,22,0,10,1,70,,67866,22,0,11 12,1,30,,67850,22,0,10,1,70,,67867,22,0,11 12,1,30,,67851,22,0,10,1,70,,67877,22,0,13,1,30,,67852,22,0,10,1,70,,67868,22,0,11 12,1,30,,67853,22,0,10,1,70,,67869,22,0,11 12,1,12,,67881,22,,,1,59,,67854,22,0,10,1,30,,67870,22,0,11 12,1,70,,67855,22,0,10,1,30,,67871,22,0,11 12,1,26,,67882,22,,,1,44,,67856,22,0,10,1,30,,67872,22,0,11 12,1,70,,67857,22,0,10,1,30,,67878,22,0,13,1,70,,67858,22,0,10,1,30,,67873,22,0,11 12,1,70,,67859,22,0,10,1,30,,67874,22,0,11 12,1,71,,67860,22,0,10,1,31,,67875,22,0,11 12,1,70,,67861,22,0,10,1,30,,67876,22,0,11 12,1
100,'20261025',929,,67899,22,0,11 12,1,10,,67915,22,,,1,20,,67883,22,0,10,1,70,,67900,22,0,11 12,1,30,,67884,22,0,10,1,70,,67901,22,0,11 12,1,14,,67916,22,,,1,16,,67885,22,0,10,1,70,,67902,22,0,11 12,1,30,,67886,22,0,10,1,70,,67903,22,0,11 12,1,30,,67887,22,0,10,1,70,,67904,22,0,11 12,1,30,,67888,22,0,10,1,70,,67913,22,0,13,1,30,,67889,22,0,10,1,70,,67905,22,0,11 12,1,30,,67890,22,0,10,1,70,,67906,22,0,11 12,1,12,,67917,22,,,1,59,,67891,22,0,10,1,30,,67907,22,0,11 12,1,70,,67892,22,0,10,1,30,,67908,22,0,11 12,1,26,,67918,22,,,1,44,,67893,22,0,10,1,30,,67909,22,0,11 12,1,70,,67894,22,0,10,1,30,,67914,22,0,13,1,70,,67895,22,0,10,1,30,,67910,22,0,11 12,1,70,,67896,22,0,10,1,30,,67911,22,0,11 12,1,71,,67897,22,0,10,1,31,,67912,22,0,11 12,1,70,,67898,22,0,10,1
100,'20261026',651,,67919,22,0,10,1,70,,67942,22,0,11 12,1,38,,67920,22,0,10,1,70,,67943,22,0,11 12,1,30,,67921,22,0,10,1,70,,67944,22,0,11 12,1,30,,67922,22,0,10,1,70,,67945,22,0,11 12,1,30,,67923,22,0,10,1,70,,67946,22,0,11 12,1,30,,67924,22,0,10,1,70,,67957,22,0,13,1,30,,67925,22,0,10,1,70,,67947,22,0,11 12,1,30,,67926,22,0,10,1,70,,67948,22,0,11 12,1,30,,67927,22,0,10,1,70,,67949,22,0,11 12,1,30,,67928,22,0,10,1,60,,67939,22,4,,1,3,,67960,22,0,17 18,1,9,,67959,22,0,13,1,19,,67936,22,4,,1,2,,67956,22,0,11 12,1,50,,67934,22,0,10,1,18,,67940,22,4,,1,2,,67961,22,0,17 18,1,9,,67964,22,,,1,19,,67937,22,4,,1,2,,67962,22,0,17 18,1,50,,67935,22,0,10,1,16,,67941,22,0,15,1,4,,67963,22,0,17 18,1,13,,67950,22,0,11 12,1,65,,67929,22,0,10,1,30,,67958,22,0,13,1,70,,67930,22,0,10,1,30,,67951,22,0,11 12,1,70,,67931,22,0,10,1,30,,67952,22,0,11 12,1,70,,67932,22,0,10,1,30,,67953,22,0,11 12,1,70,,67933,22,0,10,1,30,,67954,22,0,11 12,1,18,,67938,22,0,10,1,82,,67955,22,0,11 12,1
100,'20261027',651,,67965,22,0,10,1,70,,67988,22,0,11 12,1,38,,67966,22,0,10,1,70,,67989,22,0,11 12,1,30,,67967,22,0,10,1,70,,67990,22,0,11 12,1,30,,67968,22,0,10,1,70,,67991,22,0,11 12,1,30,,67969,22,0,10,1,70,,67992,22,0,11 12,1,30,,67970,22,0,10,1,70,,68003,22,0,13,1,30,,67971,22,0,10,1,70,,67993,22,0,11 12,1,30,,67972,22,0,10,1,70,,67994,22,0,11 12,1,30,,67973,22,0,10,1,70,,67995,22,0,11 12,1,30,,67974,22,0,10,1,60,,67985,22,4,,1,3,,68006,22,0,17 18,1,9,,68005,22,0,13,1,19,,67982,22,4,,1,2,,68002,22,0,11 12,1,50,,67980,22,0,10,1,18,,67986,22,4,,1,2,,68007,22,0,17 18,1,9,,68010,22,,,1,19,,67983,22,4,,1,2,,68008,22,0,17 18,1,50,,67981,22,0,10,1,16,,67987,22,0,15,1,4,,68009,22,0,17 18,1,13,,67996,22,0,11 12,1,65,,67975,22,0,10,1,30,,68004,22,0,13,1,70,,67976,22,0,10,1,30,,67997,22,0,11 12,1,70,,67977,22,0,10,1,30,,67998,22,0,11 12,1,70,,67978,22,0,10,1,30,,67999,22,0,11 12,1,70,,67979,22,0,10,1,30,,68000,22,0,11 12,1,18,,67984,22,0,10,1,82,,68001,22,0,11 12,1
100,'20261028',651,,68011,22,0,10,1,70,,68034,22,0,11 12,1,38,,68012,22,0,10,1,70,,68035,22,0,11 12,1,30,,68013,22,0,10,1,70,,68036,22,0,11 12,1,30,,68014,22,0,10,1,70,,68037,22,0,11 12,1,30,,68015,22,0,10,1,70,,68038,22,0,11 12,1,30,,68016,22,0,10,1,70,,68049,22,0,13,1,30,,68017,22,0,10,1,70,,68039,22,0,11 12,1,30,,68018,22,0,10,1,70,,68040,22,0,11 12,1,30,,68019,22,0,10,1,70,,68041,22,0,11 12,1,30,,68020,22,0,10,1,60,,68031,22,4,,1,3,,68052,22,0,17 18,1,9,,68051,22,0,13,1,19,,68028,22,4,,1,2,,68048,22,0,11 12,1,50,,68026,22,0,10,1,18,,68032,22,4,,1,2,,68053,22,0,17 18,1,9,,68056,22,,,1,19,,68029,22,4,,1,2,,68054,22,0,17 18,1,50,,68027,22,0,10,1,16,,68033,22,0,15,1,4,,68055,22,0,17 18,1,13,,68042,22,0,11 12,1,65,,68021,22,0,10,1,30,,68050,22,0,13,1,70,,68022,22,0,10,1,30,,68043,22,0,11 12,1,70,,68023,22,0,10,1,30,,68044,22,0,11 12,1,70,,68024,22,0,10,1,30,,68045,22,0,11 12,1,70,,68025,22,0,10,1,30,,68046,22,0,11 12,1,18,,68030,22,0,10,1,82,,68047,22,0,11 12,1
100,'20261029',651,,68057,22,0,10,1,70,,68080,22,0,11 12,1,38,,68058,22,0,10,1,70,,68081,22,0,11 12,1,30,,68059,22,0,10,1,70,,68082,22,0,11 12,1,30,,68060,22,0,10,1,70,,68083,22,0,11 12,1,30,,68061,22,0,10,1,70,,68084,22,0,11 12,1,30,,68062,22,0,10,1,70,,68095,22,0,13,1,30,,68063,22,0,10,1,70,,68085,22,0,11 12,1,30,,68064,22,0,10,1,70,,68086,22,0,11 12,1,30,,68065,22,0,10,1,70,,68087,22,0,11 12,1,30,,68066,22,0,10,1,60,,68077,22,4,,1,3,,68098,22,0,17 18,1,9,,68097,22,0,13,1,19,,68074,22,4,,1,2,,68094,22,0,11 12,1,50,,68072,22,0,10,1,18,,68078,22,4,,1,2,,68099,22,0,17 18,1,9,,68102,22,,,1,19,,68075,22,4,,1,2,,68100,22,0,17 18,1,50,,68073,22,0,10,1,16,,68079,22,0,15,1,4,,68101,22,0,17 18,1,13,,68088,22,0,11 12,1,65,,68067,22,0,10,1,30,,68096,22,0,13,1,70,,68068,22,0,10,1,30,,68089,22,0,11 12,1,70,,68069,22,0,10,1,30,,68090,22,0,11 12,1,70,,68070,22,0,10,1,30,,68091,22,0,11 12,1,70,,68071,22,0,10,1,30,,68092,22,0,11 12,1,18,,68076,22,0,10,1,82,,68093,22,0,11 12,1
100,'20261030',651,,68103,22,0,10,1,70,,68127,22,0,11 12,1,38,,68104,22,0,10,1,70,,68128,22,0,11 12,1,30,,68105,22,0,10,1,70,,68129,22,0,11 12,1,30,,68106,22,0,10,1,70,,68130,22,0,11 12,1,30,,68107,22,0,10,1,70,,68131,22,0,11 12,1,30,,68108,22,0,10,1,70,,68143,22,0,13,1,30,,68109,22,0,10,1,70,,68132,22,0,11 12,1,30,,68110,22,0,10,1,70,,68133,22,0,11 12,1,30,,68111,22,0,10,1,70,,68134,22,0,11 12,1,30,,68112,22,0,10,1,60,,68124,22,4,,1,3,,68146,22,0,17 18,1,9,,68145,22,0,13,1,19,,68122,22,4,,1,2,,68142,22,0,11 12,1,50,,68120,22,0,10,1,18,,68125,22,4,,1,2,,68147,22,0,17 18,1,9,,68150,22,,,1,19,,68123,22,4,,1,2,,68148,22,0,17 18,1,50,,68121,22,0,10,1,16,,68126,22,0,15,1,4,,68149,22,0,17 18,1,13,,68135,22,0,11 12,1,65,,68113,22,0,10,1,30,,68144,22,0,13,1,70,,68114,22,0,10,1,30,,68136,22,0,11 12,1,70,,68115,22,0,10,1,30,,68137,22,0,11 12,1,70,,68116,22,0,10,1,30,,68138,22,0,11 12,1,70,,68117,22,0,10,1,30,,68139,22,0,11 12,1,71,,68118,22,0,10,1,29,,68140,22,0,11 12,1,70,,68119,22,0,10,1,30,,68141,22,0,11 12,1
100,'20261031',929,,68167,22,0,11 12,1,10,,68184,22,,,1,20,,68151,22,0,10,1,70,,68168,22,0,11 12,1,30,,68152,22,0,10,1,70,,68169,22,0,11 12,1,14,,68185,22,,,1,16,,68153,22,0,10,1,70,,68170,22,0,11 12,1,30,,68154,22,0,10,1,70,,68171,22,0,11 12,1,30,,68155,22,0,10,1,70,,68172,22,0,11 12,1,30,,68156,22,0,10,1,70,,68182,22,0,13,1,30,,68157,22,0,10,1,70,,68173,22,0,11 12,1,30,,68158,22,0,10,1,70,,68174,22,0,11 12,1,12,,68186,22,,,1,59,,68159,22,0,10,1,30,,68175,22,0,11 12,1,70,,68160,22,0,10,1,30,,68176,22,0,11 12,1,26,,68187,22,,,1,44,,68161,22,0,10,1,30,,68177,22,0,11 12,1,70,,68162,22,0,10,1,30,,68183,22,0,13,1,70,,68163,22,0,10,1,30,,68178,22,0,11 12,1,70,,68164,22,0,10,1,30,,68179,22,0,11 12,1,71,,68165,22,0,10,1,31,,68180,22,0,11 12,1,70,,68166,22,0,10,1,30,,68181,22,0,11 12,1
100,'20261101',929,,68204,22,0,11 12,1,10,,68220,22,,,1,20,,68188,22,0,10,1,70,,68205,22,0,11 12,1,30,,68189,22,0,10,1,70,,68206,22,0,11 12,1,14,,68221,22,,,1,16,,68190,22,0,10,1,70,,68207,22,0,11 12,1,30,,68191,22,0,10,1,70,,68208,22,0,11 12,1,30,,68192,22,0,10,1,70,,68209,22,0,11 12,1,30,,68193,22,0,10,1,70,,68218,22,0,13,1,30,,68194,22,0,10,1,70,,68210,22,0,11 12,1,30,,68195,22,0,10,1,70,,68211,22,0,11 12,1,12,,68222,22,,,1,59,,68196,22,0,10,1,30,,68212,22,0,11 12,1,70,,68197,22,0,10,1,30,,68213,22,0,11 12,1,26,,68223,22,,,1,44,,68198,22,0,10,1,30,,68214,22,0,11 12,1,70,,68199,22,0,10,1,30,,68219,22,0,13,1,70,,68200,22,0,10,1,30,,68215,22,0,11 12,1,70,,68201,22,0,10,1,30,,68216,22,0,11 12,1,71,,68202,22,0,10,1,31,,68217,22,0,11 12,1,70,,68203,22,0,10,1
100,'20261102',651,,68224,22,0,10,1,70,,68247,22,0,11 12,1,38,,68225,22,0,10,1,70,,68248,22,0,11 12,1,30,,68226,22,0,10,1,70,,68249,22,0,11 12,1,30,,68227,22,0,10,1,70,,68250,22,0,11 12,1,30,,68228,22,0,10,1,70,,68251,22,0,11 12,1,30,,68229,22,0,10,1,70,,68262,22,0,13,1,30,,68230,22,0,10,1,70,,68252,22,0,11 12,1,30,,68231,22,0,10,1,70,,68253,22,0,11 12,1,30,,68232,22,0,10,1,70,,68254,22,0,11 12,1,30,,68233,22,0,10,1,60,,68244,22,4,,1,3,,68265,22,0,17 18,1,9,,68264,22,0,13,1,19,,68241,22,4,,1,2,,68261,22,0,11 12,1,50,,68239,22,0,10,1,18,,68245,22,4,,1,2,,68266,22,0,17 18,1,9,,68269,22,,,1,19,,68242,22,4,,1,2,,68267,22,0,17 18,1,50,,68240,22,0,10,1,16,,68246,22,0,15,1,4,,68268,22,0,17 18,1,13,,68255,22,0,11 12,1,65,,68234,22,0,10,1,30,,68263,22,0,13,1,70,,68235,22,0,10,1,30,,68256,22,0,11 12,1,70,,68236,22,0,10,1,30,,68257,22,0,11 12,1,70,,68237,22,0,10,1,30,,68258,22,0,11 12,1,70,,68238,22,0,10,1,30,,68259,22,0,11 12,1,18,,68243,22,0,10,1,82,,68260,22,0,11 12,1
100,'20261103',651,,68270,22,0,10,1,70,,68293,22,0,11 12,1,38,,68271,22,0,10,1,70,,68294,22,0,11 12,1,30,,68272,22,0,10,1,70,,68295,22,0,11 12,1,30,,68273,22,0,10,1,70,,68296,22,0,11 12,1,30,,68274,22,0,10,1,70,,68297,22,0,11 12,1,30,,68275,22,0,10,1,70,,68308,22,0,13,1,30,,68276,22,0,10,1,70,,68298,22,0,11 12,1,30,,68277,22,0,10,1,70,,68299,22,0,11 12,1,30,,68278,22,0,10,1,70,,68300,22,0,11 12,1,30,,68279,22,0,10,1,60,,68290,22,4,,1,3,,68311,22,0,17 18,1,9,,68310,22,0,13,1,19,,68287,22,4,,1,2,,68307,22,0,11 12,1,50,,68285,22,0,10,1,18,,68291,22,4,,1,2,,68312,22,0,17 18,1,9,,68315,22,,,1,19,,68288,22,4,,1,2,,68313,22,0,17 18,1,50,,68286,22,0,10,1,16,,68292,22,0,15,1,4,,68314,22,0,17 18,1,13,,68301,22,0,11 12,1,65,,68280,22,0,10,1,30,,68309,22,0,13,1,70,,68281,22,0,10,1,30,,68302,22,0,11 12,1,70,,68282,22,0,10,1,30,,68303,22,0,11 12,1,70,,68283,22,0,10,1,30,,68304,22,0,11 12,1,70,,68284,22,0,10,1,30,,68305,22,0,11 12,1,18,,68289,22,0,10,1,82,,68306,22,0,11 12,1
100,'20261104',651,,68316,22,0,10,1,70,,68339,22,0,11 12,1,38,,68317,22,0,10,1,70,,68340,22,0,11 12,1,30,,68318,22,0,10,1,70,,68341,22,0,11 12,1,30,,68319,22,0,10,1,70,,68342,22,0,11 12,1,30,,68320,22,0,10,1,70,,68343,22,0,11 12,1,30,,68321,22,0,10,1,70,,68354,22,0,13,1,30,,68322,22,0,10,1,70,,68344,22,0,11 12,1,30,,68323,22,0,10,1,70,,68345,22,0,11 12,1,30,,68324,22,0,10,1,70,,68346,22,0,11 12,1,30,,68325,22,0,10,1,60,,68336,22,4,,1,3,,68357,22,0,17 18,1,9,,68356,22,0,13,1,19,,68333,22,4,,1,2,,68353,22,0,11 12,1,50,,68331,22,0,10,1,18,,68337,22,4,,1,2,,68358,22,0,17 18,1,9,,68361,22,,,1,19,,68334,22,4,,1,2,,68359,22,0,17 18,1,50,,68332,22,0,10,1,16,,68338,22,0,15,1,4,,68360,22,0,17 18,1,13,,68347,22,0,11 12,1,65,,68326,22,0,10,1,30,,68355,22,0,13,1,70,,68327,22,0,10,1,30,,68348,22,0,11 12,1,70,,68328,22,0,10,1,30,,68349,22,0,11 12,1,70,,68329,22,0,10,1,30,,68350,22,0,11 12,1,70,,68330,22,0,10,1,30,,68351,22,0,11 12,1,18,,68335,22,0,10,1,82,,68352,22,0,11 12,1
100,'20261105',651,,68362,22,0,10,1,70,,68385,22,0,11 12,1,38,,68363,22,0,10,1,70,,68386,22,0,11 12,1,30,,68364,22,0,10,1,70,,68387,22,0,11 12,1,30,,68365,22,0,10,1,70,,68388,22,0,11 12,1,30,,68366,22,0,10,1,70,,68389,22,0,11 12,1,30,,68367,22,0,10,1,70,,68400,22,0,13,1,30,,68368,22,0,10,1,70,,68390,22,0,11 12,1,30,,68369,22,0,10,1,70,,68391,22,0,11 12,1,30,,68370,22,0,10,1,70,,68392,22,0,11 12,1,30,,68371,22,0,10,1,60,,68382,22,4,,1,3,,68403,22,0,17 18,1,9,,68402,22,0,13,1,19,,68379,22,4,,1,2,,68399,22,0,11 12,1,50,,68377,22,0,10,1,18,,68383,22,4,,1,2,,68404,22,0,17 18,1,9,,68407,22,,,1,19,,68380,22,4,,1,2,,68405,22,0,17 18,1,50,,68378,22,0,10,1,16,,68384,22,0,15,1,4,,68406,22,0,17 18,1,13,,68393,22,0,11 12,1,65,,68372,22,0,10,1,30,,68401,22,0,13,1,70,,68373,22,0,10,1,30,,68394,22,0,11 12,1,70,,68374,22,0,10,1,30,,68395,22,0,11 12,1,70,,68375,22,0,10,1,30,,68396,22,0,11 12,1,70,,68376,22,0,10,1,30,,68397,22,0,11 12,1,18,,68381,22,0,10,1,82,,68398,22,0,11 12,1
100,'20261106',651,,68408,22,0,10,1,70,,68432,22,0,11 12,1,38,,68409,22,0,10,1,70,,68433,22,0,11 12,1,30,,68410,22,0,10,1,70,,68434,22,0,11 12,1,30,,68411,22,0,10,1,70,,68435,22,0,11 12,1,30,,68412,22,0,10,1,70,,68436,22,0,11 12,1,30,,68413,22,0,10,1,70,,68448,22,0,13,1,30,,68414,22,0,10,1,70,,68437,22,0,11 12,1,30,,68415,22,0,10,1,70,,68438,22,0,11 12,1,30,,68416,22,0,10,1,70,,68439,22,0,11 12,1,30,,68417,22,0,10,1,60,,68429,22,4,,1,3,,68451,22,0,17 18,1,9,,68450,22,0,13,1,19,,68427,22,4,,1,2,,68447,22,0,11 12,1,50,,68425,22,0,10,1,18,,68430,22,4,,1,2,,68452,22,0,17 18,1,9,,68455,22,,,1,19,,68428,22,4,,1,2,,68453,22,0,17 18,1,50,,68426,22,0,10,1,16,,68431,22,0,15,1,4,,68454,22,0,17 18,1,13,,68440,22,0,11 12,1,65,,68418,22,0,10,1,30,,68449,22,0,13,1,70,,68419,22,0,10,1,30,,68441,22,0,11 12,1,70,,68420,22,0,10,1,30,,68442,22,0,11 12,1,70,,68421,22,0,10,1,30,,68443,22,0,11 12,1,70,,68422,22,0,10,1,30,,68444,22,0,11 12,1,71,,68423,22,0,10,1,29,,68445,22,0,11 12,1,70,,68424,22,0,10,1,30,,68446,22,0,11 12,1
100,'20261107',929,,68472,22,0,11 12,1,10,,68489,22,,,1,20,,68456,22,0,10,1,70,,68473,22,0,11 12,1,30,,68457,22,0,10,1,70,,68474,22,0,11 12,1,14,,68490,22,,,1,16,,68458,22,0,10,1,70,,68475,22,0,11 12,1,30,,68459,22,0,10,1,70,,68476,22,0,11 12,1,30,,68460,22,0,10,1,70,,68477,22,0,11 12,1,30,,68461,22,0,10,1,70,,68487,22,0,13,1,30,,68462,22,0,10,1,70,,68478,22,0,11 12,1,30,,68463,22,0,10,1,70,,68479,22,0,11 12,1,12,,68491,22,,,1,59,,68464,22,0,10,1,30,,68480,22,0,11 12,1,70,,68465,22,0,10,1,30,,68481,22,0,11 12,1,26,,68492,22,,,1,44,,68466,22,0,10,1,30,,68482,22,0,11 12,1,70,,68467,22,0,10,1,30,,68488,22,0,13,1,70,,68468,22,0,10,1,30,,68483,22,0,11 12,1,70,,68469,22,0,10,1,30,,68484,22,0,11 12,1,71,,68470,22,0,10,1,31,,68485,22,0,11 12,1,70,,68471,22,0,10,1,30,,68486,22,0,11 12,1
100,'20261108',929,,68509,22,0,11 12,1,10,,68525,22,,,1,20,,68493,22,0,10,1,70,,68510,22,0,11 12,1,30,,68494,22,0,10,1,70,,68511,22,0,11 12,1,14,,68526,22,,,1,16,,68495,22,0,10,1,70,,68512,22,0,11 12,1,30,,68496,22,0,10,1,70,,68513,22,0,11 12,1,30,,68497,22,0,10,1,70,,68514,22,0,11 12,1,30,,68498,22,0,10,1,70,,68523,22,0,13,1,30,,68499,22,0,10,1,70,,68515,22,0,11 12,1,30,,68500,22,0,10,1,70,,68516,22,0,11 12,1,12,,68527,22,,,1,59,,68501,22,0,10,1,30,,68517,22,0,11 12,1,70,,68502,22,0,10,1,30,,68518,22,0,11 12,1,26,,68528,22,,,1,44,,68503,22,0,10,1,30,,68519,22,0,11 12,1,70,,68504,22,0,10,1,30,,68524,22,0,13,1,70,,68505,22,0,10,1,30,,68520,22,0,11 12,1,70,,68506,22,0,10,1,30,,68521,22,0,11 12,1,71,,68507,22,0,10,1,31,,68522,22,0,11 12,1,70,,68508,22,0,10,1
100,'20261109',651,,68529,22,0,10,1,70,,68552,22,0,11 12,1,38,,68530,22,0,10,1,70,,68553,22,0,11 12,1,30,,68531,22,0,10,1,70,,68554,22,0,11 12,1,30,,68532,22,0,10,1,70,,68555,22,0,11 12,1,30,,68533,22,0,10,1,70,,68556,22,0,11 12,1,30,,68534,22,0,10,1,70,,68567,22,0,13,1,30,,68535,22,0,10,1,70,,68557,22,0,11 12,1,30,,68536,22,0,10,1,70,,68558,22,0,11 12,1,30,,68537,22,0,10,1,70,,68559,22,0,11 12,1,30,,68538,22,0,10,1,60,,68549,22,4,,1,3,,68570,22,0,17 18,1,9,,68569,22,0,13,1,19,,68546,22,4,,1,2,,68566,22,0,11 12,1,50,,68544,22,0,10,1,18,,68550,22,4,,1,2,,68571,22,0,17 18,1,9,,68574,22,,,1,19,,68547,22,4,,1,2,,68572,22,0,17 18,1,50,,68545,22,0,10,1,16,,68551,22,0,15,1,4,,68573,22,0,17 18,1,13,,68560,22,0,11 12,1,65,,68539,22,0,10,1,30,,68568,22,0,13,1,70,,68540,22,0,10,1,30,,68561,22,0,11 12,1,70,,68541,22,0,10,1,30,,68562,22,0,11 12,1,70,,68542,22,0,10,1,30,,68563,22,0,11 12,1,70,,68543,22,0,10,1,30,,68564,22,0,11 12,1,18,,68548,22,0,10,1,82,,68565,22,0,11 12,1
100,'20261110',651,,68575,22,0,10,1,70,,68598,22,0,11 12,1,38,,68576,22,0,10,1,70,,68599,22,0,11 12,1,30,,68577,22,0,10,1,70,,68600,22,0,11 12,1,30,,68578,22,0,10,1,70,,68601,22,0,11 12,1,30,,68579,22,0,10,1,70,,68602,22,0,11 12,1,30,,68580,22,0,10,1,70,,68613,22,0,13,1,30,,68581,22,0,10,1,70,,68603,22,0,11 12,1,30,,68582,22,0,10,1,70,,68604,22,0,11 12,1,30,,68583,22,0,10,1,70,,68605,22,0,11 12,1,30,,68584,22,0,10,1,60,,68595,22,4,,1,3,,68616,22,0,17 18,1,9,,68615,22,0,13,1,19,,68592,22,4,,1,2,,68612,22,0,11 12,1,50,,68590,22,0,10,1,18,,68596,22,4,,1,2,,68617,22,0,17 18,1,9,,68620,22,,,1,19,,68593,22,4,,1,2,,68618,22,0,17 18,1,50,,68591,22,0,10,1,16,,68597,22,0,15,1,4,,68619,22,0,17 18,1,13,,68606,22,0,11 12,1,65,,68585,22,0,10,1,30,,68614,22,0,13,1,70,,68586,22,0,10,1,30,,68607,22,0,11 12,1,70,,68587,22,0,10,1,30,,68608,22,0,11 12,1,70,,68588,22,0,10,1,30,,68609,22,0,11 12,1,70,,68589,22,0,10,1,30,,68610,22,0,11 12,1,18,,68594,22,0,10,1,82,,68611,22,0,11 12,1
100,'20261111',651,,68621,22,0,10,1,70,,68644,22,0,11 12,1,38,,68622,22,0,10,1,70,,68645,22,0,11 12,1,30,,68623,22,0,10,1,70,,68646,22,0,11 12,1,30,,68624,22,0,10,1,70,,68647,22,0,11 12,1,30,,68625,22,0,10,1,70,,68648,22,0,11 12,1,30,,68626,22,0,10,1,70,,68659,22,0,13,1,30,,68627,22,0,10,1,70,,68649,22,0,11 12,1,30,,68628,22,0,10,1,70,,68650,22,0,11 12,1,30,,68629,22,0,10,1,70,,68651,22,0,11 12,1,30,,68630,22,0,10,1,60,,68641,22,4,,1,3,,68662,22,0,17 18,1,9,,68661,22,0,13,1,19,,68638,22,4,,1,2,,68658,22,0,11 12,1,50,,68636,22,0,10,1,18,,68642,22,4,,1,2,,68663,22,0,17 18,1,9,,68666,22,,,1,19,,68639,22,4,,1,2,,68664,22,0,17 18,1,50,,68637,22,0,10,1,16,,68643,22,0,15,1,4,,68665,22,0,17 18,1,13,,68652,22,0,11 12,1,65,,68631,22,0,10,1,30,,68660,22,0,13,1,70,,68632,22,0,10,1,30,,68653,22,0,11 12,1,70,,68633,22,0,10,1,30,,68654,22,0,11 12,1,70,,68634,22,0,10,1,30,,68655,22,0,11 12,1,70,,68635,22,0,10,1,30,,68656,22,0,11 12,1,18,,68640,22,0,10,1,82,,68657,22,0,11 12,1
100,'20261112',651,,68667,22,0,10,1,70,,68690,22,0,11 12,1,38,,68668,22,0,10,1,70,,68691,22,0,11 12,1,30,,68669,22,0,10,1,70,,68692,22,0,11 12,1,30,,68670,22,0,10,1,70,,68693,22,0,11 12,1,30,,68671,22,0,10,1,70,,68694,22,0,11 12,1,30,,68672,22,0,10,1,70,,68705,22,0,13,1,30,,68673,22,0,10,1,70,,68695,22,0,11 12,1,30,,68674,22,0,10,1,70,,68696,22,0,11 12,1,30,,68675,22,0,10,1,70,,68697,22,0,11 12,1,30,,68676,22,0,10,1,60,,68687,22,4,,1,3,,68708,22,0,17 18,1,9,,68707,22,0,13,1,19,,68684,22,4,,1,2,,68704,22,0,11 12,1,50,,68682,22,0,10,1,18,,68688,22,4,,1,2,,68709,22,0,17 18,1,9,,68712,22,,,1,19,,68685,22,4,,1,2,,68710,22,0,17 18,1,50,,68683,22,0,10,1,16,,68689,22,0,15,1,4,,68711,22,0,17 18,1,13,,68698,22,0,11 12,1,65,,68677,22,0,10,1,30,,68706,22,0,13,1,70,,68678,22,0,10,1,30,,68699,22,0,11 12,1,70,,68679,22,0,10,1,30,,68700,22,0,11 12,1,70,,68680,22,0,10,1,30,,68701,22,0,11 12,1,70,,68681,22,0,10,1,30,,68702,22,0,11 12,1,18,,68686,22,0,10,1,82,,68703,22,0,11 12,1
100,'20261113',651,,68713,22,0,10,1,70,,68737,22,0,11 12,1,38,,68714,22,0,10,1,70,,68738,22,0,11 12,1,30,,68715,22,0,10,1,70,,68739,22,0,11 12,1,30,,68716,22,0,10,1,70,,68740,22,0,11 12,1,30,,68717,22,0,10,1,70,,68741,22,0,11 12,1,30,,68718,22,0,10,1,70,,68753,22,0,13,1,30,,68719,22,0,10,1,70,,68742,22,0,11 12,1,30,,68720,22,0,10,1,70,,68743,22,0,11 12,1,30,,68721,22,0,10,1,70,,68744,22,0,11 12,1,30,,68722,22,0,10,1,60,,68734,22,4,,1,3,,68756,22,0,17 18,1,9,,68755,22,0,13,1,19,,68732,22,4,,1,2,,68752,22,0,11 12,1,50,,68730,22,0,10,1,18,,68735,22,4,,1,2,,68757,22,0,17 18,1,9,,68760,22,,,1,19,,68733,22,4,,1,2,,68758,22,0,17 18,1,50,,68731,22,0,10,1,16,,68736,22,0,15,1,4,,68759,22,0,17 18,1,13,,68745,22,0,11 12,1,65,,68723,22,0,10,1,30,,68754,22,0,13,1,70,,68724,22,0,10,1,30,,68746,22,0,11 12,1,70,,68725,22,0,10,1,30,,68747,22,0,11 12,1,70,,68726,22,0,10,1,30,,68748,22,0,11 12,1,70,,68727,22,0,10,1,30,,68749,22,0,11 12,1,71,,68728,22,0,10,1,29,,68750,22,0,11 12,1,70,,68729,22,0,10,1,30,,68751,22,0,11 12,1
100,'20261114',929,,68777,22,0,11 12,1,10,,68794,22,,,1,20,,68761,22,0,10,1,70,,68778,22,0,11 12,1,30,,68762,22,0,10,1,70,,68779,22,0,11 12,1,14,,68795,22,,,1,16,,68763,22,0,10,1,70,,68780,22,0,11 12,1,30,,68764,22,0,10,1,70,,68781,22,0,11 12,1,30,,68765,22,0,10,1,70,,68782,22,0,11 12,1,30,,68766,22,0,10,1,70,,68792,22,0,13,1,30,,68767,22,0,10,1,70,,68783,22,0,11 12,1,30,,68768,22,0,10,1,70,,68784,22,0,11 12,1,12,,68796,22,,,1,59,,68769,22,0,10,1,30,,68785,22,0,11 12,1,70,,68770,22,0,10,1,30,,68786,22,0,11 12,1,26,,68797,22,,,1,44,,68771,22,0,10,1,30,,68787,22,0,11 12,1,70,,68772,22,0,10,1,30,,68793,22,0,13,1,70,,68773,22,0,10,1,30,,68788,22,0,11 12,1,70,,68774,22,0,10,1,30,,68789,22,0,11 12,1,71,,68775,22,0,10,1,31,,68790,22,0,11 12,1,70,,68776,22,0,10,1,30,,68791,22,0,11 12,1
100,'20261115',929,,68814,22,0,11 12,1,10,,68830,22,,,1,20,,68798,22,0,10,1,70,,68815,22,0,11 12,1,30,,68799,22,0,10,1,70,,68816,22,0,11 12,1,14,,68831,22,,,1,16,,68800,22,0,10,1,70,,68817,22,0,11 12,1,30,,68801,22,0,10,1,70,,68818,22,0,11 12,1,30,,68802,22,0,10,1,70,,68819,22,0,11 12,1,30,,68803,22,0,10,1,70,,68828,22,0,13,1,30,,68804,22,0,10,1,70,,68820,22,0,11 12,1,30,,68805,22,0,10,1,70,,68821,22,0,11 12,1,12,,68832,22,,,1,59,,68806,22,0,10,1,30,,68822,22,0,11 12,1,70,,68807,22,0,10,1,30,,68823,22,0,11 12,1,26,,68833,22,,,1,44,,68808,22,0,10,1,30,,68824,22,0,11 12,1,70,,68809,22,0,10,1,30,,68829,22,0,13,1,70,,68810,22,0,10,1,30,,68825,22,0,11 12,1,70,,68811,22,0,10,1,30,,68826,22,0,11 12,1,71,,68812,22,0,10,1,31,,68827,22,0,11 12,1,70,,68813,22,0,10,1
100,'20261116',651,,68834,22,0,10,1,70,,68857,22,0,11 12,1,38,,68835,22,0,10,1,70,,68858,22,0,11 12,1,30,,68836,22,0,10,1,70,,68859,22,0,11 12,1,30,,68837,22,0,10,1,70,,68860,22,0,11 12,1,30,,68838,22,0,10,1,70,,68861,22,0,11 12,1,30,,68839,22,0,10,1,70,,68872,22,0,13,1,30,,68840,22,0,10,1,70,,68862,22,0,11 12,1,30,,68841,22,0,10,1,70,,68863,22,0,11 12,1,30,,68842,22,0,10,1,70,,68864,22,0,11 12,1,30,,68843,22,0,10,1,60,,68854,22,4,,1,3,,68875,22,0,17 18,1,9,,68874,22,0,13,1,19,,68851,22,4,,1,2,,68871,22,0,11 12,1,50,,68849,22,0,10,1,18,,68855,22,4,,1,2,,68876,22,0,17 18,1,9,,68879,22,,,1,19,,68852,22,4,,1,2,,68877,22,0,17 18,1,50,,68850,22,0,10,1,16,,68856,22,0,15,1,4,,68878,22,0,17 18,1,13,,68865,22,0,11 12,1,65,,68844,22,0,10,1,30,,68873,22,0,13,1,70,,68845,22,0,10,1,30,,68866,22,0,11 12,1,70,,68846,22,0,10,1,30,,68867,22,0,11 12,1,70,,68847,22,0,10,1,30,,68868,22,0,11 12,1,70,,68848,22,0,10,1,30,,68869,22,0,11 12,1,18,,68853,22,0,10,1,82,,68870,22,0,11 12,1
100,'20261117',651,,68880,22,0,10,1,70,,68903,22,0,11 12,1,38,,68881,22,0,10,1,70,,68904,22,0,11 12,1,30,,68882,22,0,10,1,70,,68905,22,0,11 12,1,30,,68883,22,0,10,1,70,,68906,22,0,11 12,1,30,,68884,22,0,10,1,70,,68907,22,0,11 12,1,30,,68885,22,0,10,1,70,,68918,22,0,13,1,30,,68886,22,0,10,1,70,,68908,22,0,11 12,1,30,,68887,22,0,10,1,70,,68909,22,0,11 12,1,30,,68888,22,0,10,1,70,,68910,22,0,11 12,1,30,,68889,22,0,10,1,60,,68900,22,4,,1,3,,68921,22,0,17 18,1,9,,68920,22,0,13,1,19,,68897,22,4,,1,2,,68917,22,0,11 12,1,50,,68895,22,0,10,1,18,,68901,22,4,,1,2,,68922,22,0,17 18,1,9,,68925,22,,,1,19,,68898,22,4,,1,2,,68923,22,0,17 18,1,50,,68896,22,0,10,1,16,,68902,22,0,15,1,4,,68924,22,0,17 18,1,13,,68911,22,0,11 12,1,65,,68890,22,0,10,1,30,,68919,22,0,13,1,70,,68891,22,0,10,1,30,,68912,22,0,11 12,1,70,,68892,22,0,10,1,30,,68913,22,0,11 12,1,70,,68893,22,0,10,1,30,,68914,22,0,11 12,1,70,,68894,22,0,10,1,30,,68915,22,0,11 12,1,18,,68899,22,0,10,1,82,,68916,22,0,11 12,1
100,'20261118',651,,68926,22,0,10,1,70,,68949,22,0,11 12,1,38,,68927,22,0,10,1,70,,68950,22,0,11 12,1,30,,68928,22,0,10,1,70,,68951,22,0,11 12,1,30,,68929,22,0,10,1,70,,68952,22,0,11 12,1,30,,68930,22,0,10,1,70,,68953,22,0,11 12,1,30,,68931,22,0,10,1,70,,68964,22,0,13,1,30,,68932,22,0,10,1,70,,68954,22,0,11 12,1,30,,68933,22,0,10,1,70,,68955,22,0,11 12,1,30,,68934,22,0,10,1,70,,68956,22,0,11 12,1,30,,68935,22,0,10,1,60,,68946,22,4,,1,3,,68967,22,0,17 18,1,9,,68966,22,0,13,1,19,,68943,22,4,,1,2,,68963,22,0,11 12,1,50,,68941,22,0,10,1,18,,68947,22,4,,1,2,,68968,22,0,17 18,1,9,,68971,22,,,1,19,,68944,22,4,,1,2,,68969,22,0,17 18,1,50,,68942,22,0,10,1,16,,68948,22,0,15,1,4,,68970,22,0,17 18,1,13,,68957,22,0,11 12,1,65,,68936,22,0,10,1,30,,68965,22,0,13,1,70,,68937,22,0,10,1,30,,68958,22,0,11 12,1,70,,68938,22,0,10,1,30,,68959,22,0,11 12,1,70,,68939,22,0,10,1,30,,68960,22,0,11 12,1,70,,68940,22,0,10,1,30,,68961,22,0,11 12,1,18,,68945,22,0,10,1,82,,68962,22,0,11 12,1
100,'20261119',651,,68972,22,0,10,1,70,,68995,22,0,11 12,1,38,,68973,22,0,10,1,70,,68996,22,0,11 12,1,30,,68974,22,0,10,1,70,,68997,22,0,11 12,1,30,,68975,22,0,10,1,70,,68998,22,0,11 12,1,30,,68976,22,0,10,1,70,,68999,22,0,11 12,1,30,,68977,22,0,10,1,70,,69010,22,0,13,1,30,,68978,22,0,10,1,70,,69000,22,0,11 12,1,30,,68979,22,0,10,1,70,,69001,22,0,11 12,1,30,,68980,22,0,10,1,70,,69002,22,0,11 12,1,30,,68981,22,0,10,1,60,,68992,22,4,,1,3,,69013,22,0,17 18,1,9,,69012,22,0,13,1,19,,68989,22,4,,1,2,,69009,22,0,11 12,1,50,,68987,22,0,10,1,18,,68993,22,4,,1,2,,69014,22,0,17 18,1,9,,69017,22,,,1,19,,68990,22,4,,1,2,,69015,22,0,17 18,1,50,,68988,22,0,10,1,16,,68994,22,0,15,1,4,,69016,22,0,17 18,1,13,,69003,22,0,11 12,1,65,,68982,22,0,10,1,30,,69011,22,0,13,1,70,,68983,22,0,10,1,30,,69004,22,0,11 12,1,70,,68984,22,0,10,1,30,,69005,22,0,11 12,1,70,,68985,22,0,10,1,30,,69006,22,0,11 12,1,70,,68986,22,0,10,1,30,,69007,22,0,11 12,1,18,,68991,22,0,10,1,82,,69008,22,0,11 12,1
100,'20261120',651,,69018,22,0,10,1,70,,69042,22,0,11 12,1,38,,69019,22,0,10,1,70,,69043,22,0,11 12,1,30,,69020,22,0,10,1,70,,69044,22,0,11 12,1,30,,69021,22,0,10,1,70,,69045,22,0,11 12,1,30,,69022,22,0,10,1,70,,69046,22,0,11 12,1,30,,69023,22,0,10,1,70,,69058,22,0,13,1,30,,69024,22,0,10,1,70,,69047,22,0,11 12,1,30,,69025,22,0,10,1,70,,69048,22,0,11 12,1,30,,69026,22,0,10,1,70,,69049,22,0,11 12,1,30,,69027,22,0,10,1,60,,69039,22,4,,1,3,,69061,22,0,17 18,1,9,,69060,22,0,13,1,19,,69037,22,4,,1,2,,69057,22,0,11 12,1,50,,69035,22,0,10,1,18,,69040,22,4,,1,2,,69062,22,0,17 18,1,9,,69065,22,,,1,19,,69038,22,4,,1,2,,69063,22,0,17 18,1,50,,69036,22,0,10,1,16,,69041,22,0,15,1,4,,69064,22,0,17 18,1,13,,69050,22,0,11 12,1,65,,69028,22,0,10,1,30,,69059,22,0,13,1,70,,69029,22,0,10,1,30,,69051,22,0,11 12,1,70,,69030,22,0,10,1,30,,69052,22,0,11 12,1,70,,69031,22,0,10,1,30,,69053,22,0,11 12,1,70,,69032,22,0,10,1,30,,69054,22,0,11 12,1,71,,69033,22,0,10,1,29,,69055,22,0,11 12,1,70,,69034,22,0,10,1,30,,69056,22,0,11 12,1
100,'20261121',929,,69082,22,0,11 12,1,10,,69099,22,,,1,20,,69066,22,0,10,1,70,,69083,22,0,11 12,1,30,,69067,22,0,10,1,70,,69084,22,0,11 12,1,14,,69100,22,,,1,16,,69068,22,0,10,1,70,,69085,22,0,11 12,1,30,,69069,22,0,10,1,70,,69086,22,0,11 12,1,30,,69070,22,0,10,1,70,,69087,22,0,11 12,1,30,,69071,22,0,10,1,70,,69097,22,0,13,1,30,,69072,22,0,10,1,70,,69088,22,0,11 12,1,30,,69073,22,0,10,1,70,,69089,22,0,11 12,1,12,,69101,22,,,1,59,,69074,22,0,10,1,30,,69090,22,0,11 12,1,70,,69075,22,0,10,1,30,,69091,22,0,11 12,1,26,,69102,22,,,1,44,,69076,22,0,10,1,30,,69092,22,0,11 12,1,70,,69077,22,0,10,1,30,,69098,22,0,13,1,70,,69078,22,0,10,1,30,,69093,22,0,11 12,1,70,,69079,22,0,10,1,30,,69094,22,0,11 12,1,71,,69080,22,0,10,1,31,,69095,22,0,11 12,1,70,,69081,22,0,10,1,30,,69096,22,0,11 12,1
100,'20261122',929,,69119,22,0,11 12,1,10,,69135,22,,,1,20,,69103,22,0,10,1,70,,69120,22,0,11 12,1,30,,69104,22,0,10,1,70,,69121,22,0,11 12,1,14,,69136,22,,,1,16,,69105,22,0,10,1,70,,69122,22,0,11 12,1,30,,69106,22,0,10,1,70,,69123,22,0,11 12,1,30,,69107,22,0,10,1,70,,69124,22,0,11 12,1,30,,69108,22,0,10,1,70,,69133,22,0,13,1,30,,69109,22,0,10,1,70,,69125,22,0,11 12,1,30,,69110,22,0,10,1,70,,69126,22,0,11 12,1,12,,69137,22,,,1,59,,69111,22,0,10,1,30,,69127,22,0,11 12,1,70,,69112,22,0,10,1,30,,69128,22,0,11 12,1,26,,69138,22,,,1,44,,69113,22,0,10,1,30,,69129,22,0,11 12,1,70,,69114,22,0,10,1,30,,69134,22,0,13,1,70,,69115,22,0,10,1,30,,69130,22,0,11 12,1,70,,69116,22,0,10,1,30,,69131,22,0,11 12,1,71,,69117,22,0,10,1,31,,69132,22,0,11 12,1,70,,69118,22,0,10,1
100,'20261123',651,,69139,22,0,10,1,70,,69162,22,0,11 12,1,38,,69140,22,0,10,1,70,,69163,22,0,11 12,1,30,,69141,22,0,10,1,70,,69164,22,0,11 12,1,30,,69142,22,0,10,1,70,,69165,22,0,11 12,1,30,,69143,22,0,10,1,70,,69166,22,0,11 12,1,30,,69144,22,0,10,1,70,,69177,22,0,13,1,30,,69145,22,0,10,1,70,,69167,22,0,11 12,1,30,,69146,22,0,10,1,70,,69168,22,0,11 12,1,30,,69147,22,0,10,1,70,,69169,22,0,11 12,1,30,,69148,22,0,10,1,60,,69159,22,4,,1,3,,69180,22,0,17 18,1,9,,69179,22,0,13,1,19,,69156,22,4,,1,2,,69176,22,0,11 12,1,50,,69154,22,0,10,1,18,,69160,22,4,,1,2,,69181,22,0,17 18,1,9,,69184,22,,,1,19,,69157,22,4,,1,2,,69182,22,0,17 18,1,50,,69155,22,0,10,1,16,,69161,22,0,15,1,4,,69183,22,0,17 18,1,13,,69170,22,0,11 12,1,65,,69149,22,0,10,1,30,,69178,22,0,13,1,70,,69150,22,0,10,1,30,,69171,22,0,11 12,1,70,,69151,22,0,10,1,30,,69172,22,0,11 12,1,70,,69152,22,0,10,1,30,,69173,22,0,11 12,1,70,,69153,22,0,10,1,30,,69174,22,0,11 12,1,18,,69158,22,0,10,1,82,,69175,22,0,11 12,1
100,'20261124',651,,69185,22,0,10,1,70,,69208,22,0,11 12,1,38,,69186,22,0,10,1,70,,69209,22,0,11 12,1,30,,69187,22,0,10,1,70,,69210,22,0,11 12,1,30,,69188,22,0,10,1,70,,69211,22,0,11 12,1,30,,69189,22,0,10,1,70,,69212,22,0,11 12,1,30,,69190,22,0,10,1,70,,69223,22,0,13,1,30,,69191,22,0,10,1,70,,69213,22,0,11 12,1,30,,69192,22,0,10,1,70,,69214,22,0,11 12,1,30,,69193,22,0,10,1,70,,69215,22,0,11 12,1,30,,69194,22,0,10,1,60,,69205,22,4,,1,3,,69226,22,0,17 18,1,9,,69225,22,0,13,1,19,,69202,22,4,,1,2,,69222,22,0,11 12,1,50,,69200,22,0,10,1,18,,69206,22,4,,1,2,,69227,22,0,17 18,1,9,,69230,22,,,1,19,,69203,22,4,,1,2,,69228,22,0,17 18,1,50,,69201,22,0,10,1,16,,69207,22,0,15,1,4,,69229,22,0,17 18,1,13,,69216,22,0,11 12,1,65,,69195,22,0,10,1,30,,69224,22,0,13,1,70,,69196,22,0,10,1,30,,69217,22,0,11 12,1,70,,69197,22,0,10,1,30,,69218,22,0,11 12,1,70,,69198,22,0,10,1,30,,69219,22,0,11 12,1,70,,69199,22,0,10,1,30,,69220,22,0,11 12,1,18,,69204,22,0,10,1,82,,69221,22,0,11 12,1
100,'20261125',651,,69231,22,0,10,1,70,,69254,22,0,11 12,1,38,,69232,22,0,10,1,70,,69255,22,0,11 12,1,30,,69233,22,0,10,1,70,,69256,22,0,11 12,1,30,,69234,22,0,10,1,70,,69257,22,0,11 12,1,30,,69235,22,0,10,1,70,,69258,22,0,11 12,1,30,,69236,22,0,10,1,70,,69269,22,0,13,1,30,,69237,22,0,10,1,70,,69259,22,0,11 12,1,30,,69238,22,0,10,1,70,,69260,22,0,11 12,1,30,,69239,22,0,10,1,70,,69261,22,0,11 12,1,30,,69240,22,0,10,1,60,,69251,22,4,,1,3,,69272,22,0,17 18,1,9,,69271,22,0,13,1,19,,69248,22,4,,1,2,,69268,22,0,11 12,1,50,,69246,22,0,10,1,18,,69252,22,4,,1,2,,69273,22,0,17 18,1,9,,69276,22,,,1,19,,69249,22,4,,1,2,,69274,22,0,17 18,1,50,,69247,22,0,10,1,16,,69253,22,0,15,1,4,,69275,22,0,17 18,1,13,,69262,22,0,11 12,1,65,,69241,22,0,10,1,30,,69270,22,0,13,1,70,,69242,22,0,10,1,30,,69263,22,0,11 12,1,70,,69243,22,0,10,1,30,,69264,22,0,11 12,1,70,,69244,22,0,10,1,30,,69265,22,0,11 12,1,70,,69245,22,0,10,1,30,,69266,22,0,11 12,1,18,,69250,22,0,10,1,82,,69267,22,0,11 12,1
100,'20261126',651,,69277,22,0,10,1,70,,69300,22,0,11 12,1,38,,69278,22,0,10,1,70,,69301,22,0,11 12,1,30,,69279,22,0,10,1,70,,69302,22,0,11 12,1,30,,69280,22,0,10,1,70,,69303,22,0,11 12,1,30,,69281,22,0,10,1,70,,69304,22,0,11 12,1,30,,69282,22,0,10,1,70,,69315,22,0,13,1,30,,69283,22,0,10,1,70,,69305,22,0,11 12,1,30,,69284,22,0,10,1,70,,69306,22,0,11 12,1,30,,69285,22,0,10,1,70,,69307,22,0,11 12,1,30,,69286,22,0,10,1,60,,69297,22,4,,1,3,,69318,22,0,17 18,1,9,,69317,22,0,13,1,19,,69294,22,4,,1,2,,69314,22,0,11 12,1,50,,69292,22,0,10,1,18,,69298,22,4,,1,2,,69319,22,0,17 18,1,9,,69322,22,,,1,19,,69295,22,4,,1,2,,69320,22,0,17 18,1,50,,69293,22,0,10,1,16,,69299,22,0,15,1,4,,69321,22,0,17 18,1,13,,69308,22,0,11 12,1,65,,69287,22,0,10,1,30,,69316,22,0,13,1,70,,69288,22,0,10,1,30,,69309,22,0,11 12,1,70,,69289,22,0,10,1,30,,69310,22,0,11 12,1,70,,69290,22,0,10,1,30,,69311,22,0,11 12,1,70,,69291,22,0,10,1,30,,69312,22,0,11 12,1,18,,69296,22,0,10,1,82,,69313,22,0,11 12,1
100,'20261127',651,,69323,22,0,10,1,70,,69347,22,0,11 12,1,38,,69324,22,0,10,1,70,,69348,22,0,11 12,1,30,,69325,22,0,10,1,70,,69349,22,0,11 12,1,30,,69326,22,0,10,1,70,,69350,22,0,11 12,1,30,,69327,22,0,10,1,70,,69351,22,0,11 12,1,30,,69328,22,0,10,1,70,,69363,22,0,13,1,30,,69329,22,0,10,1,70,,69352,22,0,11 12,1,30,,69330,22,0,10,1,70,,69353,22,0,11 12,1,30,,69331,22,0,10,1,70,,69354,22,0,11 12,1,30,,69332,22,0,10,1,60,,69344,22,4,,1,3,,69366,22,0,17 18,1,9,,69365,22,0,13,1,19,,69342,22,4,,1,2,,69362,22,0,11 12,1,50,,69340,22,0,10,1,18,,69345,22,4,,1,2,,69367,22,0,17 18,1,9,,69370,22,,,1,19,,69343,22,4,,1,2,,69368,22,0,17 18,1,50,,69341,22,0,10,1,16,,69346,22,0,15,1,4,,69369,22,0,17 18,1,13,,69355,22,0,11 12,1,65,,69333,22,0,10,1,30,,69364,22,0,13,1,70,,69334,22,0,10,1,30,,69356,22,0,11 12,1,70,,69335,22,0,10,1,30,,69357,22,0,11 12,1,70,,69336,22,0,10,1,30,,69358,22,0,11 12,1,70,,69337,22,0,10,1,30,,69359,22,0,11 12,1,71,,69338,22,0,10,1,29,,69360,22,0,11 12,1,70,,69339,22,0,10,1,30,,69361,22,0,11 12,1
101,'20260917',517,,69933,13,,,1,30,,69957,20,,,1,70,,69934,13,,,1,11,,69974,22,,,1,15,,69972,24,,,1,8,,69954,5,,,1,7,,69975,22,,,1,55,,69952,13,,,1,8,,69950,5,,,1,7,,69976,22,,,1,16,,69973,24,,,1,7,,69955,5,,,1,7,,69977,22,,,1,55,,69953,13,,,1,8,,69951,5,,,1,9,,69978,37,,,1,7,,69956,5,,,1,64,,69958,20,,,1,30,,69935,13,,,1,70,,69959,20,,,1,30,,69936,13,,,1,70,,69960,20,,,1,30,,69937,13,,,1,70,,69970,24,,,1,30,,69938,13,,,1,70,,69961,20,,,1,30,,69939,13,,,1,70,,69962,20,,,1,30,,69940,13,,,1,70,,69963,20,,,1,30,,69941,13,,,1,71,,69964,20,,,1,30,,69942,13,,,1,68,,69965,20,,,1,31,,69943,13,,,1,69,,69966,20,,,1,30,,69944,13,,,1,71,,69967,20,,,1,29,,69945,13,,,1,70,,69971,24,,,1,30,,69946,13,,,1,70,,69968,20,,,1,30,,69947,13,,,1,70,,69969,20,,,1,30,,69948,13,,,1,100,,69949,13,,,1
101,'20260918',517,,69979,13,,,1,30,,70003,20,,,1,70,,69980,13,,,1,11,,70022,22,,,1,15,,70020,24,,,1,8,,70000,5,,,1,7,,70023,22,,,1,55,,69998,13,,,1,8,,69996,5,,,1,7,,70024,22,,,1,16,,70021,24,,,1,7,,70001,5,,,1,7,,70025,22,,,1,55,,69999,13,,,1,8,,69997,5,,,1,9,,70026,37,,,1,7,,70002,5,,,1,64,,70004,20,,,1,30,,69981,13,,,1,70,,70005,20,,,1,30,,69982,13,,,1,70,,70006,20,,,1,30,,69983,13,,,1,70,,70018,24,,,1,30,,69984,13,,,1,70,,70007,20,,,1,30,,69985,13,,,1,70,,70008,20,,,1,30,,69986,13,,,1,70,,70009,20,,,1,30,,69987,13,,,1,71,,70010,20,,,1,30,,69988,13,,,1,68,,70011,20,,,1,31,,69989,13,,,1,69,,70012,20,,,1,30,,69990,13,,,1,71,,70013,20,,,1,29,,69991,13,,,1,70,,70019,24,,,1,30,,69992,13,,,1,70,,70014,20,,,1,30,,69993,13,,,1,70,,70015,20,,,1,30,,69994,13,,,1,70,,70016,20,,,1,30,,69995,13,,,1,71,,70017,20,,,1
101,'20260919',801,,70055,24,,,1,30,,70027,13,,,1,70,,70056,24,,,1,30,,70028,13,,,1,70,,70057,24,,,1,30,,70029,13,,,1,70,,70043,20,,,1,30,,70030,13,,,1,70,,70058,24,,,1,30,,70031,13,,,1,70,,70044,20,,,1,30,,70032,13,,,1,18,,70060,37,,,1,52,,70045,20,,,1,30,,70033,13,,,1,70,,70046,20,,,1,30,,70034,13,,,1,70,,70047,20,,,1,30,,70035,13,,,1,70,,70048,20,,,1,30,,70036,13,,,1,18,,70061,37,,,1,52,,70049,20,,,1,30,,70037,13,,,1,70,,70050,20,,,1,30,,70038,13,,,1,70,,70059,24,,,1,30,,70039,13,,,1,70,,70051,20,,,1,30,,70040,13,,,1,16,,70062,37,,,1,54,,70052,20,,,1,30,,70041,13,,,1,70,,70053,20,,,1,30,,70042,13,,,1,70,,70063,37,,,1
101,'20260920',801,,70091,24,,,1,30,,70064,13,,,1,70,,70092,24,,,1,30,,70065,13,,,1,70,,70093,24,,,1,30,,70066,13,,,1,70,,70080,20,,,1,30,,70067,13,,,1,70,,70094,24,,,1,30,,70068,13,,,1,70,,70081,20,,,1,30,,70069,13,,,1,18,,70096,37,,,1,52,,70082,20,,,1,30,,70070,13,,,1,70,,70083,20,,,1,30,,70071,13,,,1,70,,70084,20,,,1,30,,70072,13,,,1,70,,70085,20,,,1,30,,70073,13,,,1,18,,70097,37,,,1,52,,70086,20,,,1,30,,70074,13,,,1,70,,70087,20,,,1,30,,70075,13,,,1,70,,70095,24,,,1,30,,70076,13,,,1,70,,70088,20,,,1,30,,70077,13,,,1,16,,70098,37,,,1,54,,70089,20,,,1,30,,70078,13,,,1,70,,70090,20,,,1,30,,70079,13,,,1,70,,70099,37,,,1
101,'20260921',517,,70100,13,,,1,30,,70124,20,,,1,70,,70101,13,,,1,11,,70141,22,,,1,15,,70139,24,,,1,8,,70121,5,,,1,7,,70142,22,,,1,55,,70119,13,,,1,8,,70117,5,,,1,7,,70143,22,,,1,16,,70140,24,,,1,7,,70122,5,,,1,7,,70144,22,,,1,55,,70120,13,,,1,8,,70118,5,,,1,9,,70145,37,,,1,7,,70123,5,,,1,64,,70125,20,,,1,30,,70102,13,,,1,70,,70126,20,,,1,30,,70103,13,,,1,70,,70127,20,,,1,30,,70104,13,,,1,70,,70137,24,,,1,30,,70105,13,,,1,70,,70128,20,,,1,30,,70106,13,,,1,70,,70129,20,,,1,30,,70107,13,,,1,70,,70130,20,,,1,30,,70108,13,,,1,71,,70131,20,,,1,30,,70109,13,,,1,68,,70132,20,,,1,31,,70110,13,,,1,69,,70133,20,,,1,30,,70111,13,,,1,71,,70134,20,,,1,29,,70112,13,,,1,70,,70138,24,,,1,30,,70113,13,,,1,70,,70135,20,,,1,30,,70114,13,,,1,70,,70136,20,,,1,30,,70115,13,,,1,100,,70116,13,,,1
101,'20260922',517,,70146,13,,,1,30,,70170,20,,,1,70,,70147,13,,,1,11,,70187,22,,,1,15,,70185,24,,,1,8,,70167,5,,,1,7,,70188,22,,,1,55,,70165,13,,,1,8,,70163,5,,,1,7,,70189,22,,,1,16,,70186,24,,,1,7,,70168,5,,,1,7,,70190,22,,,1,55,,70166,13,,,1,8,,70164,5,,,1,9,,70191,37,,,1,7,,70169,5,,,1,64,,70171,20,,,1,30,,70148,13,,,1,70,,70172,20,,,1,30,,70149,13,,,1,70,,70173,20,,,1,30,,70150,13,,,1,70,,70183,24,,,1,30,,70151,13,,,1,70,,70174,20,,,1,30,,70152,13,,,1,70,,70175,20,,,1,30,,70153,13,,,1,70,,70176,20,,,1,30,,70154,13,,,1,71,,70177,20,,,1,30,,70155,13,,,1,68,,70178,20,,,1,31,,70156,13,,,1,69,,70179,20,,,1,30,,70157,13,,,1,71,,70180,20,,,1,29,,70158,13,,,1,70,,70184,24,,,1,30,,70159,13,,,1,70,,70181,20,,,1,30,,70160,13,,,1,70,,70182,20,,,1,30,,70161,13,,,1,100,,70162,13,,,1
101,'20260923',517,,70192,13,,,1,30,,70216,20,,,1,70,,70193,13,,,1,11,,70233,22,,,1,15,,70231,24,,,1,8,,70213,5,,,1,7,,70234,22,,,1,55,,70211,13,,,1,8,,70209,5,,,1,7,,70235,22,,,1,16,,70232,24,,,1,7,,70214,5,,,1,7,,70236,22,,,1,55,,70212,13,,,1,8,,70210,5,,,1,9,,70237,37,,,1,7,,70215,5,,,1,64,,70217,20,,,1,30,,70194,13,,,1,70,,70218,20,,,1,30,,70195,13,,,1,70,,70219,20,,,1,30,,70196,13,,,1,70,,70229,24,,,1,30,,70197,13,,,1,70,,70220,20,,,1,30,,70198,13,,,1,70,,70221,20,,,1,30,,70199,13,,,1,70,,70222,20,,,1,30,,70200,13,,,1,71,,70223,20,,,1,30,,70201,13,,,1,68,,70224,20,,,1,31,,70202,13,,,1,69,,70225,20,,,1,30,,70203,13,,,1,71,,70226,20,,,1,29,,70204,13,,,1,70,,70230,24,,,1,30,,70205,13,,,1,70,,70227,20,,,1,30,,70206,13,,,1,70,,70228,20,,,1,30,,70207,13,,,1,100,,70208,13,,,1
101,'20260924',517,,70238,13,,,1,30,,70262,20,,,1,70,,70239,13,,,1,11,,70279,22,,,1,15,,70277,24,,,1,8,,70259,5,,,1,7,,70280,22,,,1,55,,70257,13,,,1,8,,70255,5,,,1,7,,70281,22,,,1,16,,70278,24,,,1,7,,70260,5,,,1,7,,70282,22,,,1,55,,70258,13,,,1,8,,70256,5,,,1,9,,70283,37,,,1,7,,70261,5,,,1,64,,70263,20,,,1,30,,70240,13,,,1,70,,70264,20,,,1,30,,70241,13,,,1,70,,70265,20,,,1,30,,70242,13,,,1,70,,70275,24,,,1,30,,70243,13,,,1,70,,70266,20,,,1,30,,70244,13,,,1,70,,70267,20,,,1,30,,70245,13,,,1,70,,70268,20,,,1,30,,70246,13,,,1,71,,70269,20,,,1,30,,70247,13,,,1,68,,70270,20,,,1,31,,70248,13,,,1,69,,70271,20,,,1,30,,70249,13,,,1,71,,70272,20,,,1,29,,70250,13,,,1,70,,70276,24,,,1,30,,70251,13,,,1,70,,70273,20,,,1,30,,70252,13,,,1,70,,70274,20,,,1,30,,70253,13,,,1,100,,70254,13,,,1
101,'20260925',517,,70284,13,,,1,30,,70308,20,,,1,70,,70285,13,,,1,11,,70327,22,,,1,15,,70325,24,,,1,8,,70305,5,,,1,7,,70328,22,,,1,55,,70303,13,,,1,8,,70301,5,,,1,7,,70329,22,,,1,16,,70326,24,,,1,7,,70306,5,,,1,7,,70330,22,,,1,55,,70304,13,,,1,8,,70302,5,,,1,9,,70331,37,,,1,7,,70307,5,,,1,64,,70309,20,,,1,30,,70286,13,,,1,70,,70310,20,,,1,30,,70287,13,,,1,70,,70311,20,,,1,30,,70288,13,,,1,70,,70323,24,,,1,30,,70289,13,,,1,70,,70312,20,,,1,30,,70290,13,,,1,70,,70313,20,,,1,30,,70291,13,,,1,70,,70314,20,,,1,30,,70292,13,,,1,71,,70315,20,,,1,30,,70293,13,,,1,68,,70316,20,,,1,31,,70294,13,,,1,69,,70317,20,,,1,30,,70295,13,,,1,71,,70318,20,,,1,29,,70296,13,,,1,70,,70324,24,,,1,30,,70297,13,,,1,70,,70319,20,,,1,30,,70298,13,,,1,70,,70320,20,,,1,30,,70299,13,,,1,70,,70321,20,,,1,30,,70300,13,,,1,71,,70322,20,,,1
101,'20260926',801,,70360,24,,,1,30,,70332,13,,,1,70,,70361,24,,,1,30,,70333,13,,,1,70,,70362,24,,,1,30,,70334,13,,,1,70,,70348,20,,,1,30,,70335,13,,,1,70,,70363,24,,,1,30,,70336,13,,,1,70,,70349,20,,,1,30,,70337,13,,,1,18,,70365,37,,,1,52,,70350,20,,,1,30,,70338,13,,,1,70,,70351,20,,,1,30,,70339,13,,,1,70,,70352,20,,,1,30,,70340,13,,,1,70,,70353,20,,,1,30,,70341,13,,,1,18,,70366,37,,,1,52,,70354,20,,,1,30,,70342,13,,,1,70,,70355,20,,,1,30,,70343,13,,,1,70,,70364,24,,,1,30,,70344,13,,,1,70,,70356,20,,,1,30,,70345,13,,,1,16,,70367,37,,,1,54,,70357,20,,,1,30,,70346,13,,,1,70,,70358,20,,,1,30,,70347,13,,,1,70,,70368,37,,,1
101,'20260927',801,,70396,24,,,1,30,,70369,13,,,1,70,,70397,24,,,1,30,,70370,13,,,1,70,,70398,24,,,1,30,,70371,13,,,1,70,,70385,20,,,1,30,,70372,13,,,1,70,,70399,24,,,1,30,,70373,13,,,1,70,,70386,20,,,1,30,,70374,13,,,1,18,,70401,37,,,1,52,,70387,20,,,1,30,,70375,13,,,1,70,,70388,20,,,1,30,,70376,13,,,1,70,,70389,20,,,1,30,,70377,13,,,1,70,,70390,20,,,1,30,,70378,13,,,1,18,,70402,37,,,1,52,,70391,20,,,1,30,,70379,13,,,1,70,,70392,20,,,1,30,,70380,13,,,1,70,,70400,24,,,1,30,,70381,13,,,1,70,,70393,20,,,1,30,,70382,13,,,1,16,,70403,37,,,1,54,,70394,20,,,1,30,,70383,13,,,1,70,,70395,20,,,1,30,,70384,13,,,1,70,,70404,37,,,1
101,'20260928',517,,70405,13,,,1,30,,70429,20,,,1,70,,70406,13,,,1,11,,70446,22,,,1,15,,70444,24,,,1,8,,70426,5,,,1,7,,70447,22,,,1,55,,70424,13,,,1,8,,70422,5,,,1,7,,70448,22,,,1,16,,70445,24,,,1,7,,70427,5,,,1,7,,70449,22,,,1,55,,70425,13,,,1,8,,70423,5,,,1,9,,70450,37,,,1,7,,70428,5,,,1,64,,70430,20,,,1,30,,70407,13,,,1,70,,70431,20,,,1,30,,70408,13,,,1,70,,70432,20,,,1,30,,70409,13,,,1,70,,70442,24,,,1,30,,70410,13,,,1,70,,70433,20,,,1,30,,70411,13,,,1,70,,70434,20,,,1,30,,70412,13,,,1,70,,70435,20,,,1,30,,70413,13,,,1,71,,70436,20,,,1,30,,70414,13,,,1,68,,70437,20,,,1,31,,70415,13,,,1,69,,70438,20,,,1,30,,70416,13,,,1,71,,70439,20,,,1,29,,70417,13,,,1,70,,70443,24,,,1,30,,70418,13,,,1,70,,70440,20,,,1,30,,70419,13,,,1,70,,70441,20,,,1,30,,70420,13,,,1,100,,70421,13,,,1
101,'20260929',517,,70451,13,,,1,30,,70475,20,,,1,70,,70452,13,,,1,11,,70492,22,,,1,15,,70490,24,,,1,8,,70472,5,,,1,7,,70493,22,,,1,55,,70470,13,,,1,8,,70468,5,,,1,7,,70494,22,,,1,16,,70491,24,,,1,7,,70473,5,,,1,7,,70495,22,,,1,55,,70471,13,,,1,8,,70469,5,,,1,9,,70496,37,,,1,7,,70474,5,,,1,64,,70476,20,,,1,30,,70453,13,,,1,70,,70477,20,,,1,30,,70454,13,,,1,70,,70478,20,,,1,30,,70455,13,,,1,70,,70488,24,,,1,30,,70456,13,,,1,70,,70479,20,,,1,30,,70457,13,,,1,70,,70480,20,,,1,30,,70458,13,,,1,70,,70481,20,,,1,30,,70459,13,,,1,71,,70482,20,,,1,30,,70460,13,,,1,68,,70483,20,,,1,31,,70461,13,,,1,69,,70484,20,,,1,30,,70462,13,,,1,71,,70485,20,,,1,29,,70463,13,,,1,70,,70489,24,,,1,30,,70464,13,,,1,70,,70486,20,,,1,30,,70465,13,,,1,70,,70487,20,,,1,30,,70466,13,,,1,100,,70467,13,,,1
101,'20260930',517,,70497,13,,,1,30,,70521,20,,,1,70,,70498,13,,,1,11,,70538,22,,,1,15,,70536,24,,,1,8,,70518,5,,,1,7,,70539,22,,,1,55,,70516,13,,,1,8,,70514,5,,,1,7,,70540,22,,,1,16,,70537,24,,,1,7,,70519,5,,,1,7,,70541,22,,,1,55,,70517,13,,,1,8,,70515,5,,,1,9,,70542,37,,,1,7,,70520,5,,,1,64,,70522,20,,,1,30,,70499,13,,,1,70,,70523,20,,,1,30,,70500,13,,,1,70,,70524,20,,,1,30,,70501,13,,,1,70,,70534,24,,,1,30,,70502,13,,,1,70,,70525,20,,,1,30,,70503,13,,,1,70,,70526,20,,,1,30,,70504,13,,,1,70,,70527,20,,,1,30,,70505,13,,,1,71,,70528,20,,,1,30,,70506,13,,,1,68,,70529,20,,,1,31,,70507,13,,,1,69,,70530,20,,,1,30,,70508,13,,,1,71,,70531,20,,,1,29,,70509,13,,,1,70,,70535,24,,,1,30,,70510,13,,,1,70,,70532,20,,,1,30,,70511,13,,,1,70,,70533,20,,,1,30,,70512,13,,,1,100,,70513,13,,,1
101,'20261001',517,,70543,13,,,1,30,,70567,20,,,1,70,,70544,13,,,1,11,,70584,22,,,1,15,,70582,24,,,1,8,,70564,5,,,1,7,,70585,22,,,1,55,,70562,13,,,1,8,,70560,5,,,1,7,,70586,22,,,1,16,,70583,24,,,1,7,,70565,5,,,1,7,,70587,22,,,1,55,,70563,13,,,1,8,,70561,5,,,1,9,,70588,37,,,1,7,,70566,5,,,1,64,,70568,20,,,1,30,,70545,13,,,1,70,,70569,20,,,1,30,,70546,13,,,1,70,,70570,20,,,1,30,,70547,13,,,1,70,,70580,24,,,1,30,,70548,13,,,1,70,,70571,20,,,1,30,,70549,13,,,1,70,,70572,20,,,1,30,,70550,13,,,1,70,,70573,20,,,1,30,,70551,13,,,1,71,,70574,20,,,1,30,,70552,13,,,1,68,,70575,20,,,1,31,,70553,13,,,1,69,,70576,20,,,1,30,,70554,13,,,1,71,,70577,20,,,1,29,,70555,13,,,1,70,,70581,24,,,1,30,,70556,13,,,1,70,,70578,20,,,1,30,,70557,13,,,1,70,,70579,20,,,1,30,,70558,13,,,1,100,,70559,13,,,1
101,'20261002',517,,70589,13,,,1,30,,70613,20,,,1,70,,70590,13,,,1,11,,70632,22,,,1,15,,70630,24,,,1,8,,70610,5,,,1,7,,70633,22,,,1,55,,70608,13,,,1,8,,70606,5,,,1,7,,70634,22,,,1,16,,70631,24,,,1,7,,70611,5,,,1,7,,70635,22,,,1,55,,70609,13,,,1,8,,70607,5,,,1,9,,70636,37,,,1,7,,70612,5,,,1,64,,70614,20,,,1,30,,70591,13,,,1,70,,70615,20,,,1,30,,70592,13,,,1,70,,70616,20,,,1,30,,70593,13,,,1,70,,70628,24,,,1,30,,70594,13,,,1,70,,70617,20,,,1,30,,70595,13,,,1,70,,70618,20,,,1,30,,70596,13,,,1,70,,70619,20,,,1,30,,70597,13,,,1,71,,70620,20,,,1,30,,70598,13,,,1,68,,70621,20,,,1,31,,70599,13,,,1,69,,70622,20,,,1,30,,70600,13,,,1,71,,70623,20,,,1,29,,70601,13,,,1,70,,70629,24,,,1,30,,70602,13,,,1,70,,70624,20,,,1,30,,70603,13,,,1,70,,70625,20,,,1,30,,70604,13,,,1,70,,70626,20,,,1,30,,70605,13,,,1,71,,70627,20,,,1
101,'20261003',801,,70665,24,,,1,30,,70637,13,,,1,70,,70666,24,,,1,30,,70638,13,,,1,70,,70667,24,,,1,30,,70639,13,,,1,70,,70653,20,,,1,30,,70640,13,,,1,70,,70668,24,,,1,30,,70641,13,,,1,70,,70654,20,,,1,30,,70642,13,,,1,18,,70670,37,,,1,52,,70655,20,,,1,30,,70643,13,,,1,70,,70656,20,,,1,30,,70644,13,,,1,70,,70657,20,,,1,30,,70645,13,,,1,70,,70658,20,,,1,30,,70646,13,,,1,18,,70671,37,,,1,52,,70659,20,,,1,30,,70647,13,,,1,70,,70660,20,,,1,30,,70648,13,,,1,70,,70669,24,,,1,30,,70649,13,,,1,70,,70661,20,,,1,30,,70650,13,,,1,16,,70672,37,,,1,54,,70662,20,,,1,30,,70651,13,,,1,70,,70663,20,,,1,30,,70652,13,,,1,70,,70673,37,,,1
101,'20261004',801,,70701,24,,,1,30,,70674,13,,,1,70,,70702,24,,,1,30,,70675,13,,,1,70,,70703,24,,,1,30,,70676,13,,,1,70,,70690,20,,,1,30,,70677,13,,,1,70,,70704,24,,,1,30,,70678,13,,,1,70,,70691,20,,,1,30,,70679,13,,,1,18,,70706,37,,,1,52,,70692,20,,,1,30,,70680,13,,,1,70,,70693,20,,,1,30,,70681,13,,,1,70,,70694,20,,,1,30,,70682,13,,,1,70,,70695,20,,,1,30,,70683,13,,,1,18,,70707,37,,,1,52,,70696,20,,,1,30,,70684,13,,,1,70,,70697,20,,,1,30,,70685,13,,,1,70,,70705,24,,,1,30,,70686,13,,,1,70,,70698,20,,,1,30,,70687,13,,,1,16,,70708,37,,,1,54,,70699,20,,,1,30,,70688,13,,,1,70,,70700,20,,,1,30,,70689,13,,,1,70,,70709,37,,,1
101,'20261005',517,,70710,13,,,1,30,,70734,20,,,1,70,,70711,13,,,1,11,,70751,22,,,1,15,,70749,24,,,1,8,,70731,5,,,1,7,,70752,22,,,1,55,,70729,13,,,1,8,,70727,5,,,1,7,,70753,22,,,1,16,,70750,24,,,1,7,,70732,5,,,1,7,,70754,22,,,1,55,,70730,13,,,1,8,,70728,5,,,1,9,,70755,37,,,1,7,,70733,5,,,1,64,,70735,20,,,1,30,,70712,13,,,1,70,,70736,20,,,1,30,,70713,13,,,1,70,,70737,20,,,1,30,,70714,13,,,1,70,,70747,24,,,1,30,,70715,13,,,1,70,,70738,20,,,1,30,,70716,13,,,1,70,,70739,20,,,1,30,,70717,13,,,1,70,,70740,20,,,1,30,,70718,13,,,1,71,,70741,20,,,1,30,,70719,13,,,1,68,,70742,20,,,1,31,,70720,13,,,1,69,,70743,20,,,1,30,,70721,13,,,1,71,,70744,20,,,1,29,,70722,13,,,1,70,,70748,24,,,1,30,,70723,13,,,1,70,,70745,20,,,1,30,,70724,13,,,1,70,,70746,20,,,1,30,,70725,13,,,1,100,,70726,13,,,1
101,'20261006',517,,70756,13,,,1,30,,70780,20,,,1,70,,70757,13,,,1,11,,70797,22,,,1,15,,70795,24,,,1,8,,70777,5,,,1,7,,70798,22,,,1,55,,70775,13,,,1,8,,70773,5,,,1,7,,70799,22,,,1,16,,70796,24,,,1,7,,70778,5,,,1,7,,70800,22,,,1,55,,70776,13,,,1,8,,70774,5,,,1,9,,70801,37,,,1,7,,70779,5,,,1,64,,70781,20,,,1,30,,70758,13,,,1,70,,70782,20,,,1,30,,70759,13,,,1,70,,70783,20,,,1,30,,70760,13,,,1,70,,70793,24,,,1,30,,70761,13,,,1,70,,70784,20,,,1,30,,70762,13,,,1,70,,70785,20,,,1,30,,70763,13,,,1,70,,70786,20,,,1,30,,70764,13,,,1,71,,70787,20,,,1,30,,70765,13,,,1,68,,70788,20,,,1,31,,70766,13,,,1,69,,70789,20,,,1,30,,70767,13,,,1,71,,70790,20,,,1,29,,70768,13,,,1,70,,70794,24,,,1,30,,70769,13,,,1,70,,70791,20,,,1,30,,70770,13,,,1,70,,70792,20,,,1,30,,70771,13,,,1,100,,70772,13,,,1
101,'20261007',517,,70802,13,,,1,30,,70826,20,,,1,70,,70803,13,,,1,11,,70843,22,,,1,15,,70841,24,,,1,8,,70823,5,,,1,7,,70844,22,,,1,55,,70821,13,,,1,8,,70819,5,,,1,7,,70845,22,,,1,16,,70842,24,,,1,7,,70824,5,,,1,7,,70846,22,,,1,55,,70822,13,,,1,8,,70820,5,,,1,9,,70847,37,,,1,7,,70825,5,,,1,64,,70827,20,,,1,30,,70804,13,,,1,70,,70828,20,,,1,30,,70805,13,,,1,70,,70829,20,,,1,30,,70806,13,,,1,70,,70839,24,,,1,30,,70807,13,,,1,70,,70830,20,,,1,30,,70808,13,,,1,70,,70831,20,,,1,30,,70809,13,,,1,70,,70832,20,,,1,30,,70810,13,,,1,71,,70833,20,,,1,30,,70811,13,,,1,68,,70834,20,,,1,31,,70812,13,,,1,69,,70835,20,,,1,30,,70813,13,,,1,71,,70836,20,,,1,29,,70814,13,,,1,70,,70840,24,,,1,30,,70815,13,,,1,70,,70837,20,,,1,30,,70816,13,,,1,70,,70838,20,,,1,30,,70817,13,,,1,100,,70818,13,,,1
101,'20261008',517,,70848,13,,,1,30,,70872,20,,,1,70,,70849,13,,,1,11,,70889,22,,,1,15,,70887,24,,,1,8,,70869,5,,,1,7,,70890,22,,,1,55,,70867,13,,,1,8,,70865,5,,,1,7,,70891,22,,,1,16,,70888,24,,,1,7,,70870,5,,,1,7,,70892,22,,,1,55,,70868,13,,,1,8,,70866,5,,,1,9,,70893,37,,,1,7,,70871,5,,,1,64,,70873,20,,,1,30,,70850,13,,,1,70,,70874,20,,,1,30,,70851,13,,,1,70,,70875,20,,,1,30,,70852,13,,,1,70,,70885,24,,,1,30,,70853,13,,,1,70,,70876,20,,,1,30,,70854,13,,,1,70,,70877,20,,,1,30,,70855,13,,,1,70,,70878,20,,,1,30,,70856,13,,,1,71,,70879,20,,,1,30,,70857,13,,,1,68,,70880,20,,,1,31,,70858,13,,,1,69,,70881,20,,,1,30,,70859,13,,,1,71,,70882,20,,,1,29,,70860,13,,,1,70,,70886,24,,,1,30,,70861,13,,,1,70,,70883,20,,,1,30,,70862,13,,,1,70,,70884,20,,,1,30,,70863,13,,,1,100,,70864,13,,,1
101,'20261009',517,,70894,13,,,1,30,,70918,20,,,1,70,,70895,13,,,1,11,,70937,22,,,1,15,,70935,24,,,1,8,,70915,5,,,1,7,,70938,22,,,1,55,,70913,13,,,1,8,,70911,5,,,1,7,,70939,22,,,1,16,,70936,24,,,1,7,,70916,5,,,1,7,,70940,22,,,1,55,,70914,13,,,1,8,,70912,5,,,1,9,,70941,37,,,1,7,,70917,5,,,1,64,,70919,20,,,1,30,,70896,13,,,1,70,,70920,20,,,1,30,,70897,13,,,1,70,,70921,20,,,1,30,,70898,13,,,1,70,,70933,24,,,1,30,,70899,13,,,1,70,,70922,20,,,1,30,,70900,13,,,1,70,,70923,20,,,1,30,,70901,13,,,1,70,,70924,20,,,1,30,,70902,13,,,1,71,,70925,20,,,1,30,,70903,13,,,1,68,,70926,20,,,1,31,,70904,13,,,1,69,,70927,20,,,1,30,,70905,13,,,1,71,,70928,20,,,1,29,,70906,13,,,1,70,,70934,24,,,1,30,,70907,13,,,1,70,,70929,20,,,1,30,,70908,13,,,1,70,,70930,20,,,1,30,,70909,13,,,1,70,,70931,20,,,1,30,,70910,13,,,1,71,,70932,20,,,1
101,'20261010',801,,70970,24,,,1,30,,70942,13,,,1,70,,70971,24,,,1,30,,70943,13,,,1,70,,70972,24,,,1,30,,70944,13,,,1,70,,70958,20,,,1,30,,70945,13,,,1,70,,70973,24,,,1,30,,70946,13,,,1,70,,70959,20,,,1,30,,70947,13,,,1,18,,70975,37,,,1,52,,70960,20,,,1,30,,70948,13,,,1,70,,70961,20,,,1,30,,70949,13,,,1,70,,70962,20,,,1,30,,70950,13,,,1,70,,70963,20,,,1,30,,70951,13,,,1,18,,70976,37,,,1,52,,70964,20,,,1,30,,70952,13,,,1,70,,70965,20,,,1,30,,70953,13,,,1,70,,70974,24,,,1,30,,70954,13,,,1,70,,70966,20,,,1,30,,70955,13,,,1,16,,70977,37,,,1,54,,70967,20,,,1,30,,70956,13,,,1,70,,70968,20,,,1,30,,70957,13,,,1,70,,70978,37,,,1
101,'20261011',801,,71006,24,,,1,30,,70979,13,,,1,70,,71007,24,,,1,30,,70980,13,,,1,70,,71008,24,,,1,30,,70981,13,,,1,70,,70995,20,,,1,30,,70982,13,,,1,70,,71009,24,,,1,30,,70983,13,,,1,70,,70996,20,,,1,30,,70984,13,,,1,18,,71011,37,,,1,52,,70997,20,,,1,30,,70985,13,,,1,70,,70998,20,,,1,30,,70986,13,,,1,70,,70999,20,,,1,30,,70987,13,,,1,70,,71000,20,,,1,30,,70988,13,,,1,18,,71012,37,,,1,52,,71001,20,,,1,30,,70989,13,,,1,70,,71002,20,,,1,30,,70990,13,,,1,70,,71010,24,,,1,30,,70991,13,,,1,70,,71003,20,,,1,30,,70992,13,,,1,16,,71013,37,,,1,54,,71004,20,,,1,30,,70993,13,,,1,70,,71005,20,,,1,30,,70994,13,,,1,70,,71014,37,,,1
101,'20261012',517,,71015,13,,,1,30,,71039,20,,,1,70,,71016,13,,,1,11,,71056,22,,,1,15,,71054,24,,,1,8,,71036,5,,,1,7,,71057,22,,,1,55,,71034,13,,,1,8,,71032,5,,,1,7,,71058,22,,,1,16,,71055,24,,,1,7,,71037,5,,,1,7,,71059,22,,,1,55,,71035,13,,,1,8,,71033,5,,,1,9,,71060,37,,,1,7,,71038,5,,,1,64,,71040,20,,,1,30,,71017,13,,,1,70,,71041,20,,,1,30,,71018,13,,,1,70,,71042,20,,,1,30,,71019,13,,,1,70,,71052,24,,,1,30,,71020,13,,,1,70,,71043,20,,,1,30,,71021,13,,,1,70,,71044,20,,,1,30,,71022,13,,,1,70,,71045,20,,,1,30,,71023,13,,,1,71,,71046,20,,,1,30,,71024,13,,,1,68,,71047,20,,,1,31,,71025,13,,,1,69,,71048,20,,,1,30,,71026,13,,,1,71,,71049,20,,,1,29,,71027,13,,,1,70,,71053,24,,,1,30,,71028,13,,,1,70,,71050,20,,,1,30,,71029,13,,,1,70,,71051,20,,,1,30,,71030,13,,,1,100,,71031,13,,,1
101,'20261013',517,,71061,13,,,1,30,,71085,20,,,1,70,,71062,13,,,1,11,,71102,22,,,1,15,,71100,24,,,1,8,,71082,5,,,1,7,,71103,22,,,1,55,,71080,13,,,1,8,,71078,5,,,1,7,,71104,22,,,1,16,,71101,24,,,1,7,,71083,5,,,1,7,,71105,22,,,1,55,,71081,13,,,1,8,,71079,5,,,1,9,,71106,37,,,1,7,,71084,5,,,1,64,,71086,20,,,1,30,,71063,13,,,1,70,,71087,20,,,1,30,,71064,13,,,1,70,,71088,20,,,1,30,,71065,13,,,1,70,,71098,24,,,1,30,,71066,13,,,1,70,,71089,20,,,1,30,,71067,13,,,1,70,,71090,20,,,1,30,,71068,13,,,1,70,,71091,20,,,1,30,,71069,13,,,1,71,,71092,20,,,1,30,,71070,13,,,1,68,,71093,20,,,1,31,,71071,13,,,1,69,,71094,20,,,1,30,,71072,13,,,1,71,,71095,20,,,1,29,,71073,13,,,1,70,,71099,24,,,1,30,,71074,13,,,1,70,,71096,20,,,1,30,,71075,13,,,1,70,,71097,20,,,1,30,,71076,13,,,1,100,,71077,13,,,1
101,'20261014',517,,71107,13,,,1,30,,71131,20,,,1,70,,71108,13,,,1,11,,71148,22,,,1,15,,71146,24,,,1,8,,71128,5,,,1,7,,71149,22,,,1,55,,71126,13,,,1,8,,71124,5,,,1,7,,71150,22,,,1,16,,71147,24,,,1,7,,71129,5,,,1,7,,71151,22,,,1,55,,71127,13,,,1,8,,71125,5,,,1,9,,71152,37,,,1,7,,71130,5,,,1,64,,71132,20,,,1,30,,71109,13,,,1,70,,71133,20,,,1,30,,71110,13,,,1,70,,71134,20,,,1,30,,71111,13,,,1,70,,71144,24,,,1,30,,71112,13,,,1,70,,71135,20,,,1,30,,71113,13,,,1,70,,71136,20,,,1,30,,71114,13,,,1,70,,71137,20,,,1,30,,71115,13,,,1,71,,71138,20,,,1,30,,71116,13,,,1,68,,71139,20,,,1,31,,71117,13,,,1,69,,71140,20,,,1,30,,71118,13,,,1,71,,71141,20,,,1,29,,71119,13,,,1,70,,71145,24,,,1,30,,71120,13,,,1,70,,71142,20,,,1,30,,71121,13,,,1,70,,71143,20,,,1,30,,71122,13,,,1,100,,71123,13,,,1
101,'20261015',517,,71153,13,,,1,30,,71177,20,,,1,70,,71154,13,,,1,11,,71194,22,,,1,15,,71192,24,,,1,8,,71174,5,,,1,7,,71195,22,,,1,55,,71172,13,,,1,8,,71170,5,,,1,7,,71196,22,,,1,16,,71193,24,,,1,7,,71175,5,,,1,7,,71197,22,,,1,55,,71173,13,,,1,8,,71171,5,,,1,9,,71198,37,,,1,7,,71176,5,,,1,64,,71178,20,,,1,30,,71155,13,,,1,70,,71179,20,,,1,30,,71156,13,,,1,70,,71180,20,,,1,30,,71157,13,,,1,70,,71190,24,,,1,30,,71158,13,,,1,70,,71181,20,,,1,30,,71159,13,,,1,70,,71182,20,,,1,30,,71160,13,,,1,70,,71183,20,,,1,30,,71161,13,,,1,71,,71184,20,,,1,30,,71162,13,,,1,68,,71185,20,,,1,31,,71163,13,,,1,69,,71186,20,,,1,30,,71164,13,,,1,71,,71187,20,,,1,29,,71165,13,,,1,70,,71191,24,,,1,30,,71166,13,,,1,70,,71188,20,,,1,30,,71167,13,,,1,70,,71189,20,,,1,30,,71168,13,,,1,100,,71169,13,,,1
101,'20261016',517,,71199,13,,,1,30,,71223,20,,,1,70,,71200,13,,,1,11,,71242,22,,,1,15,,71240,24,,,1,8,,71220,5,,,1,7,,71243,22,,,1,55,,71218,13,,,1,8,,71216,5,,,1,7,,71244,22,,,1,16,,71241,24,,,1,7,,71221,5,,,1,7,,71245,22,,,1,55,,71219,13,,,1,8,,71217,5,,,1,9,,71246,37,,,1,7,,71222,5,,,1,64,,71224,20,,,1,30,,71201,13,,,1,70,,71225,20,,,1,30,,71202,13,,,1,70,,71226,20,,,1,30,,71203,13,,,1,70,,71238,24,,,1,30,,71204,13,,,1,70,,71227,20,,,1,30,,71205,13,,,1,70,,71228,20,,,1,30,,71206,13,,,1,70,,71229,20,,,1,30,,71207,13,,,1,71,,71230,20,,,1,30,,71208,13,,,1,68,,71231,20,,,1,31,,71209,13,,,1,69,,71232,20,,,1,30,,71210,13,,,1,71,,71233,20,,,1,29,,71211,13,,,1,70,,71239,24,,,1,30,,71212,13,,,1,70,,71234,20,,,1,30,,71213,13,,,1,70,,71235,20,,,1,30,,71214,13,,,1,70,,71236,20,,,1,30,,71215,13,,,1,71,,71237,20,,,1
101,'20261017',801,,71275,24,,,1,30,,71247,13,,,1,70,,71276,24,,,1,30,,71248,13,,,1,70,,71277,24,,,1,30,,71249,13,,,1,70,,71263,20,,,1,30,,71250,13,,,1,70,,71278,24,,,1,30,,71251,13,,,1,70,,71264,20,,,1,30,,71252,13,,,1,18,,71280,37,,,1,52,,71265,20,,,1,30,,71253,13,,,1,70,,71266,20,,,1,30,,71254,13,,,1,70,,71267,20,,,1,30,,71255,13,,,1,70,,71268,20,,,1,30,,71256,13,,,1,18,,71281,37,,,1,52,,71269,20,,,1,30,,71257,13,,,1,70,,71270,20,,,1,30,,71258,13,,,1,70,,71279,24,,,1,30,,71259,13,,,1,70,,71271,20,,,1,30,,71260,13,,,1,16,,71282,37,,,1,54,,71272,20,,,1,30,,71261,13,,,1,70,,71273,20,,,1,30,,71262,13,,,1,70,,71283,37,,,1
101,'20261018',801,,71311,24,,,1,30,,71284,13,,,1,70,,71312,24,,,1,30,,71285,13,,,1,70,,71313,24,,,1,30,,71286,13,,,1,70,,71300,20,,,1,30,,71287,13,,,1,70,,71314,24,,,1,30,,71288,13,,,1,70,,71301,20,,,1,30,,71289,13,,,1,18,,71316,37,,,1,52,,71302,20,,,1,30,,71290,13,,,1,70,,71303,20,,,1,30,,71291,13,,,1,70,,71304,20,,,1,30,,71292,13,,,1,70,,71305,20,,,1,30,,71293,13,,,1,18,,71317,37,,,1,52,,71306,20,,,1,30,,71294,13,,,1,70,,71307,20,,,1,30,,71295,13,,,1,70,,71315,24,,,1,30,,71296,13,,,1,70,,71308,20,,,1,30,,71297,13,,,1,16,,71318,37,,,1,54,,71309,20,,,1,30,,71298,13,,,1,70,,71310,20,,,1,30,,71299,13,,,1,70,,71319,37,,,1
101,'20261019',517,,71320,13,,,1,30,,71344,20,,,1,70,,71321,13,,,1,11,,71361,22,,,1,15,,71359,24,,,1,8,,71341,5,,,1,7,,71362,22,,,1,55,,71339,13,,,1,8,,71337,5,,,1,7,,71363,22,,,1,16,,71360,24,,,1,7,,71342,5,,,1,7,,71364,22,,,1,55,,71340,13,,,1,8,,71338,5,,,1,9,,71365,37,,,1,7,,71343,5,,,1,64,,71345,20,,,1,30,,71322,13,,,1,70,,71346,20,,,1,30,,71323,13,,,1,70,,71347,20,,,1,30,,71324,13,,,1,70,,71357,24,,,1,30,,71325,13,,,1,70,,71348,20,,,1,30,,71326,13,,,1,70,,71349,20,,,1,30,,71327,13,,,1,70,,71350,20,,,1,30,,71328,13,,,1,71,,71351,20,,,1,30,,71329,13,,,1,68,,71352,20,,,1,31,,71330,13,,,1,69,,71353,20,,,1,30,,71331,13,,,1,71,,71354,20,,,1,29,,71332,13,,,1,70,,71358,24,,,1,30,,71333,13,,,1,70,,71355,20,,,1,30,,71334,13,,,1,70,,71356,20,,,1,30,,71335,13,,,1,100,,71336,13,,,1
101,'20261020',517,,71366,13,,,1,30,,71390,20,,,1,70,,71367,13,,,1,11,,71407,22,,,1,15,,71405,24,,,1,8,,71387,5,,,1,7,,71408,22,,,1,55,,71385,13,,,1,8,,71383,5,,,1,7,,71409,22,,,1,16,,71406,24,,,1,7,,71388,5,,,1,7,,71410,22,,,1,55,,71386,13,,,1,8,,71384,5,,,1,9,,71411,37,,,1,7,,71389,5,,,1,64,,71391,20,,,1,30,,71368,13,,,1,70,,71392,20,,,1,30,,71369,13,,,1,70,,71393,20,,,1,30,,71370,13,,,1,70,,71403,24,,,1,30,,71371,13,,,1,70,,71394,20,,,1,30,,71372,13,,,1,70,,71395,20,,,1,30,,71373,13,,,1,70,,71396,20,,,1,30,,71374,13,,,1,71,,71397,20,,,1,30,,71375,13,,,1,68,,71398,20,,,1,31,,71376,13,,,1,69,,71399,20,,,1,30,,71377,13,,,1,71,,71400,20,,,1,29,,71378,13,,,1,70,,71404,24,,,1,30,,71379,13,,,1,70,,71401,20,,,1,30,,71380,13,,,1,70,,71402,20,,,1,30,,71381,13,,,1,100,,71382,13,,,1
101,'20261021',517,,71412,13,,,1,30,,71436,20,,,1,70,,71413,13,,,1,11,,71453,22,,,1,15,,71451,24,,,1,8,,71433,5,,,1,7,,71454,22,,,1,55,,71431,13,,,1,8,,71429,5,,,1,7,,71455,22,,,1,16,,71452,24,,,1,7,,71434,5,,,1,7,,71456,22,,,1,55,,71432,13,,,1,8,,71430,5,,,1,9,,71457,37,,,1,7,,71435,5,,,1,64,,71437,20,,,1,30,,71414,13,,,1,70,,71438,20,,,1,30,,71415,13,,,1,70,,71439,20,,,1,30,,71416,13,,,1,70,,71449,24,,,1,30,,71417,13,,,1,70,,71440,20,,,1,30,,71418,13,,,1,70,,71441,20,,,1,30,,71419,13,,,1,70,,71442,20,,,1,30,,71420,13,,,1,71,,71443,20,,,1,30,,71421,13,,,1,68,,71444,20,,,1,31,,71422,13,,,1,69,,71445,20,,,1,30,,71423,13,,,1,71,,71446,20,,,1,29,,71424,13,,,1,70,,71450,24,,,1,30,,71425,13,,,1,70,,71447,20,,,1,30,,71426,13,,,1,70,,71448,20,,,1,30,,71427,13,,,1,100,,71428,13,,,1
101,'20261022',517,,71458,13,,,1,30,,71482,20,,,1,70,,71459,13,,,1,11,,71499,22,,,1,15,,71497,24,,,1,8,,71479,5,,,1,7,,71500,22,,,1,55,,71477,13,,,1,8,,71475,5,,,1,7,,71501,22,,,1,16,,71498,24,,,1,7,,71480,5,,,1,7,,71502,22,,,1,55,,71478,13,,,1,8,,71476,5,,,1,9,,71503,37,,,1,7,,71481,5,,,1,64,,71483,20,,,1,30,,71460,13,,,1,70,,71484,20,,,1,30,,71461,13,,,1,70,,71485,20,,,1,30,,71462,13,,,1,70,,71495,24,,,1,30,,71463,13,,,1,70,,71486,20,,,1,30,,71464,13,,,1,70,,71487,20,,,1,30,,71465,13,,,1,70,,71488,20,,,1,30,,71466,13,,,1,71,,71489,20,,,1,30,,71467,13,,,1,68,,71490,20,,,1,31,,71468,13,,,1,69,,71491,20,,,1,30,,71469,13,,,1,71,,71492,20,,,1,29,,71470,13,,,1,70,,71496,24,,,1,30,,71471,13,,,1,70,,71493,20,,,1,30,,71472,13,,,1,70,,71494,20,,,1,30,,71473,13,,,1,100,,71474,13,,,1
101,'20261023',517,,71504,13,,,1,30,,71528,20,,,1,70,,71505,13,,,1,11,,71547,22,,,1,15,,71545,24,,,1,8,,71525,5,,,1,7,,71548,22,,,1,55,,71523,13,,,1,8,,71521,5,,,1,7,,71549,22,,,1,16,,71546,24,,,1,7,,71526,5,,,1,7,,71550,22,,,1,55,,71524,13,,,1,8,,71522,5,,,1,9,,71551,37,,,1,7,,71527,5,,,1,64,,71529,20,,,1,30,,71506,13,,,1,70,,71530,20,,,1,30,,71507,13,,,1,70,,71531,20,,,1,30,,71508,13,,,1,70,,71543,24,,,1,30,,71509,13,,,1,70,,71532,20,,,1,30,,71510,13,,,1,70,,71533,20,,,1,30,,71511,13,,,1,70,,71534,20,,,1,30,,71512,13,,,1,71,,71535,20,,,1,30,,71513,13,,,1,68,,71536,20,,,1,31,,71514,13,,,1,69,,71537,20,,,1,30,,71515,13,,,1,71,,71538,20,,,1,29,,71516,13,,,1,70,,71544,24,,,1,30,,71517,13,,,1,70,,71539,20,,,1,30,,71518,13,,,1,70,,71540,20,,,1,30,,71519,13,,,1,70,,71541,20,,,1,30,,71520,13,,,1,71,,71542,20,,,1
101,'20261024',801,,71580,24,,,1,30,,71552,13,,,1,70,,71581,24,,,1,30,,71553,13,,,1,70,,71582,24,,,1,30,,71554,13,,,1,70,,71568,20,,,1,30,,71555,13,,,1,70,,71583,24,,,1,30,,71556,13,,,1,70,,71569,20,,,1,30,,71557,13,,,1,18,,71585,37,,,1,52,,71570,20,,,1,30,,71558,13,,,1,70,,71571,20,,,1,30,,71559,13,,,1,70,,71572,20,,,1,30,,71560,13,,,1,70,,71573,20,,,1,30,,71561,13,,,1,18,,71586,37,,,1,52,,71574,20,,,1,30,,71562,13,,,1,70,,71575,20,,,1,30,,71563,13,,,1,70,,71584,24,,,1,30,,71564,13,,,1,70,,71576,20,,,1,30,,71565,13,,,1,16,,71587,37,,,1,54,,71577,20,,,1,30,,71566,13,,,1,70,,71578,20,,,1,30,,71567,13,,,1,70,,71588,37,,,1
101,'20261025',801,,71616,24,,,1,30,,71589,13,,,1,70,,71617,24,,,1,30,,71590,13,,,1,70,,71618,24,,,1,30,,71591,13,,,1,70,,71605,20,,,1,30,,71592,13,,,1,70,,71619,24,,,1,30,,71593,13,,,1,70,,71606,20,,,1,30,,71594,13,,,1,18,,71621,37,,,1,52,,71607,20,,,1,30,,71595,13,,,1,70,,71608,20,,,1,30,,71596,13,,,1,70,,71609,20,,,1,30,,71597,13,,,1,70,,71610,20,,,1,30,,71598,13,,,1,18,,71622,37,,,1,52,,71611,20,,,1,30,,71599,13,,,1,70,,71612,20,,,1,30,,71600,13,,,1,70,,71620,24,,,1,30,,71601,13,,,1,70,,71613,20,,,1,30,,71602,13,,,1,16,,71623,37,,,1,54,,71614,20,,,1,30,,71603,13,,,1,70,,71615,20,,,1,30,,71604,13,,,1,70,,71624,37,,,1
101,'20261026',517,,71625,13,,,1,30,,71649,20,,,1,70,,71626,13,,,1,11,,71666,22,,,1,15,,71664,24,,,1,8,,71646,5,,,1,7,,71667,22,,,1,55,,71644,13,,,1,8,,71642,5,,,1,7,,71668,22,,,1,16,,71665,24,,,1,7,,71647,5,,,1,7,,71669,22,,,1,55,,71645,13,,,1,8,,71643,5,,,1,9,,71670,37,,,1,7,,71648,5,,,1,64,,71650,20,,,1,30,,71627,13,,,1,70,,71651,20,,,1,30,,71628,13,,,1,70,,71652,20,,,1,30,,71629,13,,,1,70,,71662,24,,,1,30,,71630,13,,,1,70,,71653,20,,,1,30,,71631,13,,,1,70,,71654,20,,,1,30,,71632,13,,,1,70,,71655,20,,,1,30,,71633,13,,,1,71,,71656,20,,,1,30,,71634,13,,,1,68,,71657,20,,,1,31,,71635,13,,,1,69,,71658,20,,,1,30,,71636,13,,,1,71,,71659,20,,,1,29,,71637,13,,,1,70,,71663,24,,,1,30,,71638,13,,,1,70,,71660,20,,,1,30,,71639,13,,,1,70,,71661,20,,,1,30,,71640,13,,,1,100,,71641,13,,,1
101,'20261027',517,,71671,13,,,1,30,,71695,20,,,1,70,,71672,13,,,1,11,,71712,22,,,1,15,,71710,24,,,1,8,,71692,5,,,1,7,,71713,22,,,1,55,,71690,13,,,1,8,,71688,5,,,1,7,,71714,22,,,1,16,,71711,24,,,1,7,,71693,5,,,1,7,,71715,22,,,1,55,,71691,13,,,1,8,,71689,5,,,1,9,,71716,37,,,1,7,,71694,5,,,1,64,,71696,20,,,1,30,,71673,13,,,1,70,,71697,20,,,1,30,,71674,13,,,1,70,,71698,20,,,1,30,,71675,13,,,1,70,,71708,24,,,1,30,,71676,13,,,1,70,,71699,20,,,1,30,,71677,13,,,1,70,,71700,20,,,1,30,,71678,13,,,1,70,,71701,20,,,1,30,,71679,13,,,1,71,,71702,20,,,1,30,,71680,13,,,1,68,,71703,20,,,1,31,,71681,13,,,1,69,,71704,20,,,1,30,,71682,13,,,1,71,,71705,20,,,1,29,,71683,13,,,1,70,,71709,24,,,1,30,,71684,13,,,1,70,,71706,20,,,1,30,,71685,13,,,1,70,,71707,20,,,1,30,,71686,13,,,1,100,,71687,13,,,1
101,'20261028',517,,71717,13,,,1,30,,71741,20,,,1,70,,71718,13,,,1,11,,71758,22,,,1,15,,71756,24,,,1,8,,71738,5,,,1,7,,71759,22,,,1,55,,71736,13,,,1,8,,71734,5,,,1,7,,71760,22,,,1,16,,71757,24,,,1,7,,71739,5,,,1,7,,71761,22,,,1,55,,71737,13,,,1,8,,71735,5,,,1,9,,71762,37,,,1,7,,71740,5,,,1,64,,71742,20,,,1,30,,71719,13,,,1,70,,71743,20,,,1,30,,71720,13,,,1,70,,71744,20,,,1,30,,71721,13,,,1,70,,71754,24,,,1,30,,71722,13,,,1,70,,71745,20,,,1,30,,71723,13,,,1,70,,71746,20,,,1,30,,71724,13,,,1,70,,71747,20,,,1,30,,71725,13,,,1,71,,71748,20,,,1,30,,71726,13,,,1,68,,71749,20,,,1,31,,71727,13,,,1,69,,71750,20,,,1,30,,71728,13,,,1,71,,71751,20,,,1,29,,71729,13,,,1,70,,71755,24,,,1,30,,71730,13,,,1,70,,71752,20,,,1,30,,71731,13,,,1,70,,71753,20,,,1,30,,71732,13,,,1,100,,71733,13,,,1
101,'20261029',517,,71763,13,,,1,30,,71787,20,,,1,70,,71764,13,,,1,11,,71804,22,,,1,15,,71802,24,,,1,8,,71784,5,,,1,7,,71805,22,,,1,55,,71782,13,,,1,8,,71780,5,,,1,7,,71806,22,,,1,16,,71803,24,,,1,7,,71785,5,,,1,7,,71807,22,,,1,55,,71783,13,,,1,8,,71781,5,,,1,9,,71808,37,,,1,7,,71786,5,,,1,64,,71788,20,,,1,30,,71765,13,,,1,70,,71789,20,,,1,30,,71766,13,,,1,70,,71790,20,,,1,30,,71767,13,,,1,70,,71800,24,,,1,30,,71768,13,,,1,70,,71791,20,,,1,30,,71769,13,,,1,70,,71792,20,,,1,30,,71770,13,,,1,70,,71793,20,,,1,30,,71771,13,,,1,71,,71794,20,,,1,30,,71772,13,,,1,68,,71795,20,,,1,31,,71773,13,,,1,69,,71796,20,,,1,30,,71774,13,,,1,71,,71797,20,,,1,29,,71775,13,,,1,70,,71801,24,,,1,30,,71776,13,,,1,70,,71798,20,,,1,30,,71777,13,,,1,70,,71799,20,,,1,30,,71778,13,,,1,100,,71779,13,,,1
101,'20261030',517,,71809,13,,,1,30,,71833,20,,,1,70,,71810,13,,,1,11,,71852,22,,,1,15,,71850,24,,,1,8,,71830,5,,,1,7,,71853,22,,,1,55,,71828,13,,,1,8,,71826,5,,,1,7,,71854,22,,,1,16,,71851,24,,,1,7,,71831,5,,,1,7,,71855,22,,,1,55,,71829,13,,,1,8,,71827,5,,,1,9,,71856,37,,,1,7,,71832,5,,,1,64,,71834,20,,,1,30,,71811,13,,,1,70,,71835,20,,,1,30,,71812,13,,,1,70,,71836,20,,,1,30,,71813,13,,,1,70,,71848,24,,,1,30,,71814,13,,,1,70,,71837,20,,,1,30,,71815,13,,,1,70,,71838,20,,,1,30,,71816,13,,,1,70,,71839,20,,,1,30,,71817,13,,,1,71,,71840,20,,,1,30,,71818,13,,,1,68,,71841,20,,,1,31,,71819,13,,,1,69,,71842,20,,,1,30,,71820,13,,,1,71,,71843,20,,,1,29,,71821,13,,,1,70,,71849,24,,,1,30,,71822,13,,,1,70,,71844,20,,,1,30,,71823,13,,,1,70,,71845,20,,,1,30,,71824,13,,,1,70,,71846,20,,,1,30,,71825,13,,,1,71,,71847,20,,,1
101,'20261031',801,,71885,24,,,1,30,,71857,13,,,1,70,,71886,24,,,1,30,,71858,13,,,1,70,,71887,24,,,1,30,,71859,13,,,1,70,,71873,20,,,1,30,,71860,13,,,1,70,,71888,24,,,1,30,,71861,13,,,1,70,,71874,20,,,1,30,,71862,13,,,1,18,,71890,37,,,1,52,,71875,20,,,1,30,,71863,13,,,1,70,,71876,20,,,1,30,,71864,13,,,1,70,,71877,20,,,1,30,,71865,13,,,1,70,,71878,20,,,1,30,,71866,13,,,1,18,,71891,37,,,1,52,,71879,20,,,1,30,,71867,13,,,1,70,,71880,20,,,1,30,,71868,13,,,1,70,,71889,24,,,1,30,,71869,13,,,1,70,,71881,20,,,1,30,,71870,13,,,1,16,,71892,37,,,1,54,,71882,20,,,1,30,,71871,13,,,1,70,,71883,20,,,1,30,,71872,13,,,1,70,,71893,37,,,1
101,'20261101',801,,71921,24,,,1,30,,71894,13,,,1,70,,71922,24,,,1,30,,71895,13,,,1,70,,71923,24,,,1,30,,71896,13,,,1,70,,71910,20,,,1,30,,71897,13,,,1,70,,71924,24,,,1,30,,71898,13,,,1,70,,71911,20,,,1,30,,71899,13,,,1,18,,71926,37,,,1,52,,71912,20,,,1,30,,71900,13,,,1,70,,71913,20,,,1,30,,71901,13,,,1,70,,71914,20,,,1,30,,71902,13,,,1,70,,71915,20,,,1,30,,71903,13,,,1,18,,71927,37,,,1,52,,71916,20,,,1,30,,71904,13,,,1,70,,71917,20,,,1,30,,71905,13,,,1,70,,71925,24,,,1,30,,71906,13,,,1,70,,71918,20,,,1,30,,71907,13,,,1,16,,71928,37,,,1,54,,71919,20,,,1,30,,71908,13,,,1,70,,71920,20,,,1,30,,71909,13,,,1,70,,71929,37,,,1
101,'20261102',517,,71930,13,,,1,30,,71954,20,,,1,70,,71931,13,,,1,11,,71971,22,,,1,15,,71969,24,,,1,8,,71951,5,,,1,7,,71972,22,,,1,55,,71949,13,,,1,8,,71947,5,,,1,7,,71973,22,,,1,16,,71970,24,,,1,7,,71952,5,,,1,7,,71974,22,,,1,55,,71950,13,,,1,8,,71948,5,,,1,9,,71975,37,,,1,7,,71953,5,,,1,64,,71955,20,,,1,30,,71932,13,,,1,70,,71956,20,,,1,30,,71933,13,,,1,70,,71957,20,,,1,30,,71934,13,,,1,70,,71967,24,,,1,30,,71935,13,,,1,70,,71958,20,,,1,30,,71936,13,,,1,70,,71959,20,,,1,30,,71937,13,,,1,70,,71960,20,,,1,30,,71938,13,,,1,71,,71961,20,,,1,30,,71939,13,,,1,68,,71962,20,,,1,31,,71940,13,,,1,69,,71963,20,,,1,30,,71941,13,,,1,71,,71964,20,,,1,29,,71942,13,,,1,70,,71968,24,,,1,30,,71943,13,,,1,70,,71965,20,,,1,30,,71944,13,,,1,70,,71966,20,,,1,30,,71945,13,,,1,100,,71946,13,,,1
101,'20261103',517,,71976,13,,,1,30,,72000,20,,,1,70,,71977,13,,,1,11,,72017,22,,,1,15,,72015,24,,,1,8,,71997,5,,,1,7,,72018,22,,,1,55,,71995,13,,,1,8,,71993,5,,,1,7,,72019,22,,,1,16,,72016,24,,,1,7,,71998,5,,,1,7,,72020,22,,,1,55,,71996,13,,,1,8,,71994,5,,,1,9,,72021,37,,,1,7,,71999,5,,,1,64,,72001,20,,,1,30,,71978,13,,,1,70,,72002,20,,,1,30,,71979,13,,,1,70,,72003,20,,,1,30,,71980,13,,,1,70,,72013,24,,,1,30,,71981,13,,,1,70,,72004,20,,,1,30,,71982,13,,,1,70,,72005,20,,,1,30,,71983,13,,,1,70,,72006,20,,,1,30,,71984,13,,,1,71,,72007,20,,,1,30,,71985,13,,,1,68,,72008,20,,,1,31,,71986,13,,,1,69,,72009,20,,,1,30,,71987,13,,,1,71,,72010,20,,,1,29,,71988,13,,,1,70,,72014,24,,,1,30,,71989,13,,,1,70,,72011,20,,,1,30,,71990,13,,,1,70,,72012,20,,,1,30,,71991,13,,,1,100,,71992,13,,,1
101,'20261104',517,,72022,13,,,1,30,,72046,20,,,1,70,,72023,13,,,1,11,,72063,22,,,1,15,,72061,24,,,1,8,,72043,5,,,1,7,,72064,22,,,1,55,,72041,13,,,1,8,,72039,5,,,1,7,,72065,22,,,1,16,,72062,24,,,1,7,,72044,5,,,1,7,,72066,22,,,1,55,,72042,13,,,1,8,,72040,5,,,1,9,,72067,37,,,1,7,,72045,5,,,1,64,,72047,20,,,1,30,,72024,13,,,1,70,,72048,20,,,1,30,,72025,13,,,1,70,,72049,20,,,1,30,,72026,13,,,1,70,,72059,24,,,1,30,,72027,13,,,1,70,,72050,20,,,1,30,,72028,13,,,1,70,,72051,20,,,1,30,,72029,13,,,1,70,,72052,20,,,1,30,,72030,13,,,1,71,,72053,20,,,1,30,,72031,13,,,1,68,,72054,20,,,1,31,,72032,13,,,1,69,,72055,20,,,1,30,,72033,13,,,1,71,,72056,20,,,1,29,,72034,13,,,1,70,,72060,24,,,1,30,,72035,13,,,1,70,,72057,20,,,1,30,,72036,13,,,1,70,,72058,20,,,1,30,,72037,13,,,1,100,,72038,13,,,1
101,'20261105',517,,72068,13,,,1,30,,72092,20,,,1,70,,72069,13,,,1,11,,72109,22,,,1,15,,72107,24,,,1,8,,72089,5,,,1,7,,72110,22,,,1,55,,72087,13,,,1,8,,72085,5,,,1,7,,72111,22,,,1,16,,72108,24,,,1,7,,72090,5,,,1,7,,72112,22,,,1,55,,72088,13,,,1,8,,72086,5,,,1,9,,72113,37,,,1,7,,72091,5,,,1,64,,72093,20,,,1,30,,72070,13,,,1,70,,72094,20,,,1,30,,72071,13,,,1,70,,72095,20,,,1,30,,72072,13,,,1,70,,72105,24,,,1,30,,72073,13,,,1,70,,72096,20,,,1,30,,72074,13,,,1,70,,72097,20,,,1,30,,72075,13,,,1,70,,72098,20,,,1,30,,72076,13,,,1,71,,72099,20,,,1,30,,72077,13,,,1,68,,72100,20,,,1,31,,72078,13,,,1,69,,72101,20,,,1,30,,72079,13,,,1,71,,72102,20,,,1,29,,72080,13,,,1,70,,72106,24,,,1,30,,72081,13,,,1,70,,72103,20,,,1,30,,72082,13,,,1,70,,72104,20,,,1,30,,72083,13,,,1,100,,72084,13,,,1
101,'20261106',517,,72114,13,,,1,30,,72138,20,,,1,70,,72115,13,,,1,11,,72157,22,,,1,15,,72155,24,,,1,8,,72135,5,,,1,7,,72158,22,,,1,55,,72133,13,,,1,8,,72131,5,,,1,7,,72159,22,,,1,16,,72156,24,,,1,7,,72136,5,,,1,7,,72160,22,,,1,55,,72134,13,,,1,8,,72132,5,,,1,9,,72161,37,,,1,7,,72137,5,,,1,64,,72139,20,,,1,30,,72116,13,,,1,70,,72140,20,,,1,30,,72117,13,,,1,70,,72141,20,,,1,30,,72118,13,,,1,70,,72153,24,,,1,30,,72119,13,,,1,70,,72142,20,,,1,30,,72120,13,,,1,70,,72143,20,,,1,30,,72121,13,,,1,70,,72144,20,,,1,30,,72122,13,,,1,71,,72145,20,,,1,30,,72123,13,,,1,68,,72146,20,,,1,31,,72124,13,,,1,69,,72147,20,,,1,30,,72125,13,,,1,71,,72148,20,,,1,29,,72126,13,,,1,70,,72154,24,,,1,30,,72127,13,,,1,70,,72149,20,,,1,30,,72128,13,,,1,70,,72150,20,,,1,30,,72129,13,,,1,70,,72151,20,,,1,30,,72130,13,,,1,71,,72152,20,,,1
101,'20261107',801,,72190,24,,,1,30,,72162,13,,,1,70,,72191,24,,,1,30,,72163,13,,,1,70,,72192,24,,,1,30,,72164,13,,,1,70,,72178,20,,,1,30,,72165,13,,,1,70,,72193,24,,,1,30,,72166,13,,,1,70,,72179,20,,,1,30,,72167,13,,,1,18,,72195,37,,,1,52,,72180,20,,,1,30,,72168,13,,,1,70,,72181,20,,,1,30,,72169,13,,,1,70,,72182,20,,,1,30,,72170,13,,,1,70,,72183,20,,,1,30,,72171,13,,,1,18,,72196,37,,,1,52,,72184,20,,,1,30,,72172,13,,,1,70,,72185,20,,,1,30,,72173,13,,,1,70,,72194,24,,,1,30,,72174,13,,,1,70,,72186,20,,,1,30,,72175,13,,,1,16,,72197,37,,,1,54,,72187,20,,,1,30,,72176,13,,,1,70,,72188,20,,,1,30,,72177,13,,,1,70,,72198,37,,,1
101,'20261108',801,,72226,24,,,1,30,,72199,13,,,1,70,,72227,24,,,1,30,,72200,13,,,1,70,,72228,24,,,1,30,,72201,13,,,1,70,,72215,20,,,1,30,,72202,13,,,1,70,,72229,24,,,1,30,,72203,13,,,1,70,,72216,20,,,1,30,,72204,13,,,1,18,,72231,37,,,1,52,,72217,20,,,1,30,,72205,13,,,1,70,,72218,20,,,1,30,,72206,13,,,1,70,,72219,20,,,1,30,,72207,13,,,1,70,,72220,20,,,1,30,,72208,13,,,1,18,,72232,37,,,1,52,,72221,20,,,1,30,,72209,13,,,1,70,,72222,20,,,1,30,,72210,13,,,1,70,,72230,24,,,1,30,,72211,13,,,1,70,,72223,20,,,1,30,,72212,13,,,1,16,,72233,37,,,1,54,,72224,20,,,1,30,,72213,13,,,1,70,,72225,20,,,1,30,,72214,13,,,1,70,,72234,37,,,1
101,'20261109',517,,72235,13,,,1,30,,72259,20,,,1,70,,72236,13,,,1,11,,72276,22,,,1,15,,72274,24,,,1,8,,72256,5,,,1,7,,72277,22,,,1,55,,72254,13,,,1,8,,72252,5,,,1,7,,72278,22,,,1,16,,72275,24,,,1,7,,72257,5,,,1,7,,72279,22,,,1,55,,72255,13,,,1,8,,72253,5,,,1,9,,72280,37,,,1,7,,72258,5,,,1,64,,72260,20,,,1,30,,72237,13,,,1,70,,72261,20,,,1,30,,72238,13,,,1,70,,72262,20,,,1,30,,72239,13,,,1,70,,72272,24,,,1,30,,72240,13,,,1,70,,72263,20,,,1,30,,72241,13,,,1,70,,72264,20,,,1,30,,72242,13,,,1,70,,72265,20,,,1,30,,72243,13,,,1,71,,72266,20,,,1,30,,72244,13,,,1,68,,72267,20,,,1,31,,72245,13,,,1,69,,72268,20,,,1,30,,72246,13,,,1,71,,72269,20,,,1,29,,72247,13,,,1,70,,72273,24,,,1,30,,72248,13,,,1,70,,72270,20,,,1,30,,72249,13,,,1,70,,72271,20,,,1,30,,72250,13,,,1,100,,72251,13,,,1
101,'20261110',517,,72281,13,,,1,30,,72305,20,,,1,70,,72282,13,,,1,11,,72322,22,,,1,15,,72320,24,,,1,8,,72302,5,,,1,7,,72323,22,,,1,55,,72300,13,,,1,8,,72298,5,,,1,7,,72324,22,,,1,16,,72321,24,,,1,7,,72303,5,,,1,7,,72325,22,,,1,55,,72301,13,,,1,8,,72299,5,,,1,9,,72326,37,,,1,7,,72304,5,,,1,64,,72306,20,,,1,30,,72283,13,,,1,70,,72307,20,,,1,30,,72284,13,,,1,70,,72308,20,,,1,30,,72285,13,,,1,70,,72318,24,,,1,30,,72286,13,,,1,70,,72309,20,,,1,30,,72287,13,,,1,70,,72310,20,,,1,30,,72288,13,,,1,70,,72311,20,,,1,30,,72289,13,,,1,71,,72312,20,,,1,30,,72290,13,,,1,68,,72313,20,,,1,31,,72291,13,,,1,69,,72314,20,,,1,30,,72292,13,,,1,71,,72315,20,,,1,29,,72293,13,,,1,70,,72319,24,,,1,30,,72294,13,,,1,70,,72316,20,,,1,30,,72295,13,,,1,70,,72317,20,,,1,30,,72296,13,,,1,100,,72297,13,,,1
101,'20261111',517,,72327,13,,,1,30,,72351,20,,,1,70,,72328,13,,,1,11,,72368,22,,,1,15,,72366,24,,,1,8,,72348,5,,,1,7,,72369,22,,,1,55,,72346,13,,,1,8,,72344,5,,,1,7,,72370,22,,,1,16,,72367,24,,,1,7,,72349,5,,,1,7,,72371,22,,,1,55,,72347,13,,,1,8,,72345,5,,,1,9,,72372,37,,,1,7,,72350,5,,,1,64,,72352,20,,,1,30,,72329,13,,,1,70,,72353,20,,,1,30,,72330,13,,,1,70,,72354,20,,,1,30,,72331,13,,,1,70,,72364,24,,,1,30,,72332,13,,,1,70,,72355,20,,,1,30,,72333,13,,,1,70,,72356,20,,,1,30,,72334,13,,,1,70,,72357,20,,,1,30,,72335,13,,,1,71,,72358,20,,,1,30,,72336,13,,,1,68,,72359,20,,,1,31,,72337,13,,,1,69,,72360,20,,,1,30,,72338,13,,,1,71,,72361,20,,,1,29,,72339,13,,,1,70,,72365,24,,,1,30,,72340,13,,,1,70,,72362,20,,,1,30,,72341,13,,,1,70,,72363,20,,,1,30,,72342,13,,,1,100,,72343,13,,,1
101,'20261112',517,,72373,13,,,1,30,,72397,20,,,1,70,,72374,13,,,1,11,,72414,22,,,1,15,,72412,24,,,1,8,,72394,5,,,1,7,,72415,22,,,1,55,,72392,13,,,1,8,,72390,5,,,1,7,,72416,22,,,1,16,,72413,24,,,1,7,,72395,5,,,1,7,,72417,22,,,1,55,,72393,13,,,1,8,,72391,5,,,1,9,,72418,37,,,1,7,,72396,5,,,1,64,,72398,20,,,1,30,,72375,13,,,1,70,,72399,20,,,1,30,,72376,13,,,1,70,,72400,20,,,1,30,,72377,13,,,1,70,,72410,24,,,1,30,,72378,13,,,1,70,,72401,20,,,1,30,,72379,13,,,1,70,,72402,20,,,1,30,,72380,13,,,1,70,,72403,20,,,1,30,,72381,13,,,1,71,,72404,20,,,1,30,,72382,13,,,1,68,,72405,20,,,1,31,,72383,13,,,1,69,,72406,20,,,1,30,,72384,13,,,1,71,,72407,20,,,1,29,,72385,13,,,1,70,,72411,24,,,1,30,,72386,13,,,1,70,,72408,20,,,1,30,,72387,13,,,1,70,,72409,20,,,1,30,,72388,13,,,1,100,,72389,13,,,1
101,'20261113',517,,72419,13,,,1,30,,72443,20,,,1,70,,72420,13,,,1,11,,72462,22,,,1,15,,72460,24,,,1,8,,72440,5,,,1,7,,72463,22,,,1,55,,72438,13,,,1,8,,72436,5,,,1,7,,72464,22,,,1,16,,72461,24,,,1,7,,72441,5,,,1,7,,72465,22,,,1,55,,72439,13,,,1,8,,72437,5,,,1,9,,72466,37,,,1,7,,72442,5,,,1,64,,72444,20,,,1,30,,72421,13,,,1,70,,72445,20,,,1,30,,72422,13,,,1,70,,72446,20,,,1,30,,72423,13,,,1,70,,72458,24,,,1,30,,72424,13,,,1,70,,72447,20,,,1,30,,72425,13,,,1,70,,72448,20,,,1,30,,72426,13,,,1,70,,72449,20,,,1,30,,72427,13,,,1,71,,72450,20,,,1,30,,72428,13,,,1,68,,72451,20,,,1,31,,72429,13,,,1,69,,72452,20,,,1,30,,72430,13,,,1,71,,72453,20,,,1,29,,72431,13,,,1,70,,72459,24,,,1,30,,72432,13,,,1,70,,72454,20,,,1,30,,72433,13,,,1,70,,72455,20,,,1,30,,72434,13,,,1,70,,72456,20,,,1,30,,72435,13,,,1,71,,72457,20,,,1
101,'20261114',801,,72495,24,,,1,30,,72467,13,,,1,70,,72496,24,,,1,30,,72468,13,,,1,70,,72497,24,,,1,30,,72469,13,,,1,70,,72483,20,,,1,30,,72470,13,,,1,70,,72498,24,,,1,30,,72471,13,,,1,70,,72484,20,,,1,30,,72472,13,,,1,18,,72500,37,,,1,52,,72485,20,,,1,30,,72473,13,,,1,70,,72486,20,,,1,30,,72474,13,,,1,70,,72487,20,,,1,30,,72475,13,,,1,70,,72488,20,,,1,30,,72476,13,,,1,18,,72501,37,,,1,52,,72489,20,,,1,30,,72477,13,,,1,70,,72490,20,,,1,30,,72478,13,,,1,70,,72499,24,,,1,30,,72479,13,,,1,70,,72491,20,,,1,30,,72480,13,,,1,16,,72502,37,,,1,54,,72492,20,,,1,30,,72481,13,,,1,70,,72493,20,,,1,30,,72482,13,,,1,70,,72503,37,,,1
101,'20261115',801,,72531,24,,,1,30,,72504,13,,,1,70,,72532,24,,,1,30,,72505,13,,,1,70,,72533,24,,,1,30,,72506,13,,,1,70,,72520,20,,,1,30,,72507,13,,,1,70,,72534,24,,,1,30,,72508,13,,,1,70,,72521,20,,,1,30,,72509,13,,,1,18,,72536,37,,,1,52,,72522,20,,,1,30,,72510,13,,,1,70,,72523,20,,,1,30,,72511,13,,,1,70,,72524,20,,,1,30,,72512,13,,,1,70,,72525,20,,,1,30,,72513,13,,,1,18,,72537,37,,,1,52,,72526,20,,,1,30,,72514,13,,,1,70,,72527,20,,,1,30,,72515,13,,,1,70,,72535,24,,,1,30,,72516,13,,,1,70,,72528,20,,,1,30,,72517,13,,,1,16,,72538,37,,,1,54,,72529,20,,,1,30,,72518,13,,,1,70,,72530,20,,,1,30,,72519,13,,,1,70,,72539,37,,,1
101,'20261116',517,,72540,13,,,1,30,,72564,20,,,1,70,,72541,13,,,1,11,,72581,22,,,1,15,,72579,24,,,1,8,,72561,5,,,1,7,,72582,22,,,1,55,,72559,13,,,1,8,,72557,5,,,1,7,,72583,22,,,1,16,,72580,24,,,1,7,,72562,5,,,1,7,,72584,22,,,1,55,,72560,13,,,1,8,,72558,5,,,1,9,,72585,37,,,1,7,,72563,5,,,1,64,,72565,20,,,1,30,,72542,13,,,1,70,,72566,20,,,1,30,,72543,13,,,1,70,,72567,20,,,1,30,,72544,13,,,1,70,,72577,24,,,1,30,,72545,13,,,1,70,,72568,20,,,1,30,,72546,13,,,1,70,,72569,20,,,1,30,,72547,13,,,1,70,,72570,20,,,1,30,,72548,13,,,1,71,,72571,20,,,1,30,,72549,13,,,1,68,,72572,20,,,1,31,,72550,13,,,1,69,,72573,20,,,1,30,,72551,13,,,1,71,,72574,20,,,1,29,,72552,13,,,1,70,,72578,24,,,1,30,,72553,13,,,1,70,,72575,20,,,1,30,,72554,13,,,1,70,,72576,20,,,1,30,,72555,13,,,1,100,,72556,13,,,1
101,'20261117',517,,72586,13,,,1,30,,72610,20,,,1,70,,72587,13,,,1,11,,72627,22,,,1,15,,72625,24,,,1,8,,72607,5,,,1,7,,72628,22,,,1,55,,72605,13,,,1,8,,72603,5,,,1,7,,72629,22,,,1,16,,72626,24,,,1,7,,72608,5,,,1,7,,72630,22,,,1,55,,72606,13,,,1,8,,72604,5,,,1,9,,72631,37,,,1,7,,72609,5,,,1,64,,72611,20,,,1,30,,72588,13,,,1,70,,72612,20,,,1,30,,72589,13,,,1,70,,72613,20,,,1,30,,72590,13,,,1,70,,72623,24,,,1,30,,72591,13,,,1,70,,72614,20,,,1,30,,72592,13,,,1,70,,72615,20,,,1,30,,72593,13,,,1,70,,72616,20,,,1,30,,72594,13,,,1,71,,72617,20,,,1,30,,72595,13,,,1,68,,72618,20,,,1,31,,72596,13,,,1,69,,72619,20,,,1,30,,72597,13,,,1,71,,72620,20,,,1,29,,72598,13,,,1,70,,72624,24,,,1,30,,72599,13,,,1,70,,72621,20,,,1,30,,72600,13,,,1,70,,72622,20,,,1,30,,72601,13,,,1,100,,72602,13,,,1
101,'20261118',517,,72632,13,,,1,30,,72656,20,,,1,70,,72633,13,,,1,11,,72673,22,,,1,15,,72671,24,,,1,8,,72653,5,,,1,7,,72674,22,,,1,55,,72651,13,,,1,8,,72649,5,,,1,7,,72675,22,,,1,16,,72672,24,,,1,7,,72654,5,,,1,7,,72676,22,,,1,55,,72652,13,,,1,8,,72650,5,,,1,9,,72677,37,,,1,7,,72655,5,,,1,64,,72657,20,,,1,30,,72634,13,,,1,70,,72658,20,,,1,30,,72635,13,,,1,70,,72659,20,,,1,30,,72636,13,,,1,70,,72669,24,,,1,30,,72637,13,,,1,70,,72660,20,,,1,30,,72638,13,,,1,70,,72661,20,,,1,30,,72639,13,,,1,70,,72662,20,,,1,30,,72640,13,,,1,71,,72663,20,,,1,30,,72641,13,,,1,68,,72664,20,,,1,31,,72642,13,,,1,69,,72665,20,,,1,30,,72643,13,,,1,71,,72666,20,,,1,29,,72644,13,,,1,70,,72670,24,,,1,30,,72645,13,,,1,70,,72667,20,,,1,30,,72646,13,,,1,70,,72668,20,,,1,30,,72647,13,,,1,100,,72648,13,,,1
101,'20261119',517,,72678,13,,,1,30,,72702,20,,,1,70,,72679,13,,,1,11,,72719,22,,,1,15,,72717,24,,,1,8,,72699,5,,,1,7,,72720,22,,,1,55,,72697,13,,,1,8,,72695,5,,,1,7,,72721,22,,,1,16,,72718,24,,,1,7,,72700,5,,,1,7,,72722,22,,,1,55,,72698,13,,,1,8,,72696,5,,,1,9,,72723,37,,,1,7,,72701,5,,,1,64,,72703,20,,,1,30,,72680,13,,,1,70,,72704,20,,,1,30,,72681,13,,,1,70,,72705,20,,,1,30,,72682,13,,,1,70,,72715,24,,,1,30,,72683,13,,,1,70,,72706,20,,,1,30,,72684,13,,,1,70,,72707,20,,,1,30,,72685,13,,,1,70,,72708,20,,,1,30,,72686,13,,,1,71,,72709,20,,,1,30,,72687,13,,,1,68,,72710,20,,,1,31,,72688,13,,,1,69,,72711,20,,,1,30,,72689,13,,,1,71,,72712,20,,,1,29,,72690,13,,,1,70,,72716,24,,,1,30,,72691,13,,,1,70,,72713,20,,,1,30,,72692,13,,,1,70,,72714,20,,,1,30,,72693,13,,,1,100,,72694,13,,,1
101,'20261120',517,,72724,13,,,1,30,,72748,20,,,1,70,,72725,13,,,1,11,,72767,22,,,1,15,,72765,24,,,1,8,,72745,5,,,1,7,,72768,22,,,1,55,,72743,13,,,1,8,,72741,5,,,1,7,,72769,22,,,1,16,,72766,24,,,1,7,,72746,5,,,1,7,,72770,22,,,1,55,,72744,13,,,1,8,,72742,5,,,1,9,,72771,37,,,1,7,,72747,5,,,1,64,,72749,20,,,1,30,,72726,13,,,1,70,,72750,20,,,1,30,,72727,13,,,1,70,,72751,20,,,1,30,,72728,13,,,1,70,,72763,24,,,1,30,,72729,13,,,1,70,,72752,20,,,1,30,,72730,13,,,1,70,,72753,20,,,1,30,,72731,13,,,1,70,,72754,20,,,1,30,,72732,13,,,1,71,,72755,20,,,1,30,,72733,13,,,1,68,,72756,20,,,1,31,,72734,13,,,1,69,,72757,20,,,1,30,,72735,13,,,1,71,,72758,20,,,1,29,,72736,13,,,1,70,,72764,24,,,1,30,,72737,13,,,1,70,,72759,20,,,1,30,,72738,13,,,1,70,,72760,20,,,1,30,,72739,13,,,1,70,,72761,20,,,1,30,,72740,13,,,1,71,,72762,20,,,1
101,'20261121',801,,72800,24,,,1,30,,72772,13,,,1,70,,72801,24,,,1,30,,72773,13,,,1,70,,72802,24,,,1,30,,72774,13,,,1,70,,72788,20,,,1,30,,72775,13,,,1,70,,72803,24,,,1,30,,72776,13,,,1,70,,72789,20,,,1,30,,72777,13,,,1,18,,72805,37,,,1,52,,72790,20,,,1,30,,72778,13,,,1,70,,72791,20,,,1,30,,72779,13,,,1,70,,72792,20,,,1,30,,72780,13,,,1,70,,72793,20,,,1,30,,72781,13,,,1,18,,72806,37,,,1,52,,72794,20,,,1,30,,72782,13,,,1,70,,72795,20,,,1,30,,72783,13,,,1,70,,72804,24,,,1,30,,72784,13,,,1,70,,72796,20,,,1,30,,72785,13,,,1,16,,72807,37,,,1,54,,72797,20,,,1,30,,72786,13,,,1,70,,72798,20,,,1,30,,72787,13,,,1,70,,72808,37,,,1
101,'20261122',801,,72836,24,,,1,30,,72809,13,,,1,70,,72837,24,,,1,30,,72810,13,,,1,70,,72838,24,,,1,30,,72811,13,,,1,70,,72825,20,,,1,30,,72812,13,,,1,70,,72839,24,,,1,30,,72813,13,,,1,70,,72826,20,,,1,30,,72814,13,,,1,18,,72841,37,,,1,52,,72827,20,,,1,30,,72815,13,,,1,70,,72828,20,,,1,30,,72816,13,,,1,70,,72829,20,,,1,30,,72817,13,,,1,70,,72830,20,,,1,30,,72818,13,,,1,18,,72842,37,,,1,52,,72831,20,,,1,30,,72819,13,,,1,70,,72832,20,,,1,30,,72820,13,,,1,70,,72840,24,,,1,30,,72821,13,,,1,70,,72833,20,,,1,30,,72822,13,,,1,16,,72843,37,,,1,54,,72834,20,,,1,30,,72823,13,,,1,70,,72835,20,,,1,30,,72824,13,,,1,70,,72844,37,,,1
101,'20261123',517,,72845,13,,,1,30,,72869,20,,,1,70,,72846,13,,,1,11,,72886,22,,,1,15,,72884,24,,,1,8,,72866,5,,,1,7,,72887,22,,,1,55,,72864,13,,,1,8,,72862,5,,,1,7,,72888,22,,,1,16,,72885,24,,,1,7,,72867,5,,,1,7,,72889,22,,,1,55,,72865,13,,,1,8,,72863,5,,,1,9,,72890,37,,,1,7,,72868,5,,,1,64,,72870,20,,,1,30,,72847,13,,,1,70,,72871,20,,,1,30,,72848,13,,,1,70,,72872,20,,,1,30,,72849,13,,,1,70,,72882,24,,,1,30,,72850,13,,,1,70,,72873,20,,,1,30,,72851,13,,,1,70,,72874,20,,,1,30,,72852,13,,,1,70,,72875,20,,,1,30,,72853,13,,,1,71,,72876,20,,,1,30,,72854,13,,,1,68,,72877,20,,,1,31,,72855,13,,,1,69,,72878,20,,,1,30,,72856,13,,,1,71,,72879,20,,,1,29,,72857,13,,,1,70,,72883,24,,,1,30,,72858,13,,,1,70,,72880,20,,,1,30,,72859,13,,,1,70,,72881,20,,,1,30,,72860,13,,,1,100,,72861,13,,,1
101,'20261124',517,,72891,13,,,1,30,,72915,20,,,1,70,,72892,13,,,1,11,,72932,22,,,1,15,,72930,24,,,1,8,,72912,5,,,1,7,,72933,22,,,1,55,,72910,13,,,1,8,,72908,5,,,1,7,,72934,22,,,1,16,,72931,24,,,1,7,,72913,5,,,1,7,,72935,22,,,1,55,,72911,13,,,1,8,,72909,5,,,1,9,,72936,37,,,1,7,,72914,5,,,1,64,,72916,20,,,1,30,,72893,13,,,1,70,,72917,20,,,1,30,,72894,13,,,1,70,,72918,20,,,1,30,,72895,13,,,1,70,,72928,24,,,1,30,,72896,13,,,1,70,,72919,20,,,1,30,,72897,13,,,1,70,,72920,20,,,1,30,,72898,13,,,1,70,,72921,20,,,1,30,,72899,13,,,1,71,,72922,20,,,1,30,,72900,13,,,1,68,,72923,20,,,1,31,,72901,13,,,1,69,,72924,20,,,1,30,,72902,13,,,1,71,,72925,20,,,1,29,,72903,13,,,1,70,,72929,24,,,1,30,,72904,13,,,1,70,,72926,20,,,1,30,,72905,13,,,1,70,,72927,20,,,1,30,,72906,13,,,1,100,,72907,13,,,1
101,'20261125',517,,72937,13,,,1,30,,72961,20,,,1,70,,72938,13,,,1,11,,72978,22,,,1,15,,72976,24,,,1,8,,72958,5,,,1,7,,72979,22,,,1,55,,72956,13,,,1,8,,72954,5,,,1,7,,72980,22,,,1,16,,72977,24,,,1,7,,72959,5,,,1,7,,72981,22,,,1,55,,72957,13,,,1,8,,72955,5,,,1,9,,72982,37,,,1,7,,72960,5,,,1,64,,72962,20,,,1,30,,72939,13,,,1,70,,72963,20,,,1,30,,72940,13,,,1,70,,72964,20,,,1,30,,72941,13,,,1,70,,72974,24,,,1,30,,72942,13,,,1,70,,72965,20,,,1,30,,72943,13,,,1,70,,72966,20,,,1,30,,72944,13,,,1,70,,72967,20,,,1,30,,72945,13,,,1,71,,72968,20,,,1,30,,72946,13,,,1,68,,72969,20,,,1,31,,72947,13,,,1,69,,72970,20,,,1,30,,72948,13,,,1,71,,72971,20,,,1,29,,72949,13,,,1,70,,72975,24,,,1,30,,72950,13,,,1,70,,72972,20,,,1,30,,72951,13,,,1,70,,72973,20,,,1,30,,72952,13,,,1,100,,72953,13,,,1
101,'20261126',517,,72983,13,,,1,30,,73007,20,,,1,70,,72984,13,,,1,11,,73024,22,,,1,15,,73022,24,,,1,8,,73004,5,,,1,7,,73025,22,,,1,55,,73002,13,,,1,8,,73000,5,,,1,7,,73026,22,,,1,16,,73023,24,,,1,7,,73005,5,,,1,7,,73027,22,,,1,55,,73003,13,,,1,8,,73001,5,,,1,9,,73028,37,,,1,7,,73006,5,,,1,64,,73008,20,,,1,30,,72985,13,,,1,70,,73009,20,,,1,30,,72986,13,,,1,70,,73010,20,,,1,30,,72987,13,,,1,70,,73020,24,,,1,30,,72988,13,,,1,70,,73011,20,,,1,30,,72989,13,,,1,70,,73012,20,,,1,30,,72990,13,,,1,70,,73013,20,,,1,30,,72991,13,,,1,71,,73014,20,,,1,30,,72992,13,,,1,68,,73015,20,,,1,31,,72993,13,,,1,69,,73016,20,,,1,30,,72994,13,,,1,71,,73017,20,,,1,29,,72995,13,,,1,70,,73021,24,,,1,30,,72996,13,,,1,70,,73018,20,,,1,30,,72997,13,,,1,70,,73019,20,,,1,30,,72998,13,,,1,100,,72999,13,,,1
101,'20261127',517,,73029,13,,,1,30,,73053,20,,,1,70,,73030,13,,,1,11,,73072,22,,,1,15,,73070,24,,,1,8,,73050,5,,,1,7,,73073,22,,,1,55,,73048,13,,,1,8,,73046,5,,,1,7,,73074,22,,,1,16,,73071,24,,,1,7,,73051,5,,,1,7,,73075,22,,,1,55,,73049,13,,,1,8,,73047,5,,,1,9,,73076,37,,,1,7,,73052,5,,,1,64,,73054,20,,,1,30,,73031,13,,,1,70,,73055,20,,,1,30,,73032,13,,,1,70,,73056,20,,,1,30,,73033,13,,,1,70,,73068,24,,,1,30,,73034,13,,,1,70,,73057,20,,,1,30,,73035,13,,,1,70,,73058,20,,,1,30,,73036,13,,,1,70,,73059,20,,,1,30,,73037,13,,,1,71,,73060,20,,,1,30,,73038,13,,,1,68,,73061,20,,,1,31,,73039,13,,,1,69,,73062,20,,,1,30,,73040,13,,,1,71,,73063,20,,,1,29,,73041,13,,,1,70,,73069,24,,,1,30,,73042,13,,,1,70,,73064,20,,,1,30,,73043,13,,,1,70,,73065,20,,,1,30,,73044,13,,,1,70,,73066,20,,,1,30,,73045,13,,,1,71,,73067,20,,,1
