900,'20260831',653,,65349,21,,,1,70,,65353,21,,,1,77,,65350,21,,,1,27,,65354,21,,,1,30,,65351,21,,,1,70,,65355,21,,,1,30,,65352,21,,,1,81,,59319,21,,,1,70,,59299,21,,,1,30,,59320,21,,,1,70,,59300,21,,,1,30,,59321,21,,,1,70,,59301,21,,,1,30,,59322,21,,,1,70,,59302,21,,,1,30,,59323,21,,,1,70,,59303,21,,,1,30,,59324,21,,,1,71,,59304,21,,,1,30,,59325,21,,,1,13,,59297,21,,,1,50,,65356,21,0,6,1,10,,59305,21,,,1,10,,59317,21,,,1,10,,65358,21,0,6,1,10,,59326,21,,,1,10,,59298,21,,,1,50,,65357,21,0,6,1,10,,59306,21,,,1,12,,59318,21,,,1,15,,59327,21,,,1,70,,59307,21,,,1,30,,59328,21,,,1,70,,59308,21,,,1,29,,59329,21,,,1,70,,59309,21,,,1,30,,59330,21,,,1,70,,59310,21,,,1,30,,59331,21,,,1,70,,59311,21,,,1,30,,59332,21,,,1,72,,59312,21,,,1,13,,65624,21,0,6,1,15,,59333,21,,,1,70,,59313,21,,,1
900,'20260901',653,,59337,21,,,1,70,,59358,21,,,1,77,,59338,21,,,1,27,,59359,21,,,1,30,,59339,21,,,1,70,,59360,21,,,1,30,,59340,21,,,1,81,,59363,21,,,1,70,,59343,21,,,1,30,,59364,21,,,1,70,,59344,21,,,1,30,,59365,21,,,1,70,,59345,21,,,1,30,,59366,21,,,1,70,,59346,21,,,1,30,,59367,21,,,1,70,,59347,21,,,1,30,,59368,21,,,1,71,,59348,21,,,1,30,,59369,21,,,1,13,,59341,21,,,1,50,,59378,21,0,6,1,10,,59349,21,,,1,10,,59361,21,,,1,10,,59380,21,0,6,1,10,,59370,21,,,1,10,,59342,21,,,1,50,,59379,21,0,6,1,10,,59350,21,,,1,12,,59362,21,,,1,15,,59371,21,,,1,70,,59351,21,,,1,30,,59372,21,,,1,70,,59352,21,,,1,29,,59373,21,,,1,70,,59353,21,,,1,30,,59374,21,,,1,70,,59354,21,,,1,30,,59375,21,,,1,70,,59355,21,,,1,30,,59376,21,,,1,72,,59356,21,,,1,13,,65625,21,0,6,1,15,,59377,21,,,1,70,,59357,21,,,1
900,'20260902',653,,59381,21,,,1,70,,59402,21,,,1,77,,59382,21,,,1,27,,59403,21,,,1,30,,59383,21,,,1,70,,59404,21,,,1,30,,59384,21,,,1,81,,59407,21,,,1,70,,59387,21,,,1,30,,59408,21,,,1,70,,59388,21,,,1,30,,59409,21,,,1,70,,59389,21,,,1,30,,59410,21,,,1,70,,59390,21,,,1,30,,59411,21,,,1,70,,59391,21,,,1,30,,59412,21,,,1,71,,59392,21,,,1,30,,59413,21,,,1,13,,59385,21,,,1,50,,59422,21,0,6,1,10,,59393,21,,,1,10,,59405,21,,,1,10,,59424,21,0,6,1,10,,59414,21,,,1,10,,59386,21,,,1,50,,59423,21,0,6,1,10,,59394,21,,,1,12,,59406,21,,,1,15,,59415,21,,,1,70,,59395,21,,,1,30,,59416,21,,,1,70,,59396,21,,,1,29,,59417,21,,,1,70,,59397,21,,,1,30,,59418,21,,,1,70,,59398,21,,,1,30,,59419,21,,,1,70,,59399,21,,,1,30,,59420,21,,,1,72,,59400,21,,,1,13,,65626,21,0,6,1,15,,59421,21,,,1,70,,59401,21,,,1
900,'20260903',653,,59425,21,,,1,70,,59446,21,,,1,77,,59426,21,,,1,27,,59447,21,,,1,30,,59427,21,,,1,70,,59448,21,,,1,30,,59428,21,,,1,81,,59451,21,,,1,70,,59431,21,,,1,30,,59452,21,,,1,70,,59432,21,,,1,30,,59453,21,,,1,70,,59433,21,,,1,30,,59454,21,,,1,70,,59434,21,,,1,30,,59455,21,,,1,70,,59435,21,,,1,30,,59456,21,,,1,71,,59436,21,,,1,30,,59457,21,,,1,13,,59429,21,,,1,50,,59466,21,0,6,1,10,,59437,21,,,1,10,,59449,21,,,1,10,,59468,21,0,6,1,10,,59458,21,,,1,10,,59430,21,,,1,50,,59467,21,0,6,1,10,,59438,21,,,1,12,,59450,21,,,1,15,,59459,21,,,1,70,,59439,21,,,1,30,,59460,21,,,1,70,,59440,21,,,1,29,,59461,21,,,1,70,,59441,21,,,1,30,,59462,21,,,1,70,,59442,21,,,1,30,,59463,21,,,1,70,,59443,21,,,1,30,,59464,21,,,1,72,,59444,21,,,1,13,,65627,21,0,6,1,15,,59465,21,,,1,70,,59445,21,,,1
900,'20260904',653,,59469,21,,,1,70,,59490,21,,,1,77,,59470,21,,,1,27,,59491,21,,,1,30,,59471,21,,,1,70,,59492,21,,,1,30,,59472,21,,,1,81,,59495,21,,,1,70,,59475,21,,,1,30,,59496,21,,,1,70,,59476,21,,,1,30,,59497,21,,,1,70,,59477,21,,,1,30,,59498,21,,,1,70,,59478,21,,,1,30,,59499,21,,,1,70,,59479,21,,,1,30,,59500,21,,,1,71,,59480,21,,,1,30,,59501,21,,,1,13,,59473,21,,,1,50,,59511,21,0,6,1,10,,59481,21,,,1,10,,59493,21,,,1,10,,59513,21,0,6,1,10,,59502,21,,,1,10,,59474,21,,,1,50,,59512,21,0,6,1,10,,59482,21,,,1,12,,59494,21,,,1,15,,59503,21,,,1,70,,59483,21,,,1,30,,59504,21,,,1,70,,59484,21,,,1,29,,59505,21,,,1,70,,59485,21,,,1,30,,59506,21,,,1,70,,59486,21,,,1,30,,59507,21,,,1,70,,59487,21,,,1,15,,65628,21,0,6,1,15,,59508,21,,,1,72,,59488,21,,,1,28,,59509,21,,,1,70,,59489,21,,,1,30,,59510,21,,,1
900,'20260905',938,,85166,21,,,1,70,,85142,21,,,1,30,,85167,21,,,1,70,,85143,21,,,1,30,,85168,21,,,1,70,,85144,21,,,1,30,,85169,21,,,1,70,,85145,21,,,1,30,,85170,21,,,1,70,,85146,21,,,1,30,,85171,21,,,1,70,,85147,21,,,1,30,,85172,21,,,1,70,,85148,21,,,1,15,,85158,21,,,1,15,,85173,21,,,1,15,,85134,21,,,1,55,,85149,21,,,1,15,,85159,21,,,1,15,,85174,21,,,1,15,,85135,21,,,1,55,,85150,21,,,1,15,,85160,21,,,1,15,,85175,21,,,1,15,,85136,21,,,1,55,,85151,21,,,1,15,,85161,21,,,1,15,,85176,21,,,1,15,,85137,21,,,1,55,,85152,21,,,1,15,,85162,21,,,1,15,,85177,21,,,1,15,,85138,21,,,1,55,,85153,21,,,1,15,,85163,21,,,1,15,,85178,21,,,1,15,,85139,21,,,1,55,,85154,21,,,1,15,,85164,21,,,1,15,,85179,21,,,1,15,,85140,21,,,1,55,,85155,21,,,1,15,,85165,21,,,1,15,,85180,21,,,1,15,,85141,21,,,1,58,,85156,21,,,1,15,,85183,21,0,6,1,15,,85181,21,,,1,70,,85157,21,,,1,30,,85182,21,,,1
900,'20260906',938,,85216,21,,,1,70,,85192,21,,,1,30,,85217,21,,,1,70,,85193,21,,,1,30,,85218,21,,,1,70,,85194,21,,,1,30,,85219,21,,,1,70,,85195,21,,,1,30,,85220,21,,,1,70,,85196,21,,,1,30,,85221,21,,,1,70,,85197,21,,,1,30,,85222,21,,,1,70,,85198,21,,,1,15,,85208,21,,,1,15,,85223,21,,,1,15,,85184,21,,,1,55,,85199,21,,,1,15,,85209,21,,,1,15,,85224,21,,,1,15,,85185,21,,,1,55,,85200,21,,,1,15,,85210,21,,,1,15,,85225,21,,,1,15,,85186,21,,,1,55,,85201,21,,,1,15,,85211,21,,,1,15,,85226,21,,,1,15,,85187,21,,,1,55,,85202,21,,,1,15,,85212,21,,,1,15,,85227,21,,,1,15,,85188,21,,,1,55,,85203,21,,,1,15,,85213,21,,,1,15,,85228,21,,,1,15,,85189,21,,,1,55,,85204,21,,,1,15,,85214,21,,,1,15,,85229,21,,,1,15,,85190,21,,,1,55,,85205,21,,,1,15,,85215,21,,,1,15,,85230,21,,,1,15,,85191,21,,,1,58,,85206,21,,,1,15,,85233,21,0,6,1,15,,85231,21,,,1,70,,85207,21,,,1,30,,85232,21,,,1
900,'20260907',938,,85266,21,,,1,70,,85242,21,,,1,30,,85267,21,,,1,70,,85243,21,,,1,30,,85268,21,,,1,70,,85244,21,,,1,30,,85269,21,,,1,70,,85245,21,,,1,30,,85270,21,,,1,70,,85246,21,,,1,30,,85271,21,,,1,70,,85247,21,,,1,30,,85272,21,,,1,70,,85248,21,,,1,15,,85258,21,,,1,15,,85273,21,,,1,15,,85234,21,,,1,55,,85249,21,,,1,15,,85259,21,,,1,15,,85274,21,,,1,15,,85235,21,,,1,55,,85250,21,,,1,15,,85260,21,,,1,15,,85275,21,,,1,15,,85236,21,,,1,55,,85251,21,,,1,15,,85261,21,,,1,15,,85276,21,,,1,15,,85237,21,,,1,55,,85252,21,,,1,15,,85262,21,,,1,15,,85277,21,,,1,15,,85238,21,,,1,55,,85253,21,,,1,15,,85263,21,,,1,15,,85278,21,,,1,15,,85239,21,,,1,55,,85254,21,,,1,15,,85264,21,,,1,15,,85279,21,,,1,15,,85240,21,,,1,55,,85255,21,,,1,15,,85265,21,,,1,15,,85280,21,,,1,15,,85241,21,,,1,58,,85256,21,,,1,15,,85283,21,0,6,1,15,,85281,21,,,1,70,,85257,21,,,1,30,,85282,21,,,1
900,'20260908',653,,85284,21,,,1,70,,85305,21,,,1,77,,85285,21,,,1,27,,85306,21,,,1,30,,85286,21,,,1,70,,85307,21,,,1,30,,85287,21,,,1,81,,85310,21,,,1,70,,85290,21,,,1,30,,85311,21,,,1,70,,85291,21,,,1,30,,85312,21,,,1,70,,85292,21,,,1,30,,85313,21,,,1,70,,85293,21,,,1,30,,85314,21,,,1,70,,85294,21,,,1,30,,85315,21,,,1,71,,85295,21,,,1,30,,85316,21,,,1,13,,85288,21,,,1,50,,85325,21,0,6,1,10,,85296,21,,,1,10,,85308,21,,,1,10,,85327,21,0,6,1,10,,85317,21,,,1,10,,85289,21,,,1,50,,85326,21,0,6,1,10,,85297,21,,,1,12,,85309,21,,,1,15,,85318,21,,,1,70,,85298,21,,,1,30,,85319,21,,,1,70,,85299,21,,,1,29,,85320,21,,,1,70,,85300,21,,,1,30,,85321,21,,,1,70,,85301,21,,,1,30,,85322,21,,,1,70,,85302,21,,,1,30,,85323,21,,,1,72,,85303,21,,,1,28,,85324,21,,,1,70,,85304,21,,,1
900,'20260909',653,,85328,21,,,1,70,,85349,21,,,1,77,,85329,21,,,1,27,,85350,21,,,1,30,,85330,21,,,1,70,,85351,21,,,1,30,,85331,21,,,1,81,,85354,21,,,1,70,,85334,21,,,1,30,,85355,21,,,1,70,,85335,21,,,1,30,,85356,21,,,1,70,,85336,21,,,1,30,,85357,21,,,1,70,,85337,21,,,1,30,,85358,21,,,1,70,,85338,21,,,1,30,,85359,21,,,1,71,,85339,21,,,1,30,,85360,21,,,1,13,,85332,21,,,1,50,,85369,21,0,6,1,10,,85340,21,,,1,10,,85352,21,,,1,10,,85371,21,0,6,1,10,,85361,21,,,1,10,,85333,21,,,1,50,,85370,21,0,6,1,10,,85341,21,,,1,12,,85353,21,,,1,15,,85362,21,,,1,70,,85342,21,,,1,30,,85363,21,,,1,70,,85343,21,,,1,29,,85364,21,,,1,70,,85344,21,,,1,30,,85365,21,,,1,70,,85345,21,,,1,30,,85366,21,,,1,70,,85346,21,,,1,30,,85367,21,,,1,72,,85347,21,,,1,28,,85368,21,,,1,70,,85348,21,,,1
900,'20260910',653,,85372,21,,,1,70,,85393,21,,,1,77,,85373,21,,,1,27,,85394,21,,,1,30,,85374,21,,,1,70,,85395,21,,,1,30,,85375,21,,,1,81,,85398,21,,,1,70,,85378,21,,,1,30,,85399,21,,,1,70,,85379,21,,,1,30,,85400,21,,,1,70,,85380,21,,,1,30,,85401,21,,,1,70,,85381,21,,,1,30,,85402,21,,,1,70,,85382,21,,,1,30,,85403,21,,,1,71,,85383,21,,,1,30,,85404,21,,,1,13,,85376,21,,,1,50,,85413,21,0,6,1,10,,85384,21,,,1,10,,85396,21,,,1,10,,85415,21,0,6,1,10,,85405,21,,,1,10,,85377,21,,,1,50,,85414,21,0,6,1,10,,85385,21,,,1,12,,85397,21,,,1,15,,85406,21,,,1,70,,85386,21,,,1,30,,85407,21,,,1,70,,85387,21,,,1,29,,85408,21,,,1,70,,85388,21,,,1,30,,85409,21,,,1,70,,85389,21,,,1,30,,85410,21,,,1,70,,85390,21,,,1,30,,85411,21,,,1,72,,85391,21,,,1,28,,85412,21,,,1,70,,85392,21,,,1
900,'20260911',653,,85416,21,,,1,70,,85437,21,,,1,77,,85417,21,,,1,27,,85438,21,,,1,30,,85418,21,,,1,70,,85439,21,,,1,30,,85419,21,,,1,81,,85442,21,,,1,70,,85422,21,,,1,30,,85443,21,,,1,70,,85423,21,,,1,30,,85444,21,,,1,70,,85424,21,,,1,30,,85445,21,,,1,70,,85425,21,,,1,30,,85446,21,,,1,70,,85426,21,,,1,30,,85447,21,,,1,71,,85427,21,,,1,30,,85448,21,,,1,13,,85420,21,,,1,50,,85458,21,0,6,1,10,,85428,21,,,1,10,,85440,21,,,1,10,,85460,21,0,6,1,10,,85449,21,,,1,10,,85421,21,,,1,50,,85459,21,0,6,1,10,,85429,21,,,1,12,,85441,21,,,1,15,,85450,21,,,1,70,,85430,21,,,1,30,,85451,21,,,1,70,,85431,21,,,1,29,,85452,21,,,1,70,,85432,21,,,1,30,,85453,21,,,1,70,,85433,21,,,1,30,,85454,21,,,1,70,,85434,21,,,1,30,,85455,21,,,1,72,,85435,21,,,1,28,,85456,21,,,1,70,,85436,21,,,1,30,,85457,21,,,1
900,'20260912',938,,85477,21,,,1,70,,85461,21,,,1,30,,85478,21,,,1,70,,85462,21,,,1,30,,85479,21,,,1,70,,85463,21,,,1,30,,85480,21,,,1,70,,85464,21,,,1,30,,85481,21,,,1,70,,85465,21,,,1,30,,85482,21,,,1,70,,85466,21,,,1,30,,85483,21,,,1,70,,85467,21,,,1,30,,85484,21,,,1,70,,85468,21,,,1,30,,85485,21,,,1,70,,85469,21,,,1,30,,85486,21,,,1,70,,85470,21,,,1,30,,85487,21,,,1,70,,85471,21,,,1,30,,85488,21,,,1,70,,85472,21,,,1,30,,85489,21,,,1,70,,85473,21,,,1,30,,85490,21,,,1,70,,85474,21,,,1,30,,85491,21,,,1,70,,85475,21,,,1,30,,85492,21,,,1,70,,85476,21,,,1,30,,85493,21,,,1
900,'20260913',938,,85510,21,,,1,70,,85494,21,,,1,30,,85511,21,,,1,70,,85495,21,,,1,30,,85512,21,,,1,70,,85496,21,,,1,30,,85513,21,,,1,70,,85497,21,,,1,30,,85514,21,,,1,70,,85498,21,,,1,30,,85515,21,,,1,70,,85499,21,,,1,30,,85516,21,,,1,70,,85500,21,,,1,30,,85517,21,,,1,70,,85501,21,,,1,30,,85518,21,,,1,70,,85502,21,,,1,30,,85519,21,,,1,70,,85503,21,,,1,30,,85520,21,,,1,70,,85504,21,,,1,30,,85521,21,,,1,70,,85505,21,,,1,30,,85522,21,,,1,70,,85506,21,,,1,30,,85523,21,,,1,70,,85507,21,,,1,30,,85524,21,,,1,70,,85508,21,,,1,30,,85525,21,,,1,70,,85509,21,,,1
900,'20260914',653,,85526,21,,,1,70,,85547,21,,,1,77,,85527,21,,,1,27,,85548,21,,,1,30,,85528,21,,,1,70,,85549,21,,,1,30,,85529,21,,,1,81,,85552,21,,,1,70,,85532,21,,,1,30,,85553,21,,,1,70,,85533,21,,,1,30,,85554,21,,,1,70,,85534,21,,,1,30,,85555,21,,,1,70,,85535,21,,,1,30,,85556,21,,,1,70,,85536,21,,,1,30,,85557,21,,,1,71,,85537,21,,,1,30,,85558,21,,,1,13,,85530,21,,,1,50,,85567,21,0,6,1,10,,85538,21,,,1,10,,85550,21,,,1,10,,85569,21,0,6,1,10,,85559,21,,,1,10,,85531,21,,,1,50,,85568,21,0,6,1,10,,85539,21,,,1,12,,85551,21,,,1,15,,85560,21,,,1,70,,85540,21,,,1,30,,85561,21,,,1,70,,85541,21,,,1,29,,85562,21,,,1,70,,85542,21,,,1,30,,85563,21,,,1,70,,85543,21,,,1,30,,85564,21,,,1,70,,85544,21,,,1,30,,85565,21,,,1,72,,85545,21,,,1,28,,85566,21,,,1,70,,85546,21,,,1
900,'20260915',653,,85570,21,,,1,70,,85591,21,,,1,77,,85571,21,,,1,27,,85592,21,,,1,30,,85572,21,,,1,70,,85593,21,,,1,30,,85573,21,,,1,81,,85596,21,,,1,70,,85576,21,,,1,30,,85597,21,,,1,70,,85577,21,,,1,30,,85598,21,,,1,70,,85578,21,,,1,30,,85599,21,,,1,70,,85579,21,,,1,30,,85600,21,,,1,70,,85580,21,,,1,30,,85601,21,,,1,71,,85581,21,,,1,30,,85602,21,,,1,13,,85574,21,,,1,50,,85611,21,0,6,1,10,,85582,21,,,1,10,,85594,21,,,1,10,,85613,21,0,6,1,10,,85603,21,,,1,10,,85575,21,,,1,50,,85612,21,0,6,1,10,,85583,21,,,1,12,,85595,21,,,1,15,,85604,21,,,1,70,,85584,21,,,1,30,,85605,21,,,1,70,,85585,21,,,1,29,,85606,21,,,1,70,,85586,21,,,1,30,,85607,21,,,1,70,,85587,21,,,1,30,,85608,21,,,1,70,,85588,21,,,1,30,,85609,21,,,1,72,,85589,21,,,1,28,,85610,21,,,1,70,,85590,21,,,1
900,'20260916',653,,85614,21,,,1,70,,85635,21,,,1,77,,85615,21,,,1,27,,85636,21,,,1,30,,85616,21,,,1,70,,85637,21,,,1,30,,85617,21,,,1,81,,85640,21,,,1,70,,85620,21,,,1,30,,85641,21,,,1,70,,85621,21,,,1,30,,85642,21,,,1,70,,85622,21,,,1,30,,85643,21,,,1,70,,85623,21,,,1,30,,85644,21,,,1,70,,85624,21,,,1,30,,85645,21,,,1,71,,85625,21,,,1,30,,85646,21,,,1,13,,85618,21,,,1,50,,85655,21,0,6,1,10,,85626,21,,,1,10,,85638,21,,,1,10,,85657,21,0,6,1,10,,85647,21,,,1,10,,85619,21,,,1,50,,85656,21,0,6,1,10,,85627,21,,,1,12,,85639,21,,,1,15,,85648,21,,,1,70,,85628,21,,,1,30,,85649,21,,,1,70,,85629,21,,,1,29,,85650,21,,,1,70,,85630,21,,,1,30,,85651,21,,,1,70,,85631,21,,,1,30,,85652,21,,,1,70,,85632,21,,,1,30,,85653,21,,,1,72,,85633,21,,,1,28,,85654,21,,,1,70,,85634,21,,,1
900,'20260917',653,,85658,21,,,1,70,,85679,21,,,1,77,,85659,21,,,1,27,,85680,21,,,1,30,,85660,21,,,1,70,,85681,21,,,1,30,,85661,21,,,1,81,,85684,21,,,1,70,,85664,21,,,1,30,,85685,21,,,1,70,,85665,21,,,1,30,,85686,21,,,1,70,,85666,21,,,1,30,,85687,21,,,1,70,,85667,21,,,1,30,,85688,21,,,1,70,,85668,21,,,1,30,,85689,21,,,1,71,,85669,21,,,1,30,,85690,21,,,1,13,,85662,21,,,1,50,,85699,21,0,6,1,10,,85670,21,,,1,10,,85682,21,,,1,10,,85701,21,0,6,1,10,,85691,21,,,1,10,,85663,21,,,1,50,,85700,21,0,6,1,10,,85671,21,,,1,12,,85683,21,,,1,15,,85692,21,,,1,70,,85672,21,,,1,30,,85693,21,,,1,70,,85673,21,,,1,29,,85694,21,,,1,70,,85674,21,,,1,30,,85695,21,,,1,70,,85675,21,,,1,30,,85696,21,,,1,70,,85676,21,,,1,30,,85697,21,,,1,72,,85677,21,,,1,28,,85698,21,,,1,70,,85678,21,,,1
900,'20260918',653,,85702,21,,,1,70,,85723,21,,,1,77,,85703,21,,,1,27,,85724,21,,,1,30,,85704,21,,,1,70,,85725,21,,,1,30,,85705,21,,,1,81,,85728,21,,,1,70,,85708,21,,,1,30,,85729,21,,,1,70,,85709,21,,,1,30,,85730,21,,,1,70,,85710,21,,,1,30,,85731,21,,,1,70,,85711,21,,,1,30,,85732,21,,,1,70,,85712,21,,,1,30,,85733,21,,,1,71,,85713,21,,,1,30,,85734,21,,,1,13,,85706,21,,,1,50,,85744,21,0,6,1,10,,85714,21,,,1,10,,85726,21,,,1,10,,85746,21,0,6,1,10,,85735,21,,,1,10,,85707,21,,,1,50,,85745,21,0,6,1,10,,85715,21,,,1,12,,85727,21,,,1,15,,85736,21,,,1,70,,85716,21,,,1,30,,85737,21,,,1,70,,85717,21,,,1,29,,85738,21,,,1,70,,85718,21,,,1,30,,85739,21,,,1,70,,85719,21,,,1,30,,85740,21,,,1,70,,85720,21,,,1,30,,85741,21,,,1,72,,85721,21,,,1,28,,85742,21,,,1,70,,85722,21,,,1,30,,85743,21,,,1
900,'20260919',938,,85763,21,,,1,70,,85747,21,,,1,30,,85764,21,,,1,70,,85748,21,,,1,30,,85765,21,,,1,70,,85749,21,,,1,30,,85766,21,,,1,70,,85750,21,,,1,30,,85767,21,,,1,70,,85751,21,,,1,30,,85768,21,,,1,70,,85752,21,,,1,30,,85769,21,,,1,70,,85753,21,,,1,30,,85770,21,,,1,70,,85754,21,,,1,30,,85771,21,,,1,70,,85755,21,,,1,30,,85772,21,,,1,70,,85756,21,,,1,30,,85773,21,,,1,70,,85757,21,,,1,30,,85774,21,,,1,70,,85758,21,,,1,30,,85775,21,,,1,70,,85759,21,,,1,30,,85776,21,,,1,70,,85760,21,,,1,30,,85777,21,,,1,70,,85761,21,,,1,30,,85778,21,,,1,70,,85762,21,,,1,30,,85779,21,,,1
900,'20260920',938,,85796,21,,,1,70,,85780,21,,,1,30,,85797,21,,,1,70,,85781,21,,,1,30,,85798,21,,,1,70,,85782,21,,,1,30,,85799,21,,,1,70,,85783,21,,,1,30,,85800,21,,,1,70,,85784,21,,,1,30,,85801,21,,,1,70,,85785,21,,,1,30,,85802,21,,,1,70,,85786,21,,,1,30,,85803,21,,,1,70,,85787,21,,,1,30,,85804,21,,,1,70,,85788,21,,,1,30,,85805,21,,,1,70,,85789,21,,,1,30,,85806,21,,,1,70,,85790,21,,,1,30,,85807,21,,,1,70,,85791,21,,,1,30,,85808,21,,,1,70,,85792,21,,,1,30,,85809,21,,,1,70,,85793,21,,,1,30,,85810,21,,,1,70,,85794,21,,,1,30,,85811,21,,,1,70,,85795,21,,,1
900,'20260921',653,,85812,21,,,1,70,,85833,21,,,1,77,,85813,21,,,1,27,,85834,21,,,1,30,,85814,21,,,1,70,,85835,21,,,1,30,,85815,21,,,1,81,,85838,21,,,1,70,,85818,21,,,1,30,,85839,21,,,1,70,,85819,21,,,1,30,,85840,21,,,1,70,,85820,21,,,1,30,,85841,21,,,1,70,,85821,21,,,1,30,,85842,21,,,1,70,,85822,21,,,1,30,,85843,21,,,1,71,,85823,21,,,1,30,,85844,21,,,1,13,,85816,21,,,1,50,,85853,21,0,6,1,10,,85824,21,,,1,10,,85836,21,,,1,10,,85855,21,0,6,1,10,,85845,21,,,1,10,,85817,21,,,1,50,,85854,21,0,6,1,10,,85825,21,,,1,12,,85837,21,,,1,15,,85846,21,,,1,70,,85826,21,,,1,30,,85847,21,,,1,70,,85827,21,,,1,29,,85848,21,,,1,70,,85828,21,,,1,30,,85849,21,,,1,70,,85829,21,,,1,30,,85850,21,,,1,70,,85830,21,,,1,30,,85851,21,,,1,72,,85831,21,,,1,28,,85852,21,,,1,70,,85832,21,,,1
900,'20260922',653,,85856,21,,,1,70,,85877,21,,,1,77,,85857,21,,,1,27,,85878,21,,,1,30,,85858,21,,,1,70,,85879,21,,,1,30,,85859,21,,,1,81,,85882,21,,,1,70,,85862,21,,,1,30,,85883,21,,,1,70,,85863,21,,,1,30,,85884,21,,,1,70,,85864,21,,,1,30,,85885,21,,,1,70,,85865,21,,,1,30,,85886,21,,,1,70,,85866,21,,,1,30,,85887,21,,,1,71,,85867,21,,,1,30,,85888,21,,,1,13,,85860,21,,,1,50,,85897,21,0,6,1,10,,85868,21,,,1,10,,85880,21,,,1,10,,85899,21,0,6,1,10,,85889,21,,,1,10,,85861,21,,,1,50,,85898,21,0,6,1,10,,85869,21,,,1,12,,85881,21,,,1,15,,85890,21,,,1,70,,85870,21,,,1,30,,85891,21,,,1,70,,85871,21,,,1,29,,85892,21,,,1,70,,85872,21,,,1,30,,85893,21,,,1,70,,85873,21,,,1,30,,85894,21,,,1,70,,85874,21,,,1,30,,85895,21,,,1,72,,85875,21,,,1,28,,85896,21,,,1,70,,85876,21,,,1
900,'20260923',653,,85900,21,,,1,70,,85921,21,,,1,77,,85901,21,,,1,27,,85922,21,,,1,30,,85902,21,,,1,70,,85923,21,,,1,30,,85903,21,,,1,81,,85926,21,,,1,70,,85906,21,,,1,30,,85927,21,,,1,70,,85907,21,,,1,30,,85928,21,,,1,70,,85908,21,,,1,30,,85929,21,,,1,70,,85909,21,,,1,30,,85930,21,,,1,70,,85910,21,,,1,30,,85931,21,,,1,71,,85911,21,,,1,30,,85932,21,,,1,13,,85904,21,,,1,50,,85941,21,0,6,1,10,,85912,21,,,1,10,,85924,21,,,1,10,,85943,21,0,6,1,10,,85933,21,,,1,10,,85905,21,,,1,50,,85942,21,0,6,1,10,,85913,21,,,1,12,,85925,21,,,1,15,,85934,21,,,1,70,,85914,21,,,1,30,,85935,21,,,1,70,,85915,21,,,1,29,,85936,21,,,1,70,,85916,21,,,1,30,,85937,21,,,1,70,,85917,21,,,1,30,,85938,21,,,1,70,,85918,21,,,1,30,,85939,21,,,1,72,,85919,21,,,1,28,,85940,21,,,1,70,,85920,21,,,1
900,'20260924',653,,85944,21,,,1,70,,85965,21,,,1,77,,85945,21,,,1,27,,85966,21,,,1,30,,85946,21,,,1,70,,85967,21,,,1,30,,85947,21,,,1,81,,85970,21,,,1,70,,85950,21,,,1,30,,85971,21,,,1,70,,85951,21,,,1,30,,85972,21,,,1,70,,85952,21,,,1,30,,85973,21,,,1,70,,85953,21,,,1,30,,85974,21,,,1,70,,85954,21,,,1,30,,85975,21,,,1,71,,85955,21,,,1,30,,85976,21,,,1,13,,85948,21,,,1,50,,85985,21,0,6,1,10,,85956,21,,,1,10,,85968,21,,,1,10,,85987,21,0,6,1,10,,85977,21,,,1,10,,85949,21,,,1,50,,85986,21,0,6,1,10,,85957,21,,,1,12,,85969,21,,,1,15,,85978,21,,,1,70,,85958,21,,,1,30,,85979,21,,,1,70,,85959,21,,,1,29,,85980,21,,,1,70,,85960,21,,,1,30,,85981,21,,,1,70,,85961,21,,,1,30,,85982,21,,,1,70,,85962,21,,,1,30,,85983,21,,,1,72,,85963,21,,,1,28,,85984,21,,,1,70,,85964,21,,,1
900,'20260925',653,,85988,21,,,1,70,,86009,21,,,1,77,,85989,21,,,1,27,,86010,21,,,1,30,,85990,21,,,1,70,,86011,21,,,1,30,,85991,21,,,1,81,,86014,21,,,1,70,,85994,21,,,1,30,,86015,21,,,1,70,,85995,21,,,1,30,,86016,21,,,1,70,,85996,21,,,1,30,,86017,21,,,1,70,,85997,21,,,1,30,,86018,21,,,1,70,,85998,21,,,1,30,,86019,21,,,1,71,,85999,21,,,1,30,,86020,21,,,1,13,,85992,21,,,1,50,,86030,21,0,6,1,10,,86000,21,,,1,10,,86012,21,,,1,10,,86032,21,0,6,1,10,,86021,21,,,1,10,,85993,21,,,1,50,,86031,21,0,6,1,10,,86001,21,,,1,12,,86013,21,,,1,15,,86022,21,,,1,70,,86002,21,,,1,30,,86023,21,,,1,70,,86003,21,,,1,29,,86024,21,,,1,70,,86004,21,,,1,30,,86025,21,,,1,70,,86005,21,,,1,30,,86026,21,,,1,70,,86006,21,,,1,30,,86027,21,,,1,72,,86007,21,,,1,28,,86028,21,,,1,70,,86008,21,,,1,30,,86029,21,,,1
900,'20260926',938,,86049,21,,,1,70,,86033,21,,,1,30,,86050,21,,,1,70,,86034,21,,,1,30,,86051,21,,,1,70,,86035,21,,,1,30,,86052,21,,,1,70,,86036,21,,,1,30,,86053,21,,,1,70,,86037,21,,,1,30,,86054,21,,,1,70,,86038,21,,,1,30,,86055,21,,,1,70,,86039,21,,,1,30,,86056,21,,,1,70,,86040,21,,,1,30,,86057,21,,,1,70,,86041,21,,,1,30,,86058,21,,,1,70,,86042,21,,,1,30,,86059,21,,,1,70,,86043,21,,,1,30,,86060,21,,,1,70,,86044,21,,,1,30,,86061,21,,,1,70,,86045,21,,,1,30,,86062,21,,,1,70,,86046,21,,,1,30,,86063,21,,,1,70,,86047,21,,,1,30,,86064,21,,,1,70,,86048,21,,,1,30,,86065,21,,,1
900,'20260927',938,,86082,21,,,1,70,,86066,21,,,1,30,,86083,21,,,1,70,,86067,21,,,1,30,,86084,21,,,1,70,,86068,21,,,1,30,,86085,21,,,1,70,,86069,21,,,1,30,,86086,21,,,1,70,,86070,21,,,1,30,,86087,21,,,1,70,,86071,21,,,1,30,,86088,21,,,1,70,,86072,21,,,1,30,,86089,21,,,1,70,,86073,21,,,1,30,,86090,21,,,1,70,,86074,21,,,1,30,,86091,21,,,1,70,,86075,21,,,1,30,,86092,21,,,1,70,,86076,21,,,1,30,,86093,21,,,1,70,,86077,21,,,1,30,,86094,21,,,1,70,,86078,21,,,1,30,,86095,21,,,1,70,,86079,21,,,1,30,,86096,21,,,1,70,,86080,21,,,1,30,,86097,21,,,1,70,,86081,21,,,1
900,'20260928',653,,86098,21,,,1,70,,86119,21,,,1,77,,86099,21,,,1,27,,86120,21,,,1,30,,86100,21,,,1,70,,86121,21,,,1,30,,86101,21,,,1,81,,86124,21,,,1,70,,86104,21,,,1,30,,86125,21,,,1,70,,86105,21,,,1,30,,86126,21,,,1,70,,86106,21,,,1,30,,86127,21,,,1,70,,86107,21,,,1,30,,86128,21,,,1,70,,86108,21,,,1,30,,86129,21,,,1,71,,86109,21,,,1,30,,86130,21,,,1,13,,86102,21,,,1,50,,86139,21,0,6,1,10,,86110,21,,,1,10,,86122,21,,,1,10,,86141,21,0,6,1,10,,86131,21,,,1,10,,86103,21,,,1,50,,86140,21,0,6,1,10,,86111,21,,,1,12,,86123,21,,,1,15,,86132,21,,,1,70,,86112,21,,,1,30,,86133,21,,,1,70,,86113,21,,,1,29,,86134,21,,,1,70,,86114,21,,,1,30,,86135,21,,,1,70,,86115,21,,,1,30,,86136,21,,,1,70,,86116,21,,,1,30,,86137,21,,,1,72,,86117,21,,,1,28,,86138,21,,,1,70,,86118,21,,,1
900,'20260929',653,,86142,21,,,1,70,,86163,21,,,1,77,,86143,21,,,1,27,,86164,21,,,1,30,,86144,21,,,1,70,,86165,21,,,1,30,,86145,21,,,1,81,,86168,21,,,1,70,,86148,21,,,1,30,,86169,21,,,1,70,,86149,21,,,1,30,,86170,21,,,1,70,,86150,21,,,1,30,,86171,21,,,1,70,,86151,21,,,1,30,,86172,21,,,1,70,,86152,21,,,1,30,,86173,21,,,1,71,,86153,21,,,1,30,,86174,21,,,1,13,,86146,21,,,1,50,,86183,21,0,6,1,10,,86154,21,,,1,10,,86166,21,,,1,10,,86185,21,0,6,1,10,,86175,21,,,1,10,,86147,21,,,1,50,,86184,21,0,6,1,10,,86155,21,,,1,12,,86167,21,,,1,15,,86176,21,,,1,70,,86156,21,,,1,30,,86177,21,,,1,70,,86157,21,,,1,29,,86178,21,,,1,70,,86158,21,,,1,30,,86179,21,,,1,70,,86159,21,,,1,30,,86180,21,,,1,70,,86160,21,,,1,30,,86181,21,,,1,72,,86161,21,,,1,28,,86182,21,,,1,70,,86162,21,,,1
900,'20260930',653,,86186,21,,,1,70,,86207,21,,,1,77,,86187,21,,,1,27,,86208,21,,,1,30,,86188,21,,,1,70,,86209,21,,,1,30,,86189,21,,,1,81,,86212,21,,,1,70,,86192,21,,,1,30,,86213,21,,,1,70,,86193,21,,,1,30,,86214,21,,,1,70,,86194,21,,,1,30,,86215,21,,,1,70,,86195,21,,,1,30,,86216,21,,,1,70,,86196,21,,,1,30,,86217,21,,,1,71,,86197,21,,,1,30,,86218,21,,,1,13,,86190,21,,,1,50,,86227,21,0,6,1,10,,86198,21,,,1,10,,86210,21,,,1,10,,86229,21,0,6,1,10,,86219,21,,,1,10,,86191,21,,,1,50,,86228,21,0,6,1,10,,86199,21,,,1,12,,86211,21,,,1,15,,86220,21,,,1,70,,86200,21,,,1,30,,86221,21,,,1,70,,86201,21,,,1,29,,86222,21,,,1,70,,86202,21,,,1,30,,86223,21,,,1,70,,86203,21,,,1,30,,86224,21,,,1,70,,86204,21,,,1,30,,86225,21,,,1,72,,86205,21,,,1,28,,86226,21,,,1,70,,86206,21,,,1
900,'20261001',653,,86230,21,,,1,70,,86251,21,,,1,77,,86231,21,,,1,27,,86252,21,,,1,30,,86232,21,,,1,70,,86253,21,,,1,30,,86233,21,,,1,81,,86256,21,,,1,70,,86236,21,,,1,30,,86257,21,,,1,70,,86237,21,,,1,30,,86258,21,,,1,70,,86238,21,,,1,30,,86259,21,,,1,70,,86239,21,,,1,30,,86260,21,,,1,70,,86240,21,,,1,30,,86261,21,,,1,71,,86241,21,,,1,30,,86262,21,,,1,13,,86234,21,,,1,50,,86271,21,0,6,1,10,,86242,21,,,1,10,,86254,21,,,1,10,,86273,21,0,6,1,10,,86263,21,,,1,10,,86235,21,,,1,50,,86272,21,0,6,1,10,,86243,21,,,1,12,,86255,21,,,1,15,,86264,21,,,1,70,,86244,21,,,1,30,,86265,21,,,1,70,,86245,21,,,1,29,,86266,21,,,1,70,,86246,21,,,1,30,,86267,21,,,1,70,,86247,21,,,1,30,,86268,21,,,1,70,,86248,21,,,1,30,,86269,21,,,1,72,,86249,21,,,1,28,,86270,21,,,1,70,,86250,21,,,1
900,'20261002',653,,86274,21,,,1,70,,86295,21,,,1,77,,86275,21,,,1,27,,86296,21,,,1,30,,86276,21,,,1,70,,86297,21,,,1,30,,86277,21,,,1,81,,86300,21,,,1,70,,86280,21,,,1,30,,86301,21,,,1,70,,86281,21,,,1,30,,86302,21,,,1,70,,86282,21,,,1,30,,86303,21,,,1,70,,86283,21,,,1,30,,86304,21,,,1,70,,86284,21,,,1,30,,86305,21,,,1,71,,86285,21,,,1,30,,86306,21,,,1,13,,86278,21,,,1,50,,86316,21,0,6,1,10,,86286,21,,,1,10,,86298,21,,,1,10,,86318,21,0,6,1,10,,86307,21,,,1,10,,86279,21,,,1,50,,86317,21,0,6,1,10,,86287,21,,,1,12,,86299,21,,,1,15,,86308,21,,,1,70,,86288,21,,,1,30,,86309,21,,,1,70,,86289,21,,,1,29,,86310,21,,,1,70,,86290,21,,,1,30,,86311,21,,,1,70,,86291,21,,,1,30,,86312,21,,,1,70,,86292,21,,,1,30,,86313,21,,,1,72,,86293,21,,,1,28,,86314,21,,,1,70,,86294,21,,,1,30,,86315,21,,,1
900,'20261003',938,,86335,21,,,1,70,,86319,21,,,1,30,,86336,21,,,1,70,,86320,21,,,1,30,,86337,21,,,1,70,,86321,21,,,1,30,,86338,21,,,1,70,,86322,21,,,1,30,,86339,21,,,1,70,,86323,21,,,1,30,,86340,21,,,1,70,,86324,21,,,1,30,,86341,21,,,1,70,,86325,21,,,1,30,,86342,21,,,1,70,,86326,21,,,1,30,,86343,21,,,1,70,,86327,21,,,1,30,,86344,21,,,1,70,,86328,21,,,1,30,,86345,21,,,1,70,,86329,21,,,1,30,,86346,21,,,1,70,,86330,21,,,1,30,,86347,21,,,1,70,,86331,21,,,1,30,,86348,21,,,1,70,,86332,21,,,1,30,,86349,21,,,1,70,,86333,21,,,1,30,,86350,21,,,1,70,,86334,21,,,1,30,,86351,21,,,1
900,'20261004',938,,86368,21,,,1,70,,86352,21,,,1,30,,86369,21,,,1,70,,86353,21,,,1,30,,86370,21,,,1,70,,86354,21,,,1,30,,86371,21,,,1,70,,86355,21,,,1,30,,86372,21,,,1,70,,86356,21,,,1,30,,86373,21,,,1,70,,86357,21,,,1,30,,86374,21,,,1,70,,86358,21,,,1,30,,86375,21,,,1,70,,86359,21,,,1,30,,86376,21,,,1,70,,86360,21,,,1,30,,86377,21,,,1,70,,86361,21,,,1,30,,86378,21,,,1,70,,86362,21,,,1,30,,86379,21,,,1,70,,86363,21,,,1,30,,86380,21,,,1,70,,86364,21,,,1,30,,86381,21,,,1,70,,86365,21,,,1,30,,86382,21,,,1,70,,86366,21,,,1,30,,86383,21,,,1,70,,86367,21,,,1
900,'20261005',653,,86384,21,,,1,70,,86405,21,,,1,77,,86385,21,,,1,27,,86406,21,,,1,30,,86386,21,,,1,70,,86407,21,,,1,30,,86387,21,,,1,81,,86410,21,,,1,70,,86390,21,,,1,30,,86411,21,,,1,70,,86391,21,,,1,30,,86412,21,,,1,70,,86392,21,,,1,30,,86413,21,,,1,70,,86393,21,,,1,30,,86414,21,,,1,70,,86394,21,,,1,30,,86415,21,,,1,71,,86395,21,,,1,30,,86416,21,,,1,13,,86388,21,,,1,50,,86425,21,0,6,1,10,,86396,21,,,1,10,,86408,21,,,1,10,,86427,21,0,6,1,10,,86417,21,,,1,10,,86389,21,,,1,50,,86426,21,0,6,1,10,,86397,21,,,1,12,,86409,21,,,1,15,,86418,21,,,1,70,,86398,21,,,1,30,,86419,21,,,1,70,,86399,21,,,1,29,,86420,21,,,1,70,,86400,21,,,1,30,,86421,21,,,1,70,,86401,21,,,1,30,,86422,21,,,1,70,,86402,21,,,1,30,,86423,21,,,1,72,,86403,21,,,1,28,,86424,21,,,1,70,,86404,21,,,1
900,'20261006',653,,86428,21,,,1,70,,86449,21,,,1,77,,86429,21,,,1,27,,86450,21,,,1,30,,86430,21,,,1,70,,86451,21,,,1,30,,86431,21,,,1,81,,86454,21,,,1,70,,86434,21,,,1,30,,86455,21,,,1,70,,86435,21,,,1,30,,86456,21,,,1,70,,86436,21,,,1,30,,86457,21,,,1,70,,86437,21,,,1,30,,86458,21,,,1,70,,86438,21,,,1,30,,86459,21,,,1,71,,86439,21,,,1,30,,86460,21,,,1,13,,86432,21,,,1,50,,86469,21,0,6,1,10,,86440,21,,,1,10,,86452,21,,,1,10,,86471,21,0,6,1,10,,86461,21,,,1,10,,86433,21,,,1,50,,86470,21,0,6,1,10,,86441,21,,,1,12,,86453,21,,,1,15,,86462,21,,,1,70,,86442,21,,,1,30,,86463,21,,,1,70,,86443,21,,,1,29,,86464,21,,,1,70,,86444,21,,,1,30,,86465,21,,,1,70,,86445,21,,,1,30,,86466,21,,,1,70,,86446,21,,,1,30,,86467,21,,,1,72,,86447,21,,,1,28,,86468,21,,,1,70,,86448,21,,,1
900,'20261007',653,,86472,21,,,1,70,,86493,21,,,1,77,,86473,21,,,1,27,,86494,21,,,1,30,,86474,21,,,1,70,,86495,21,,,1,30,,86475,21,,,1,81,,86498,21,,,1,70,,86478,21,,,1,30,,86499,21,,,1,70,,86479,21,,,1,30,,86500,21,,,1,70,,86480,21,,,1,30,,86501,21,,,1,70,,86481,21,,,1,30,,86502,21,,,1,70,,86482,21,,,1,30,,86503,21,,,1,71,,86483,21,,,1,30,,86504,21,,,1,13,,86476,21,,,1,50,,86513,21,0,6,1,10,,86484,21,,,1,10,,86496,21,,,1,10,,86515,21,0,6,1,10,,86505,21,,,1,10,,86477,21,,,1,50,,86514,21,0,6,1,10,,86485,21,,,1,12,,86497,21,,,1,15,,86506,21,,,1,70,,86486,21,,,1,30,,86507,21,,,1,70,,86487,21,,,1,29,,86508,21,,,1,70,,86488,21,,,1,30,,86509,21,,,1,70,,86489,21,,,1,30,,86510,21,,,1,70,,86490,21,,,1,30,,86511,21,,,1,72,,86491,21,,,1,28,,86512,21,,,1,70,,86492,21,,,1
900,'20261008',653,,86516,21,,,1,70,,86537,21,,,1,77,,86517,21,,,1,27,,86538,21,,,1,30,,86518,21,,,1,70,,86539,21,,,1,30,,86519,21,,,1,81,,86542,21,,,1,70,,86522,21,,,1,30,,86543,21,,,1,70,,86523,21,,,1,30,,86544,21,,,1,70,,86524,21,,,1,30,,86545,21,,,1,70,,86525,21,,,1,30,,86546,21,,,1,70,,86526,21,,,1,30,,86547,21,,,1,71,,86527,21,,,1,30,,86548,21,,,1,13,,86520,21,,,1,50,,86557,21,0,6,1,10,,86528,21,,,1,10,,86540,21,,,1,10,,86559,21,0,6,1,10,,86549,21,,,1,10,,86521,21,,,1,50,,86558,21,0,6,1,10,,86529,21,,,1,12,,86541,21,,,1,15,,86550,21,,,1,70,,86530,21,,,1,30,,86551,21,,,1,70,,86531,21,,,1,29,,86552,21,,,1,70,,86532,21,,,1,30,,86553,21,,,1,70,,86533,21,,,1,30,,86554,21,,,1,70,,86534,21,,,1,30,,86555,21,,,1,72,,86535,21,,,1,28,,86556,21,,,1,70,,86536,21,,,1
900,'20261009',653,,86560,21,,,1,70,,86581,21,,,1,77,,86561,21,,,1,27,,86582,21,,,1,30,,86562,21,,,1,70,,86583,21,,,1,30,,86563,21,,,1,81,,86586,21,,,1,70,,86566,21,,,1,30,,86587,21,,,1,70,,86567,21,,,1,30,,86588,21,,,1,70,,86568,21,,,1,30,,86589,21,,,1,70,,86569,21,,,1,30,,86590,21,,,1,70,,86570,21,,,1,30,,86591,21,,,1,71,,86571,21,,,1,30,,86592,21,,,1,13,,86564,21,,,1,50,,86602,21,0,6,1,10,,86572,21,,,1,10,,86584,21,,,1,10,,86604,21,0,6,1,10,,86593,21,,,1,10,,86565,21,,,1,50,,86603,21,0,6,1,10,,86573,21,,,1,12,,86585,21,,,1,15,,86594,21,,,1,70,,86574,21,,,1,30,,86595,21,,,1,70,,86575,21,,,1,29,,86596,21,,,1,70,,86576,21,,,1,30,,86597,21,,,1,70,,86577,21,,,1,30,,86598,21,,,1,70,,86578,21,,,1,30,,86599,21,,,1,72,,86579,21,,,1,28,,86600,21,,,1,70,,86580,21,,,1,30,,86601,21,,,1
900,'20261010',938,,86621,21,,,1,70,,86605,21,,,1,30,,86622,21,,,1,70,,86606,21,,,1,30,,86623,21,,,1,70,,86607,21,,,1,30,,86624,21,,,1,70,,86608,21,,,1,30,,86625,21,,,1,70,,86609,21,,,1,30,,86626,21,,,1,70,,86610,21,,,1,30,,86627,21,,,1,70,,86611,21,,,1,30,,86628,21,,,1,70,,86612,21,,,1,30,,86629,21,,,1,70,,86613,21,,,1,30,,86630,21,,,1,70,,86614,21,,,1,30,,86631,21,,,1,70,,86615,21,,,1,30,,86632,21,,,1,70,,86616,21,,,1,30,,86633,21,,,1,70,,86617,21,,,1,30,,86634,21,,,1,70,,86618,21,,,1,30,,86635,21,,,1,70,,86619,21,,,1,30,,86636,21,,,1,70,,86620,21,,,1,30,,86637,21,,,1
900,'20261011',938,,86654,21,,,1,70,,86638,21,,,1,30,,86655,21,,,1,70,,86639,21,,,1,30,,86656,21,,,1,70,,86640,21,,,1,30,,86657,21,,,1,70,,86641,21,,,1,30,,86658,21,,,1,70,,86642,21,,,1,30,,86659,21,,,1,70,,86643,21,,,1,30,,86660,21,,,1,70,,86644,21,,,1,30,,86661,21,,,1,70,,86645,21,,,1,30,,86662,21,,,1,70,,86646,21,,,1,30,,86663,21,,,1,70,,86647,21,,,1,30,,86664,21,,,1,70,,86648,21,,,1,30,,86665,21,,,1,70,,86649,21,,,1,30,,86666,21,,,1,70,,86650,21,,,1,30,,86667,21,,,1,70,,86651,21,,,1,30,,86668,21,,,1,70,,86652,21,,,1,30,,86669,21,,,1,70,,86653,21,,,1
900,'20261012',653,,86670,21,,,1,70,,86691,21,,,1,77,,86671,21,,,1,27,,86692,21,,,1,30,,86672,21,,,1,70,,86693,21,,,1,30,,86673,21,,,1,81,,86696,21,,,1,70,,86676,21,,,1,30,,86697,21,,,1,70,,86677,21,,,1,30,,86698,21,,,1,70,,86678,21,,,1,30,,86699,21,,,1,70,,86679,21,,,1,30,,86700,21,,,1,70,,86680,21,,,1,30,,86701,21,,,1,71,,86681,21,,,1,30,,86702,21,,,1,13,,86674,21,,,1,50,,86711,21,0,6,1,10,,86682,21,,,1,10,,86694,21,,,1,10,,86713,21,0,6,1,10,,86703,21,,,1,10,,86675,21,,,1,50,,86712,21,0,6,1,10,,86683,21,,,1,12,,86695,21,,,1,15,,86704,21,,,1,70,,86684,21,,,1,30,,86705,21,,,1,70,,86685,21,,,1,29,,86706,21,,,1,70,,86686,21,,,1,30,,86707,21,,,1,70,,86687,21,,,1,30,,86708,21,,,1,70,,86688,21,,,1,30,,86709,21,,,1,72,,86689,21,,,1,28,,86710,21,,,1,70,,86690,21,,,1
900,'20261013',653,,86714,21,,,1,70,,86735,21,,,1,77,,86715,21,,,1,27,,86736,21,,,1,30,,86716,21,,,1,70,,86737,21,,,1,30,,86717,21,,,1,81,,86740,21,,,1,70,,86720,21,,,1,30,,86741,21,,,1,70,,86721,21,,,1,30,,86742,21,,,1,70,,86722,21,,,1,30,,86743,21,,,1,70,,86723,21,,,1,30,,86744,21,,,1,70,,86724,21,,,1,30,,86745,21,,,1,71,,86725,21,,,1,30,,86746,21,,,1,13,,86718,21,,,1,50,,86755,21,0,6,1,10,,86726,21,,,1,10,,86738,21,,,1,10,,86757,21,0,6,1,10,,86747,21,,,1,10,,86719,21,,,1,50,,86756,21,0,6,1,10,,86727,21,,,1,12,,86739,21,,,1,15,,86748,21,,,1,70,,86728,21,,,1,30,,86749,21,,,1,70,,86729,21,,,1,29,,86750,21,,,1,70,,86730,21,,,1,30,,86751,21,,,1,70,,86731,21,,,1,30,,86752,21,,,1,70,,86732,21,,,1,30,,86753,21,,,1,72,,86733,21,,,1,28,,86754,21,,,1,70,,86734,21,,,1
900,'20261014',653,,86758,21,,,1,70,,86779,21,,,1,77,,86759,21,,,1,27,,86780,21,,,1,30,,86760,21,,,1,70,,86781,21,,,1,30,,86761,21,,,1,81,,86784,21,,,1,70,,86764,21,,,1,30,,86785,21,,,1,70,,86765,21,,,1,30,,86786,21,,,1,70,,86766,21,,,1,30,,86787,21,,,1,70,,86767,21,,,1,30,,86788,21,,,1,70,,86768,21,,,1,30,,86789,21,,,1,71,,86769,21,,,1,30,,86790,21,,,1,13,,86762,21,,,1,50,,86799,21,0,6,1,10,,86770,21,,,1,10,,86782,21,,,1,10,,86801,21,0,6,1,10,,86791,21,,,1,10,,86763,21,,,1,50,,86800,21,0,6,1,10,,86771,21,,,1,12,,86783,21,,,1,15,,86792,21,,,1,70,,86772,21,,,1,30,,86793,21,,,1,70,,86773,21,,,1,29,,86794,21,,,1,70,,86774,21,,,1,30,,86795,21,,,1,70,,86775,21,,,1,30,,86796,21,,,1,70,,86776,21,,,1,30,,86797,21,,,1,72,,86777,21,,,1,28,,86798,21,,,1,70,,86778,21,,,1
900,'20261015',653,,86802,21,,,1,70,,86823,21,,,1,77,,86803,21,,,1,27,,86824,21,,,1,30,,86804,21,,,1,70,,86825,21,,,1,30,,86805,21,,,1,81,,86828,21,,,1,70,,86808,21,,,1,30,,86829,21,,,1,70,,86809,21,,,1,30,,86830,21,,,1,70,,86810,21,,,1,30,,86831,21,,,1,70,,86811,21,,,1,30,,86832,21,,,1,70,,86812,21,,,1,30,,86833,21,,,1,71,,86813,21,,,1,30,,86834,21,,,1,13,,86806,21,,,1,50,,86843,21,0,6,1,10,,86814,21,,,1,10,,86826,21,,,1,10,,86845,21,0,6,1,10,,86835,21,,,1,10,,86807,21,,,1,50,,86844,21,0,6,1,10,,86815,21,,,1,12,,86827,21,,,1,15,,86836,21,,,1,70,,86816,21,,,1,30,,86837,21,,,1,70,,86817,21,,,1,29,,86838,21,,,1,70,,86818,21,,,1,30,,86839,21,,,1,70,,86819,21,,,1,30,,86840,21,,,1,70,,86820,21,,,1,30,,86841,21,,,1,72,,86821,21,,,1,28,,86842,21,,,1,70,,86822,21,,,1
900,'20261016',653,,86846,21,,,1,70,,86867,21,,,1,77,,86847,21,,,1,27,,86868,21,,,1,30,,86848,21,,,1,70,,86869,21,,,1,30,,86849,21,,,1,81,,86872,21,,,1,70,,86852,21,,,1,30,,86873,21,,,1,70,,86853,21,,,1,30,,86874,21,,,1,70,,86854,21,,,1,30,,86875,21,,,1,70,,86855,21,,,1,30,,86876,21,,,1,70,,86856,21,,,1,30,,86877,21,,,1,71,,86857,21,,,1,30,,86878,21,,,1,13,,86850,21,,,1,50,,86888,21,0,6,1,10,,86858,21,,,1,10,,86870,21,,,1,10,,86890,21,0,6,1,10,,86879,21,,,1,10,,86851,21,,,1,50,,86889,21,0,6,1,10,,86859,21,,,1,12,,86871,21,,,1,15,,86880,21,,,1,70,,86860,21,,,1,30,,86881,21,,,1,70,,86861,21,,,1,29,,86882,21,,,1,70,,86862,21,,,1,30,,86883,21,,,1,70,,86863,21,,,1,30,,86884,21,,,1,70,,86864,21,,,1,30,,86885,21,,,1,72,,86865,21,,,1,28,,86886,21,,,1,70,,86866,21,,,1,30,,86887,21,,,1
900,'20261017',938,,86907,21,,,1,70,,86891,21,,,1,30,,86908,21,,,1,70,,86892,21,,,1,30,,86909,21,,,1,70,,86893,21,,,1,30,,86910,21,,,1,70,,86894,21,,,1,30,,86911,21,,,1,70,,86895,21,,,1,30,,86912,21,,,1,70,,86896,21,,,1,30,,86913,21,,,1,70,,86897,21,,,1,30,,86914,21,,,1,70,,86898,21,,,1,30,,86915,21,,,1,70,,86899,21,,,1,30,,86916,21,,,1,70,,86900,21,,,1,30,,86917,21,,,1,70,,86901,21,,,1,30,,86918,21,,,1,70,,86902,21,,,1,30,,86919,21,,,1,70,,86903,21,,,1,30,,86920,21,,,1,70,,86904,21,,,1,30,,86921,21,,,1,70,,86905,21,,,1,30,,86922,21,,,1,70,,86906,21,,,1,30,,86923,21,,,1
900,'20261018',938,,86940,21,,,1,70,,86924,21,,,1,30,,86941,21,,,1,70,,86925,21,,,1,30,,86942,21,,,1,70,,86926,21,,,1,30,,86943,21,,,1,70,,86927,21,,,1,30,,86944,21,,,1,70,,86928,21,,,1,30,,86945,21,,,1,70,,86929,21,,,1,30,,86946,21,,,1,70,,86930,21,,,1,30,,86947,21,,,1,70,,86931,21,,,1,30,,86948,21,,,1,70,,86932,21,,,1,30,,86949,21,,,1,70,,86933,21,,,1,30,,86950,21,,,1,70,,86934,21,,,1,30,,86951,21,,,1,70,,86935,21,,,1,30,,86952,21,,,1,70,,86936,21,,,1,30,,86953,21,,,1,70,,86937,21,,,1,30,,86954,21,,,1,70,,86938,21,,,1,30,,86955,21,,,1,70,,86939,21,,,1
900,'20261019',653,,86956,21,,,1,70,,86977,21,,,1,77,,86957,21,,,1,27,,86978,21,,,1,30,,86958,21,,,1,70,,86979,21,,,1,30,,86959,21,,,1,81,,86982,21,,,1,70,,86962,21,,,1,30,,86983,21,,,1,70,,86963,21,,,1,30,,86984,21,,,1,70,,86964,21,,,1,30,,86985,21,,,1,70,,86965,21,,,1,30,,86986,21,,,1,70,,86966,21,,,1,30,,86987,21,,,1,71,,86967,21,,,1,30,,86988,21,,,1,13,,86960,21,,,1,50,,86997,21,0,6,1,10,,86968,21,,,1,10,,86980,21,,,1,10,,86999,21,0,6,1,10,,86989,21,,,1,10,,86961,21,,,1,50,,86998,21,0,6,1,10,,86969,21,,,1,12,,86981,21,,,1,15,,86990,21,,,1,70,,86970,21,,,1,30,,86991,21,,,1,70,,86971,21,,,1,29,,86992,21,,,1,70,,86972,21,,,1,30,,86993,21,,,1,70,,86973,21,,,1,30,,86994,21,,,1,70,,86974,21,,,1,30,,86995,21,,,1,72,,86975,21,,,1,28,,86996,21,,,1,70,,86976,21,,,1
900,'20261020',653,,87000,21,,,1,70,,87021,21,,,1,77,,87001,21,,,1,27,,87022,21,,,1,30,,87002,21,,,1,70,,87023,21,,,1,30,,87003,21,,,1,81,,87026,21,,,1,70,,87006,21,,,1,30,,87027,21,,,1,70,,87007,21,,,1,30,,87028,21,,,1,70,,87008,21,,,1,30,,87029,21,,,1,70,,87009,21,,,1,30,,87030,21,,,1,70,,87010,21,,,1,30,,87031,21,,,1,71,,87011,21,,,1,30,,87032,21,,,1,13,,87004,21,,,1,50,,87041,21,0,6,1,10,,87012,21,,,1,10,,87024,21,,,1,10,,87043,21,0,6,1,10,,87033,21,,,1,10,,87005,21,,,1,50,,87042,21,0,6,1,10,,87013,21,,,1,12,,87025,21,,,1,15,,87034,21,,,1,70,,87014,21,,,1,30,,87035,21,,,1,70,,87015,21,,,1,29,,87036,21,,,1,70,,87016,21,,,1,30,,87037,21,,,1,70,,87017,21,,,1,30,,87038,21,,,1,70,,87018,21,,,1,30,,87039,21,,,1,72,,87019,21,,,1,28,,87040,21,,,1,70,,87020,21,,,1
900,'20261021',653,,87044,21,,,1,70,,87065,21,,,1,77,,87045,21,,,1,27,,87066,21,,,1,30,,87046,21,,,1,70,,87067,21,,,1,30,,87047,21,,,1,81,,87070,21,,,1,70,,87050,21,,,1,30,,87071,21,,,1,70,,87051,21,,,1,30,,87072,21,,,1,70,,87052,21,,,1,30,,87073,21,,,1,70,,87053,21,,,1,30,,87074,21,,,1,70,,87054,21,,,1,30,,87075,21,,,1,71,,87055,21,,,1,30,,87076,21,,,1,13,,87048,21,,,1,50,,87085,21,0,6,1,10,,87056,21,,,1,10,,87068,21,,,1,10,,87087,21,0,6,1,10,,87077,21,,,1,10,,87049,21,,,1,50,,87086,21,0,6,1,10,,87057,21,,,1,12,,87069,21,,,1,15,,87078,21,,,1,70,,87058,21,,,1,30,,87079,21,,,1,70,,87059,21,,,1,29,,87080,21,,,1,70,,87060,21,,,1,30,,87081,21,,,1,70,,87061,21,,,1,30,,87082,21,,,1,70,,87062,21,,,1,30,,87083,21,,,1,72,,87063,21,,,1,28,,87084,21,,,1,70,,87064,21,,,1
900,'20261022',653,,87088,21,,,1,70,,87109,21,,,1,77,,87089,21,,,1,27,,87110,21,,,1,30,,87090,21,,,1,70,,87111,21,,,1,30,,87091,21,,,1,81,,87114,21,,,1,70,,87094,21,,,1,30,,87115,21,,,1,70,,87095,21,,,1,30,,87116,21,,,1,70,,87096,21,,,1,30,,87117,21,,,1,70,,87097,21,,,1,30,,87118,21,,,1,70,,87098,21,,,1,30,,87119,21,,,1,71,,87099,21,,,1,30,,87120,21,,,1,13,,87092,21,,,1,50,,87129,21,0,6,1,10,,87100,21,,,1,10,,87112,21,,,1,10,,87131,21,0,6,1,10,,87121,21,,,1,10,,87093,21,,,1,50,,87130,21,0,6,1,10,,87101,21,,,1,12,,87113,21,,,1,15,,87122,21,,,1,70,,87102,21,,,1,30,,87123,21,,,1,70,,87103,21,,,1,29,,87124,21,,,1,70,,87104,21,,,1,30,,87125,21,,,1,70,,87105,21,,,1,30,,87126,21,,,1,70,,87106,21,,,1,30,,87127,21,,,1,72,,87107,21,,,1,28,,87128,21,,,1,70,,87108,21,,,1
900,'20261023',653,,87132,21,,,1,70,,87153,21,,,1,77,,87133,21,,,1,27,,87154,21,,,1,30,,87134,21,,,1,70,,87155,21,,,1,30,,87135,21,,,1,81,,87158,21,,,1,70,,87138,21,,,1,30,,87159,21,,,1,70,,87139,21,,,1,30,,87160,21,,,1,70,,87140,21,,,1,30,,87161,21,,,1,70,,87141,21,,,1,30,,87162,21,,,1,70,,87142,21,,,1,30,,87163,21,,,1,71,,87143,21,,,1,30,,87164,21,,,1,13,,87136,21,,,1,50,,87174,21,0,6,1,10,,87144,21,,,1,10,,87156,21,,,1,10,,87176,21,0,6,1,10,,87165,21,,,1,10,,87137,21,,,1,50,,87175,21,0,6,1,10,,87145,21,,,1,12,,87157,21,,,1,15,,87166,21,,,1,70,,87146,21,,,1,30,,87167,21,,,1,70,,87147,21,,,1,29,,87168,21,,,1,70,,87148,21,,,1,30,,87169,21,,,1,70,,87149,21,,,1,30,,87170,21,,,1,70,,87150,21,,,1,30,,87171,21,,,1,72,,87151,21,,,1,28,,87172,21,,,1,70,,87152,21,,,1,30,,87173,21,,,1
900,'20261024',938,,87193,21,,,1,70,,87177,21,,,1,30,,87194,21,,,1,70,,87178,21,,,1,30,,87195,21,,,1,70,,87179,21,,,1,30,,87196,21,,,1,70,,87180,21,,,1,30,,87197,21,,,1,70,,87181,21,,,1,30,,87198,21,,,1,70,,87182,21,,,1,30,,87199,21,,,1,70,,87183,21,,,1,30,,87200,21,,,1,70,,87184,21,,,1,30,,87201,21,,,1,70,,87185,21,,,1,30,,87202,21,,,1,70,,87186,21,,,1,30,,87203,21,,,1,70,,87187,21,,,1,30,,87204,21,,,1,70,,87188,21,,,1,30,,87205,21,,,1,70,,87189,21,,,1,30,,87206,21,,,1,70,,87190,21,,,1,30,,87207,21,,,1,70,,87191,21,,,1,30,,87208,21,,,1,70,,87192,21,,,1,30,,87209,21,,,1
900,'20261025',938,,87226,21,,,1,70,,87210,21,,,1,30,,87227,21,,,1,70,,87211,21,,,1,30,,87228,21,,,1,70,,87212,21,,,1,30,,87229,21,,,1,70,,87213,21,,,1,30,,87230,21,,,1,70,,87214,21,,,1,30,,87231,21,,,1,70,,87215,21,,,1,30,,87232,21,,,1,70,,87216,21,,,1,30,,87233,21,,,1,70,,87217,21,,,1,30,,87234,21,,,1,70,,87218,21,,,1,30,,87235,21,,,1,70,,87219,21,,,1,30,,87236,21,,,1,70,,87220,21,,,1,30,,87237,21,,,1,70,,87221,21,,,1,30,,87238,21,,,1,70,,87222,21,,,1,30,,87239,21,,,1,70,,87223,21,,,1,30,,87240,21,,,1,70,,87224,21,,,1,30,,87241,21,,,1,70,,87225,21,,,1
900,'20261026',653,,87242,21,,,1,70,,87263,21,,,1,77,,87243,21,,,1,27,,87264,21,,,1,30,,87244,21,,,1,70,,87265,21,,,1,30,,87245,21,,,1,81,,87268,21,,,1,70,,87248,21,,,1,30,,87269,21,,,1,70,,87249,21,,,1,30,,87270,21,,,1,70,,87250,21,,,1,30,,87271,21,,,1,70,,87251,21,,,1,30,,87272,21,,,1,70,,87252,21,,,1,30,,87273,21,,,1,71,,87253,21,,,1,30,,87274,21,,,1,13,,87246,21,,,1,50,,87283,21,0,6,1,10,,87254,21,,,1,10,,87266,21,,,1,10,,87285,21,0,6,1,10,,87275,21,,,1,10,,87247,21,,,1,50,,87284,21,0,6,1,10,,87255,21,,,1,12,,87267,21,,,1,15,,87276,21,,,1,70,,87256,21,,,1,30,,87277,21,,,1,70,,87257,21,,,1,29,,87278,21,,,1,70,,87258,21,,,1,30,,87279,21,,,1,70,,87259,21,,,1,30,,87280,21,,,1,70,,87260,21,,,1,30,,87281,21,,,1,72,,87261,21,,,1,28,,87282,21,,,1,70,,87262,21,,,1
900,'20261027',653,,87286,21,,,1,70,,87307,21,,,1,77,,87287,21,,,1,27,,87308,21,,,1,30,,87288,21,,,1,70,,87309,21,,,1,30,,87289,21,,,1,81,,87312,21,,,1,70,,87292,21,,,1,30,,87313,21,,,1,70,,87293,21,,,1,30,,87314,21,,,1,70,,87294,21,,,1,30,,87315,21,,,1,70,,87295,21,,,1,30,,87316,21,,,1,70,,87296,21,,,1,30,,87317,21,,,1,71,,87297,21,,,1,30,,87318,21,,,1,13,,87290,21,,,1,50,,87327,21,0,6,1,10,,87298,21,,,1,10,,87310,21,,,1,10,,87329,21,0,6,1,10,,87319,21,,,1,10,,87291,21,,,1,50,,87328,21,0,6,1,10,,87299,21,,,1,12,,87311,21,,,1,15,,87320,21,,,1,70,,87300,21,,,1,30,,87321,21,,,1,70,,87301,21,,,1,29,,87322,21,,,1,70,,87302,21,,,1,30,,87323,21,,,1,70,,87303,21,,,1,30,,87324,21,,,1,70,,87304,21,,,1,30,,87325,21,,,1,72,,87305,21,,,1,28,,87326,21,,,1,70,,87306,21,,,1
900,'20261028',653,,87330,21,,,1,70,,87351,21,,,1,77,,87331,21,,,1,27,,87352,21,,,1,30,,87332,21,,,1,70,,87353,21,,,1,30,,87333,21,,,1,81,,87356,21,,,1,70,,87336,21,,,1,30,,87357,21,,,1,70,,87337,21,,,1,30,,87358,21,,,1,70,,87338,21,,,1,30,,87359,21,,,1,70,,87339,21,,,1,30,,87360,21,,,1,70,,87340,21,,,1,30,,87361,21,,,1,71,,87341,21,,,1,30,,87362,21,,,1,13,,87334,21,,,1,50,,87371,21,0,6,1,10,,87342,21,,,1,10,,87354,21,,,1,10,,87373,21,0,6,1,10,,87363,21,,,1,10,,87335,21,,,1,50,,87372,21,0,6,1,10,,87343,21,,,1,12,,87355,21,,,1,15,,87364,21,,,1,70,,87344,21,,,1,30,,87365,21,,,1,70,,87345,21,,,1,29,,87366,21,,,1,70,,87346,21,,,1,30,,87367,21,,,1,70,,87347,21,,,1,30,,87368,21,,,1,70,,87348,21,,,1,30,,87369,21,,,1,72,,87349,21,,,1,28,,87370,21,,,1,70,,87350,21,,,1
900,'20261029',653,,87374,21,,,1,70,,87395,21,,,1,77,,87375,21,,,1,27,,87396,21,,,1,30,,87376,21,,,1,70,,87397,21,,,1,30,,87377,21,,,1,81,,87400,21,,,1,70,,87380,21,,,1,30,,87401,21,,,1,70,,87381,21,,,1,30,,87402,21,,,1,70,,87382,21,,,1,30,,87403,21,,,1,70,,87383,21,,,1,30,,87404,21,,,1,70,,87384,21,,,1,30,,87405,21,,,1,71,,87385,21,,,1,30,,87406,21,,,1,13,,87378,21,,,1,50,,87415,21,0,6,1,10,,87386,21,,,1,10,,87398,21,,,1,10,,87417,21,0,6,1,10,,87407,21,,,1,10,,87379,21,,,1,50,,87416,21,0,6,1,10,,87387,21,,,1,12,,87399,21,,,1,15,,87408,21,,,1,70,,87388,21,,,1,30,,87409,21,,,1,70,,87389,21,,,1,29,,87410,21,,,1,70,,87390,21,,,1,30,,87411,21,,,1,70,,87391,21,,,1,30,,87412,21,,,1,70,,87392,21,,,1,30,,87413,21,,,1,72,,87393,21,,,1,28,,87414,21,,,1,70,,87394,21,,,1
900,'20261030',653,,87418,21,,,1,70,,87439,21,,,1,77,,87419,21,,,1,27,,87440,21,,,1,30,,87420,21,,,1,70,,87441,21,,,1,30,,87421,21,,,1,81,,87444,21,,,1,70,,87424,21,,,1,30,,87445,21,,,1,70,,87425,21,,,1,30,,87446,21,,,1,70,,87426,21,,,1,30,,87447,21,,,1,70,,87427,21,,,1,30,,87448,21,,,1,70,,87428,21,,,1,30,,87449,21,,,1,71,,87429,21,,,1,30,,87450,21,,,1,13,,87422,21,,,1,50,,87460,21,0,6,1,10,,87430,21,,,1,10,,87442,21,,,1,10,,87462,21,0,6,1,10,,87451,21,,,1,10,,87423,21,,,1,50,,87461,21,0,6,1,10,,87431,21,,,1,12,,87443,21,,,1,15,,87452,21,,,1,70,,87432,21,,,1,30,,87453,21,,,1,70,,87433,21,,,1,29,,87454,21,,,1,70,,87434,21,,,1,30,,87455,21,,,1,70,,87435,21,,,1,30,,87456,21,,,1,70,,87436,21,,,1,30,,87457,21,,,1,72,,87437,21,,,1,28,,87458,21,,,1,70,,87438,21,,,1,30,,87459,21,,,1
900,'20261031',938,,87479,21,,,1,70,,87463,21,,,1,30,,87480,21,,,1,70,,87464,21,,,1,30,,87481,21,,,1,70,,87465,21,,,1,30,,87482,21,,,1,70,,87466,21,,,1,30,,87483,21,,,1,70,,87467,21,,,1,30,,87484,21,,,1,70,,87468,21,,,1,30,,87485,21,,,1,70,,87469,21,,,1,30,,87486,21,,,1,70,,87470,21,,,1,30,,87487,21,,,1,70,,87471,21,,,1,30,,87488,21,,,1,70,,87472,21,,,1,30,,87489,21,,,1,70,,87473,21,,,1,30,,87490,21,,,1,70,,87474,21,,,1,30,,87491,21,,,1,70,,87475,21,,,1,30,,87492,21,,,1,70,,87476,21,,,1,30,,87493,21,,,1,70,,87477,21,,,1,30,,87494,21,,,1,70,,87478,21,,,1,30,,87495,21,,,1
900,'20261101',938,,87512,21,,,1,70,,87496,21,,,1,30,,87513,21,,,1,70,,87497,21,,,1,30,,87514,21,,,1,70,,87498,21,,,1,30,,87515,21,,,1,70,,87499,21,,,1,30,,87516,21,,,1,70,,87500,21,,,1,30,,87517,21,,,1,70,,87501,21,,,1,30,,87518,21,,,1,70,,87502,21,,,1,30,,87519,21,,,1,70,,87503,21,,,1,30,,87520,21,,,1,70,,87504,21,,,1,30,,87521,21,,,1,70,,87505,21,,,1,30,,87522,21,,,1,70,,87506,21,,,1,30,,87523,21,,,1,70,,87507,21,,,1,30,,87524,21,,,1,70,,87508,21,,,1,30,,87525,21,,,1,70,,87509,21,,,1,30,,87526,21,,,1,70,,87510,21,,,1,30,,87527,21,,,1,70,,87511,21,,,1
900,'20261102',653,,87528,21,,,1,70,,87549,21,,,1,77,,87529,21,,,1,27,,87550,21,,,1,30,,87530,21,,,1,70,,87551,21,,,1,30,,87531,21,,,1,81,,87554,21,,,1,70,,87534,21,,,1,30,,87555,21,,,1,70,,87535,21,,,1,30,,87556,21,,,1,70,,87536,21,,,1,30,,87557,21,,,1,70,,87537,21,,,1,30,,87558,21,,,1,70,,87538,21,,,1,30,,87559,21,,,1,71,,87539,21,,,1,30,,87560,21,,,1,13,,87532,21,,,1,50,,87569,21,0,6,1,10,,87540,21,,,1,10,,87552,21,,,1,10,,87571,21,0,6,1,10,,87561,21,,,1,10,,87533,21,,,1,50,,87570,21,0,6,1,10,,87541,21,,,1,12,,87553,21,,,1,15,,87562,21,,,1,70,,87542,21,,,1,30,,87563,21,,,1,70,,87543,21,,,1,29,,87564,21,,,1,70,,87544,21,,,1,30,,87565,21,,,1,70,,87545,21,,,1,30,,87566,21,,,1,70,,87546,21,,,1,30,,87567,21,,,1,72,,87547,21,,,1,28,,87568,21,,,1,70,,87548,21,,,1
900,'20261103',653,,87572,21,,,1,70,,87593,21,,,1,77,,87573,21,,,1,27,,87594,21,,,1,30,,87574,21,,,1,70,,87595,21,,,1,30,,87575,21,,,1,81,,87598,21,,,1,70,,87578,21,,,1,30,,87599,21,,,1,70,,87579,21,,,1,30,,87600,21,,,1,70,,87580,21,,,1,30,,87601,21,,,1,70,,87581,21,,,1,30,,87602,21,,,1,70,,87582,21,,,1,30,,87603,21,,,1,71,,87583,21,,,1,30,,87604,21,,,1,13,,87576,21,,,1,50,,87613,21,0,6,1,10,,87584,21,,,1,10,,87596,21,,,1,10,,87615,21,0,6,1,10,,87605,21,,,1,10,,87577,21,,,1,50,,87614,21,0,6,1,10,,87585,21,,,1,12,,87597,21,,,1,15,,87606,21,,,1,70,,87586,21,,,1,30,,87607,21,,,1,70,,87587,21,,,1,29,,87608,21,,,1,70,,87588,21,,,1,30,,87609,21,,,1,70,,87589,21,,,1,30,,87610,21,,,1,70,,87590,21,,,1,30,,87611,21,,,1,72,,87591,21,,,1,28,,87612,21,,,1,70,,87592,21,,,1
900,'20261104',653,,87616,21,,,1,70,,87637,21,,,1,77,,87617,21,,,1,27,,87638,21,,,1,30,,87618,21,,,1,70,,87639,21,,,1,30,,87619,21,,,1,81,,87642,21,,,1,70,,87622,21,,,1,30,,87643,21,,,1,70,,87623,21,,,1,30,,87644,21,,,1,70,,87624,21,,,1,30,,87645,21,,,1,70,,87625,21,,,1,30,,87646,21,,,1,70,,87626,21,,,1,30,,87647,21,,,1,71,,87627,21,,,1,30,,87648,21,,,1,13,,87620,21,,,1,50,,87657,21,0,6,1,10,,87628,21,,,1,10,,87640,21,,,1,10,,87659,21,0,6,1,10,,87649,21,,,1,10,,87621,21,,,1,50,,87658,21,0,6,1,10,,87629,21,,,1,12,,87641,21,,,1,15,,87650,21,,,1,70,,87630,21,,,1,30,,87651,21,,,1,70,,87631,21,,,1,29,,87652,21,,,1,70,,87632,21,,,1,30,,87653,21,,,1,70,,87633,21,,,1,30,,87654,21,,,1,70,,87634,21,,,1,30,,87655,21,,,1,72,,87635,21,,,1,28,,87656,21,,,1,70,,87636,21,,,1
900,'20261105',653,,87660,21,,,1,70,,87681,21,,,1,77,,87661,21,,,1,27,,87682,21,,,1,30,,87662,21,,,1,70,,87683,21,,,1,30,,87663,21,,,1,81,,87686,21,,,1,70,,87666,21,,,1,30,,87687,21,,,1,70,,87667,21,,,1,30,,87688,21,,,1,70,,87668,21,,,1,30,,87689,21,,,1,70,,87669,21,,,1,30,,87690,21,,,1,70,,87670,21,,,1,30,,87691,21,,,1,71,,87671,21,,,1,30,,87692,21,,,1,13,,87664,21,,,1,50,,87701,21,0,6,1,10,,87672,21,,,1,10,,87684,21,,,1,10,,87703,21,0,6,1,10,,87693,21,,,1,10,,87665,21,,,1,50,,87702,21,0,6,1,10,,87673,21,,,1,12,,87685,21,,,1,15,,87694,21,,,1,70,,87674,21,,,1,30,,87695,21,,,1,70,,87675,21,,,1,29,,87696,21,,,1,70,,87676,21,,,1,30,,87697,21,,,1,70,,87677,21,,,1,30,,87698,21,,,1,70,,87678,21,,,1,30,,87699,21,,,1,72,,87679,21,,,1,28,,87700,21,,,1,70,,87680,21,,,1
900,'20261106',653,,87704,21,,,1,70,,87725,21,,,1,77,,87705,21,,,1,27,,87726,21,,,1,30,,87706,21,,,1,70,,87727,21,,,1,30,,87707,21,,,1,81,,87730,21,,,1,70,,87710,21,,,1,30,,87731,21,,,1,70,,87711,21,,,1,30,,87732,21,,,1,70,,87712,21,,,1,30,,87733,21,,,1,70,,87713,21,,,1,30,,87734,21,,,1,70,,87714,21,,,1,30,,87735,21,,,1,71,,87715,21,,,1,30,,87736,21,,,1,13,,87708,21,,,1,50,,87746,21,0,6,1,10,,87716,21,,,1,10,,87728,21,,,1,10,,87748,21,0,6,1,10,,87737,21,,,1,10,,87709,21,,,1,50,,87747,21,0,6,1,10,,87717,21,,,1,12,,87729,21,,,1,15,,87738,21,,,1,70,,87718,21,,,1,30,,87739,21,,,1,70,,87719,21,,,1,29,,87740,21,,,1,70,,87720,21,,,1,30,,87741,21,,,1,70,,87721,21,,,1,30,,87742,21,,,1,70,,87722,21,,,1,30,,87743,21,,,1,72,,87723,21,,,1,28,,87744,21,,,1,70,,87724,21,,,1,30,,87745,21,,,1
900,'20261107',938,,87765,21,,,1,70,,87749,21,,,1,30,,87766,21,,,1,70,,87750,21,,,1,30,,87767,21,,,1,70,,87751,21,,,1,30,,87768,21,,,1,70,,87752,21,,,1,30,,87769,21,,,1,70,,87753,21,,,1,30,,87770,21,,,1,70,,87754,21,,,1,30,,87771,21,,,1,70,,87755,21,,,1,30,,87772,21,,,1,70,,87756,21,,,1,30,,87773,21,,,1,70,,87757,21,,,1,30,,87774,21,,,1,70,,87758,21,,,1,30,,87775,21,,,1,70,,87759,21,,,1,30,,87776,21,,,1,70,,87760,21,,,1,30,,87777,21,,,1,70,,87761,21,,,1,30,,87778,21,,,1,70,,87762,21,,,1,30,,87779,21,,,1,70,,87763,21,,,1,30,,87780,21,,,1,70,,87764,21,,,1,30,,87781,21,,,1
900,'20261108',938,,87798,21,,,1,70,,87782,21,,,1,30,,87799,21,,,1,70,,87783,21,,,1,30,,87800,21,,,1,70,,87784,21,,,1,30,,87801,21,,,1,70,,87785,21,,,1,30,,87802,21,,,1,70,,87786,21,,,1,30,,87803,21,,,1,70,,87787,21,,,1,30,,87804,21,,,1,70,,87788,21,,,1,30,,87805,21,,,1,70,,87789,21,,,1,30,,87806,21,,,1,70,,87790,21,,,1,30,,87807,21,,,1,70,,87791,21,,,1,30,,87808,21,,,1,70,,87792,21,,,1,30,,87809,21,,,1,70,,87793,21,,,1,30,,87810,21,,,1,70,,87794,21,,,1,30,,87811,21,,,1,70,,87795,21,,,1,30,,87812,21,,,1,70,,87796,21,,,1,30,,87813,21,,,1,70,,87797,21,,,1
900,'20261109',653,,87814,21,,,1,70,,87835,21,,,1,77,,87815,21,,,1,27,,87836,21,,,1,30,,87816,21,,,1,70,,87837,21,,,1,30,,87817,21,,,1,81,,87840,21,,,1,70,,87820,21,,,1,30,,87841,21,,,1,70,,87821,21,,,1,30,,87842,21,,,1,70,,87822,21,,,1,30,,87843,21,,,1,70,,87823,21,,,1,30,,87844,21,,,1,70,,87824,21,,,1,30,,87845,21,,,1,71,,87825,21,,,1,30,,87846,21,,,1,13,,87818,21,,,1,50,,87855,21,0,6,1,10,,87826,21,,,1,10,,87838,21,,,1,10,,87857,21,0,6,1,10,,87847,21,,,1,10,,87819,21,,,1,50,,87856,21,0,6,1,10,,87827,21,,,1,12,,87839,21,,,1,15,,87848,21,,,1,70,,87828,21,,,1,30,,87849,21,,,1,70,,87829,21,,,1,29,,87850,21,,,1,70,,87830,21,,,1,30,,87851,21,,,1,70,,87831,21,,,1,30,,87852,21,,,1,70,,87832,21,,,1,30,,87853,21,,,1,72,,87833,21,,,1,28,,87854,21,,,1,70,,87834,21,,,1
900,'20261110',653,,87858,21,,,1,70,,87879,21,,,1,77,,87859,21,,,1,27,,87880,21,,,1,30,,87860,21,,,1,70,,87881,21,,,1,30,,87861,21,,,1,81,,87884,21,,,1,70,,87864,21,,,1,30,,87885,21,,,1,70,,87865,21,,,1,30,,87886,21,,,1,70,,87866,21,,,1,30,,87887,21,,,1,70,,87867,21,,,1,30,,87888,21,,,1,70,,87868,21,,,1,30,,87889,21,,,1,71,,87869,21,,,1,30,,87890,21,,,1,13,,87862,21,,,1,50,,87899,21,0,6,1,10,,87870,21,,,1,10,,87882,21,,,1,10,,87901,21,0,6,1,10,,87891,21,,,1,10,,87863,21,,,1,50,,87900,21,0,6,1,10,,87871,21,,,1,12,,87883,21,,,1,15,,87892,21,,,1,70,,87872,21,,,1,30,,87893,21,,,1,70,,87873,21,,,1,29,,87894,21,,,1,70,,87874,21,,,1,30,,87895,21,,,1,70,,87875,21,,,1,30,,87896,21,,,1,70,,87876,21,,,1,30,,87897,21,,,1,72,,87877,21,,,1,28,,87898,21,,,1,70,,87878,21,,,1
900,'20261111',653,,87902,21,,,1,70,,87923,21,,,1,77,,87903,21,,,1,27,,87924,21,,,1,30,,87904,21,,,1,70,,87925,21,,,1,30,,87905,21,,,1,81,,87928,21,,,1,70,,87908,21,,,1,30,,87929,21,,,1,70,,87909,21,,,1,30,,87930,21,,,1,70,,87910,21,,,1,30,,87931,21,,,1,70,,87911,21,,,1,30,,87932,21,,,1,70,,87912,21,,,1,30,,87933,21,,,1,71,,87913,21,,,1,30,,87934,21,,,1,13,,87906,21,,,1,50,,87943,21,0,6,1,10,,87914,21,,,1,10,,87926,21,,,1,10,,87945,21,0,6,1,10,,87935,21,,,1,10,,87907,21,,,1,50,,87944,21,0,6,1,10,,87915,21,,,1,12,,87927,21,,,1,15,,87936,21,,,1,70,,87916,21,,,1,30,,87937,21,,,1,70,,87917,21,,,1,29,,87938,21,,,1,70,,87918,21,,,1,30,,87939,21,,,1,70,,87919,21,,,1,30,,87940,21,,,1,70,,87920,21,,,1,30,,87941,21,,,1,72,,87921,21,,,1,28,,87942,21,,,1,70,,87922,21,,,1
900,'20261112',653,,87946,21,,,1,70,,87967,21,,,1,77,,87947,21,,,1,27,,87968,21,,,1,30,,87948,21,,,1,70,,87969,21,,,1,30,,87949,21,,,1,81,,87972,21,,,1,70,,87952,21,,,1,30,,87973,21,,,1,70,,87953,21,,,1,30,,87974,21,,,1,70,,87954,21,,,1,30,,87975,21,,,1,70,,87955,21,,,1,30,,87976,21,,,1,70,,87956,21,,,1,30,,87977,21,,,1,71,,87957,21,,,1,30,,87978,21,,,1,13,,87950,21,,,1,50,,87987,21,0,6,1,10,,87958,21,,,1,10,,87970,21,,,1,10,,87989,21,0,6,1,10,,87979,21,,,1,10,,87951,21,,,1,50,,87988,21,0,6,1,10,,87959,21,,,1,12,,87971,21,,,1,15,,87980,21,,,1,70,,87960,21,,,1,30,,87981,21,,,1,70,,87961,21,,,1,29,,87982,21,,,1,70,,87962,21,,,1,30,,87983,21,,,1,70,,87963,21,,,1,30,,87984,21,,,1,70,,87964,21,,,1,30,,87985,21,,,1,72,,87965,21,,,1,28,,87986,21,,,1,70,,87966,21,,,1
900,'20261113',653,,87990,21,,,1,70,,88011,21,,,1,77,,87991,21,,,1,27,,88012,21,,,1,30,,87992,21,,,1,70,,88013,21,,,1,30,,87993,21,,,1,81,,88016,21,,,1,70,,87996,21,,,1,30,,88017,21,,,1,70,,87997,21,,,1,30,,88018,21,,,1,70,,87998,21,,,1,30,,88019,21,,,1,70,,87999,21,,,1,30,,88020,21,,,1,70,,88000,21,,,1,30,,88021,21,,,1,71,,88001,21,,,1,30,,88022,21,,,1,13,,87994,21,,,1,50,,88032,21,0,6,1,10,,88002,21,,,1,10,,88014,21,,,1,10,,88034,21,0,6,1,10,,88023,21,,,1,10,,87995,21,,,1,50,,88033,21,0,6,1,10,,88003,21,,,1,12,,88015,21,,,1,15,,88024,21,,,1,70,,88004,21,,,1,30,,88025,21,,,1,70,,88005,21,,,1,29,,88026,21,,,1,70,,88006,21,,,1,30,,88027,21,,,1,70,,88007,21,,,1,30,,88028,21,,,1,70,,88008,21,,,1,30,,88029,21,,,1,72,,88009,21,,,1,28,,88030,21,,,1,70,,88010,21,,,1,30,,88031,21,,,1
900,'20261114',938,,88051,21,,,1,70,,88035,21,,,1,30,,88052,21,,,1,70,,88036,21,,,1,30,,88053,21,,,1,70,,88037,21,,,1,30,,88054,21,,,1,70,,88038,21,,,1,30,,88055,21,,,1,70,,88039,21,,,1,30,,88056,21,,,1,70,,88040,21,,,1,30,,88057,21,,,1,70,,88041,21,,,1,30,,88058,21,,,1,70,,88042,21,,,1,30,,88059,21,,,1,70,,88043,21,,,1,30,,88060,21,,,1,70,,88044,21,,,1,30,,88061,21,,,1,70,,88045,21,,,1,30,,88062,21,,,1,70,,88046,21,,,1,30,,88063,21,,,1,70,,88047,21,,,1,30,,88064,21,,,1,70,,88048,21,,,1,30,,88065,21,,,1,70,,88049,21,,,1,30,,88066,21,,,1,70,,88050,21,,,1,30,,88067,21,,,1
900,'20261115',938,,88084,21,,,1,70,,88068,21,,,1,30,,88085,21,,,1,70,,88069,21,,,1,30,,88086,21,,,1,70,,88070,21,,,1,30,,88087,21,,,1,70,,88071,21,,,1,30,,88088,21,,,1,70,,88072,21,,,1,30,,88089,21,,,1,70,,88073,21,,,1,30,,88090,21,,,1,70,,88074,21,,,1,30,,88091,21,,,1,70,,88075,21,,,1,30,,88092,21,,,1,70,,88076,21,,,1,30,,88093,21,,,1,70,,88077,21,,,1,30,,88094,21,,,1,70,,88078,21,,,1,30,,88095,21,,,1,70,,88079,21,,,1,30,,88096,21,,,1,70,,88080,21,,,1,30,,88097,21,,,1,70,,88081,21,,,1,30,,88098,21,,,1,70,,88082,21,,,1,30,,88099,21,,,1,70,,88083,21,,,1
900,'20261116',653,,88100,21,,,1,70,,88121,21,,,1,77,,88101,21,,,1,27,,88122,21,,,1,30,,88102,21,,,1,70,,88123,21,,,1,30,,88103,21,,,1,81,,88126,21,,,1,70,,88106,21,,,1,30,,88127,21,,,1,70,,88107,21,,,1,30,,88128,21,,,1,70,,88108,21,,,1,30,,88129,21,,,1,70,,88109,21,,,1,30,,88130,21,,,1,70,,88110,21,,,1,30,,88131,21,,,1,71,,88111,21,,,1,30,,88132,21,,,1,13,,88104,21,,,1,50,,88141,21,0,6,1,10,,88112,21,,,1,10,,88124,21,,,1,10,,88143,21,0,6,1,10,,88133,21,,,1,10,,88105,21,,,1,50,,88142,21,0,6,1,10,,88113,21,,,1,12,,88125,21,,,1,15,,88134,21,,,1,70,,88114,21,,,1,30,,88135,21,,,1,70,,88115,21,,,1,29,,88136,21,,,1,70,,88116,21,,,1,30,,88137,21,,,1,70,,88117,21,,,1,30,,88138,21,,,1,70,,88118,21,,,1,30,,88139,21,,,1,72,,88119,21,,,1,28,,88140,21,,,1,70,,88120,21,,,1
900,'20261117',653,,88144,21,,,1,70,,88165,21,,,1,77,,88145,21,,,1,27,,88166,21,,,1,30,,88146,21,,,1,70,,88167,21,,,1,30,,88147,21,,,1,81,,88170,21,,,1,70,,88150,21,,,1,30,,88171,21,,,1,70,,88151,21,,,1,30,,88172,21,,,1,70,,88152,21,,,1,30,,88173,21,,,1,70,,88153,21,,,1,30,,88174,21,,,1,70,,88154,21,,,1,30,,88175,21,,,1,71,,88155,21,,,1,30,,88176,21,,,1,13,,88148,21,,,1,50,,88185,21,0,6,1,10,,88156,21,,,1,10,,88168,21,,,1,10,,88187,21,0,6,1,10,,88177,21,,,1,10,,88149,21,,,1,50,,88186,21,0,6,1,10,,88157,21,,,1,12,,88169,21,,,1,15,,88178,21,,,1,70,,88158,21,,,1,30,,88179,21,,,1,70,,88159,21,,,1,29,,88180,21,,,1,70,,88160,21,,,1,30,,88181,21,,,1,70,,88161,21,,,1,30,,88182,21,,,1,70,,88162,21,,,1,30,,88183,21,,,1,72,,88163,21,,,1,28,,88184,21,,,1,70,,88164,21,,,1
900,'20261118',653,,88188,21,,,1,70,,88209,21,,,1,77,,88189,21,,,1,27,,88210,21,,,1,30,,88190,21,,,1,70,,88211,21,,,1,30,,88191,21,,,1,81,,88214,21,,,1,70,,88194,21,,,1,30,,88215,21,,,1,70,,88195,21,,,1,30,,88216,21,,,1,70,,88196,21,,,1,30,,88217,21,,,1,70,,88197,21,,,1,30,,88218,21,,,1,70,,88198,21,,,1,30,,88219,21,,,1,71,,88199,21,,,1,30,,88220,21,,,1,13,,88192,21,,,1,50,,88229,21,0,6,1,10,,88200,21,,,1,10,,88212,21,,,1,10,,88231,21,0,6,1,10,,88221,21,,,1,10,,88193,21,,,1,50,,88230,21,0,6,1,10,,88201,21,,,1,12,,88213,21,,,1,15,,88222,21,,,1,70,,88202,21,,,1,30,,88223,21,,,1,70,,88203,21,,,1,29,,88224,21,,,1,70,,88204,21,,,1,30,,88225,21,,,1,70,,88205,21,,,1,30,,88226,21,,,1,70,,88206,21,,,1,30,,88227,21,,,1,72,,88207,21,,,1,28,,88228,21,,,1,70,,88208,21,,,1
900,'20261119',653,,88232,21,,,1,70,,88253,21,,,1,77,,88233,21,,,1,27,,88254,21,,,1,30,,88234,21,,,1,70,,88255,21,,,1,30,,88235,21,,,1,81,,88258,21,,,1,70,,88238,21,,,1,30,,88259,21,,,1,70,,88239,21,,,1,30,,88260,21,,,1,70,,88240,21,,,1,30,,88261,21,,,1,70,,88241,21,,,1,30,,88262,21,,,1,70,,88242,21,,,1,30,,88263,21,,,1,71,,88243,21,,,1,30,,88264,21,,,1,13,,88236,21,,,1,50,,88273,21,0,6,1,10,,88244,21,,,1,10,,88256,21,,,1,10,,88275,21,0,6,1,10,,88265,21,,,1,10,,88237,21,,,1,50,,88274,21,0,6,1,10,,88245,21,,,1,12,,88257,21,,,1,15,,88266,21,,,1,70,,88246,21,,,1,30,,88267,21,,,1,70,,88247,21,,,1,29,,88268,21,,,1,70,,88248,21,,,1,30,,88269,21,,,1,70,,88249,21,,,1,30,,88270,21,,,1,70,,88250,21,,,1,30,,88271,21,,,1,72,,88251,21,,,1,28,,88272,21,,,1,70,,88252,21,,,1
900,'20261120',653,,88276,21,,,1,70,,88297,21,,,1,77,,88277,21,,,1,27,,88298,21,,,1,30,,88278,21,,,1,70,,88299,21,,,1,30,,88279,21,,,1,81,,88302,21,,,1,70,,88282,21,,,1,30,,88303,21,,,1,70,,88283,21,,,1,30,,88304,21,,,1,70,,88284,21,,,1,30,,88305,21,,,1,70,,88285,21,,,1,30,,88306,21,,,1,70,,88286,21,,,1,30,,88307,21,,,1,71,,88287,21,,,1,30,,88308,21,,,1,13,,88280,21,,,1,50,,88318,21,0,6,1,10,,88288,21,,,1,10,,88300,21,,,1,10,,88320,21,0,6,1,10,,88309,21,,,1,10,,88281,21,,,1,50,,88319,21,0,6,1,10,,88289,21,,,1,12,,88301,21,,,1,15,,88310,21,,,1,70,,88290,21,,,1,30,,88311,21,,,1,70,,88291,21,,,1,29,,88312,21,,,1,70,,88292,21,,,1,30,,88313,21,,,1,70,,88293,21,,,1,30,,88314,21,,,1,70,,88294,21,,,1,30,,88315,21,,,1,72,,88295,21,,,1,28,,88316,21,,,1,70,,88296,21,,,1,30,,88317,21,,,1
900,'20261121',938,,88337,21,,,1,70,,88321,21,,,1,30,,88338,21,,,1,70,,88322,21,,,1,30,,88339,21,,,1,70,,88323,21,,,1,30,,88340,21,,,1,70,,88324,21,,,1,30,,88341,21,,,1,70,,88325,21,,,1,30,,88342,21,,,1,70,,88326,21,,,1,30,,88343,21,,,1,70,,88327,21,,,1,30,,88344,21,,,1,70,,88328,21,,,1,30,,88345,21,,,1,70,,88329,21,,,1,30,,88346,21,,,1,70,,88330,21,,,1,30,,88347,21,,,1,70,,88331,21,,,1,30,,88348,21,,,1,70,,88332,21,,,1,30,,88349,21,,,1,70,,88333,21,,,1,30,,88350,21,,,1,70,,88334,21,,,1,30,,88351,21,,,1,70,,88335,21,,,1,30,,88352,21,,,1,70,,88336,21,,,1,30,,88353,21,,,1
900,'20261122',938,,88370,21,,,1,70,,88354,21,,,1,30,,88371,21,,,1,70,,88355,21,,,1,30,,88372,21,,,1,70,,88356,21,,,1,30,,88373,21,,,1,70,,88357,21,,,1,30,,88374,21,,,1,70,,88358,21,,,1,30,,88375,21,,,1,70,,88359,21,,,1,30,,88376,21,,,1,70,,88360,21,,,1,30,,88377,21,,,1,70,,88361,21,,,1,30,,88378,21,,,1,70,,88362,21,,,1,30,,88379,21,,,1,70,,88363,21,,,1,30,,88380,21,,,1,70,,88364,21,,,1,30,,88381,21,,,1,70,,88365,21,,,1,30,,88382,21,,,1,70,,88366,21,,,1,30,,88383,21,,,1,70,,88367,21,,,1,30,,88384,21,,,1,70,,88368,21,,,1,30,,88385,21,,,1,70,,88369,21,,,1
900,'20261123',653,,88386,21,,,1,70,,88407,21,,,1,77,,88387,21,,,1,27,,88408,21,,,1,30,,88388,21,,,1,70,,88409,21,,,1,30,,88389,21,,,1,81,,88412,21,,,1,70,,88392,21,,,1,30,,88413,21,,,1,70,,88393,21,,,1,30,,88414,21,,,1,70,,88394,21,,,1,30,,88415,21,,,1,70,,88395,21,,,1,30,,88416,21,,,1,70,,88396,21,,,1,30,,88417,21,,,1,71,,88397,21,,,1,30,,88418,21,,,1,13,,88390,21,,,1,50,,88427,21,0,6,1,10,,88398,21,,,1,10,,88410,21,,,1,10,,88429,21,0,6,1,10,,88419,21,,,1,10,,88391,21,,,1,50,,88428,21,0,6,1,10,,88399,21,,,1,12,,88411,21,,,1,15,,88420,21,,,1,70,,88400,21,,,1,30,,88421,21,,,1,70,,88401,21,,,1,29,,88422,21,,,1,70,,88402,21,,,1,30,,88423,21,,,1,70,,88403,21,,,1,30,,88424,21,,,1,70,,88404,21,,,1,30,,88425,21,,,1,72,,88405,21,,,1,28,,88426,21,,,1,70,,88406,21,,,1
900,'20261124',653,,88430,21,,,1,70,,88451,21,,,1,77,,88431,21,,,1,27,,88452,21,,,1,30,,88432,21,,,1,70,,88453,21,,,1,30,,88433,21,,,1,81,,88456,21,,,1,70,,88436,21,,,1,30,,88457,21,,,1,70,,88437,21,,,1,30,,88458,21,,,1,70,,88438,21,,,1,30,,88459,21,,,1,70,,88439,21,,,1,30,,88460,21,,,1,70,,88440,21,,,1,30,,88461,21,,,1,71,,88441,21,,,1,30,,88462,21,,,1,13,,88434,21,,,1,50,,88471,21,0,6,1,10,,88442,21,,,1,10,,88454,21,,,1,10,,88473,21,0,6,1,10,,88463,21,,,1,10,,88435,21,,,1,50,,88472,21,0,6,1,10,,88443,21,,,1,12,,88455,21,,,1,15,,88464,21,,,1,70,,88444,21,,,1,30,,88465,21,,,1,70,,88445,21,,,1,29,,88466,21,,,1,70,,88446,21,,,1,30,,88467,21,,,1,70,,88447,21,,,1,30,,88468,21,,,1,70,,88448,21,,,1,30,,88469,21,,,1,72,,88449,21,,,1,28,,88470,21,,,1,70,,88450,21,,,1
900,'20261125',653,,88474,21,,,1,70,,88495,21,,,1,77,,88475,21,,,1,27,,88496,21,,,1,30,,88476,21,,,1,70,,88497,21,,,1,30,,88477,21,,,1,81,,88500,21,,,1,70,,88480,21,,,1,30,,88501,21,,,1,70,,88481,21,,,1,30,,88502,21,,,1,70,,88482,21,,,1,30,,88503,21,,,1,70,,88483,21,,,1,30,,88504,21,,,1,70,,88484,21,,,1,30,,88505,21,,,1,71,,88485,21,,,1,30,,88506,21,,,1,13,,88478,21,,,1,50,,88515,21,0,6,1,10,,88486,21,,,1,10,,88498,21,,,1,10,,88517,21,0,6,1,10,,88507,21,,,1,10,,88479,21,,,1,50,,88516,21,0,6,1,10,,88487,21,,,1,12,,88499,21,,,1,15,,88508,21,,,1,70,,88488,21,,,1,30,,88509,21,,,1,70,,88489,21,,,1,29,,88510,21,,,1,70,,88490,21,,,1,30,,88511,21,,,1,70,,88491,21,,,1,30,,88512,21,,,1,70,,88492,21,,,1,30,,88513,21,,,1,72,,88493,21,,,1,28,,88514,21,,,1,70,,88494,21,,,1
900,'20261126',653,,88518,21,,,1,70,,88539,21,,,1,77,,88519,21,,,1,27,,88540,21,,,1,30,,88520,21,,,1,70,,88541,21,,,1,30,,88521,21,,,1,81,,88544,21,,,1,70,,88524,21,,,1,30,,88545,21,,,1,70,,88525,21,,,1,30,,88546,21,,,1,70,,88526,21,,,1,30,,88547,21,,,1,70,,88527,21,,,1,30,,88548,21,,,1,70,,88528,21,,,1,30,,88549,21,,,1,71,,88529,21,,,1,30,,88550,21,,,1,13,,88522,21,,,1,50,,88559,21,0,6,1,10,,88530,21,,,1,10,,88542,21,,,1,10,,88561,21,0,6,1,10,,88551,21,,,1,10,,88523,21,,,1,50,,88560,21,0,6,1,10,,88531,21,,,1,12,,88543,21,,,1,15,,88552,21,,,1,70,,88532,21,,,1,30,,88553,21,,,1,70,,88533,21,,,1,29,,88554,21,,,1,70,,88534,21,,,1,30,,88555,21,,,1,70,,88535,21,,,1,30,,88556,21,,,1,70,,88536,21,,,1,30,,88557,21,,,1,72,,88537,21,,,1,28,,88558,21,,,1,70,,88538,21,,,1
900,'20261127',653,,88562,21,,,1,70,,88583,21,,,1,77,,88563,21,,,1,27,,88584,21,,,1,30,,88564,21,,,1,70,,88585,21,,,1,30,,88565,21,,,1,81,,88588,21,,,1,70,,88568,21,,,1,30,,88589,21,,,1,70,,88569,21,,,1,30,,88590,21,,,1,70,,88570,21,,,1,30,,88591,21,,,1,70,,88571,21,,,1,30,,88592,21,,,1,70,,88572,21,,,1,30,,88593,21,,,1,71,,88573,21,,,1,30,,88594,21,,,1,13,,88566,21,,,1,50,,88604,21,0,6,1,10,,88574,21,,,1,10,,88586,21,,,1,10,,88606,21,0,6,1,10,,88595,21,,,1,10,,88567,21,,,1,50,,88605,21,0,6,1,10,,88575,21,,,1,12,,88587,21,,,1,15,,88596,21,,,1,70,,88576,21,,,1,30,,88597,21,,,1,70,,88577,21,,,1,29,,88598,21,,,1,70,,88578,21,,,1,30,,88599,21,,,1,70,,88579,21,,,1,30,,88600,21,,,1,70,,88580,21,,,1,30,,88601,21,,,1,72,,88581,21,,,1,28,,88602,21,,,1,70,,88582,21,,,1,30,,88603,21,,,1
901,'20260831',515,,65395,8,,,1,30,,65400,8,,,1,76,,65396,8,,,1,15,,65398,8,,,1,10,,65401,8,,,1,10,,65405,4,,,1,50,,65402,8,,,1,10,,65397,8,,,1,10,,65404,4,,,1,10,,65399,8,,,1,10,,63527,8,,,1,10,,65406,4,,,1,50,,65403,8,,,1,16,,63507,8,,,1,30,,63528,8,,,1,70,,63508,8,,,1,30,,63529,8,,,1,70,,63509,8,,,1,30,,63530,8,,,1,70,,63510,8,,,1,30,,63531,8,,,1,70,,63511,8,,,1,30,,63532,8,,,1,70,,63512,8,,,1,30,,63533,8,,,1,70,,63513,8,,,1,30,,63534,8,,,1,70,,63514,8,,,1,17,,65647,4,,,1,13,,63535,8,,,1,54,,65649,4,,,1,16,,63515,8,,,1,14,,65648,4,,,1,16,,63536,8,,,1,70,,63516,8,,,1,30,,63537,8,,,1,70,,63517,8,,,1,30,,63538,8,,,1,70,,63518,8,,,1,30,,63539,8,,,1,70,,63519,8,,,1,30,,63540,8,,,1,70,,63520,8,,,1,30,,63541,8,,,1,70,,63521,8,,,1,30,,63542,8,,,1,70,,63522,8,,,1
901,'20260901',515,,63548,8,,,1,30,,63569,8,,,1,76,,63549,8,,,1,15,,63567,8,,,1,10,,63570,8,,,1,10,,63590,4,,,1,50,,63587,8,,,1,10,,63550,8,,,1,10,,63589,4,,,1,10,,63568,8,,,1,10,,63571,8,,,1,10,,63591,4,,,1,50,,63588,8,,,1,16,,63551,8,,,1,30,,63572,8,,,1,70,,63552,8,,,1,30,,63573,8,,,1,70,,63553,8,,,1,30,,63574,8,,,1,70,,63554,8,,,1,30,,63575,8,,,1,70,,63555,8,,,1,30,,63576,8,,,1,70,,63556,8,,,1,30,,63577,8,,,1,70,,63557,8,,,1,30,,63578,8,,,1,70,,63558,8,,,1,17,,65650,4,,,1,13,,63579,8,,,1,54,,65652,4,,,1,16,,63559,8,,,1,14,,65651,4,,,1,16,,63580,8,,,1,70,,63560,8,,,1,30,,63581,8,,,1,70,,63561,8,,,1,30,,63582,8,,,1,70,,63562,8,,,1,30,,63583,8,,,1,70,,63563,8,,,1,30,,63584,8,,,1,70,,63564,8,,,1,30,,63585,8,,,1,70,,63565,8,,,1,30,,63586,8,,,1,70,,63566,8,,,1
901,'20260902',515,,63592,8,,,1,30,,63613,8,,,1,76,,63593,8,,,1,15,,63611,8,,,1,10,,63614,8,,,1,10,,63634,4,,,1,50,,63631,8,,,1,10,,63594,8,,,1,10,,63633,4,,,1,10,,63612,8,,,1,10,,63615,8,,,1,10,,63635,4,,,1,50,,63632,8,,,1,16,,63595,8,,,1,30,,63616,8,,,1,70,,63596,8,,,1,30,,63617,8,,,1,70,,63597,8,,,1,30,,63618,8,,,1,70,,63598,8,,,1,30,,63619,8,,,1,70,,63599,8,,,1,30,,63620,8,,,1,70,,63600,8,,,1,30,,63621,8,,,1,70,,63601,8,,,1,30,,63622,8,,,1,70,,63602,8,,,1,17,,65653,4,,,1,13,,63623,8,,,1,54,,65655,4,,,1,16,,63603,8,,,1,14,,65654,4,,,1,16,,63624,8,,,1,70,,63604,8,,,1,30,,63625,8,,,1,70,,63605,8,,,1,30,,63626,8,,,1,70,,63606,8,,,1,30,,63627,8,,,1,70,,63607,8,,,1,30,,63628,8,,,1,70,,63608,8,,,1,30,,63629,8,,,1,70,,63609,8,,,1,30,,63630,8,,,1,70,,63610,8,,,1
901,'20260903',515,,63636,8,,,1,30,,63657,8,,,1,76,,63637,8,,,1,15,,63655,8,,,1,10,,63658,8,,,1,10,,63678,4,,,1,50,,63675,8,,,1,10,,63638,8,,,1,10,,63677,4,,,1,10,,63656,8,,,1,10,,63659,8,,,1,10,,63679,4,,,1,50,,63676,8,,,1,16,,63639,8,,,1,30,,63660,8,,,1,70,,63640,8,,,1,30,,63661,8,,,1,70,,63641,8,,,1,30,,63662,8,,,1,70,,63642,8,,,1,30,,63663,8,,,1,70,,63643,8,,,1,30,,63664,8,,,1,70,,63644,8,,,1,30,,63665,8,,,1,70,,63645,8,,,1,30,,63666,8,,,1,70,,63646,8,,,1,17,,65656,4,,,1,13,,63667,8,,,1,54,,65658,4,,,1,16,,63647,8,,,1,14,,65657,4,,,1,16,,63668,8,,,1,70,,63648,8,,,1,30,,63669,8,,,1,70,,63649,8,,,1,30,,63670,8,,,1,70,,63650,8,,,1,30,,63671,8,,,1,70,,63651,8,,,1,30,,63672,8,,,1,70,,63652,8,,,1,30,,63673,8,,,1,70,,63653,8,,,1,30,,63674,8,,,1,70,,63654,8,,,1
901,'20260904',515,,63680,8,,,1,30,,63701,8,,,1,76,,63681,8,,,1,15,,63699,8,,,1,10,,63702,8,,,1,10,,63723,4,,,1,50,,63720,8,,,1,10,,63682,8,,,1,10,,63722,4,,,1,10,,63700,8,,,1,10,,63703,8,,,1,10,,63724,4,,,1,50,,63721,8,,,1,16,,63683,8,,,1,30,,63704,8,,,1,70,,63684,8,,,1,30,,63705,8,,,1,70,,63685,8,,,1,30,,63706,8,,,1,70,,63686,8,,,1,30,,63707,8,,,1,70,,63687,8,,,1,30,,63708,8,,,1,70,,63688,8,,,1,30,,63709,8,,,1,70,,63689,8,,,1,30,,63710,8,,,1,70,,63690,8,,,1,17,,65659,4,,,1,13,,63711,8,,,1,54,,65661,4,,,1,16,,63691,8,,,1,14,,65660,4,,,1,16,,63712,8,,,1,70,,63692,8,,,1,30,,63713,8,,,1,70,,63693,8,,,1,30,,63714,8,,,1,70,,63694,8,,,1,30,,63715,8,,,1,70,,63695,8,,,1,30,,63716,8,,,1,70,,63696,8,,,1,30,,63717,8,,,1,70,,63697,8,,,1,30,,63718,8,,,1,70,,63698,8,,,1,30,,63719,8,,,1
901,'20260905',749,,88632,8,,,1,70,,88607,8,,,1,30,,88633,8,,,1,70,,88608,8,,,1,30,,88634,8,,,1,70,,88609,8,,,1,30,,88635,8,,,1,70,,88610,8,,,1,30,,88636,8,,,1,70,,88611,8,,,1,30,,88637,8,,,1,70,,88612,8,,,1,30,,88638,8,,,1,70,,88613,8,,,1,15,,88623,8,,,1,18,,88639,8,,,1,55,,88649,8,,,1,15,,88614,8,,,1,15,,88624,8,,,1,15,,88640,8,,,1,55,,88650,8,,,1,15,,88615,8,,,1,15,,88625,8,,,1,15,,88641,8,,,1,55,,88651,8,,,1,15,,88616,8,,,1,15,,88626,8,,,1,15,,88642,8,,,1,55,,88652,8,,,1,15,,88617,8,,,1,15,,88627,8,,,1,15,,88643,8,,,1,55,,88653,8,,,1,15,,88618,8,,,1,15,,88628,8,,,1,15,,88644,8,,,1,55,,88654,8,,,1,15,,88619,8,,,1,15,,88629,8,,,1,15,,88645,8,,,1,55,,88655,8,,,1,15,,88620,8,,,1,15,,88630,8,,,1,15,,88646,8,,,1,55,,88656,8,,,1,15,,88621,8,,,1,15,,88631,8,,,1,15,,88647,8,,,1,70,,88622,8,,,1,30,,88648,8,,,1
901,'20260906',749,,88682,8,,,1,70,,88657,8,,,1,30,,88683,8,,,1,70,,88658,8,,,1,30,,88684,8,,,1,70,,88659,8,,,1,30,,88685,8,,,1,70,,88660,8,,,1,30,,88686,8,,,1,70,,88661,8,,,1,30,,88687,8,,,1,70,,88662,8,,,1,30,,88688,8,,,1,70,,88663,8,,,1,15,,88673,8,,,1,18,,88689,8,,,1,55,,88699,8,,,1,15,,88664,8,,,1,15,,88674,8,,,1,15,,88690,8,,,1,55,,88700,8,,,1,15,,88665,8,,,1,15,,88675,8,,,1,15,,88691,8,,,1,55,,88701,8,,,1,15,,88666,8,,,1,15,,88676,8,,,1,15,,88692,8,,,1,55,,88702,8,,,1,15,,88667,8,,,1,15,,88677,8,,,1,15,,88693,8,,,1,55,,88703,8,,,1,15,,88668,8,,,1,15,,88678,8,,,1,15,,88694,8,,,1,55,,88704,8,,,1,15,,88669,8,,,1,15,,88679,8,,,1,15,,88695,8,,,1,55,,88705,8,,,1,15,,88670,8,,,1,15,,88680,8,,,1,15,,88696,8,,,1,55,,88706,8,,,1,15,,88671,8,,,1,15,,88681,8,,,1,15,,88697,8,,,1,70,,88672,8,,,1,30,,88698,8,,,1
901,'20260907',749,,88732,8,,,1,70,,88707,8,,,1,30,,88733,8,,,1,70,,88708,8,,,1,30,,88734,8,,,1,70,,88709,8,,,1,30,,88735,8,,,1,70,,88710,8,,,1,30,,88736,8,,,1,70,,88711,8,,,1,30,,88737,8,,,1,70,,88712,8,,,1,30,,88738,8,,,1,70,,88713,8,,,1,15,,88723,8,,,1,18,,88739,8,,,1,55,,88749,8,,,1,15,,88714,8,,,1,15,,88724,8,,,1,15,,88740,8,,,1,55,,88750,8,,,1,15,,88715,8,,,1,15,,88725,8,,,1,15,,88741,8,,,1,55,,88751,8,,,1,15,,88716,8,,,1,15,,88726,8,,,1,15,,88742,8,,,1,55,,88752,8,,,1,15,,88717,8,,,1,15,,88727,8,,,1,15,,88743,8,,,1,55,,88753,8,,,1,15,,88718,8,,,1,15,,88728,8,,,1,15,,88744,8,,,1,55,,88754,8,,,1,15,,88719,8,,,1,15,,88729,8,,,1,15,,88745,8,,,1,55,,88755,8,,,1,15,,88720,8,,,1,15,,88730,8,,,1,15,,88746,8,,,1,55,,88756,8,,,1,15,,88721,8,,,1,15,,88731,8,,,1,15,,88747,8,,,1,70,,88722,8,,,1,30,,88748,8,,,1
901,'20260908',515,,88757,8,,,1,30,,88778,8,,,1,76,,88758,8,,,1,15,,88776,8,,,1,10,,88779,8,,,1,10,,88799,4,,,1,50,,88796,8,,,1,10,,88759,8,,,1,10,,88798,4,,,1,10,,88777,8,,,1,10,,88780,8,,,1,10,,88800,4,,,1,50,,88797,8,,,1,16,,88760,8,,,1,30,,88781,8,,,1,70,,88761,8,,,1,30,,88782,8,,,1,70,,88762,8,,,1,30,,88783,8,,,1,70,,88763,8,,,1,30,,88784,8,,,1,70,,88764,8,,,1,30,,88785,8,,,1,70,,88765,8,,,1,30,,88786,8,,,1,70,,88766,8,,,1,30,,88787,8,,,1,70,,88767,8,,,1,30,,88788,8,,,1,70,,88768,8,,,1,30,,88789,8,,,1,70,,88769,8,,,1,30,,88790,8,,,1,70,,88770,8,,,1,30,,88791,8,,,1,70,,88771,8,,,1,30,,88792,8,,,1,70,,88772,8,,,1,30,,88793,8,,,1,70,,88773,8,,,1,30,,88794,8,,,1,70,,88774,8,,,1,30,,88795,8,,,1,70,,88775,8,,,1
901,'20260909',515,,88801,8,,,1,30,,88822,8,,,1,76,,88802,8,,,1,15,,88820,8,,,1,10,,88823,8,,,1,10,,88843,4,,,1,50,,88840,8,,,1,10,,88803,8,,,1,10,,88842,4,,,1,10,,88821,8,,,1,10,,88824,8,,,1,10,,88844,4,,,1,50,,88841,8,,,1,16,,88804,8,,,1,30,,88825,8,,,1,70,,88805,8,,,1,30,,88826,8,,,1,70,,88806,8,,,1,30,,88827,8,,,1,70,,88807,8,,,1,30,,88828,8,,,1,70,,88808,8,,,1,30,,88829,8,,,1,70,,88809,8,,,1,30,,88830,8,,,1,70,,88810,8,,,1,30,,88831,8,,,1,70,,88811,8,,,1,30,,88832,8,,,1,70,,88812,8,,,1,30,,88833,8,,,1,70,,88813,8,,,1,30,,88834,8,,,1,70,,88814,8,,,1,30,,88835,8,,,1,70,,88815,8,,,1,30,,88836,8,,,1,70,,88816,8,,,1,30,,88837,8,,,1,70,,88817,8,,,1,30,,88838,8,,,1,70,,88818,8,,,1,30,,88839,8,,,1,70,,88819,8,,,1
901,'20260910',515,,88845,8,,,1,30,,88866,8,,,1,76,,88846,8,,,1,15,,88864,8,,,1,10,,88867,8,,,1,10,,88887,4,,,1,50,,88884,8,,,1,10,,88847,8,,,1,10,,88886,4,,,1,10,,88865,8,,,1,10,,88868,8,,,1,10,,88888,4,,,1,50,,88885,8,,,1,16,,88848,8,,,1,30,,88869,8,,,1,70,,88849,8,,,1,30,,88870,8,,,1,70,,88850,8,,,1,30,,88871,8,,,1,70,,88851,8,,,1,30,,88872,8,,,1,70,,88852,8,,,1,30,,88873,8,,,1,70,,88853,8,,,1,30,,88874,8,,,1,70,,88854,8,,,1,30,,88875,8,,,1,70,,88855,8,,,1,30,,88876,8,,,1,70,,88856,8,,,1,30,,88877,8,,,1,70,,88857,8,,,1,30,,88878,8,,,1,70,,88858,8,,,1,30,,88879,8,,,1,70,,88859,8,,,1,30,,88880,8,,,1,70,,88860,8,,,1,30,,88881,8,,,1,70,,88861,8,,,1,30,,88882,8,,,1,70,,88862,8,,,1,30,,88883,8,,,1,70,,88863,8,,,1
901,'20260911',515,,88889,8,,,1,30,,88910,8,,,1,76,,88890,8,,,1,15,,88908,8,,,1,10,,88911,8,,,1,10,,88932,4,,,1,50,,88929,8,,,1,10,,88891,8,,,1,10,,88931,4,,,1,10,,88909,8,,,1,10,,88912,8,,,1,10,,88933,4,,,1,50,,88930,8,,,1,16,,88892,8,,,1,30,,88913,8,,,1,70,,88893,8,,,1,30,,88914,8,,,1,70,,88894,8,,,1,30,,88915,8,,,1,70,,88895,8,,,1,30,,88916,8,,,1,70,,88896,8,,,1,30,,88917,8,,,1,70,,88897,8,,,1,30,,88918,8,,,1,70,,88898,8,,,1,30,,88919,8,,,1,70,,88899,8,,,1,30,,88920,8,,,1,70,,88900,8,,,1,30,,88921,8,,,1,70,,88901,8,,,1,30,,88922,8,,,1,70,,88902,8,,,1,30,,88923,8,,,1,70,,88903,8,,,1,30,,88924,8,,,1,70,,88904,8,,,1,30,,88925,8,,,1,70,,88905,8,,,1,30,,88926,8,,,1,70,,88906,8,,,1,30,,88927,8,,,1,70,,88907,8,,,1,30,,88928,8,,,1
901,'20260912',752,,88950,8,,,1,70,,88934,8,,,1,30,,88951,8,,,1,70,,88935,8,,,1,30,,88952,8,,,1,70,,88936,8,,,1,30,,88953,8,,,1,70,,88937,8,,,1,30,,88954,8,,,1,70,,88938,8,,,1,30,,88955,8,,,1,70,,88939,8,,,1,30,,88956,8,,,1,70,,88940,8,,,1,30,,88957,8,,,1,70,,88941,8,,,1,30,,88958,8,,,1,70,,88942,8,,,1,30,,88959,8,,,1,70,,88943,8,,,1,30,,88960,8,,,1,70,,88944,8,,,1,30,,88961,8,,,1,70,,88945,8,,,1,30,,88962,8,,,1,70,,88946,8,,,1,30,,88963,8,,,1,70,,88947,8,,,1,30,,88964,8,,,1,70,,88948,8,,,1,30,,88965,8,,,1,70,,88949,8,,,1,30,,88966,8,,,1
901,'20260913',752,,88983,8,,,1,70,,88967,8,,,1,30,,88984,8,,,1,70,,88968,8,,,1,30,,88985,8,,,1,70,,88969,8,,,1,30,,88986,8,,,1,70,,88970,8,,,1,30,,88987,8,,,1,70,,88971,8,,,1,30,,88988,8,,,1,70,,88972,8,,,1,30,,88989,8,,,1,70,,88973,8,,,1,30,,88990,8,,,1,70,,88974,8,,,1,30,,88991,8,,,1,70,,88975,8,,,1,30,,88992,8,,,1,70,,88976,8,,,1,30,,88993,8,,,1,70,,88977,8,,,1,30,,88994,8,,,1,70,,88978,8,,,1,30,,88995,8,,,1,70,,88979,8,,,1,30,,88996,8,,,1,70,,88980,8,,,1,30,,88997,8,,,1,70,,88981,8,,,1,30,,88998,8,,,1,70,,88982,8,,,1
901,'20260914',515,,88999,8,,,1,30,,89020,8,,,1,76,,89000,8,,,1,15,,89018,8,,,1,10,,89021,8,,,1,10,,89041,4,,,1,50,,89038,8,,,1,10,,89001,8,,,1,10,,89040,4,,,1,10,,89019,8,,,1,10,,89022,8,,,1,10,,89042,4,,,1,50,,89039,8,,,1,16,,89002,8,,,1,30,,89023,8,,,1,70,,89003,8,,,1,30,,89024,8,,,1,70,,89004,8,,,1,30,,89025,8,,,1,70,,89005,8,,,1,30,,89026,8,,,1,70,,89006,8,,,1,30,,89027,8,,,1,70,,89007,8,,,1,30,,89028,8,,,1,70,,89008,8,,,1,30,,89029,8,,,1,70,,89009,8,,,1,30,,89030,8,,,1,70,,89010,8,,,1,30,,89031,8,,,1,70,,89011,8,,,1,30,,89032,8,,,1,70,,89012,8,,,1,30,,89033,8,,,1,70,,89013,8,,,1,30,,89034,8,,,1,70,,89014,8,,,1,30,,89035,8,,,1,70,,89015,8,,,1,30,,89036,8,,,1,70,,89016,8,,,1,30,,89037,8,,,1,70,,89017,8,,,1
901,'20260915',515,,89043,8,,,1,30,,89064,8,,,1,76,,89044,8,,,1,15,,89062,8,,,1,10,,89065,8,,,1,10,,89085,4,,,1,50,,89082,8,,,1,10,,89045,8,,,1,10,,89084,4,,,1,10,,89063,8,,,1,10,,89066,8,,,1,10,,89086,4,,,1,50,,89083,8,,,1,16,,89046,8,,,1,30,,89067,8,,,1,70,,89047,8,,,1,30,,89068,8,,,1,70,,89048,8,,,1,30,,89069,8,,,1,70,,89049,8,,,1,30,,89070,8,,,1,70,,89050,8,,,1,30,,89071,8,,,1,70,,89051,8,,,1,30,,89072,8,,,1,70,,89052,8,,,1,30,,89073,8,,,1,70,,89053,8,,,1,30,,89074,8,,,1,70,,89054,8,,,1,30,,89075,8,,,1,70,,89055,8,,,1,30,,89076,8,,,1,70,,89056,8,,,1,30,,89077,8,,,1,70,,89057,8,,,1,30,,89078,8,,,1,70,,89058,8,,,1,30,,89079,8,,,1,70,,89059,8,,,1,30,,89080,8,,,1,70,,89060,8,,,1,30,,89081,8,,,1,70,,89061,8,,,1
901,'20260916',515,,89087,8,,,1,30,,89108,8,,,1,76,,89088,8,,,1,15,,89106,8,,,1,10,,89109,8,,,1,10,,89129,4,,,1,50,,89126,8,,,1,10,,89089,8,,,1,10,,89128,4,,,1,10,,89107,8,,,1,10,,89110,8,,,1,10,,89130,4,,,1,50,,89127,8,,,1,16,,89090,8,,,1,30,,89111,8,,,1,70,,89091,8,,,1,30,,89112,8,,,1,70,,89092,8,,,1,30,,89113,8,,,1,70,,89093,8,,,1,30,,89114,8,,,1,70,,89094,8,,,1,30,,89115,8,,,1,70,,89095,8,,,1,30,,89116,8,,,1,70,,89096,8,,,1,30,,89117,8,,,1,70,,89097,8,,,1,30,,89118,8,,,1,70,,89098,8,,,1,30,,89119,8,,,1,70,,89099,8,,,1,30,,89120,8,,,1,70,,89100,8,,,1,30,,89121,8,,,1,70,,89101,8,,,1,30,,89122,8,,,1,70,,89102,8,,,1,30,,89123,8,,,1,70,,89103,8,,,1,30,,89124,8,,,1,70,,89104,8,,,1,30,,89125,8,,,1,70,,89105,8,,,1
901,'20260917',515,,89131,8,,,1,30,,89152,8,,,1,76,,89132,8,,,1,15,,89150,8,,,1,10,,89153,8,,,1,10,,89173,4,,,1,50,,89170,8,,,1,10,,89133,8,,,1,10,,89172,4,,,1,10,,89151,8,,,1,10,,89154,8,,,1,10,,89174,4,,,1,50,,89171,8,,,1,16,,89134,8,,,1,30,,89155,8,,,1,70,,89135,8,,,1,30,,89156,8,,,1,70,,89136,8,,,1,30,,89157,8,,,1,70,,89137,8,,,1,30,,89158,8,,,1,70,,89138,8,,,1,30,,89159,8,,,1,70,,89139,8,,,1,30,,89160,8,,,1,70,,89140,8,,,1,30,,89161,8,,,1,70,,89141,8,,,1,30,,89162,8,,,1,70,,89142,8,,,1,30,,89163,8,,,1,70,,89143,8,,,1,30,,89164,8,,,1,70,,89144,8,,,1,30,,89165,8,,,1,70,,89145,8,,,1,30,,89166,8,,,1,70,,89146,8,,,1,30,,89167,8,,,1,70,,89147,8,,,1,30,,89168,8,,,1,70,,89148,8,,,1,30,,89169,8,,,1,70,,89149,8,,,1
901,'20260918',515,,89175,8,,,1,30,,89196,8,,,1,76,,89176,8,,,1,15,,89194,8,,,1,10,,89197,8,,,1,10,,89218,4,,,1,50,,89215,8,,,1,10,,89177,8,,,1,10,,89217,4,,,1,10,,89195,8,,,1,10,,89198,8,,,1,10,,89219,4,,,1,50,,89216,8,,,1,16,,89178,8,,,1,30,,89199,8,,,1,70,,89179,8,,,1,30,,89200,8,,,1,70,,89180,8,,,1,30,,89201,8,,,1,70,,89181,8,,,1,30,,89202,8,,,1,70,,89182,8,,,1,30,,89203,8,,,1,70,,89183,8,,,1,30,,89204,8,,,1,70,,89184,8,,,1,30,,89205,8,,,1,70,,89185,8,,,1,30,,89206,8,,,1,70,,89186,8,,,1,30,,89207,8,,,1,70,,89187,8,,,1,30,,89208,8,,,1,70,,89188,8,,,1,30,,89209,8,,,1,70,,89189,8,,,1,30,,89210,8,,,1,70,,89190,8,,,1,30,,89211,8,,,1,70,,89191,8,,,1,30,,89212,8,,,1,70,,89192,8,,,1,30,,89213,8,,,1,70,,89193,8,,,1,30,,89214,8,,,1
901,'20260919',752,,89236,8,,,1,70,,89220,8,,,1,30,,89237,8,,,1,70,,89221,8,,,1,30,,89238,8,,,1,70,,89222,8,,,1,30,,89239,8,,,1,70,,89223,8,,,1,30,,89240,8,,,1,70,,89224,8,,,1,30,,89241,8,,,1,70,,89225,8,,,1,30,,89242,8,,,1,70,,89226,8,,,1,30,,89243,8,,,1,70,,89227,8,,,1,30,,89244,8,,,1,70,,89228,8,,,1,30,,89245,8,,,1,70,,89229,8,,,1,30,,89246,8,,,1,70,,89230,8,,,1,30,,89247,8,,,1,70,,89231,8,,,1,30,,89248,8,,,1,70,,89232,8,,,1,30,,89249,8,,,1,70,,89233,8,,,1,30,,89250,8,,,1,70,,89234,8,,,1,30,,89251,8,,,1,70,,89235,8,,,1,30,,89252,8,,,1
901,'20260920',752,,89269,8,,,1,70,,89253,8,,,1,30,,89270,8,,,1,70,,89254,8,,,1,30,,89271,8,,,1,70,,89255,8,,,1,30,,89272,8,,,1,70,,89256,8,,,1,30,,89273,8,,,1,70,,89257,8,,,1,30,,89274,8,,,1,70,,89258,8,,,1,30,,89275,8,,,1,70,,89259,8,,,1,30,,89276,8,,,1,70,,89260,8,,,1,30,,89277,8,,,1,70,,89261,8,,,1,30,,89278,8,,,1,70,,89262,8,,,1,30,,89279,8,,,1,70,,89263,8,,,1,30,,89280,8,,,1,70,,89264,8,,,1,30,,89281,8,,,1,70,,89265,8,,,1,30,,89282,8,,,1,70,,89266,8,,,1,30,,89283,8,,,1,70,,89267,8,,,1,30,,89284,8,,,1,70,,89268,8,,,1
901,'20260921',515,,89285,8,,,1,30,,89306,8,,,1,76,,89286,8,,,1,15,,89304,8,,,1,10,,89307,8,,,1,10,,89327,4,,,1,50,,89324,8,,,1,10,,89287,8,,,1,10,,89326,4,,,1,10,,89305,8,,,1,10,,89308,8,,,1,10,,89328,4,,,1,50,,89325,8,,,1,16,,89288,8,,,1,30,,89309,8,,,1,70,,89289,8,,,1,30,,89310,8,,,1,70,,89290,8,,,1,30,,89311,8,,,1,70,,89291,8,,,1,30,,89312,8,,,1,70,,89292,8,,,1,30,,89313,8,,,1,70,,89293,8,,,1,30,,89314,8,,,1,70,,89294,8,,,1,30,,89315,8,,,1,70,,89295,8,,,1,30,,89316,8,,,1,70,,89296,8,,,1,30,,89317,8,,,1,70,,89297,8,,,1,30,,89318,8,,,1,70,,89298,8,,,1,30,,89319,8,,,1,70,,89299,8,,,1,30,,89320,8,,,1,70,,89300,8,,,1,30,,89321,8,,,1,70,,89301,8,,,1,30,,89322,8,,,1,70,,89302,8,,,1,30,,89323,8,,,1,70,,89303,8,,,1
901,'20260922',515,,89329,8,,,1,30,,89350,8,,,1,76,,89330,8,,,1,15,,89348,8,,,1,10,,89351,8,,,1,10,,89371,4,,,1,50,,89368,8,,,1,10,,89331,8,,,1,10,,89370,4,,,1,10,,89349,8,,,1,10,,89352,8,,,1,10,,89372,4,,,1,50,,89369,8,,,1,16,,89332,8,,,1,30,,89353,8,,,1,70,,89333,8,,,1,30,,89354,8,,,1,70,,89334,8,,,1,30,,89355,8,,,1,70,,89335,8,,,1,30,,89356,8,,,1,70,,89336,8,,,1,30,,89357,8,,,1,70,,89337,8,,,1,30,,89358,8,,,1,70,,89338,8,,,1,30,,89359,8,,,1,70,,89339,8,,,1,30,,89360,8,,,1,70,,89340,8,,,1,30,,89361,8,,,1,70,,89341,8,,,1,30,,89362,8,,,1,70,,89342,8,,,1,30,,89363,8,,,1,70,,89343,8,,,1,30,,89364,8,,,1,70,,89344,8,,,1,30,,89365,8,,,1,70,,89345,8,,,1,30,,89366,8,,,1,70,,89346,8,,,1,30,,89367,8,,,1,70,,89347,8,,,1
901,'20260923',515,,89373,8,,,1,30,,89394,8,,,1,76,,89374,8,,,1,15,,89392,8,,,1,10,,89395,8,,,1,10,,89415,4,,,1,50,,89412,8,,,1,10,,89375,8,,,1,10,,89414,4,,,1,10,,89393,8,,,1,10,,89396,8,,,1,10,,89416,4,,,1,50,,89413,8,,,1,16,,89376,8,,,1,30,,89397,8,,,1,70,,89377,8,,,1,30,,89398,8,,,1,70,,89378,8,,,1,30,,89399,8,,,1,70,,89379,8,,,1,30,,89400,8,,,1,70,,89380,8,,,1,30,,89401,8,,,1,70,,89381,8,,,1,30,,89402,8,,,1,70,,89382,8,,,1,30,,89403,8,,,1,70,,89383,8,,,1,30,,89404,8,,,1,70,,89384,8,,,1,30,,89405,8,,,1,70,,89385,8,,,1,30,,89406,8,,,1,70,,89386,8,,,1,30,,89407,8,,,1,70,,89387,8,,,1,30,,89408,8,,,1,70,,89388,8,,,1,30,,89409,8,,,1,70,,89389,8,,,1,30,,89410,8,,,1,70,,89390,8,,,1,30,,89411,8,,,1,70,,89391,8,,,1
901,'20260924',515,,89417,8,,,1,30,,89438,8,,,1,76,,89418,8,,,1,15,,89436,8,,,1,10,,89439,8,,,1,10,,89459,4,,,1,50,,89456,8,,,1,10,,89419,8,,,1,10,,89458,4,,,1,10,,89437,8,,,1,10,,89440,8,,,1,10,,89460,4,,,1,50,,89457,8,,,1,16,,89420,8,,,1,30,,89441,8,,,1,70,,89421,8,,,1,30,,89442,8,,,1,70,,89422,8,,,1,30,,89443,8,,,1,70,,89423,8,,,1,30,,89444,8,,,1,70,,89424,8,,,1,30,,89445,8,,,1,70,,89425,8,,,1,30,,89446,8,,,1,70,,89426,8,,,1,30,,89447,8,,,1,70,,89427,8,,,1,30,,89448,8,,,1,70,,89428,8,,,1,30,,89449,8,,,1,70,,89429,8,,,1,30,,89450,8,,,1,70,,89430,8,,,1,30,,89451,8,,,1,70,,89431,8,,,1,30,,89452,8,,,1,70,,89432,8,,,1,30,,89453,8,,,1,70,,89433,8,,,1,30,,89454,8,,,1,70,,89434,8,,,1,30,,89455,8,,,1,70,,89435,8,,,1
901,'20260925',515,,89461,8,,,1,30,,89482,8,,,1,76,,89462,8,,,1,15,,89480,8,,,1,10,,89483,8,,,1,10,,89504,4,,,1,50,,89501,8,,,1,10,,89463,8,,,1,10,,89503,4,,,1,10,,89481,8,,,1,10,,89484,8,,,1,10,,89505,4,,,1,50,,89502,8,,,1,16,,89464,8,,,1,30,,89485,8,,,1,70,,89465,8,,,1,30,,89486,8,,,1,70,,89466,8,,,1,30,,89487,8,,,1,70,,89467,8,,,1,30,,89488,8,,,1,70,,89468,8,,,1,30,,89489,8,,,1,70,,89469,8,,,1,30,,89490,8,,,1,70,,89470,8,,,1,30,,89491,8,,,1,70,,89471,8,,,1,30,,89492,8,,,1,70,,89472,8,,,1,30,,89493,8,,,1,70,,89473,8,,,1,30,,89494,8,,,1,70,,89474,8,,,1,30,,89495,8,,,1,70,,89475,8,,,1,30,,89496,8,,,1,70,,89476,8,,,1,30,,89497,8,,,1,70,,89477,8,,,1,30,,89498,8,,,1,70,,89478,8,,,1,30,,89499,8,,,1,70,,89479,8,,,1,30,,89500,8,,,1
901,'20260926',752,,89522,8,,,1,70,,89506,8,,,1,30,,89523,8,,,1,70,,89507,8,,,1,30,,89524,8,,,1,70,,89508,8,,,1,30,,89525,8,,,1,70,,89509,8,,,1,30,,89526,8,,,1,70,,89510,8,,,1,30,,89527,8,,,1,70,,89511,8,,,1,30,,89528,8,,,1,70,,89512,8,,,1,30,,89529,8,,,1,70,,89513,8,,,1,30,,89530,8,,,1,70,,89514,8,,,1,30,,89531,8,,,1,70,,89515,8,,,1,30,,89532,8,,,1,70,,89516,8,,,1,30,,89533,8,,,1,70,,89517,8,,,1,30,,89534,8,,,1,70,,89518,8,,,1,30,,89535,8,,,1,70,,89519,8,,,1,30,,89536,8,,,1,70,,89520,8,,,1,30,,89537,8,,,1,70,,89521,8,,,1,30,,89538,8,,,1
901,'20260927',752,,89555,8,,,1,70,,89539,8,,,1,30,,89556,8,,,1,70,,89540,8,,,1,30,,89557,8,,,1,70,,89541,8,,,1,30,,89558,8,,,1,70,,89542,8,,,1,30,,89559,8,,,1,70,,89543,8,,,1,30,,89560,8,,,1,70,,89544,8,,,1,30,,89561,8,,,1,70,,89545,8,,,1,30,,89562,8,,,1,70,,89546,8,,,1,30,,89563,8,,,1,70,,89547,8,,,1,30,,89564,8,,,1,70,,89548,8,,,1,30,,89565,8,,,1,70,,89549,8,,,1,30,,89566,8,,,1,70,,89550,8,,,1,30,,89567,8,,,1,70,,89551,8,,,1,30,,89568,8,,,1,70,,89552,8,,,1,30,,89569,8,,,1,70,,89553,8,,,1,30,,89570,8,,,1,70,,89554,8,,,1
901,'20260928',515,,89571,8,,,1,30,,89592,8,,,1,76,,89572,8,,,1,15,,89590,8,,,1,10,,89593,8,,,1,10,,89613,4,,,1,50,,89610,8,,,1,10,,89573,8,,,1,10,,89612,4,,,1,10,,89591,8,,,1,10,,89594,8,,,1,10,,89614,4,,,1,50,,89611,8,,,1,16,,89574,8,,,1,30,,89595,8,,,1,70,,89575,8,,,1,30,,89596,8,,,1,70,,89576,8,,,1,30,,89597,8,,,1,70,,89577,8,,,1,30,,89598,8,,,1,70,,89578,8,,,1,30,,89599,8,,,1,70,,89579,8,,,1,30,,89600,8,,,1,70,,89580,8,,,1,30,,89601,8,,,1,70,,89581,8,,,1,30,,89602,8,,,1,70,,89582,8,,,1,30,,89603,8,,,1,70,,89583,8,,,1,30,,89604,8,,,1,70,,89584,8,,,1,30,,89605,8,,,1,70,,89585,8,,,1,30,,89606,8,,,1,70,,89586,8,,,1,30,,89607,8,,,1,70,,89587,8,,,1,30,,89608,8,,,1,70,,89588,8,,,1,30,,89609,8,,,1,70,,89589,8,,,1
901,'20260929',515,,89615,8,,,1,30,,89636,8,,,1,76,,89616,8,,,1,15,,89634,8,,,1,10,,89637,8,,,1,10,,89657,4,,,1,50,,89654,8,,,1,10,,89617,8,,,1,10,,89656,4,,,1,10,,89635,8,,,1,10,,89638,8,,,1,10,,89658,4,,,1,50,,89655,8,,,1,16,,89618,8,,,1,30,,89639,8,,,1,70,,89619,8,,,1,30,,89640,8,,,1,70,,89620,8,,,1,30,,89641,8,,,1,70,,89621,8,,,1,30,,89642,8,,,1,70,,89622,8,,,1,30,,89643,8,,,1,70,,89623,8,,,1,30,,89644,8,,,1,70,,89624,8,,,1,30,,89645,8,,,1,70,,89625,8,,,1,30,,89646,8,,,1,70,,89626,8,,,1,30,,89647,8,,,1,70,,89627,8,,,1,30,,89648,8,,,1,70,,89628,8,,,1,30,,89649,8,,,1,70,,89629,8,,,1,30,,89650,8,,,1,70,,89630,8,,,1,30,,89651,8,,,1,70,,89631,8,,,1,30,,89652,8,,,1,70,,89632,8,,,1,30,,89653,8,,,1,70,,89633,8,,,1
901,'20260930',515,,89659,8,,,1,30,,89680,8,,,1,76,,89660,8,,,1,15,,89678,8,,,1,10,,89681,8,,,1,10,,89701,4,,,1,50,,89698,8,,,1,10,,89661,8,,,1,10,,89700,4,,,1,10,,89679,8,,,1,10,,89682,8,,,1,10,,89702,4,,,1,50,,89699,8,,,1,16,,89662,8,,,1,30,,89683,8,,,1,70,,89663,8,,,1,30,,89684,8,,,1,70,,89664,8,,,1,30,,89685,8,,,1,70,,89665,8,,,1,30,,89686,8,,,1,70,,89666,8,,,1,30,,89687,8,,,1,70,,89667,8,,,1,30,,89688,8,,,1,70,,89668,8,,,1,30,,89689,8,,,1,70,,89669,8,,,1,30,,89690,8,,,1,70,,89670,8,,,1,30,,89691,8,,,1,70,,89671,8,,,1,30,,89692,8,,,1,70,,89672,8,,,1,30,,89693,8,,,1,70,,89673,8,,,1,30,,89694,8,,,1,70,,89674,8,,,1,30,,89695,8,,,1,70,,89675,8,,,1,30,,89696,8,,,1,70,,89676,8,,,1,30,,89697,8,,,1,70,,89677,8,,,1
901,'20261001',515,,89703,8,,,1,30,,89724,8,,,1,76,,89704,8,,,1,15,,89722,8,,,1,10,,89725,8,,,1,10,,89745,4,,,1,50,,89742,8,,,1,10,,89705,8,,,1,10,,89744,4,,,1,10,,89723,8,,,1,10,,89726,8,,,1,10,,89746,4,,,1,50,,89743,8,,,1,16,,89706,8,,,1,30,,89727,8,,,1,70,,89707,8,,,1,30,,89728,8,,,1,70,,89708,8,,,1,30,,89729,8,,,1,70,,89709,8,,,1,30,,89730,8,,,1,70,,89710,8,,,1,30,,89731,8,,,1,70,,89711,8,,,1,30,,89732,8,,,1,70,,89712,8,,,1,30,,89733,8,,,1,70,,89713,8,,,1,30,,89734,8,,,1,70,,89714,8,,,1,30,,89735,8,,,1,70,,89715,8,,,1,30,,89736,8,,,1,70,,89716,8,,,1,30,,89737,8,,,1,70,,89717,8,,,1,30,,89738,8,,,1,70,,89718,8,,,1,30,,89739,8,,,1,70,,89719,8,,,1,30,,89740,8,,,1,70,,89720,8,,,1,30,,89741,8,,,1,70,,89721,8,,,1
901,'20261002',515,,89747,8,,,1,30,,89768,8,,,1,76,,89748,8,,,1,15,,89766,8,,,1,10,,89769,8,,,1,10,,89790,4,,,1,50,,89787,8,,,1,10,,89749,8,,,1,10,,89789,4,,,1,10,,89767,8,,,1,10,,89770,8,,,1,10,,89791,4,,,1,50,,89788,8,,,1,16,,89750,8,,,1,30,,89771,8,,,1,70,,89751,8,,,1,30,,89772,8,,,1,70,,89752,8,,,1,30,,89773,8,,,1,70,,89753,8,,,1,30,,89774,8,,,1,70,,89754,8,,,1,30,,89775,8,,,1,70,,89755,8,,,1,30,,89776,8,,,1,70,,89756,8,,,1,30,,89777,8,,,1,70,,89757,8,,,1,30,,89778,8,,,1,70,,89758,8,,,1,30,,89779,8,,,1,70,,89759,8,,,1,30,,89780,8,,,1,70,,89760,8,,,1,30,,89781,8,,,1,70,,89761,8,,,1,30,,89782,8,,,1,70,,89762,8,,,1,30,,89783,8,,,1,70,,89763,8,,,1,30,,89784,8,,,1,70,,89764,8,,,1,30,,89785,8,,,1,70,,89765,8,,,1,30,,89786,8,,,1
901,'20261003',752,,89808,8,,,1,70,,89792,8,,,1,30,,89809,8,,,1,70,,89793,8,,,1,30,,89810,8,,,1,70,,89794,8,,,1,30,,89811,8,,,1,70,,89795,8,,,1,30,,89812,8,,,1,70,,89796,8,,,1,30,,89813,8,,,1,70,,89797,8,,,1,30,,89814,8,,,1,70,,89798,8,,,1,30,,89815,8,,,1,70,,89799,8,,,1,30,,89816,8,,,1,70,,89800,8,,,1,30,,89817,8,,,1,70,,89801,8,,,1,30,,89818,8,,,1,70,,89802,8,,,1,30,,89819,8,,,1,70,,89803,8,,,1,30,,89820,8,,,1,70,,89804,8,,,1,30,,89821,8,,,1,70,,89805,8,,,1,30,,89822,8,,,1,70,,89806,8,,,1,30,,89823,8,,,1,70,,89807,8,,,1,30,,89824,8,,,1
901,'20261004',752,,89841,8,,,1,70,,89825,8,,,1,30,,89842,8,,,1,70,,89826,8,,,1,30,,89843,8,,,1,70,,89827,8,,,1,30,,89844,8,,,1,70,,89828,8,,,1,30,,89845,8,,,1,70,,89829,8,,,1,30,,89846,8,,,1,70,,89830,8,,,1,30,,89847,8,,,1,70,,89831,8,,,1,30,,89848,8,,,1,70,,89832,8,,,1,30,,89849,8,,,1,70,,89833,8,,,1,30,,89850,8,,,1,70,,89834,8,,,1,30,,89851,8,,,1,70,,89835,8,,,1,30,,89852,8,,,1,70,,89836,8,,,1,30,,89853,8,,,1,70,,89837,8,,,1,30,,89854,8,,,1,70,,89838,8,,,1,30,,89855,8,,,1,70,,89839,8,,,1,30,,89856,8,,,1,70,,89840,8,,,1
901,'20261005',515,,89857,8,,,1,30,,89878,8,,,1,76,,89858,8,,,1,15,,89876,8,,,1,10,,89879,8,,,1,10,,89899,4,,,1,50,,89896,8,,,1,10,,89859,8,,,1,10,,89898,4,,,1,10,,89877,8,,,1,10,,89880,8,,,1,10,,89900,4,,,1,50,,89897,8,,,1,16,,89860,8,,,1,30,,89881,8,,,1,70,,89861,8,,,1,30,,89882,8,,,1,70,,89862,8,,,1,30,,89883,8,,,1,70,,89863,8,,,1,30,,89884,8,,,1,70,,89864,8,,,1,30,,89885,8,,,1,70,,89865,8,,,1,30,,89886,8,,,1,70,,89866,8,,,1,30,,89887,8,,,1,70,,89867,8,,,1,30,,89888,8,,,1,70,,89868,8,,,1,30,,89889,8,,,1,70,,89869,8,,,1,30,,89890,8,,,1,70,,89870,8,,,1,30,,89891,8,,,1,70,,89871,8,,,1,30,,89892,8,,,1,70,,89872,8,,,1,30,,89893,8,,,1,70,,89873,8,,,1,30,,89894,8,,,1,70,,89874,8,,,1,30,,89895,8,,,1,70,,89875,8,,,1
901,'20261006',515,,89901,8,,,1,30,,89922,8,,,1,76,,89902,8,,,1,15,,89920,8,,,1,10,,89923,8,,,1,10,,89943,4,,,1,50,,89940,8,,,1,10,,89903,8,,,1,10,,89942,4,,,1,10,,89921,8,,,1,10,,89924,8,,,1,10,,89944,4,,,1,50,,89941,8,,,1,16,,89904,8,,,1,30,,89925,8,,,1,70,,89905,8,,,1,30,,89926,8,,,1,70,,89906,8,,,1,30,,89927,8,,,1,70,,89907,8,,,1,30,,89928,8,,,1,70,,89908,8,,,1,30,,89929,8,,,1,70,,89909,8,,,1,30,,89930,8,,,1,70,,89910,8,,,1,30,,89931,8,,,1,70,,89911,8,,,1,30,,89932,8,,,1,70,,89912,8,,,1,30,,89933,8,,,1,70,,89913,8,,,1,30,,89934,8,,,1,70,,89914,8,,,1,30,,89935,8,,,1,70,,89915,8,,,1,30,,89936,8,,,1,70,,89916,8,,,1,30,,89937,8,,,1,70,,89917,8,,,1,30,,89938,8,,,1,70,,89918,8,,,1,30,,89939,8,,,1,70,,89919,8,,,1
901,'20261007',515,,89945,8,,,1,30,,89966,8,,,1,76,,89946,8,,,1,15,,89964,8,,,1,10,,89967,8,,,1,10,,89987,4,,,1,50,,89984,8,,,1,10,,89947,8,,,1,10,,89986,4,,,1,10,,89965,8,,,1,10,,89968,8,,,1,10,,89988,4,,,1,50,,89985,8,,,1,16,,89948,8,,,1,30,,89969,8,,,1,70,,89949,8,,,1,30,,89970,8,,,1,70,,89950,8,,,1,30,,89971,8,,,1,70,,89951,8,,,1,30,,89972,8,,,1,70,,89952,8,,,1,30,,89973,8,,,1,70,,89953,8,,,1,30,,89974,8,,,1,70,,89954,8,,,1,30,,89975,8,,,1,70,,89955,8,,,1,30,,89976,8,,,1,70,,89956,8,,,1,30,,89977,8,,,1,70,,89957,8,,,1,30,,89978,8,,,1,70,,89958,8,,,1,30,,89979,8,,,1,70,,89959,8,,,1,30,,89980,8,,,1,70,,89960,8,,,1,30,,89981,8,,,1,70,,89961,8,,,1,30,,89982,8,,,1,70,,89962,8,,,1,30,,89983,8,,,1,70,,89963,8,,,1
901,'20261008',515,,89989,8,,,1,30,,90010,8,,,1,76,,89990,8,,,1,15,,90008,8,,,1,10,,90011,8,,,1,10,,90031,4,,,1,50,,90028,8,,,1,10,,89991,8,,,1,10,,90030,4,,,1,10,,90009,8,,,1,10,,90012,8,,,1,10,,90032,4,,,1,50,,90029,8,,,1,16,,89992,8,,,1,30,,90013,8,,,1,70,,89993,8,,,1,30,,90014,8,,,1,70,,89994,8,,,1,30,,90015,8,,,1,70,,89995,8,,,1,30,,90016,8,,,1,70,,89996,8,,,1,30,,90017,8,,,1,70,,89997,8,,,1,30,,90018,8,,,1,70,,89998,8,,,1,30,,90019,8,,,1,70,,89999,8,,,1,30,,90020,8,,,1,70,,90000,8,,,1,30,,90021,8,,,1,70,,90001,8,,,1,30,,90022,8,,,1,70,,90002,8,,,1,30,,90023,8,,,1,70,,90003,8,,,1,30,,90024,8,,,1,70,,90004,8,,,1,30,,90025,8,,,1,70,,90005,8,,,1,30,,90026,8,,,1,70,,90006,8,,,1,30,,90027,8,,,1,70,,90007,8,,,1
901,'20261009',515,,90033,8,,,1,30,,90054,8,,,1,76,,90034,8,,,1,15,,90052,8,,,1,10,,90055,8,,,1,10,,90076,4,,,1,50,,90073,8,,,1,10,,90035,8,,,1,10,,90075,4,,,1,10,,90053,8,,,1,10,,90056,8,,,1,10,,90077,4,,,1,50,,90074,8,,,1,16,,90036,8,,,1,30,,90057,8,,,1,70,,90037,8,,,1,30,,90058,8,,,1,70,,90038,8,,,1,30,,90059,8,,,1,70,,90039,8,,,1,30,,90060,8,,,1,70,,90040,8,,,1,30,,90061,8,,,1,70,,90041,8,,,1,30,,90062,8,,,1,70,,90042,8,,,1,30,,90063,8,,,1,70,,90043,8,,,1,30,,90064,8,,,1,70,,90044,8,,,1,30,,90065,8,,,1,70,,90045,8,,,1,30,,90066,8,,,1,70,,90046,8,,,1,30,,90067,8,,,1,70,,90047,8,,,1,30,,90068,8,,,1,70,,90048,8,,,1,30,,90069,8,,,1,70,,90049,8,,,1,30,,90070,8,,,1,70,,90050,8,,,1,30,,90071,8,,,1,70,,90051,8,,,1,30,,90072,8,,,1
901,'20261010',752,,90094,8,,,1,70,,90078,8,,,1,30,,90095,8,,,1,70,,90079,8,,,1,30,,90096,8,,,1,70,,90080,8,,,1,30,,90097,8,,,1,70,,90081,8,,,1,30,,90098,8,,,1,70,,90082,8,,,1,30,,90099,8,,,1,70,,90083,8,,,1,30,,90100,8,,,1,70,,90084,8,,,1,30,,90101,8,,,1,70,,90085,8,,,1,30,,90102,8,,,1,70,,90086,8,,,1,30,,90103,8,,,1,70,,90087,8,,,1,30,,90104,8,,,1,70,,90088,8,,,1,30,,90105,8,,,1,70,,90089,8,,,1,30,,90106,8,,,1,70,,90090,8,,,1,30,,90107,8,,,1,70,,90091,8,,,1,30,,90108,8,,,1,70,,90092,8,,,1,30,,90109,8,,,1,70,,90093,8,,,1,30,,90110,8,,,1
901,'20261011',752,,90127,8,,,1,70,,90111,8,,,1,30,,90128,8,,,1,70,,90112,8,,,1,30,,90129,8,,,1,70,,90113,8,,,1,30,,90130,8,,,1,70,,90114,8,,,1,30,,90131,8,,,1,70,,90115,8,,,1,30,,90132,8,,,1,70,,90116,8,,,1,30,,90133,8,,,1,70,,90117,8,,,1,30,,90134,8,,,1,70,,90118,8,,,1,30,,90135,8,,,1,70,,90119,8,,,1,30,,90136,8,,,1,70,,90120,8,,,1,30,,90137,8,,,1,70,,90121,8,,,1,30,,90138,8,,,1,70,,90122,8,,,1,30,,90139,8,,,1,70,,90123,8,,,1,30,,90140,8,,,1,70,,90124,8,,,1,30,,90141,8,,,1,70,,90125,8,,,1,30,,90142,8,,,1,70,,90126,8,,,1
901,'20261012',515,,90143,8,,,1,30,,90164,8,,,1,76,,90144,8,,,1,15,,90162,8,,,1,10,,90165,8,,,1,10,,90185,4,,,1,50,,90182,8,,,1,10,,90145,8,,,1,10,,90184,4,,,1,10,,90163,8,,,1,10,,90166,8,,,1,10,,90186,4,,,1,50,,90183,8,,,1,16,,90146,8,,,1,30,,90167,8,,,1,70,,90147,8,,,1,30,,90168,8,,,1,70,,90148,8,,,1,30,,90169,8,,,1,70,,90149,8,,,1,30,,90170,8,,,1,70,,90150,8,,,1,30,,90171,8,,,1,70,,90151,8,,,1,30,,90172,8,,,1,70,,90152,8,,,1,30,,90173,8,,,1,70,,90153,8,,,1,30,,90174,8,,,1,70,,90154,8,,,1,30,,90175,8,,,1,70,,90155,8,,,1,30,,90176,8,,,1,70,,90156,8,,,1,30,,90177,8,,,1,70,,90157,8,,,1,30,,90178,8,,,1,70,,90158,8,,,1,30,,90179,8,,,1,70,,90159,8,,,1,30,,90180,8,,,1,70,,90160,8,,,1,30,,90181,8,,,1,70,,90161,8,,,1
901,'20261013',515,,90187,8,,,1,30,,90208,8,,,1,76,,90188,8,,,1,15,,90206,8,,,1,10,,90209,8,,,1,10,,90229,4,,,1,50,,90226,8,,,1,10,,90189,8,,,1,10,,90228,4,,,1,10,,90207,8,,,1,10,,90210,8,,,1,10,,90230,4,,,1,50,,90227,8,,,1,16,,90190,8,,,1,30,,90211,8,,,1,70,,90191,8,,,1,30,,90212,8,,,1,70,,90192,8,,,1,30,,90213,8,,,1,70,,90193,8,,,1,30,,90214,8,,,1,70,,90194,8,,,1,30,,90215,8,,,1,70,,90195,8,,,1,30,,90216,8,,,1,70,,90196,8,,,1,30,,90217,8,,,1,70,,90197,8,,,1,30,,90218,8,,,1,70,,90198,8,,,1,30,,90219,8,,,1,70,,90199,8,,,1,30,,90220,8,,,1,70,,90200,8,,,1,30,,90221,8,,,1,70,,90201,8,,,1,30,,90222,8,,,1,70,,90202,8,,,1,30,,90223,8,,,1,70,,90203,8,,,1,30,,90224,8,,,1,70,,90204,8,,,1,30,,90225,8,,,1,70,,90205,8,,,1
901,'20261014',515,,90231,8,,,1,30,,90252,8,,,1,76,,90232,8,,,1,15,,90250,8,,,1,10,,90253,8,,,1,10,,90273,4,,,1,50,,90270,8,,,1,10,,90233,8,,,1,10,,90272,4,,,1,10,,90251,8,,,1,10,,90254,8,,,1,10,,90274,4,,,1,50,,90271,8,,,1,16,,90234,8,,,1,30,,90255,8,,,1,70,,90235,8,,,1,30,,90256,8,,,1,70,,90236,8,,,1,30,,90257,8,,,1,70,,90237,8,,,1,30,,90258,8,,,1,70,,90238,8,,,1,30,,90259,8,,,1,70,,90239,8,,,1,30,,90260,8,,,1,70,,90240,8,,,1,30,,90261,8,,,1,70,,90241,8,,,1,30,,90262,8,,,1,70,,90242,8,,,1,30,,90263,8,,,1,70,,90243,8,,,1,30,,90264,8,,,1,70,,90244,8,,,1,30,,90265,8,,,1,70,,90245,8,,,1,30,,90266,8,,,1,70,,90246,8,,,1,30,,90267,8,,,1,70,,90247,8,,,1,30,,90268,8,,,1,70,,90248,8,,,1,30,,90269,8,,,1,70,,90249,8,,,1
901,'20261015',515,,90275,8,,,1,30,,90296,8,,,1,76,,90276,8,,,1,15,,90294,8,,,1,10,,90297,8,,,1,10,,90317,4,,,1,50,,90314,8,,,1,10,,90277,8,,,1,10,,90316,4,,,1,10,,90295,8,,,1,10,,90298,8,,,1,10,,90318,4,,,1,50,,90315,8,,,1,16,,90278,8,,,1,30,,90299,8,,,1,70,,90279,8,,,1,30,,90300,8,,,1,70,,90280,8,,,1,30,,90301,8,,,1,70,,90281,8,,,1,30,,90302,8,,,1,70,,90282,8,,,1,30,,90303,8,,,1,70,,90283,8,,,1,30,,90304,8,,,1,70,,90284,8,,,1,30,,90305,8,,,1,70,,90285,8,,,1,30,,90306,8,,,1,70,,90286,8,,,1,30,,90307,8,,,1,70,,90287,8,,,1,30,,90308,8,,,1,70,,90288,8,,,1,30,,90309,8,,,1,70,,90289,8,,,1,30,,90310,8,,,1,70,,90290,8,,,1,30,,90311,8,,,1,70,,90291,8,,,1,30,,90312,8,,,1,70,,90292,8,,,1,30,,90313,8,,,1,70,,90293,8,,,1
901,'20261016',515,,90319,8,,,1,30,,90340,8,,,1,76,,90320,8,,,1,15,,90338,8,,,1,10,,90341,8,,,1,10,,90362,4,,,1,50,,90359,8,,,1,10,,90321,8,,,1,10,,90361,4,,,1,10,,90339,8,,,1,10,,90342,8,,,1,10,,90363,4,,,1,50,,90360,8,,,1,16,,90322,8,,,1,30,,90343,8,,,1,70,,90323,8,,,1,30,,90344,8,,,1,70,,90324,8,,,1,30,,90345,8,,,1,70,,90325,8,,,1,30,,90346,8,,,1,70,,90326,8,,,1,30,,90347,8,,,1,70,,90327,8,,,1,30,,90348,8,,,1,70,,90328,8,,,1,30,,90349,8,,,1,70,,90329,8,,,1,30,,90350,8,,,1,70,,90330,8,,,1,30,,90351,8,,,1,70,,90331,8,,,1,30,,90352,8,,,1,70,,90332,8,,,1,30,,90353,8,,,1,70,,90333,8,,,1,30,,90354,8,,,1,70,,90334,8,,,1,30,,90355,8,,,1,70,,90335,8,,,1,30,,90356,8,,,1,70,,90336,8,,,1,30,,90357,8,,,1,70,,90337,8,,,1,30,,90358,8,,,1
901,'20261017',752,,90380,8,,,1,70,,90364,8,,,1,30,,90381,8,,,1,70,,90365,8,,,1,30,,90382,8,,,1,70,,90366,8,,,1,30,,90383,8,,,1,70,,90367,8,,,1,30,,90384,8,,,1,70,,90368,8,,,1,30,,90385,8,,,1,70,,90369,8,,,1,30,,90386,8,,,1,70,,90370,8,,,1,30,,90387,8,,,1,70,,90371,8,,,1,30,,90388,8,,,1,70,,90372,8,,,1,30,,90389,8,,,1,70,,90373,8,,,1,30,,90390,8,,,1,70,,90374,8,,,1,30,,90391,8,,,1,70,,90375,8,,,1,30,,90392,8,,,1,70,,90376,8,,,1,30,,90393,8,,,1,70,,90377,8,,,1,30,,90394,8,,,1,70,,90378,8,,,1,30,,90395,8,,,1,70,,90379,8,,,1,30,,90396,8,,,1
901,'20261018',752,,90413,8,,,1,70,,90397,8,,,1,30,,90414,8,,,1,70,,90398,8,,,1,30,,90415,8,,,1,70,,90399,8,,,1,30,,90416,8,,,1,70,,90400,8,,,1,30,,90417,8,,,1,70,,90401,8,,,1,30,,90418,8,,,1,70,,90402,8,,,1,30,,90419,8,,,1,70,,90403,8,,,1,30,,90420,8,,,1,70,,90404,8,,,1,30,,90421,8,,,1,70,,90405,8,,,1,30,,90422,8,,,1,70,,90406,8,,,1,30,,90423,8,,,1,70,,90407,8,,,1,30,,90424,8,,,1,70,,90408,8,,,1,30,,90425,8,,,1,70,,90409,8,,,1,30,,90426,8,,,1,70,,90410,8,,,1,30,,90427,8,,,1,70,,90411,8,,,1,30,,90428,8,,,1,70,,90412,8,,,1
901,'20261019',515,,90429,8,,,1,30,,90450,8,,,1,76,,90430,8,,,1,15,,90448,8,,,1,10,,90451,8,,,1,10,,90471,4,,,1,50,,90468,8,,,1,10,,90431,8,,,1,10,,90470,4,,,1,10,,90449,8,,,1,10,,90452,8,,,1,10,,90472,4,,,1,50,,90469,8,,,1,16,,90432,8,,,1,30,,90453,8,,,1,70,,90433,8,,,1,30,,90454,8,,,1,70,,90434,8,,,1,30,,90455,8,,,1,70,,90435,8,,,1,30,,90456,8,,,1,70,,90436,8,,,1,30,,90457,8,,,1,70,,90437,8,,,1,30,,90458,8,,,1,70,,90438,8,,,1,30,,90459,8,,,1,70,,90439,8,,,1,30,,90460,8,,,1,70,,90440,8,,,1,30,,90461,8,,,1,70,,90441,8,,,1,30,,90462,8,,,1,70,,90442,8,,,1,30,,90463,8,,,1,70,,90443,8,,,1,30,,90464,8,,,1,70,,90444,8,,,1,30,,90465,8,,,1,70,,90445,8,,,1,30,,90466,8,,,1,70,,90446,8,,,1,30,,90467,8,,,1,70,,90447,8,,,1
901,'20261020',515,,90473,8,,,1,30,,90494,8,,,1,76,,90474,8,,,1,15,,90492,8,,,1,10,,90495,8,,,1,10,,90515,4,,,1,50,,90512,8,,,1,10,,90475,8,,,1,10,,90514,4,,,1,10,,90493,8,,,1,10,,90496,8,,,1,10,,90516,4,,,1,50,,90513,8,,,1,16,,90476,8,,,1,30,,90497,8,,,1,70,,90477,8,,,1,30,,90498,8,,,1,70,,90478,8,,,1,30,,90499,8,,,1,70,,90479,8,,,1,30,,90500,8,,,1,70,,90480,8,,,1,30,,90501,8,,,1,70,,90481,8,,,1,30,,90502,8,,,1,70,,90482,8,,,1,30,,90503,8,,,1,70,,90483,8,,,1,30,,90504,8,,,1,70,,90484,8,,,1,30,,90505,8,,,1,70,,90485,8,,,1,30,,90506,8,,,1,70,,90486,8,,,1,30,,90507,8,,,1,70,,90487,8,,,1,30,,90508,8,,,1,70,,90488,8,,,1,30,,90509,8,,,1,70,,90489,8,,,1,30,,90510,8,,,1,70,,90490,8,,,1,30,,90511,8,,,1,70,,90491,8,,,1
901,'20261021',515,,90517,8,,,1,30,,90538,8,,,1,76,,90518,8,,,1,15,,90536,8,,,1,10,,90539,8,,,1,10,,90559,4,,,1,50,,90556,8,,,1,10,,90519,8,,,1,10,,90558,4,,,1,10,,90537,8,,,1,10,,90540,8,,,1,10,,90560,4,,,1,50,,90557,8,,,1,16,,90520,8,,,1,30,,90541,8,,,1,70,,90521,8,,,1,30,,90542,8,,,1,70,,90522,8,,,1,30,,90543,8,,,1,70,,90523,8,,,1,30,,90544,8,,,1,70,,90524,8,,,1,30,,90545,8,,,1,70,,90525,8,,,1,30,,90546,8,,,1,70,,90526,8,,,1,30,,90547,8,,,1,70,,90527,8,,,1,30,,90548,8,,,1,70,,90528,8,,,1,30,,90549,8,,,1,70,,90529,8,,,1,30,,90550,8,,,1,70,,90530,8,,,1,30,,90551,8,,,1,70,,90531,8,,,1,30,,90552,8,,,1,70,,90532,8,,,1,30,,90553,8,,,1,70,,90533,8,,,1,30,,90554,8,,,1,70,,90534,8,,,1,30,,90555,8,,,1,70,,90535,8,,,1
901,'20261022',515,,90561,8,,,1,30,,90582,8,,,1,76,,90562,8,,,1,15,,90580,8,,,1,10,,90583,8,,,1,10,,90603,4,,,1,50,,90600,8,,,1,10,,90563,8,,,1,10,,90602,4,,,1,10,,90581,8,,,1,10,,90584,8,,,1,10,,90604,4,,,1,50,,90601,8,,,1,16,,90564,8,,,1,30,,90585,8,,,1,70,,90565,8,,,1,30,,90586,8,,,1,70,,90566,8,,,1,30,,90587,8,,,1,70,,90567,8,,,1,30,,90588,8,,,1,70,,90568,8,,,1,30,,90589,8,,,1,70,,90569,8,,,1,30,,90590,8,,,1,70,,90570,8,,,1,30,,90591,8,,,1,70,,90571,8,,,1,30,,90592,8,,,1,70,,90572,8,,,1,30,,90593,8,,,1,70,,90573,8,,,1,30,,90594,8,,,1,70,,90574,8,,,1,30,,90595,8,,,1,70,,90575,8,,,1,30,,90596,8,,,1,70,,90576,8,,,1,30,,90597,8,,,1,70,,90577,8,,,1,30,,90598,8,,,1,70,,90578,8,,,1,30,,90599,8,,,1,70,,90579,8,,,1
901,'20261023',515,,90605,8,,,1,30,,90626,8,,,1,76,,90606,8,,,1,15,,90624,8,,,1,10,,90627,8,,,1,10,,90648,4,,,1,50,,90645,8,,,1,10,,90607,8,,,1,10,,90647,4,,,1,10,,90625,8,,,1,10,,90628,8,,,1,10,,90649,4,,,1,50,,90646,8,,,1,16,,90608,8,,,1,30,,90629,8,,,1,70,,90609,8,,,1,30,,90630,8,,,1,70,,90610,8,,,1,30,,90631,8,,,1,70,,90611,8,,,1,30,,90632,8,,,1,70,,90612,8,,,1,30,,90633,8,,,1,70,,90613,8,,,1,30,,90634,8,,,1,70,,90614,8,,,1,30,,90635,8,,,1,70,,90615,8,,,1,30,,90636,8,,,1,70,,90616,8,,,1,30,,90637,8,,,1,70,,90617,8,,,1,30,,90638,8,,,1,70,,90618,8,,,1,30,,90639,8,,,1,70,,90619,8,,,1,30,,90640,8,,,1,70,,90620,8,,,1,30,,90641,8,,,1,70,,90621,8,,,1,30,,90642,8,,,1,70,,90622,8,,,1,30,,90643,8,,,1,70,,90623,8,,,1,30,,90644,8,,,1
901,'20261024',752,,90666,8,,,1,70,,90650,8,,,1,30,,90667,8,,,1,70,,90651,8,,,1,30,,90668,8,,,1,70,,90652,8,,,1,30,,90669,8,,,1,70,,90653,8,,,1,30,,90670,8,,,1,70,,90654,8,,,1,30,,90671,8,,,1,70,,90655,8,,,1,30,,90672,8,,,1,70,,90656,8,,,1,30,,90673,8,,,1,70,,90657,8,,,1,30,,90674,8,,,1,70,,90658,8,,,1,30,,90675,8,,,1,70,,90659,8,,,1,30,,90676,8,,,1,70,,90660,8,,,1,30,,90677,8,,,1,70,,90661,8,,,1,30,,90678,8,,,1,70,,90662,8,,,1,30,,90679,8,,,1,70,,90663,8,,,1,30,,90680,8,,,1,70,,90664,8,,,1,30,,90681,8,,,1,70,,90665,8,,,1,30,,90682,8,,,1
901,'20261025',752,,90699,8,,,1,70,,90683,8,,,1,30,,90700,8,,,1,70,,90684,8,,,1,30,,90701,8,,,1,70,,90685,8,,,1,30,,90702,8,,,1,70,,90686,8,,,1,30,,90703,8,,,1,70,,90687,8,,,1,30,,90704,8,,,1,70,,90688,8,,,1,30,,90705,8,,,1,70,,90689,8,,,1,30,,90706,8,,,1,70,,90690,8,,,1,30,,90707,8,,,1,70,,90691,8,,,1,30,,90708,8,,,1,70,,90692,8,,,1,30,,90709,8,,,1,70,,90693,8,,,1,30,,90710,8,,,1,70,,90694,8,,,1,30,,90711,8,,,1,70,,90695,8,,,1,30,,90712,8,,,1,70,,90696,8,,,1,30,,90713,8,,,1,70,,90697,8,,,1,30,,90714,8,,,1,70,,90698,8,,,1
901,'20261026',515,,90715,8,,,1,30,,90736,8,,,1,76,,90716,8,,,1,15,,90734,8,,,1,10,,90737,8,,,1,10,,90757,4,,,1,50,,90754,8,,,1,10,,90717,8,,,1,10,,90756,4,,,1,10,,90735,8,,,1,10,,90738,8,,,1,10,,90758,4,,,1,50,,90755,8,,,1,16,,90718,8,,,1,30,,90739,8,,,1,70,,90719,8,,,1,30,,90740,8,,,1,70,,90720,8,,,1,30,,90741,8,,,1,70,,90721,8,,,1,30,,90742,8,,,1,70,,90722,8,,,1,30,,90743,8,,,1,70,,90723,8,,,1,30,,90744,8,,,1,70,,90724,8,,,1,30,,90745,8,,,1,70,,90725,8,,,1,30,,90746,8,,,1,70,,90726,8,,,1,30,,90747,8,,,1,70,,90727,8,,,1,30,,90748,8,,,1,70,,90728,8,,,1,30,,90749,8,,,1,70,,90729,8,,,1,30,,90750,8,,,1,70,,90730,8,,,1,30,,90751,8,,,1,70,,90731,8,,,1,30,,90752,8,,,1,70,,90732,8,,,1,30,,90753,8,,,1,70,,90733,8,,,1
901,'20261027',515,,90759,8,,,1,30,,90780,8,,,1,76,,90760,8,,,1,15,,90778,8,,,1,10,,90781,8,,,1,10,,90801,4,,,1,50,,90798,8,,,1,10,,90761,8,,,1,10,,90800,4,,,1,10,,90779,8,,,1,10,,90782,8,,,1,10,,90802,4,,,1,50,,90799,8,,,1,16,,90762,8,,,1,30,,90783,8,,,1,70,,90763,8,,,1,30,,90784,8,,,1,70,,90764,8,,,1,30,,90785,8,,,1,70,,90765,8,,,1,30,,90786,8,,,1,70,,90766,8,,,1,30,,90787,8,,,1,70,,90767,8,,,1,30,,90788,8,,,1,70,,90768,8,,,1,30,,90789,8,,,1,70,,90769,8,,,1,30,,90790,8,,,1,70,,90770,8,,,1,30,,90791,8,,,1,70,,90771,8,,,1,30,,90792,8,,,1,70,,90772,8,,,1,30,,90793,8,,,1,70,,90773,8,,,1,30,,90794,8,,,1,70,,90774,8,,,1,30,,90795,8,,,1,70,,90775,8,,,1,30,,90796,8,,,1,70,,90776,8,,,1,30,,90797,8,,,1,70,,90777,8,,,1
901,'20261028',515,,90803,8,,,1,30,,90824,8,,,1,76,,90804,8,,,1,15,,90822,8,,,1,10,,90825,8,,,1,10,,90845,4,,,1,50,,90842,8,,,1,10,,90805,8,,,1,10,,90844,4,,,1,10,,90823,8,,,1,10,,90826,8,,,1,10,,90846,4,,,1,50,,90843,8,,,1,16,,90806,8,,,1,30,,90827,8,,,1,70,,90807,8,,,1,30,,90828,8,,,1,70,,90808,8,,,1,30,,90829,8,,,1,70,,90809,8,,,1,30,,90830,8,,,1,70,,90810,8,,,1,30,,90831,8,,,1,70,,90811,8,,,1,30,,90832,8,,,1,70,,90812,8,,,1,30,,90833,8,,,1,70,,90813,8,,,1,30,,90834,8,,,1,70,,90814,8,,,1,30,,90835,8,,,1,70,,90815,8,,,1,30,,90836,8,,,1,70,,90816,8,,,1,30,,90837,8,,,1,70,,90817,8,,,1,30,,90838,8,,,1,70,,90818,8,,,1,30,,90839,8,,,1,70,,90819,8,,,1,30,,90840,8,,,1,70,,90820,8,,,1,30,,90841,8,,,1,70,,90821,8,,,1
901,'20261029',515,,90847,8,,,1,30,,90868,8,,,1,76,,90848,8,,,1,15,,90866,8,,,1,10,,90869,8,,,1,10,,90889,4,,,1,50,,90886,8,,,1,10,,90849,8,,,1,10,,90888,4,,,1,10,,90867,8,,,1,10,,90870,8,,,1,10,,90890,4,,,1,50,,90887,8,,,1,16,,90850,8,,,1,30,,90871,8,,,1,70,,90851,8,,,1,30,,90872,8,,,1,70,,90852,8,,,1,30,,90873,8,,,1,70,,90853,8,,,1,30,,90874,8,,,1,70,,90854,8,,,1,30,,90875,8,,,1,70,,90855,8,,,1,30,,90876,8,,,1,70,,90856,8,,,1,30,,90877,8,,,1,70,,90857,8,,,1,30,,90878,8,,,1,70,,90858,8,,,1,30,,90879,8,,,1,70,,90859,8,,,1,30,,90880,8,,,1,70,,90860,8,,,1,30,,90881,8,,,1,70,,90861,8,,,1,30,,90882,8,,,1,70,,90862,8,,,1,30,,90883,8,,,1,70,,90863,8,,,1,30,,90884,8,,,1,70,,90864,8,,,1,30,,90885,8,,,1,70,,90865,8,,,1
901,'20261030',515,,90891,8,,,1,30,,90912,8,,,1,76,,90892,8,,,1,15,,90910,8,,,1,10,,90913,8,,,1,10,,90934,4,,,1,50,,90931,8,,,1,10,,90893,8,,,1,10,,90933,4,,,1,10,,90911,8,,,1,10,,90914,8,,,1,10,,90935,4,,,1,50,,90932,8,,,1,16,,90894,8,,,1,30,,90915,8,,,1,70,,90895,8,,,1,30,,90916,8,,,1,70,,90896,8,,,1,30,,90917,8,,,1,70,,90897,8,,,1,30,,90918,8,,,1,70,,90898,8,,,1,30,,90919,8,,,1,70,,90899,8,,,1,30,,90920,8,,,1,70,,90900,8,,,1,30,,90921,8,,,1,70,,90901,8,,,1,30,,90922,8,,,1,70,,90902,8,,,1,30,,90923,8,,,1,70,,90903,8,,,1,30,,90924,8,,,1,70,,90904,8,,,1,30,,90925,8,,,1,70,,90905,8,,,1,30,,90926,8,,,1,70,,90906,8,,,1,30,,90927,8,,,1,70,,90907,8,,,1,30,,90928,8,,,1,70,,90908,8,,,1,30,,90929,8,,,1,70,,90909,8,,,1,30,,90930,8,,,1
901,'20261031',752,,90952,8,,,1,70,,90936,8,,,1,30,,90953,8,,,1,70,,90937,8,,,1,30,,90954,8,,,1,70,,90938,8,,,1,30,,90955,8,,,1,70,,90939,8,,,1,30,,90956,8,,,1,70,,90940,8,,,1,30,,90957,8,,,1,70,,90941,8,,,1,30,,90958,8,,,1,70,,90942,8,,,1,30,,90959,8,,,1,70,,90943,8,,,1,30,,90960,8,,,1,70,,90944,8,,,1,30,,90961,8,,,1,70,,90945,8,,,1,30,,90962,8,,,1,70,,90946,8,,,1,30,,90963,8,,,1,70,,90947,8,,,1,30,,90964,8,,,1,70,,90948,8,,,1,30,,90965,8,,,1,70,,90949,8,,,1,30,,90966,8,,,1,70,,90950,8,,,1,30,,90967,8,,,1,70,,90951,8,,,1,30,,90968,8,,,1
901,'20261101',752,,90985,8,,,1,70,,90969,8,,,1,30,,90986,8,,,1,70,,90970,8,,,1,30,,90987,8,,,1,70,,90971,8,,,1,30,,90988,8,,,1,70,,90972,8,,,1,30,,90989,8,,,1,70,,90973,8,,,1,30,,90990,8,,,1,70,,90974,8,,,1,30,,90991,8,,,1,70,,90975,8,,,1,30,,90992,8,,,1,70,,90976,8,,,1,30,,90993,8,,,1,70,,90977,8,,,1,30,,90994,8,,,1,70,,90978,8,,,1,30,,90995,8,,,1,70,,90979,8,,,1,30,,90996,8,,,1,70,,90980,8,,,1,30,,90997,8,,,1,70,,90981,8,,,1,30,,90998,8,,,1,70,,90982,8,,,1,30,,90999,8,,,1,70,,90983,8,,,1,30,,91000,8,,,1,70,,90984,8,,,1
901,'20261102',515,,91001,8,,,1,30,,91022,8,,,1,76,,91002,8,,,1,15,,91020,8,,,1,10,,91023,8,,,1,10,,91043,4,,,1,50,,91040,8,,,1,10,,91003,8,,,1,10,,91042,4,,,1,10,,91021,8,,,1,10,,91024,8,,,1,10,,91044,4,,,1,50,,91041,8,,,1,16,,91004,8,,,1,30,,91025,8,,,1,70,,91005,8,,,1,30,,91026,8,,,1,70,,91006,8,,,1,30,,91027,8,,,1,70,,91007,8,,,1,30,,91028,8,,,1,70,,91008,8,,,1,30,,91029,8,,,1,70,,91009,8,,,1,30,,91030,8,,,1,70,,91010,8,,,1,30,,91031,8,,,1,70,,91011,8,,,1,30,,91032,8,,,1,70,,91012,8,,,1,30,,91033,8,,,1,70,,91013,8,,,1,30,,91034,8,,,1,70,,91014,8,,,1,30,,91035,8,,,1,70,,91015,8,,,1,30,,91036,8,,,1,70,,91016,8,,,1,30,,91037,8,,,1,70,,91017,8,,,1,30,,91038,8,,,1,70,,91018,8,,,1,30,,91039,8,,,1,70,,91019,8,,,1
901,'20261103',515,,91045,8,,,1,30,,91066,8,,,1,76,,91046,8,,,1,15,,91064,8,,,1,10,,91067,8,,,1,10,,91087,4,,,1,50,,91084,8,,,1,10,,91047,8,,,1,10,,91086,4,,,1,10,,91065,8,,,1,10,,91068,8,,,1,10,,91088,4,,,1,50,,91085,8,,,1,16,,91048,8,,,1,30,,91069,8,,,1,70,,91049,8,,,1,30,,91070,8,,,1,70,,91050,8,,,1,30,,91071,8,,,1,70,,91051,8,,,1,30,,91072,8,,,1,70,,91052,8,,,1,30,,91073,8,,,1,70,,91053,8,,,1,30,,91074,8,,,1,70,,91054,8,,,1,30,,91075,8,,,1,70,,91055,8,,,1,30,,91076,8,,,1,70,,91056,8,,,1,30,,91077,8,,,1,70,,91057,8,,,1,30,,91078,8,,,1,70,,91058,8,,,1,30,,91079,8,,,1,70,,91059,8,,,1,30,,91080,8,,,1,70,,91060,8,,,1,30,,91081,8,,,1,70,,91061,8,,,1,30,,91082,8,,,1,70,,91062,8,,,1,30,,91083,8,,,1,70,,91063,8,,,1
901,'20261104',515,,91089,8,,,1,30,,91110,8,,,1,76,,91090,8,,,1,15,,91108,8,,,1,10,,91111,8,,,1,10,,91131,4,,,1,50,,91128,8,,,1,10,,91091,8,,,1,10,,91130,4,,,1,10,,91109,8,,,1,10,,91112,8,,,1,10,,91132,4,,,1,50,,91129,8,,,1,16,,91092,8,,,1,30,,91113,8,,,1,70,,91093,8,,,1,30,,91114,8,,,1,70,,91094,8,,,1,30,,91115,8,,,1,70,,91095,8,,,1,30,,91116,8,,,1,70,,91096,8,,,1,30,,91117,8,,,1,70,,91097,8,,,1,30,,91118,8,,,1,70,,91098,8,,,1,30,,91119,8,,,1,70,,91099,8,,,1,30,,91120,8,,,1,70,,91100,8,,,1,30,,91121,8,,,1,70,,91101,8,,,1,30,,91122,8,,,1,70,,91102,8,,,1,30,,91123,8,,,1,70,,91103,8,,,1,30,,91124,8,,,1,70,,91104,8,,,1,30,,91125,8,,,1,70,,91105,8,,,1,30,,91126,8,,,1,70,,91106,8,,,1,30,,91127,8,,,1,70,,91107,8,,,1
901,'20261105',515,,91133,8,,,1,30,,91154,8,,,1,76,,91134,8,,,1,15,,91152,8,,,1,10,,91155,8,,,1,10,,91175,4,,,1,50,,91172,8,,,1,10,,91135,8,,,1,10,,91174,4,,,1,10,,91153,8,,,1,10,,91156,8,,,1,10,,91176,4,,,1,50,,91173,8,,,1,16,,91136,8,,,1,30,,91157,8,,,1,70,,91137,8,,,1,30,,91158,8,,,1,70,,91138,8,,,1,30,,91159,8,,,1,70,,91139,8,,,1,30,,91160,8,,,1,70,,91140,8,,,1,30,,91161,8,,,1,70,,91141,8,,,1,30,,91162,8,,,1,70,,91142,8,,,1,30,,91163,8,,,1,70,,91143,8,,,1,30,,91164,8,,,1,70,,91144,8,,,1,30,,91165,8,,,1,70,,91145,8,,,1,30,,91166,8,,,1,70,,91146,8,,,1,30,,91167,8,,,1,70,,91147,8,,,1,30,,91168,8,,,1,70,,91148,8,,,1,30,,91169,8,,,1,70,,91149,8,,,1,30,,91170,8,,,1,70,,91150,8,,,1,30,,91171,8,,,1,70,,91151,8,,,1
901,'20261106',515,,91177,8,,,1,30,,91198,8,,,1,76,,91178,8,,,1,15,,91196,8,,,1,10,,91199,8,,,1,10,,91220,4,,,1,50,,91217,8,,,1,10,,91179,8,,,1,10,,91219,4,,,1,10,,91197,8,,,1,10,,91200,8,,,1,10,,91221,4,,,1,50,,91218,8,,,1,16,,91180,8,,,1,30,,91201,8,,,1,70,,91181,8,,,1,30,,91202,8,,,1,70,,91182,8,,,1,30,,91203,8,,,1,70,,91183,8,,,1,30,,91204,8,,,1,70,,91184,8,,,1,30,,91205,8,,,1,70,,91185,8,,,1,30,,91206,8,,,1,70,,91186,8,,,1,30,,91207,8,,,1,70,,91187,8,,,1,30,,91208,8,,,1,70,,91188,8,,,1,30,,91209,8,,,1,70,,91189,8,,,1,30,,91210,8,,,1,70,,91190,8,,,1,30,,91211,8,,,1,70,,91191,8,,,1,30,,91212,8,,,1,70,,91192,8,,,1,30,,91213,8,,,1,70,,91193,8,,,1,30,,91214,8,,,1,70,,91194,8,,,1,30,,91215,8,,,1,70,,91195,8,,,1,30,,91216,8,,,1
901,'20261107',752,,91238,8,,,1,70,,91222,8,,,1,30,,91239,8,,,1,70,,91223,8,,,1,30,,91240,8,,,1,70,,91224,8,,,1,30,,91241,8,,,1,70,,91225,8,,,1,30,,91242,8,,,1,70,,91226,8,,,1,30,,91243,8,,,1,70,,91227,8,,,1,30,,91244,8,,,1,70,,91228,8,,,1,30,,91245,8,,,1,70,,91229,8,,,1,30,,91246,8,,,1,70,,91230,8,,,1,30,,91247,8,,,1,70,,91231,8,,,1,30,,91248,8,,,1,70,,91232,8,,,1,30,,91249,8,,,1,70,,91233,8,,,1,30,,91250,8,,,1,70,,91234,8,,,1,30,,91251,8,,,1,70,,91235,8,,,1,30,,91252,8,,,1,70,,91236,8,,,1,30,,91253,8,,,1,70,,91237,8,,,1,30,,91254,8,,,1
901,'20261108',752,,91271,8,,,1,70,,91255,8,,,1,30,,91272,8,,,1,70,,91256,8,,,1,30,,91273,8,,,1,70,,91257,8,,,1,30,,91274,8,,,1,70,,91258,8,,,1,30,,91275,8,,,1,70,,91259,8,,,1,30,,91276,8,,,1,70,,91260,8,,,1,30,,91277,8,,,1,70,,91261,8,,,1,30,,91278,8,,,1,70,,91262,8,,,1,30,,91279,8,,,1,70,,91263,8,,,1,30,,91280,8,,,1,70,,91264,8,,,1,30,,91281,8,,,1,70,,91265,8,,,1,30,,91282,8,,,1,70,,91266,8,,,1,30,,91283,8,,,1,70,,91267,8,,,1,30,,91284,8,,,1,70,,91268,8,,,1,30,,91285,8,,,1,70,,91269,8,,,1,30,,91286,8,,,1,70,,91270,8,,,1
901,'20261109',515,,91287,8,,,1,30,,91308,8,,,1,76,,91288,8,,,1,15,,91306,8,,,1,10,,91309,8,,,1,10,,91329,4,,,1,50,,91326,8,,,1,10,,91289,8,,,1,10,,91328,4,,,1,10,,91307,8,,,1,10,,91310,8,,,1,10,,91330,4,,,1,50,,91327,8,,,1,16,,91290,8,,,1,30,,91311,8,,,1,70,,91291,8,,,1,30,,91312,8,,,1,70,,91292,8,,,1,30,,91313,8,,,1,70,,91293,8,,,1,30,,91314,8,,,1,70,,91294,8,,,1,30,,91315,8,,,1,70,,91295,8,,,1,30,,91316,8,,,1,70,,91296,8,,,1,30,,91317,8,,,1,70,,91297,8,,,1,30,,91318,8,,,1,70,,91298,8,,,1,30,,91319,8,,,1,70,,91299,8,,,1,30,,91320,8,,,1,70,,91300,8,,,1,30,,91321,8,,,1,70,,91301,8,,,1,30,,91322,8,,,1,70,,91302,8,,,1,30,,91323,8,,,1,70,,91303,8,,,1,30,,91324,8,,,1,70,,91304,8,,,1,30,,91325,8,,,1,70,,91305,8,,,1
901,'20261110',515,,91331,8,,,1,30,,91352,8,,,1,76,,91332,8,,,1,15,,91350,8,,,1,10,,91353,8,,,1,10,,91373,4,,,1,50,,91370,8,,,1,10,,91333,8,,,1,10,,91372,4,,,1,10,,91351,8,,,1,10,,91354,8,,,1,10,,91374,4,,,1,50,,91371,8,,,1,16,,91334,8,,,1,30,,91355,8,,,1,70,,91335,8,,,1,30,,91356,8,,,1,70,,91336,8,,,1,30,,91357,8,,,1,70,,91337,8,,,1,30,,91358,8,,,1,70,,91338,8,,,1,30,,91359,8,,,1,70,,91339,8,,,1,30,,91360,8,,,1,70,,91340,8,,,1,30,,91361,8,,,1,70,,91341,8,,,1,30,,91362,8,,,1,70,,91342,8,,,1,30,,91363,8,,,1,70,,91343,8,,,1,30,,91364,8,,,1,70,,91344,8,,,1,30,,91365,8,,,1,70,,91345,8,,,1,30,,91366,8,,,1,70,,91346,8,,,1,30,,91367,8,,,1,70,,91347,8,,,1,30,,91368,8,,,1,70,,91348,8,,,1,30,,91369,8,,,1,70,,91349,8,,,1
901,'20261111',515,,91375,8,,,1,30,,91396,8,,,1,76,,91376,8,,,1,15,,91394,8,,,1,10,,91397,8,,,1,10,,91417,4,,,1,50,,91414,8,,,1,10,,91377,8,,,1,10,,91416,4,,,1,10,,91395,8,,,1,10,,91398,8,,,1,10,,91418,4,,,1,50,,91415,8,,,1,16,,91378,8,,,1,30,,91399,8,,,1,70,,91379,8,,,1,30,,91400,8,,,1,70,,91380,8,,,1,30,,91401,8,,,1,70,,91381,8,,,1,30,,91402,8,,,1,70,,91382,8,,,1,30,,91403,8,,,1,70,,91383,8,,,1,30,,91404,8,,,1,70,,91384,8,,,1,30,,91405,8,,,1,70,,91385,8,,,1,30,,91406,8,,,1,70,,91386,8,,,1,30,,91407,8,,,1,70,,91387,8,,,1,30,,91408,8,,,1,70,,91388,8,,,1,30,,91409,8,,,1,70,,91389,8,,,1,30,,91410,8,,,1,70,,91390,8,,,1,30,,91411,8,,,1,70,,91391,8,,,1,30,,91412,8,,,1,70,,91392,8,,,1,30,,91413,8,,,1,70,,91393,8,,,1
901,'20261112',515,,91419,8,,,1,30,,91440,8,,,1,76,,91420,8,,,1,15,,91438,8,,,1,10,,91441,8,,,1,10,,91461,4,,,1,50,,91458,8,,,1,10,,91421,8,,,1,10,,91460,4,,,1,10,,91439,8,,,1,10,,91442,8,,,1,10,,91462,4,,,1,50,,91459,8,,,1,16,,91422,8,,,1,30,,91443,8,,,1,70,,91423,8,,,1,30,,91444,8,,,1,70,,91424,8,,,1,30,,91445,8,,,1,70,,91425,8,,,1,30,,91446,8,,,1,70,,91426,8,,,1,30,,91447,8,,,1,70,,91427,8,,,1,30,,91448,8,,,1,70,,91428,8,,,1,30,,91449,8,,,1,70,,91429,8,,,1,30,,91450,8,,,1,70,,91430,8,,,1,30,,91451,8,,,1,70,,91431,8,,,1,30,,91452,8,,,1,70,,91432,8,,,1,30,,91453,8,,,1,70,,91433,8,,,1,30,,91454,8,,,1,70,,91434,8,,,1,30,,91455,8,,,1,70,,91435,8,,,1,30,,91456,8,,,1,70,,91436,8,,,1,30,,91457,8,,,1,70,,91437,8,,,1
901,'20261113',515,,91463,8,,,1,30,,91484,8,,,1,76,,91464,8,,,1,15,,91482,8,,,1,10,,91485,8,,,1,10,,91506,4,,,1,50,,91503,8,,,1,10,,91465,8,,,1,10,,91505,4,,,1,10,,91483,8,,,1,10,,91486,8,,,1,10,,91507,4,,,1,50,,91504,8,,,1,16,,91466,8,,,1,30,,91487,8,,,1,70,,91467,8,,,1,30,,91488,8,,,1,70,,91468,8,,,1,30,,91489,8,,,1,70,,91469,8,,,1,30,,91490,8,,,1,70,,91470,8,,,1,30,,91491,8,,,1,70,,91471,8,,,1,30,,91492,8,,,1,70,,91472,8,,,1,30,,91493,8,,,1,70,,91473,8,,,1,30,,91494,8,,,1,70,,91474,8,,,1,30,,91495,8,,,1,70,,91475,8,,,1,30,,91496,8,,,1,70,,91476,8,,,1,30,,91497,8,,,1,70,,91477,8,,,1,30,,91498,8,,,1,70,,91478,8,,,1,30,,91499,8,,,1,70,,91479,8,,,1,30,,91500,8,,,1,70,,91480,8,,,1,30,,91501,8,,,1,70,,91481,8,,,1,30,,91502,8,,,1
901,'20261114',752,,91524,8,,,1,70,,91508,8,,,1,30,,91525,8,,,1,70,,91509,8,,,1,30,,91526,8,,,1,70,,91510,8,,,1,30,,91527,8,,,1,70,,91511,8,,,1,30,,91528,8,,,1,70,,91512,8,,,1,30,,91529,8,,,1,70,,91513,8,,,1,30,,91530,8,,,1,70,,91514,8,,,1,30,,91531,8,,,1,70,,91515,8,,,1,30,,91532,8,,,1,70,,91516,8,,,1,30,,91533,8,,,1,70,,91517,8,,,1,30,,91534,8,,,1,70,,91518,8,,,1,30,,91535,8,,,1,70,,91519,8,,,1,30,,91536,8,,,1,70,,91520,8,,,1,30,,91537,8,,,1,70,,91521,8,,,1,30,,91538,8,,,1,70,,91522,8,,,1,30,,91539,8,,,1,70,,91523,8,,,1,30,,91540,8,,,1
901,'20261115',752,,91557,8,,,1,70,,91541,8,,,1,30,,91558,8,,,1,70,,91542,8,,,1,30,,91559,8,,,1,70,,91543,8,,,1,30,,91560,8,,,1,70,,91544,8,,,1,30,,91561,8,,,1,70,,91545,8,,,1,30,,91562,8,,,1,70,,91546,8,,,1,30,,91563,8,,,1,70,,91547,8,,,1,30,,91564,8,,,1,70,,91548,8,,,1,30,,91565,8,,,1,70,,91549,8,,,1,30,,91566,8,,,1,70,,91550,8,,,1,30,,91567,8,,,1,70,,91551,8,,,1,30,,91568,8,,,1,70,,91552,8,,,1,30,,91569,8,,,1,70,,91553,8,,,1,30,,91570,8,,,1,70,,91554,8,,,1,30,,91571,8,,,1,70,,91555,8,,,1,30,,91572,8,,,1,70,,91556,8,,,1
901,'20261116',515,,91573,8,,,1,30,,91594,8,,,1,76,,91574,8,,,1,15,,91592,8,,,1,10,,91595,8,,,1,10,,91615,4,,,1,50,,91612,8,,,1,10,,91575,8,,,1,10,,91614,4,,,1,10,,91593,8,,,1,10,,91596,8,,,1,10,,91616,4,,,1,50,,91613,8,,,1,16,,91576,8,,,1,30,,91597,8,,,1,70,,91577,8,,,1,30,,91598,8,,,1,70,,91578,8,,,1,30,,91599,8,,,1,70,,91579,8,,,1,30,,91600,8,,,1,70,,91580,8,,,1,30,,91601,8,,,1,70,,91581,8,,,1,30,,91602,8,,,1,70,,91582,8,,,1,30,,91603,8,,,1,70,,91583,8,,,1,30,,91604,8,,,1,70,,91584,8,,,1,30,,91605,8,,,1,70,,91585,8,,,1,30,,91606,8,,,1,70,,91586,8,,,1,30,,91607,8,,,1,70,,91587,8,,,1,30,,91608,8,,,1,70,,91588,8,,,1,30,,91609,8,,,1,70,,91589,8,,,1,30,,91610,8,,,1,70,,91590,8,,,1,30,,91611,8,,,1,70,,91591,8,,,1
901,'20261117',515,,91617,8,,,1,30,,91638,8,,,1,76,,91618,8,,,1,15,,91636,8,,,1,10,,91639,8,,,1,10,,91659,4,,,1,50,,91656,8,,,1,10,,91619,8,,,1,10,,91658,4,,,1,10,,91637,8,,,1,10,,91640,8,,,1,10,,91660,4,,,1,50,,91657,8,,,1,16,,91620,8,,,1,30,,91641,8,,,1,70,,91621,8,,,1,30,,91642,8,,,1,70,,91622,8,,,1,30,,91643,8,,,1,70,,91623,8,,,1,30,,91644,8,,,1,70,,91624,8,,,1,30,,91645,8,,,1,70,,91625,8,,,1,30,,91646,8,,,1,70,,91626,8,,,1,30,,91647,8,,,1,70,,91627,8,,,1,30,,91648,8,,,1,70,,91628,8,,,1,30,,91649,8,,,1,70,,91629,8,,,1,30,,91650,8,,,1,70,,91630,8,,,1,30,,91651,8,,,1,70,,91631,8,,,1,30,,91652,8,,,1,70,,91632,8,,,1,30,,91653,8,,,1,70,,91633,8,,,1,30,,91654,8,,,1,70,,91634,8,,,1,30,,91655,8,,,1,70,,91635,8,,,1
901,'20261118',515,,91661,8,,,1,30,,91682,8,,,1,76,,91662,8,,,1,15,,91680,8,,,1,10,,91683,8,,,1,10,,91703,4,,,1,50,,91700,8,,,1,10,,91663,8,,,1,10,,91702,4,,,1,10,,91681,8,,,1,10,,91684,8,,,1,10,,91704,4,,,1,50,,91701,8,,,1,16,,91664,8,,,1,30,,91685,8,,,1,70,,91665,8,,,1,30,,91686,8,,,1,70,,91666,8,,,1,30,,91687,8,,,1,70,,91667,8,,,1,30,,91688,8,,,1,70,,91668,8,,,1,30,,91689,8,,,1,70,,91669,8,,,1,30,,91690,8,,,1,70,,91670,8,,,1,30,,91691,8,,,1,70,,91671,8,,,1,30,,91692,8,,,1,70,,91672,8,,,1,30,,91693,8,,,1,70,,91673,8,,,1,30,,91694,8,,,1,70,,91674,8,,,1,30,,91695,8,,,1,70,,91675,8,,,1,30,,91696,8,,,1,70,,91676,8,,,1,30,,91697,8,,,1,70,,91677,8,,,1,30,,91698,8,,,1,70,,91678,8,,,1,30,,91699,8,,,1,70,,91679,8,,,1
901,'20261119',515,,91705,8,,,1,30,,91726,8,,,1,76,,91706,8,,,1,15,,91724,8,,,1,10,,91727,8,,,1,10,,91747,4,,,1,50,,91744,8,,,1,10,,91707,8,,,1,10,,91746,4,,,1,10,,91725,8,,,1,10,,91728,8,,,1,10,,91748,4,,,1,50,,91745,8,,,1,16,,91708,8,,,1,30,,91729,8,,,1,70,,91709,8,,,1,30,,91730,8,,,1,70,,91710,8,,,1,30,,91731,8,,,1,70,,91711,8,,,1,30,,91732,8,,,1,70,,91712,8,,,1,30,,91733,8,,,1,70,,91713,8,,,1,30,,91734,8,,,1,70,,91714,8,,,1,30,,91735,8,,,1,70,,91715,8,,,1,30,,91736,8,,,1,70,,91716,8,,,1,30,,91737,8,,,1,70,,91717,8,,,1,30,,91738,8,,,1,70,,91718,8,,,1,30,,91739,8,,,1,70,,91719,8,,,1,30,,91740,8,,,1,70,,91720,8,,,1,30,,91741,8,,,1,70,,91721,8,,,1,30,,91742,8,,,1,70,,91722,8,,,1,30,,91743,8,,,1,70,,91723,8,,,1
901,'20261120',515,,91749,8,,,1,30,,91770,8,,,1,76,,91750,8,,,1,15,,91768,8,,,1,10,,91771,8,,,1,10,,91792,4,,,1,50,,91789,8,,,1,10,,91751,8,,,1,10,,91791,4,,,1,10,,91769,8,,,1,10,,91772,8,,,1,10,,91793,4,,,1,50,,91790,8,,,1,16,,91752,8,,,1,30,,91773,8,,,1,70,,91753,8,,,1,30,,91774,8,,,1,70,,91754,8,,,1,30,,91775,8,,,1,70,,91755,8,,,1,30,,91776,8,,,1,70,,91756,8,,,1,30,,91777,8,,,1,70,,91757,8,,,1,30,,91778,8,,,1,70,,91758,8,,,1,30,,91779,8,,,1,70,,91759,8,,,1,30,,91780,8,,,1,70,,91760,8,,,1,30,,91781,8,,,1,70,,91761,8,,,1,30,,91782,8,,,1,70,,91762,8,,,1,30,,91783,8,,,1,70,,91763,8,,,1,30,,91784,8,,,1,70,,91764,8,,,1,30,,91785,8,,,1,70,,91765,8,,,1,30,,91786,8,,,1,70,,91766,8,,,1,30,,91787,8,,,1,70,,91767,8,,,1,30,,91788,8,,,1
901,'20261121',752,,91810,8,,,1,70,,91794,8,,,1,30,,91811,8,,,1,70,,91795,8,,,1,30,,91812,8,,,1,70,,91796,8,,,1,30,,91813,8,,,1,70,,91797,8,,,1,30,,91814,8,,,1,70,,91798,8,,,1,30,,91815,8,,,1,70,,91799,8,,,1,30,,91816,8,,,1,70,,91800,8,,,1,30,,91817,8,,,1,70,,91801,8,,,1,30,,91818,8,,,1,70,,91802,8,,,1,30,,91819,8,,,1,70,,91803,8,,,1,30,,91820,8,,,1,70,,91804,8,,,1,30,,91821,8,,,1,70,,91805,8,,,1,30,,91822,8,,,1,70,,91806,8,,,1,30,,91823,8,,,1,70,,91807,8,,,1,30,,91824,8,,,1,70,,91808,8,,,1,30,,91825,8,,,1,70,,91809,8,,,1,30,,91826,8,,,1
901,'20261122',752,,91843,8,,,1,70,,91827,8,,,1,30,,91844,8,,,1,70,,91828,8,,,1,30,,91845,8,,,1,70,,91829,8,,,1,30,,91846,8,,,1,70,,91830,8,,,1,30,,91847,8,,,1,70,,91831,8,,,1,30,,91848,8,,,1,70,,91832,8,,,1,30,,91849,8,,,1,70,,91833,8,,,1,30,,91850,8,,,1,70,,91834,8,,,1,30,,91851,8,,,1,70,,91835,8,,,1,30,,91852,8,,,1,70,,91836,8,,,1,30,,91853,8,,,1,70,,91837,8,,,1,30,,91854,8,,,1,70,,91838,8,,,1,30,,91855,8,,,1,70,,91839,8,,,1,30,,91856,8,,,1,70,,91840,8,,,1,30,,91857,8,,,1,70,,91841,8,,,1,30,,91858,8,,,1,70,,91842,8,,,1
901,'20261123',515,,91859,8,,,1,30,,91880,8,,,1,76,,91860,8,,,1,15,,91878,8,,,1,10,,91881,8,,,1,10,,91901,4,,,1,50,,91898,8,,,1,10,,91861,8,,,1,10,,91900,4,,,1,10,,91879,8,,,1,10,,91882,8,,,1,10,,91902,4,,,1,50,,91899,8,,,1,16,,91862,8,,,1,30,,91883,8,,,1,70,,91863,8,,,1,30,,91884,8,,,1,70,,91864,8,,,1,30,,91885,8,,,1,70,,91865,8,,,1,30,,91886,8,,,1,70,,91866,8,,,1,30,,91887,8,,,1,70,,91867,8,,,1,30,,91888,8,,,1,70,,91868,8,,,1,30,,91889,8,,,1,70,,91869,8,,,1,30,,91890,8,,,1,70,,91870,8,,,1,30,,91891,8,,,1,70,,91871,8,,,1,30,,91892,8,,,1,70,,91872,8,,,1,30,,91893,8,,,1,70,,91873,8,,,1,30,,91894,8,,,1,70,,91874,8,,,1,30,,91895,8,,,1,70,,91875,8,,,1,30,,91896,8,,,1,70,,91876,8,,,1,30,,91897,8,,,1,70,,91877,8,,,1
901,'20261124',515,,91903,8,,,1,30,,91924,8,,,1,76,,91904,8,,,1,15,,91922,8,,,1,10,,91925,8,,,1,10,,91945,4,,,1,50,,91942,8,,,1,10,,91905,8,,,1,10,,91944,4,,,1,10,,91923,8,,,1,10,,91926,8,,,1,10,,91946,4,,,1,50,,91943,8,,,1,16,,91906,8,,,1,30,,91927,8,,,1,70,,91907,8,,,1,30,,91928,8,,,1,70,,91908,8,,,1,30,,91929,8,,,1,70,,91909,8,,,1,30,,91930,8,,,1,70,,91910,8,,,1,30,,91931,8,,,1,70,,91911,8,,,1,30,,91932,8,,,1,70,,91912,8,,,1,30,,91933,8,,,1,70,,91913,8,,,1,30,,91934,8,,,1,70,,91914,8,,,1,30,,91935,8,,,1,70,,91915,8,,,1,30,,91936,8,,,1,70,,91916,8,,,1,30,,91937,8,,,1,70,,91917,8,,,1,30,,91938,8,,,1,70,,91918,8,,,1,30,,91939,8,,,1,70,,91919,8,,,1,30,,91940,8,,,1,70,,91920,8,,,1,30,,91941,8,,,1,70,,91921,8,,,1
901,'20261125',515,,91947,8,,,1,30,,91968,8,,,1,76,,91948,8,,,1,15,,91966,8,,,1,10,,91969,8,,,1,10,,91989,4,,,1,50,,91986,8,,,1,10,,91949,8,,,1,10,,91988,4,,,1,10,,91967,8,,,1,10,,91970,8,,,1,10,,91990,4,,,1,50,,91987,8,,,1,16,,91950,8,,,1,30,,91971,8,,,1,70,,91951,8,,,1,30,,91972,8,,,1,70,,91952,8,,,1,30,,91973,8,,,1,70,,91953,8,,,1,30,,91974,8,,,1,70,,91954,8,,,1,30,,91975,8,,,1,70,,91955,8,,,1,30,,91976,8,,,1,70,,91956,8,,,1,30,,91977,8,,,1,70,,91957,8,,,1,30,,91978,8,,,1,70,,91958,8,,,1,30,,91979,8,,,1,70,,91959,8,,,1,30,,91980,8,,,1,70,,91960,8,,,1,30,,91981,8,,,1,70,,91961,8,,,1,30,,91982,8,,,1,70,,91962,8,,,1,30,,91983,8,,,1,70,,91963,8,,,1,30,,91984,8,,,1,70,,91964,8,,,1,30,,91985,8,,,1,70,,91965,8,,,1
901,'20261126',515,,91991,8,,,1,30,,92012,8,,,1,76,,91992,8,,,1,15,,92010,8,,,1,10,,92013,8,,,1,10,,92033,4,,,1,50,,92030,8,,,1,10,,91993,8,,,1,10,,92032,4,,,1,10,,92011,8,,,1,10,,92014,8,,,1,10,,92034,4,,,1,50,,92031,8,,,1,16,,91994,8,,,1,30,,92015,8,,,1,70,,91995,8,,,1,30,,92016,8,,,1,70,,91996,8,,,1,30,,92017,8,,,1,70,,91997,8,,,1,30,,92018,8,,,1,70,,91998,8,,,1,30,,92019,8,,,1,70,,91999,8,,,1,30,,92020,8,,,1,70,,92000,8,,,1,30,,92021,8,,,1,70,,92001,8,,,1,30,,92022,8,,,1,70,,92002,8,,,1,30,,92023,8,,,1,70,,92003,8,,,1,30,,92024,8,,,1,70,,92004,8,,,1,30,,92025,8,,,1,70,,92005,8,,,1,30,,92026,8,,,1,70,,92006,8,,,1,30,,92027,8,,,1,70,,92007,8,,,1,30,,92028,8,,,1,70,,92008,8,,,1,30,,92029,8,,,1,70,,92009,8,,,1
901,'20261127',515,,92035,8,,,1,30,,92056,8,,,1,76,,92036,8,,,1,15,,92054,8,,,1,10,,92057,8,,,1,10,,92078,4,,,1,50,,92075,8,,,1,10,,92037,8,,,1,10,,92077,4,,,1,10,,92055,8,,,1,10,,92058,8,,,1,10,,92079,4,,,1,50,,92076,8,,,1,16,,92038,8,,,1,30,,92059,8,,,1,70,,92039,8,,,1,30,,92060,8,,,1,70,,92040,8,,,1,30,,92061,8,,,1,70,,92041,8,,,1,30,,92062,8,,,1,70,,92042,8,,,1,30,,92063,8,,,1,70,,92043,8,,,1,30,,92064,8,,,1,70,,92044,8,,,1,30,,92065,8,,,1,70,,92045,8,,,1,30,,92066,8,,,1,70,,92046,8,,,1,30,,92067,8,,,1,70,,92047,8,,,1,30,,92068,8,,,1,70,,92048,8,,,1,30,,92069,8,,,1,70,,92049,8,,,1,30,,92070,8,,,1,70,,92050,8,,,1,30,,92071,8,,,1,70,,92051,8,,,1,30,,92072,8,,,1,70,,92052,8,,,1,30,,92073,8,,,1,70,,92053,8,,,1,30,,92074,8,,,1
