100,'20260831',624,,64692,11,0,10,1,30,,64698,11,0,11 12,1,78,,64693,11,0,10,1,70,,64699,11,0,11 12,1,30,,64694,11,0,10,1,70,,36634,11,0,11 12,1,30,,36612,11,0,10,1,70,,36635,11,0,11 12,1,31,,36613,11,0,10,1,70,,36636,11,0,11 12,1,30,,36614,11,0,10,1,70,,64703,11,0,13,1,30,,36615,11,0,10,1,70,,36637,11,0,11 12,1,30,,36616,11,0,10,1,70,,36638,11,0,11 12,1,30,,36617,11,0,10,1,70,,64700,11,0,11 12,1,30,,36618,11,0,10,1,17,,36629,11,0,14,1,71,,36626,11,0,14,1,30,,36630,11,0,14,1,70,,36627,11,0,14,1,30,,36631,11,0,15,1,58,,36640,11,0,11 12,1,24,,36619,11,0,10,1,70,,64704,11,0,13,1,30,,36620,11,0,10,1,70,,36641,11,0,11 12,1,30,,36621,11,0,10,1,70,,64701,11,0,11 12,1,30,,36622,11,0,10,1,70,,36643,11,0,11 12,1,9,,65460,11,,,1,21,,36623,11,0,10,1,70,,36644,11,0,11 12,1,17,,64697,11,0,10,1,83,,36645,11,0,11 12,1,30,,65459,11,0,14,1
100,'20260901',624,,36657,11,0,10,1,30,,36680,11,0,11 12,1,78,,36658,11,0,10,1,70,,36681,11,0,11 12,1,30,,36659,11,0,10,1,70,,36682,11,0,11 12,1,30,,36660,11,0,10,1,70,,36683,11,0,11 12,1,31,,36661,11,0,10,1,70,,36684,11,0,11 12,1,30,,36662,11,0,10,1,70,,36695,11,0,13,1,30,,36663,11,0,10,1,70,,36685,11,0,11 12,1,30,,36664,11,0,10,1,70,,36686,11,0,11 12,1,30,,36665,11,0,10,1,70,,36687,11,0,11 12,1,30,,36666,11,0,10,1,17,,36677,11,0,14,1,71,,36674,11,0,14,1,30,,36678,11,0,14,1,70,,36675,11,0,14,1,30,,36679,11,0,15,1,58,,36688,11,0,11 12,1,24,,36667,11,0,10,1,70,,36696,11,0,13,1,30,,36668,11,0,10,1,70,,36689,11,0,11 12,1,30,,36669,11,0,10,1,70,,36690,11,0,11 12,1,30,,36670,11,0,10,1,70,,36691,11,0,11 12,1,9,,65463,11,,,1,21,,36671,11,0,10,1,70,,36692,11,0,11 12,1,17,,36676,11,0,10,1,83,,36693,11,0,11 12,1,30,,65462,11,0,14,1
100,'20260902',624,,36705,11,0,10,1,30,,36728,11,0,11 12,1,78,,36706,11,0,10,1,70,,36729,11,0,11 12,1,30,,36707,11,0,10,1,70,,36730,11,0,11 12,1,30,,36708,11,0,10,1,70,,36731,11,0,11 12,1,31,,36709,11,0,10,1,70,,36732,11,0,11 12,1,30,,36710,11,0,10,1,70,,36743,11,0,13,1,30,,36711,11,0,10,1,70,,36733,11,0,11 12,1,30,,36712,11,0,10,1,70,,36734,11,0,11 12,1,30,,36713,11,0,10,1,70,,36735,11,0,11 12,1,30,,36714,11,0,10,1,17,,36725,11,0,14,1,71,,36722,11,0,14,1,30,,36726,11,0,14,1,70,,36723,11,0,14,1,30,,36727,11,0,15,1,58,,36736,11,0,11 12,1,24,,36715,11,0,10,1,70,,36744,11,0,13,1,30,,36716,11,0,10,1,70,,36737,11,0,11 12,1,30,,36717,11,0,10,1,70,,36738,11,0,11 12,1,30,,36718,11,0,10,1,70,,36739,11,0,11 12,1,9,,65466,11,,,1,21,,36719,11,0,10,1,70,,36740,11,0,11 12,1,17,,36724,11,0,10,1,83,,36741,11,0,11 12,1,30,,65465,11,0,14,1
100,'20260903',624,,36753,11,0,10,1,30,,36776,11,0,11 12,1,78,,36754,11,0,10,1,70,,36777,11,0,11 12,1,30,,36755,11,0,10,1,70,,36778,11,0,11 12,1,30,,36756,11,0,10,1,70,,36779,11,0,11 12,1,31,,36757,11,0,10,1,70,,36780,11,0,11 12,1,30,,36758,11,0,10,1,70,,36791,11,0,13,1,30,,36759,11,0,10,1,70,,36781,11,0,11 12,1,30,,36760,11,0,10,1,70,,36782,11,0,11 12,1,30,,36761,11,0,10,1,70,,36783,11,0,11 12,1,30,,36762,11,0,10,1,17,,36773,11,0,14,1,71,,36770,11,0,14,1,30,,36774,11,0,14,1,70,,36771,11,0,14,1,30,,36775,11,0,15,1,58,,36784,11,0,11 12,1,24,,36763,11,0,10,1,70,,36792,11,0,13,1,30,,36764,11,0,10,1,70,,36785,11,0,11 12,1,30,,36765,11,0,10,1,70,,36786,11,0,11 12,1,30,,36766,11,0,10,1,70,,36787,11,0,11 12,1,9,,65469,11,,,1,21,,36767,11,0,10,1,70,,36788,11,0,11 12,1,17,,36772,11,0,10,1,83,,36789,11,0,11 12,1,30,,65468,11,0,14,1
100,'20260904',624,,36801,11,0,10,1,30,,36825,11,0,11 12,1,78,,36802,11,0,10,1,70,,36826,11,0,11 12,1,30,,36803,11,0,10,1,70,,36827,11,0,11 12,1,30,,36804,11,0,10,1,70,,36828,11,0,11 12,1,31,,36805,11,0,10,1,70,,36829,11,0,11 12,1,30,,36806,11,0,10,1,70,,36841,11,0,13,1,30,,36807,11,0,10,1,70,,36830,11,0,11 12,1,30,,36808,11,0,10,1,70,,36831,11,0,11 12,1,30,,36809,11,0,10,1,70,,36832,11,0,11 12,1,30,,36810,11,0,10,1,17,,36822,11,0,14,1,71,,36820,11,0,14,1,30,,36823,11,0,14,1,70,,36821,11,0,14,1,30,,36824,11,0,15,1,58,,36833,11,0,11 12,1,24,,36811,11,0,10,1,70,,36842,11,0,13,1,30,,36812,11,0,10,1,70,,36834,11,0,11 12,1,30,,36813,11,0,10,1,70,,36835,11,0,11 12,1,30,,36814,11,0,10,1,70,,36836,11,0,11 12,1,9,,65471,11,,,1,21,,36815,11,0,10,1,70,,36837,11,0,11 12,1,30,,36816,11,0,10,1,70,,36838,11,0,11 12,1,30,,36817,11,0,10,1,70,,36839,11,0,11 12,1
100,'20260905',903,,65694,11,0,11 12,1,30,,65662,11,0,10,1,70,,65695,11,0,11 12,1,30,,65663,11,0,10,1,70,,65696,11,0,11 12,1,30,,65664,11,0,10,1,70,,65697,11,0,11 12,1,30,,65665,11,0,10,1,70,,65698,11,0,11 12,1,30,,65666,11,0,10,1,70,,65699,11,0,11 12,1,30,,65667,11,0,10,1,70,,65709,11,0,13,1,30,,65668,11,0,10,1,15,,65678,11,0,14,1,55,,65700,11,0,11 12,1,15,,65686,11,0,14,1,15,,65669,11,0,10,1,15,,65679,11,0,14,1,55,,65701,11,0,11 12,1,15,,65687,11,0,14,1,15,,65670,11,0,10,1,15,,65680,11,0,14,1,55,,65702,11,0,11 12,1,15,,65688,11,0,14,1,15,,65671,11,0,10,1,15,,65681,11,0,14,1,55,,65703,11,0,11 12,1,15,,65689,11,0,14,1,15,,65672,11,0,10,1,15,,65682,11,0,14,1,55,,65704,11,0,11 12,1,15,,65690,11,0,14,1,15,,65673,11,0,10,1,15,,65683,11,0,14,1,55,,65710,11,0,13,1,15,,65691,11,0,14,1,15,,65674,11,0,10,1,15,,65684,11,0,14,1,55,,65705,11,0,11 12,1,15,,65692,11,0,14,1,15,,65675,11,0,10,1,15,,65685,11,0,14,1,55,,65706,11,0,11 12,1,15,,65693,11,0,14,1,15,,65676,11,0,10,1,70,,65707,11,0,11 12,1,30,,65677,11,0,10,1,70,,65708,11,0,11 12,1
100,'20260906',903,,65750,11,0,11 12,1,30,,65718,11,0,10,1,70,,65751,11,0,11 12,1,30,,65719,11,0,10,1,70,,65752,11,0,11 12,1,30,,65720,11,0,10,1,70,,65753,11,0,11 12,1,30,,65721,11,0,10,1,70,,65754,11,0,11 12,1,30,,65722,11,0,10,1,70,,65755,11,0,11 12,1,30,,65723,11,0,10,1,70,,65765,11,0,13,1,30,,65724,11,0,10,1,15,,65734,11,0,14,1,55,,65756,11,0,11 12,1,15,,65742,11,0,14,1,15,,65725,11,0,10,1,15,,65735,11,0,14,1,55,,65757,11,0,11 12,1,15,,65743,11,0,14,1,15,,65726,11,0,10,1,15,,65736,11,0,14,1,55,,65758,11,0,11 12,1,15,,65744,11,0,14,1,15,,65727,11,0,10,1,15,,65737,11,0,14,1,55,,65759,11,0,11 12,1,15,,65745,11,0,14,1,15,,65728,11,0,10,1,15,,65738,11,0,14,1,55,,65760,11,0,11 12,1,15,,65746,11,0,14,1,15,,65729,11,0,10,1,15,,65739,11,0,14,1,55,,65766,11,0,13,1,15,,65747,11,0,14,1,15,,65730,11,0,10,1,15,,65740,11,0,14,1,55,,65761,11,0,11 12,1,15,,65748,11,0,14,1,15,,65731,11,0,10,1,15,,65741,11,0,14,1,55,,65762,11,0,11 12,1,15,,65749,11,0,14,1,15,,65732,11,0,10,1,70,,65763,11,0,11 12,1,30,,65733,11,0,10,1,70,,65764,11,0,11 12,1
100,'20260907',903,,65806,11,0,11 12,1,30,,65774,11,0,10,1,70,,65807,11,0,11 12,1,30,,65775,11,0,10,1,70,,65808,11,0,11 12,1,30,,65776,11,0,10,1,70,,65809,11,0,11 12,1,30,,65777,11,0,10,1,70,,65810,11,0,11 12,1,30,,65778,11,0,10,1,70,,65811,11,0,11 12,1,30,,65779,11,0,10,1,70,,65821,11,0,13,1,30,,65780,11,0,10,1,15,,65790,11,0,14,1,55,,65812,11,0,11 12,1,15,,65798,11,0,14,1,15,,65781,11,0,10,1,15,,65791,11,0,14,1,55,,65813,11,0,11 12,1,15,,65799,11,0,14,1,15,,65782,11,0,10,1,15,,65792,11,0,14,1,55,,65814,11,0,11 12,1,15,,65800,11,0,14,1,15,,65783,11,0,10,1,15,,65793,11,0,14,1,55,,65815,11,0,11 12,1,15,,65801,11,0,14,1,15,,65784,11,0,10,1,15,,65794,11,0,14,1,55,,65816,11,0,11 12,1,15,,65802,11,0,14,1,15,,65785,11,0,10,1,15,,65795,11,0,14,1,55,,65822,11,0,13,1,15,,65803,11,0,14,1,15,,65786,11,0,10,1,15,,65796,11,0,14,1,55,,65817,11,0,11 12,1,15,,65804,11,0,14,1,15,,65787,11,0,10,1,15,,65797,11,0,14,1,55,,65818,11,0,11 12,1,15,,65805,11,0,14,1,15,,65788,11,0,10,1,70,,65819,11,0,11 12,1,30,,65789,11,0,10,1,70,,65820,11,0,11 12,1
100,'20260908',624,,65830,11,0,10,1,30,,65853,11,0,11 12,1,78,,65831,11,0,10,1,70,,65854,11,0,11 12,1,30,,65832,11,0,10,1,70,,65855,11,0,11 12,1,30,,65833,11,0,10,1,70,,65856,11,0,11 12,1,30,,65834,11,0,10,1,70,,65857,11,0,11 12,1,30,,65835,11,0,10,1,70,,65868,11,0,13,1,30,,65836,11,0,10,1,70,,65858,11,0,11 12,1,30,,65837,11,0,10,1,70,,65859,11,0,11 12,1,30,,65838,11,0,10,1,70,,65860,11,0,11 12,1,30,,65839,11,0,10,1,17,,65850,11,0,14,1,71,,65847,11,0,14,1,30,,65851,11,0,14,1,70,,65848,11,0,14,1,30,,65852,11,0,15,1,58,,65861,11,0,11 12,1,25,,65840,11,0,10,1,70,,65869,11,0,13,1,30,,65841,11,0,10,1,70,,65862,11,0,11 12,1,30,,65842,11,0,10,1,70,,65863,11,0,11 12,1,30,,65843,11,0,10,1,70,,65864,11,0,11 12,1,30,,65844,11,0,10,1,70,,65865,11,0,11 12,1,17,,65849,11,0,10,1,83,,65866,11,0,11 12,1
100,'20260909',624,,65876,11,0,10,1,30,,65899,11,0,11 12,1,78,,65877,11,0,10,1,70,,65900,11,0,11 12,1,30,,65878,11,0,10,1,70,,65901,11,0,11 12,1,30,,65879,11,0,10,1,70,,65902,11,0,11 12,1,30,,65880,11,0,10,1,70,,65903,11,0,11 12,1,30,,65881,11,0,10,1,70,,65914,11,0,13,1,30,,65882,11,0,10,1,70,,65904,11,0,11 12,1,30,,65883,11,0,10,1,70,,65905,11,0,11 12,1,30,,65884,11,0,10,1,70,,65906,11,0,11 12,1,30,,65885,11,0,10,1,17,,65896,11,0,14,1,71,,65893,11,0,14,1,30,,65897,11,0,14,1,70,,65894,11,0,14,1,30,,65898,11,0,15,1,58,,65907,11,0,11 12,1,25,,65886,11,0,10,1,70,,65915,11,0,13,1,30,,65887,11,0,10,1,70,,65908,11,0,11 12,1,30,,65888,11,0,10,1,70,,65909,11,0,11 12,1,30,,65889,11,0,10,1,70,,65910,11,0,11 12,1,30,,65890,11,0,10,1,70,,65911,11,0,11 12,1,17,,65895,11,0,10,1,83,,65912,11,0,11 12,1
100,'20260910',624,,65922,11,0,10,1,30,,65945,11,0,11 12,1,78,,65923,11,0,10,1,70,,65946,11,0,11 12,1,30,,65924,11,0,10,1,70,,65947,11,0,11 12,1,30,,65925,11,0,10,1,70,,65948,11,0,11 12,1,30,,65926,11,0,10,1,70,,65949,11,0,11 12,1,30,,65927,11,0,10,1,70,,65960,11,0,13,1,30,,65928,11,0,10,1,70,,65950,11,0,11 12,1,30,,65929,11,0,10,1,70,,65951,11,0,11 12,1,30,,65930,11,0,10,1,70,,65952,11,0,11 12,1,30,,65931,11,0,10,1,17,,65942,11,0,14,1,71,,65939,11,0,14,1,30,,65943,11,0,14,1,70,,65940,11,0,14,1,30,,65944,11,0,15,1,58,,65953,11,0,11 12,1,25,,65932,11,0,10,1,70,,65961,11,0,13,1,30,,65933,11,0,10,1,70,,65954,11,0,11 12,1,30,,65934,11,0,10,1,70,,65955,11,0,11 12,1,30,,65935,11,0,10,1,70,,65956,11,0,11 12,1,30,,65936,11,0,10,1,70,,65957,11,0,11 12,1,17,,65941,11,0,10,1,83,,65958,11,0,11 12,1
100,'20260911',624,,65968,11,0,10,1,30,,65992,11,0,11 12,1,78,,65969,11,0,10,1,70,,65993,11,0,11 12,1,30,,65970,11,0,10,1,70,,65994,11,0,11 12,1,30,,65971,11,0,10,1,70,,65995,11,0,11 12,1,30,,65972,11,0,10,1,70,,65996,11,0,11 12,1,30,,65973,11,0,10,1,70,,66008,11,0,13,1,30,,65974,11,0,10,1,70,,65997,11,0,11 12,1,30,,65975,11,0,10,1,70,,65998,11,0,11 12,1,30,,65976,11,0,10,1,70,,65999,11,0,11 12,1,30,,65977,11,0,10,1,17,,65989,11,0,14,1,71,,65987,11,0,14,1,30,,65990,11,0,14,1,70,,65988,11,0,14,1,30,,65991,11,0,15,1,58,,66000,11,0,11 12,1,25,,65978,11,0,10,1,70,,66009,11,0,13,1,30,,65979,11,0,10,1,70,,66001,11,0,11 12,1,30,,65980,11,0,10,1,70,,66002,11,0,11 12,1,30,,65981,11,0,10,1,70,,66003,11,0,11 12,1,30,,65982,11,0,10,1,70,,66004,11,0,11 12,1,30,,65983,11,0,10,1,70,,66005,11,0,11 12,1,30,,65984,11,0,10,1,70,,66006,11,0,11 12,1
100,'20260912',903,,66032,11,0,11 12,1,30,,66016,11,0,10,1,70,,66033,11,0,11 12,1,30,,66017,11,0,10,1,70,,66034,11,0,11 12,1,30,,66018,11,0,10,1,70,,66035,11,0,11 12,1,30,,66019,11,0,10,1,70,,66036,11,0,11 12,1,30,,66020,11,0,10,1,70,,66037,11,0,11 12,1,30,,66021,11,0,10,1,70,,66047,11,0,13,1,30,,66022,11,0,10,1,70,,66038,11,0,11 12,1,30,,66023,11,0,10,1,70,,66039,11,0,11 12,1,30,,66024,11,0,10,1,70,,66040,11,0,11 12,1,30,,66025,11,0,10,1,70,,66041,11,0,11 12,1,30,,66026,11,0,10,1,70,,66042,11,0,11 12,1,30,,66027,11,0,10,1,70,,66048,11,0,13,1,30,,66028,11,0,10,1,70,,66043,11,0,11 12,1,30,,66029,11,0,10,1,70,,66044,11,0,11 12,1,30,,66030,11,0,10,1,70,,66045,11,0,11 12,1,30,,66031,11,0,10,1,70,,66046,11,0,11 12,1
100,'20260913',903,,66069,11,0,11 12,1,30,,66053,11,0,10,1,70,,66070,11,0,11 12,1,30,,66054,11,0,10,1,70,,66071,11,0,11 12,1,30,,66055,11,0,10,1,70,,66072,11,0,11 12,1,30,,66056,11,0,10,1,70,,66073,11,0,11 12,1,30,,66057,11,0,10,1,70,,66074,11,0,11 12,1,30,,66058,11,0,10,1,70,,66083,11,0,13,1,30,,66059,11,0,10,1,70,,66075,11,0,11 12,1,30,,66060,11,0,10,1,70,,66076,11,0,11 12,1,30,,66061,11,0,10,1,70,,66077,11,0,11 12,1,30,,66062,11,0,10,1,70,,66078,11,0,11 12,1,30,,66063,11,0,10,1,70,,66079,11,0,11 12,1,30,,66064,11,0,10,1,70,,66084,11,0,13,1,30,,66065,11,0,10,1,70,,66080,11,0,11 12,1,30,,66066,11,0,10,1,70,,66081,11,0,11 12,1,30,,66067,11,0,10,1,70,,66082,11,0,11 12,1,30,,66068,11,0,10,1
100,'20260914',624,,66089,11,0,10,1,30,,66112,11,0,11 12,1,78,,66090,11,0,10,1,70,,66113,11,0,11 12,1,30,,66091,11,0,10,1,70,,66114,11,0,11 12,1,30,,66092,11,0,10,1,70,,66115,11,0,11 12,1,30,,66093,11,0,10,1,70,,66116,11,0,11 12,1,30,,66094,11,0,10,1,70,,66127,11,0,13,1,30,,66095,11,0,10,1,70,,66117,11,0,11 12,1,30,,66096,11,0,10,1,70,,66118,11,0,11 12,1,30,,66097,11,0,10,1,70,,66119,11,0,11 12,1,30,,66098,11,0,10,1,17,,66109,11,0,14,1,71,,66106,11,0,14,1,30,,66110,11,0,14,1,70,,66107,11,0,14,1,30,,66111,11,0,15,1,58,,66120,11,0,11 12,1,25,,66099,11,0,10,1,70,,66128,11,0,13,1,30,,66100,11,0,10,1,70,,66121,11,0,11 12,1,30,,66101,11,0,10,1,70,,66122,11,0,11 12,1,30,,66102,11,0,10,1,70,,66123,11,0,11 12,1,30,,66103,11,0,10,1,70,,66124,11,0,11 12,1,17,,66108,11,0,10,1,83,,66125,11,0,11 12,1
100,'20260915',624,,66135,11,0,10,1,30,,66158,11,0,11 12,1,78,,66136,11,0,10,1,70,,66159,11,0,11 12,1,30,,66137,11,0,10,1,70,,66160,11,0,11 12,1,30,,66138,11,0,10,1,70,,66161,11,0,11 12,1,30,,66139,11,0,10,1,70,,66162,11,0,11 12,1,30,,66140,11,0,10,1,70,,66173,11,0,13,1,30,,66141,11,0,10,1,70,,66163,11,0,11 12,1,30,,66142,11,0,10,1,70,,66164,11,0,11 12,1,30,,66143,11,0,10,1,70,,66165,11,0,11 12,1,30,,66144,11,0,10,1,17,,66155,11,0,14,1,71,,66152,11,0,14,1,30,,66156,11,0,14,1,70,,66153,11,0,14,1,30,,66157,11,0,15,1,58,,66166,11,0,11 12,1,25,,66145,11,0,10,1,70,,66174,11,0,13,1,30,,66146,11,0,10,1,70,,66167,11,0,11 12,1,30,,66147,11,0,10,1,70,,66168,11,0,11 12,1,30,,66148,11,0,10,1,70,,66169,11,0,11 12,1,30,,66149,11,0,10,1,70,,66170,11,0,11 12,1,17,,66154,11,0,10,1,83,,66171,11,0,11 12,1
100,'20260916',624,,66181,11,0,10,1,30,,66204,11,0,11 12,1,78,,66182,11,0,10,1,70,,66205,11,0,11 12,1,30,,66183,11,0,10,1,70,,66206,11,0,11 12,1,30,,66184,11,0,10,1,70,,66207,11,0,11 12,1,30,,66185,11,0,10,1,70,,66208,11,0,11 12,1,30,,66186,11,0,10,1,70,,66219,11,0,13,1,30,,66187,11,0,10,1,70,,66209,11,0,11 12,1,30,,66188,11,0,10,1,70,,66210,11,0,11 12,1,30,,66189,11,0,10,1,70,,66211,11,0,11 12,1,30,,66190,11,0,10,1,17,,66201,11,0,14,1,71,,66198,11,0,14,1,30,,66202,11,0,14,1,70,,66199,11,0,14,1,30,,66203,11,0,15,1,58,,66212,11,0,11 12,1,25,,66191,11,0,10,1,70,,66220,11,0,13,1,30,,66192,11,0,10,1,70,,66213,11,0,11 12,1,30,,66193,11,0,10,1,70,,66214,11,0,11 12,1,30,,66194,11,0,10,1,70,,66215,11,0,11 12,1,30,,66195,11,0,10,1,70,,66216,11,0,11 12,1,17,,66200,11,0,10,1,83,,66217,11,0,11 12,1
100,'20260917',624,,66227,11,0,10,1,30,,66250,11,0,11 12,1,78,,66228,11,0,10,1,70,,66251,11,0,11 12,1,30,,66229,11,0,10,1,70,,66252,11,0,11 12,1,30,,66230,11,0,10,1,70,,66253,11,0,11 12,1,30,,66231,11,0,10,1,70,,66254,11,0,11 12,1,30,,66232,11,0,10,1,70,,66265,11,0,13,1,30,,66233,11,0,10,1,70,,66255,11,0,11 12,1,30,,66234,11,0,10,1,70,,66256,11,0,11 12,1,30,,66235,11,0,10,1,70,,66257,11,0,11 12,1,30,,66236,11,0,10,1,17,,66247,11,0,14,1,71,,66244,11,0,14,1,30,,66248,11,0,14,1,70,,66245,11,0,14,1,30,,66249,11,0,15,1,58,,66258,11,0,11 12,1,25,,66237,11,0,10,1,70,,66266,11,0,13,1,30,,66238,11,0,10,1,70,,66259,11,0,11 12,1,30,,66239,11,0,10,1,70,,66260,11,0,11 12,1,30,,66240,11,0,10,1,70,,66261,11,0,11 12,1,30,,66241,11,0,10,1,70,,66262,11,0,11 12,1,17,,66246,11,0,10,1,83,,66263,11,0,11 12,1
100,'20260918',624,,66273,11,0,10,1,30,,66297,11,0,11 12,1,78,,66274,11,0,10,1,70,,66298,11,0,11 12,1,30,,66275,11,0,10,1,70,,66299,11,0,11 12,1,30,,66276,11,0,10,1,70,,66300,11,0,11 12,1,30,,66277,11,0,10,1,70,,66301,11,0,11 12,1,30,,66278,11,0,10,1,70,,66313,11,0,13,1,30,,66279,11,0,10,1,70,,66302,11,0,11 12,1,30,,66280,11,0,10,1,70,,66303,11,0,11 12,1,30,,66281,11,0,10,1,70,,66304,11,0,11 12,1,30,,66282,11,0,10,1,17,,66294,11,0,14,1,71,,66292,11,0,14,1,30,,66295,11,0,14,1,70,,66293,11,0,14,1,30,,66296,11,0,15,1,58,,66305,11,0,11 12,1,25,,66283,11,0,10,1,70,,66314,11,0,13,1,30,,66284,11,0,10,1,70,,66306,11,0,11 12,1,30,,66285,11,0,10,1,70,,66307,11,0,11 12,1,30,,66286,11,0,10,1,70,,66308,11,0,11 12,1,30,,66287,11,0,10,1,70,,66309,11,0,11 12,1,30,,66288,11,0,10,1,70,,66310,11,0,11 12,1,30,,66289,11,0,10,1,70,,66311,11,0,11 12,1
100,'20260919',903,,66337,11,0,11 12,1,30,,66321,11,0,10,1,70,,66338,11,0,11 12,1,30,,66322,11,0,10,1,70,,66339,11,0,11 12,1,30,,66323,11,0,10,1,70,,66340,11,0,11 12,1,30,,66324,11,0,10,1,70,,66341,11,0,11 12,1,30,,66325,11,0,10,1,70,,66342,11,0,11 12,1,30,,66326,11,0,10,1,70,,66352,11,0,13,1,30,,66327,11,0,10,1,70,,66343,11,0,11 12,1,30,,66328,11,0,10,1,70,,66344,11,0,11 12,1,30,,66329,11,0,10,1,70,,66345,11,0,11 12,1,30,,66330,11,0,10,1,70,,66346,11,0,11 12,1,30,,66331,11,0,10,1,70,,66347,11,0,11 12,1,30,,66332,11,0,10,1,70,,66353,11,0,13,1,30,,66333,11,0,10,1,70,,66348,11,0,11 12,1,30,,66334,11,0,10,1,70,,66349,11,0,11 12,1,30,,66335,11,0,10,1,70,,66350,11,0,11 12,1,30,,66336,11,0,10,1,70,,66351,11,0,11 12,1
100,'20260920',903,,66374,11,0,11 12,1,30,,66358,11,0,10,1,70,,66375,11,0,11 12,1,30,,66359,11,0,10,1,70,,66376,11,0,11 12,1,30,,66360,11,0,10,1,70,,66377,11,0,11 12,1,30,,66361,11,0,10,1,70,,66378,11,0,11 12,1,30,,66362,11,0,10,1,70,,66379,11,0,11 12,1,30,,66363,11,0,10,1,70,,66388,11,0,13,1,30,,66364,11,0,10,1,70,,66380,11,0,11 12,1,30,,66365,11,0,10,1,70,,66381,11,0,11 12,1,30,,66366,11,0,10,1,70,,66382,11,0,11 12,1,30,,66367,11,0,10,1,70,,66383,11,0,11 12,1,30,,66368,11,0,10,1,70,,66384,11,0,11 12,1,30,,66369,11,0,10,1,70,,66389,11,0,13,1,30,,66370,11,0,10,1,70,,66385,11,0,11 12,1,30,,66371,11,0,10,1,70,,66386,11,0,11 12,1,30,,66372,11,0,10,1,70,,66387,11,0,11 12,1,30,,66373,11,0,10,1
100,'20260921',624,,66394,11,0,10,1,30,,66417,11,0,11 12,1,78,,66395,11,0,10,1,70,,66418,11,0,11 12,1,30,,66396,11,0,10,1,70,,66419,11,0,11 12,1,30,,66397,11,0,10,1,70,,66420,11,0,11 12,1,30,,66398,11,0,10,1,70,,66421,11,0,11 12,1,30,,66399,11,0,10,1,70,,66432,11,0,13,1,30,,66400,11,0,10,1,70,,66422,11,0,11 12,1,30,,66401,11,0,10,1,70,,66423,11,0,11 12,1,30,,66402,11,0,10,1,70,,66424,11,0,11 12,1,30,,66403,11,0,10,1,17,,66414,11,0,14,1,71,,66411,11,0,14,1,30,,66415,11,0,14,1,70,,66412,11,0,14,1,30,,66416,11,0,15,1,58,,66425,11,0,11 12,1,25,,66404,11,0,10,1,70,,66433,11,0,13,1,30,,66405,11,0,10,1,70,,66426,11,0,11 12,1,30,,66406,11,0,10,1,70,,66427,11,0,11 12,1,30,,66407,11,0,10,1,70,,66428,11,0,11 12,1,30,,66408,11,0,10,1,70,,66429,11,0,11 12,1,17,,66413,11,0,10,1,83,,66430,11,0,11 12,1
100,'20260922',624,,66440,11,0,10,1,30,,66463,11,0,11 12,1,78,,66441,11,0,10,1,70,,66464,11,0,11 12,1,30,,66442,11,0,10,1,70,,66465,11,0,11 12,1,30,,66443,11,0,10,1,70,,66466,11,0,11 12,1,30,,66444,11,0,10,1,70,,66467,11,0,11 12,1,30,,66445,11,0,10,1,70,,66478,11,0,13,1,30,,66446,11,0,10,1,70,,66468,11,0,11 12,1,30,,66447,11,0,10,1,70,,66469,11,0,11 12,1,30,,66448,11,0,10,1,70,,66470,11,0,11 12,1,30,,66449,11,0,10,1,17,,66460,11,0,14,1,71,,66457,11,0,14,1,30,,66461,11,0,14,1,70,,66458,11,0,14,1,30,,66462,11,0,15,1,58,,66471,11,0,11 12,1,25,,66450,11,0,10,1,70,,66479,11,0,13,1,30,,66451,11,0,10,1,70,,66472,11,0,11 12,1,30,,66452,11,0,10,1,70,,66473,11,0,11 12,1,30,,66453,11,0,10,1,70,,66474,11,0,11 12,1,30,,66454,11,0,10,1,70,,66475,11,0,11 12,1,17,,66459,11,0,10,1,83,,66476,11,0,11 12,1
100,'20260923',624,,66486,11,0,10,1,30,,66509,11,0,11 12,1,78,,66487,11,0,10,1,70,,66510,11,0,11 12,1,30,,66488,11,0,10,1,70,,66511,11,0,11 12,1,30,,66489,11,0,10,1,70,,66512,11,0,11 12,1,30,,66490,11,0,10,1,70,,66513,11,0,11 12,1,30,,66491,11,0,10,1,70,,66524,11,0,13,1,30,,66492,11,0,10,1,70,,66514,11,0,11 12,1,30,,66493,11,0,10,1,70,,66515,11,0,11 12,1,30,,66494,11,0,10,1,70,,66516,11,0,11 12,1,30,,66495,11,0,10,1,17,,66506,11,0,14,1,71,,66503,11,0,14,1,30,,66507,11,0,14,1,70,,66504,11,0,14,1,30,,66508,11,0,15,1,58,,66517,11,0,11 12,1,25,,66496,11,0,10,1,70,,66525,11,0,13,1,30,,66497,11,0,10,1,70,,66518,11,0,11 12,1,30,,66498,11,0,10,1,70,,66519,11,0,11 12,1,30,,66499,11,0,10,1,70,,66520,11,0,11 12,1,30,,66500,11,0,10,1,70,,66521,11,0,11 12,1,17,,66505,11,0,10,1,83,,66522,11,0,11 12,1
100,'20260924',624,,66532,11,0,10,1,30,,66555,11,0,11 12,1,78,,66533,11,0,10,1,70,,66556,11,0,11 12,1,30,,66534,11,0,10,1,70,,66557,11,0,11 12,1,30,,66535,11,0,10,1,70,,66558,11,0,11 12,1,30,,66536,11,0,10,1,70,,66559,11,0,11 12,1,30,,66537,11,0,10,1,70,,66570,11,0,13,1,30,,66538,11,0,10,1,70,,66560,11,0,11 12,1,30,,66539,11,0,10,1,70,,66561,11,0,11 12,1,30,,66540,11,0,10,1,70,,66562,11,0,11 12,1,30,,66541,11,0,10,1,17,,66552,11,0,14,1,71,,66549,11,0,14,1,30,,66553,11,0,14,1,70,,66550,11,0,14,1,30,,66554,11,0,15,1,58,,66563,11,0,11 12,1,25,,66542,11,0,10,1,70,,66571,11,0,13,1,30,,66543,11,0,10,1,70,,66564,11,0,11 12,1,30,,66544,11,0,10,1,70,,66565,11,0,11 12,1,30,,66545,11,0,10,1,70,,66566,11,0,11 12,1,30,,66546,11,0,10,1,70,,66567,11,0,11 12,1,17,,66551,11,0,10,1,83,,66568,11,0,11 12,1
100,'20260925',624,,66578,11,0,10,1,30,,66602,11,0,11 12,1,78,,66579,11,0,10,1,70,,66603,11,0,11 12,1,30,,66580,11,0,10,1,70,,66604,11,0,11 12,1,30,,66581,11,0,10,1,70,,66605,11,0,11 12,1,30,,66582,11,0,10,1,70,,66606,11,0,11 12,1,30,,66583,11,0,10,1,70,,66618,11,0,13,1,30,,66584,11,0,10,1,70,,66607,11,0,11 12,1,30,,66585,11,0,10,1,70,,66608,11,0,11 12,1,30,,66586,11,0,10,1,70,,66609,11,0,11 12,1,30,,66587,11,0,10,1,17,,66599,11,0,14,1,71,,66597,11,0,14,1,30,,66600,11,0,14,1,70,,66598,11,0,14,1,30,,66601,11,0,15,1,58,,66610,11,0,11 12,1,25,,66588,11,0,10,1,70,,66619,11,0,13,1,30,,66589,11,0,10,1,70,,66611,11,0,11 12,1,30,,66590,11,0,10,1,70,,66612,11,0,11 12,1,30,,66591,11,0,10,1,70,,66613,11,0,11 12,1,30,,66592,11,0,10,1,70,,66614,11,0,11 12,1,30,,66593,11,0,10,1,70,,66615,11,0,11 12,1,30,,66594,11,0,10,1,70,,66616,11,0,11 12,1
100,'20260926',903,,66642,11,0,11 12,1,30,,66626,11,0,10,1,70,,66643,11,0,11 12,1,30,,66627,11,0,10,1,70,,66644,11,0,11 12,1,30,,66628,11,0,10,1,70,,66645,11,0,11 12,1,30,,66629,11,0,10,1,70,,66646,11,0,11 12,1,30,,66630,11,0,10,1,70,,66647,11,0,11 12,1,30,,66631,11,0,10,1,70,,66657,11,0,13,1,30,,66632,11,0,10,1,70,,66648,11,0,11 12,1,30,,66633,11,0,10,1,70,,66649,11,0,11 12,1,30,,66634,11,0,10,1,70,,66650,11,0,11 12,1,30,,66635,11,0,10,1,70,,66651,11,0,11 12,1,30,,66636,11,0,10,1,70,,66652,11,0,11 12,1,30,,66637,11,0,10,1,70,,66658,11,0,13,1,30,,66638,11,0,10,1,70,,66653,11,0,11 12,1,30,,66639,11,0,10,1,70,,66654,11,0,11 12,1,30,,66640,11,0,10,1,70,,66655,11,0,11 12,1,30,,66641,11,0,10,1,70,,66656,11,0,11 12,1
100,'20260927',903,,66679,11,0,11 12,1,30,,66663,11,0,10,1,70,,66680,11,0,11 12,1,30,,66664,11,0,10,1,70,,66681,11,0,11 12,1,30,,66665,11,0,10,1,70,,66682,11,0,11 12,1,30,,66666,11,0,10,1,70,,66683,11,0,11 12,1,30,,66667,11,0,10,1,70,,66684,11,0,11 12,1,30,,66668,11,0,10,1,70,,66693,11,0,13,1,30,,66669,11,0,10,1,70,,66685,11,0,11 12,1,30,,66670,11,0,10,1,70,,66686,11,0,11 12,1,30,,66671,11,0,10,1,70,,66687,11,0,11 12,1,30,,66672,11,0,10,1,70,,66688,11,0,11 12,1,30,,66673,11,0,10,1,70,,66689,11,0,11 12,1,30,,66674,11,0,10,1,70,,66694,11,0,13,1,30,,66675,11,0,10,1,70,,66690,11,0,11 12,1,30,,66676,11,0,10,1,70,,66691,11,0,11 12,1,30,,66677,11,0,10,1,70,,66692,11,0,11 12,1,30,,66678,11,0,10,1
100,'20260928',624,,66699,11,0,10,1,30,,66722,11,0,11 12,1,78,,66700,11,0,10,1,70,,66723,11,0,11 12,1,30,,66701,11,0,10,1,70,,66724,11,0,11 12,1,30,,66702,11,0,10,1,70,,66725,11,0,11 12,1,30,,66703,11,0,10,1,70,,66726,11,0,11 12,1,30,,66704,11,0,10,1,70,,66737,11,0,13,1,30,,66705,11,0,10,1,70,,66727,11,0,11 12,1,30,,66706,11,0,10,1,70,,66728,11,0,11 12,1,30,,66707,11,0,10,1,70,,66729,11,0,11 12,1,30,,66708,11,0,10,1,17,,66719,11,0,14,1,71,,66716,11,0,14,1,30,,66720,11,0,14,1,70,,66717,11,0,14,1,30,,66721,11,0,15,1,58,,66730,11,0,11 12,1,25,,66709,11,0,10,1,70,,66738,11,0,13,1,30,,66710,11,0,10,1,70,,66731,11,0,11 12,1,30,,66711,11,0,10,1,70,,66732,11,0,11 12,1,30,,66712,11,0,10,1,70,,66733,11,0,11 12,1,30,,66713,11,0,10,1,70,,66734,11,0,11 12,1,17,,66718,11,0,10,1,83,,66735,11,0,11 12,1
100,'20260929',624,,66745,11,0,10,1,30,,66768,11,0,11 12,1,78,,66746,11,0,10,1,70,,66769,11,0,11 12,1,30,,66747,11,0,10,1,70,,66770,11,0,11 12,1,30,,66748,11,0,10,1,70,,66771,11,0,11 12,1,30,,66749,11,0,10,1,70,,66772,11,0,11 12,1,30,,66750,11,0,10,1,70,,66783,11,0,13,1,30,,66751,11,0,10,1,70,,66773,11,0,11 12,1,30,,66752,11,0,10,1,70,,66774,11,0,11 12,1,30,,66753,11,0,10,1,70,,66775,11,0,11 12,1,30,,66754,11,0,10,1,17,,66765,11,0,14,1,71,,66762,11,0,14,1,30,,66766,11,0,14,1,70,,66763,11,0,14,1,30,,66767,11,0,15,1,58,,66776,11,0,11 12,1,25,,66755,11,0,10,1,70,,66784,11,0,13,1,30,,66756,11,0,10,1,70,,66777,11,0,11 12,1,30,,66757,11,0,10,1,70,,66778,11,0,11 12,1,30,,66758,11,0,10,1,70,,66779,11,0,11 12,1,30,,66759,11,0,10,1,70,,66780,11,0,11 12,1,17,,66764,11,0,10,1,83,,66781,11,0,11 12,1
100,'20260930',624,,66791,11,0,10,1,30,,66814,11,0,11 12,1,78,,66792,11,0,10,1,70,,66815,11,0,11 12,1,30,,66793,11,0,10,1,70,,66816,11,0,11 12,1,30,,66794,11,0,10,1,70,,66817,11,0,11 12,1,30,,66795,11,0,10,1,70,,66818,11,0,11 12,1,30,,66796,11,0,10,1,70,,66829,11,0,13,1,30,,66797,11,0,10,1,70,,66819,11,0,11 12,1,30,,66798,11,0,10,1,70,,66820,11,0,11 12,1,30,,66799,11,0,10,1,70,,66821,11,0,11 12,1,30,,66800,11,0,10,1,17,,66811,11,0,14,1,71,,66808,11,0,14,1,30,,66812,11,0,14,1,70,,66809,11,0,14,1,30,,66813,11,0,15,1,58,,66822,11,0,11 12,1,25,,66801,11,0,10,1,70,,66830,11,0,13,1,30,,66802,11,0,10,1,70,,66823,11,0,11 12,1,30,,66803,11,0,10,1,70,,66824,11,0,11 12,1,30,,66804,11,0,10,1,70,,66825,11,0,11 12,1,30,,66805,11,0,10,1,70,,66826,11,0,11 12,1,17,,66810,11,0,10,1,83,,66827,11,0,11 12,1
100,'20261001',624,,66837,11,0,10,1,30,,66860,11,0,11 12,1,78,,66838,11,0,10,1,70,,66861,11,0,11 12,1,30,,66839,11,0,10,1,70,,66862,11,0,11 12,1,30,,66840,11,0,10,1,70,,66863,11,0,11 12,1,30,,66841,11,0,10,1,70,,66864,11,0,11 12,1,30,,66842,11,0,10,1,70,,66875,11,0,13,1,30,,66843,11,0,10,1,70,,66865,11,0,11 12,1,30,,66844,11,0,10,1,70,,66866,11,0,11 12,1,30,,66845,11,0,10,1,70,,66867,11,0,11 12,1,30,,66846,11,0,10,1,17,,66857,11,0,14,1,71,,66854,11,0,14,1,30,,66858,11,0,14,1,70,,66855,11,0,14,1,30,,66859,11,0,15,1,58,,66868,11,0,11 12,1,25,,66847,11,0,10,1,70,,66876,11,0,13,1,30,,66848,11,0,10,1,70,,66869,11,0,11 12,1,30,,66849,11,0,10,1,70,,66870,11,0,11 12,1,30,,66850,11,0,10,1,70,,66871,11,0,11 12,1,30,,66851,11,0,10,1,70,,66872,11,0,11 12,1,17,,66856,11,0,10,1,83,,66873,11,0,11 12,1
100,'20261002',624,,66883,11,0,10,1,30,,66907,11,0,11 12,1,78,,66884,11,0,10,1,70,,66908,11,0,11 12,1,30,,66885,11,0,10,1,70,,66909,11,0,11 12,1,30,,66886,11,0,10,1,70,,66910,11,0,11 12,1,30,,66887,11,0,10,1,70,,66911,11,0,11 12,1,30,,66888,11,0,10,1,70,,66923,11,0,13,1,30,,66889,11,0,10,1,70,,66912,11,0,11 12,1,30,,66890,11,0,10,1,70,,66913,11,0,11 12,1,30,,66891,11,0,10,1,70,,66914,11,0,11 12,1,30,,66892,11,0,10,1,17,,66904,11,0,14,1,71,,66902,11,0,14,1,30,,66905,11,0,14,1,70,,66903,11,0,14,1,30,,66906,11,0,15,1,58,,66915,11,0,11 12,1,25,,66893,11,0,10,1,70,,66924,11,0,13,1,30,,66894,11,0,10,1,70,,66916,11,0,11 12,1,30,,66895,11,0,10,1,70,,66917,11,0,11 12,1,30,,66896,11,0,10,1,70,,66918,11,0,11 12,1,30,,66897,11,0,10,1,70,,66919,11,0,11 12,1,30,,66898,11,0,10,1,70,,66920,11,0,11 12,1,30,,66899,11,0,10,1,70,,66921,11,0,11 12,1
100,'20261003',903,,66947,11,0,11 12,1,30,,66931,11,0,10,1,70,,66948,11,0,11 12,1,30,,66932,11,0,10,1,70,,66949,11,0,11 12,1,30,,66933,11,0,10,1,70,,66950,11,0,11 12,1,30,,66934,11,0,10,1,70,,66951,11,0,11 12,1,30,,66935,11,0,10,1,70,,66952,11,0,11 12,1,30,,66936,11,0,10,1,70,,66962,11,0,13,1,30,,66937,11,0,10,1,70,,66953,11,0,11 12,1,30,,66938,11,0,10,1,70,,66954,11,0,11 12,1,30,,66939,11,0,10,1,70,,66955,11,0,11 12,1,30,,66940,11,0,10,1,70,,66956,11,0,11 12,1,30,,66941,11,0,10,1,70,,66957,11,0,11 12,1,30,,66942,11,0,10,1,70,,66963,11,0,13,1,30,,66943,11,0,10,1,70,,66958,11,0,11 12,1,30,,66944,11,0,10,1,70,,66959,11,0,11 12,1,30,,66945,11,0,10,1,70,,66960,11,0,11 12,1,30,,66946,11,0,10,1,70,,66961,11,0,11 12,1
100,'20261004',903,,66984,11,0,11 12,1,30,,66968,11,0,10,1,70,,66985,11,0,11 12,1,30,,66969,11,0,10,1,70,,66986,11,0,11 12,1,30,,66970,11,0,10,1,70,,66987,11,0,11 12,1,30,,66971,11,0,10,1,70,,66988,11,0,11 12,1,30,,66972,11,0,10,1,70,,66989,11,0,11 12,1,30,,66973,11,0,10,1,70,,66998,11,0,13,1,30,,66974,11,0,10,1,70,,66990,11,0,11 12,1,30,,66975,11,0,10,1,70,,66991,11,0,11 12,1,30,,66976,11,0,10,1,70,,66992,11,0,11 12,1,30,,66977,11,0,10,1,70,,66993,11,0,11 12,1,30,,66978,11,0,10,1,70,,66994,11,0,11 12,1,30,,66979,11,0,10,1,70,,66999,11,0,13,1,30,,66980,11,0,10,1,70,,66995,11,0,11 12,1,30,,66981,11,0,10,1,70,,66996,11,0,11 12,1,30,,66982,11,0,10,1,70,,66997,11,0,11 12,1,30,,66983,11,0,10,1
100,'20261005',624,,67004,11,0,10,1,30,,67027,11,0,11 12,1,78,,67005,11,0,10,1,70,,67028,11,0,11 12,1,30,,67006,11,0,10,1,70,,67029,11,0,11 12,1,30,,67007,11,0,10,1,70,,67030,11,0,11 12,1,30,,67008,11,0,10,1,70,,67031,11,0,11 12,1,30,,67009,11,0,10,1,70,,67042,11,0,13,1,30,,67010,11,0,10,1,70,,67032,11,0,11 12,1,30,,67011,11,0,10,1,70,,67033,11,0,11 12,1,30,,67012,11,0,10,1,70,,67034,11,0,11 12,1,30,,67013,11,0,10,1,17,,67024,11,0,14,1,71,,67021,11,0,14,1,30,,67025,11,0,14,1,70,,67022,11,0,14,1,30,,67026,11,0,15,1,58,,67035,11,0,11 12,1,25,,67014,11,0,10,1,70,,67043,11,0,13,1,30,,67015,11,0,10,1,70,,67036,11,0,11 12,1,30,,67016,11,0,10,1,70,,67037,11,0,11 12,1,30,,67017,11,0,10,1,70,,67038,11,0,11 12,1,30,,67018,11,0,10,1,70,,67039,11,0,11 12,1,17,,67023,11,0,10,1,83,,67040,11,0,11 12,1
100,'20261006',624,,67050,11,0,10,1,30,,67073,11,0,11 12,1,78,,67051,11,0,10,1,70,,67074,11,0,11 12,1,30,,67052,11,0,10,1,70,,67075,11,0,11 12,1,30,,67053,11,0,10,1,70,,67076,11,0,11 12,1,30,,67054,11,0,10,1,70,,67077,11,0,11 12,1,30,,67055,11,0,10,1,70,,67088,11,0,13,1,30,,67056,11,0,10,1,70,,67078,11,0,11 12,1,30,,67057,11,0,10,1,70,,67079,11,0,11 12,1,30,,67058,11,0,10,1,70,,67080,11,0,11 12,1,30,,67059,11,0,10,1,17,,67070,11,0,14,1,71,,67067,11,0,14,1,30,,67071,11,0,14,1,70,,67068,11,0,14,1,30,,67072,11,0,15,1,58,,67081,11,0,11 12,1,25,,67060,11,0,10,1,70,,67089,11,0,13,1,30,,67061,11,0,10,1,70,,67082,11,0,11 12,1,30,,67062,11,0,10,1,70,,67083,11,0,11 12,1,30,,67063,11,0,10,1,70,,67084,11,0,11 12,1,30,,67064,11,0,10,1,70,,67085,11,0,11 12,1,17,,67069,11,0,10,1,83,,67086,11,0,11 12,1
100,'20261007',624,,67096,11,0,10,1,30,,67119,11,0,11 12,1,78,,67097,11,0,10,1,70,,67120,11,0,11 12,1,30,,67098,11,0,10,1,70,,67121,11,0,11 12,1,30,,67099,11,0,10,1,70,,67122,11,0,11 12,1,30,,67100,11,0,10,1,70,,67123,11,0,11 12,1,30,,67101,11,0,10,1,70,,67134,11,0,13,1,30,,67102,11,0,10,1,70,,67124,11,0,11 12,1,30,,67103,11,0,10,1,70,,67125,11,0,11 12,1,30,,67104,11,0,10,1,70,,67126,11,0,11 12,1,30,,67105,11,0,10,1,17,,67116,11,0,14,1,71,,67113,11,0,14,1,30,,67117,11,0,14,1,70,,67114,11,0,14,1,30,,67118,11,0,15,1,58,,67127,11,0,11 12,1,25,,67106,11,0,10,1,70,,67135,11,0,13,1,30,,67107,11,0,10,1,70,,67128,11,0,11 12,1,30,,67108,11,0,10,1,70,,67129,11,0,11 12,1,30,,67109,11,0,10,1,70,,67130,11,0,11 12,1,30,,67110,11,0,10,1,70,,67131,11,0,11 12,1,17,,67115,11,0,10,1,83,,67132,11,0,11 12,1
100,'20261008',624,,67142,11,0,10,1,30,,67165,11,0,11 12,1,78,,67143,11,0,10,1,70,,67166,11,0,11 12,1,30,,67144,11,0,10,1,70,,67167,11,0,11 12,1,30,,67145,11,0,10,1,70,,67168,11,0,11 12,1,30,,67146,11,0,10,1,70,,67169,11,0,11 12,1,30,,67147,11,0,10,1,70,,67180,11,0,13,1,30,,67148,11,0,10,1,70,,67170,11,0,11 12,1,30,,67149,11,0,10,1,70,,67171,11,0,11 12,1,30,,67150,11,0,10,1,70,,67172,11,0,11 12,1,30,,67151,11,0,10,1,17,,67162,11,0,14,1,71,,67159,11,0,14,1,30,,67163,11,0,14,1,70,,67160,11,0,14,1,30,,67164,11,0,15,1,58,,67173,11,0,11 12,1,25,,67152,11,0,10,1,70,,67181,11,0,13,1,30,,67153,11,0,10,1,70,,67174,11,0,11 12,1,30,,67154,11,0,10,1,70,,67175,11,0,11 12,1,30,,67155,11,0,10,1,70,,67176,11,0,11 12,1,30,,67156,11,0,10,1,70,,67177,11,0,11 12,1,17,,67161,11,0,10,1,83,,67178,11,0,11 12,1
100,'20261009',624,,67188,11,0,10,1,30,,67212,11,0,11 12,1,78,,67189,11,0,10,1,70,,67213,11,0,11 12,1,30,,67190,11,0,10,1,70,,67214,11,0,11 12,1,30,,67191,11,0,10,1,70,,67215,11,0,11 12,1,30,,67192,11,0,10,1,70,,67216,11,0,11 12,1,30,,67193,11,0,10,1,70,,67228,11,0,13,1,30,,67194,11,0,10,1,70,,67217,11,0,11 12,1,30,,67195,11,0,10,1,70,,67218,11,0,11 12,1,30,,67196,11,0,10,1,70,,67219,11,0,11 12,1,30,,67197,11,0,10,1,17,,67209,11,0,14,1,71,,67207,11,0,14,1,30,,67210,11,0,14,1,70,,67208,11,0,14,1,30,,67211,11,0,15,1,58,,67220,11,0,11 12,1,25,,67198,11,0,10,1,70,,67229,11,0,13,1,30,,67199,11,0,10,1,70,,67221,11,0,11 12,1,30,,67200,11,0,10,1,70,,67222,11,0,11 12,1,30,,67201,11,0,10,1,70,,67223,11,0,11 12,1,30,,67202,11,0,10,1,70,,67224,11,0,11 12,1,30,,67203,11,0,10,1,70,,67225,11,0,11 12,1,30,,67204,11,0,10,1,70,,67226,11,0,11 12,1
100,'20261010',903,,67252,11,0,11 12,1,30,,67236,11,0,10,1,70,,67253,11,0,11 12,1,30,,67237,11,0,10,1,70,,67254,11,0,11 12,1,30,,67238,11,0,10,1,70,,67255,11,0,11 12,1,30,,67239,11,0,10,1,70,,67256,11,0,11 12,1,30,,67240,11,0,10,1,70,,67257,11,0,11 12,1,30,,67241,11,0,10,1,70,,67267,11,0,13,1,30,,67242,11,0,10,1,70,,67258,11,0,11 12,1,30,,67243,11,0,10,1,70,,67259,11,0,11 12,1,30,,67244,11,0,10,1,70,,67260,11,0,11 12,1,30,,67245,11,0,10,1,70,,67261,11,0,11 12,1,30,,67246,11,0,10,1,70,,67262,11,0,11 12,1,30,,67247,11,0,10,1,70,,67268,11,0,13,1,30,,67248,11,0,10,1,70,,67263,11,0,11 12,1,30,,67249,11,0,10,1,70,,67264,11,0,11 12,1,30,,67250,11,0,10,1,70,,67265,11,0,11 12,1,30,,67251,11,0,10,1,70,,67266,11,0,11 12,1
100,'20261011',903,,67289,11,0,11 12,1,30,,67273,11,0,10,1,70,,67290,11,0,11 12,1,30,,67274,11,0,10,1,70,,67291,11,0,11 12,1,30,,67275,11,0,10,1,70,,67292,11,0,11 12,1,30,,67276,11,0,10,1,70,,67293,11,0,11 12,1,30,,67277,11,0,10,1,70,,67294,11,0,11 12,1,30,,67278,11,0,10,1,70,,67303,11,0,13,1,30,,67279,11,0,10,1,70,,67295,11,0,11 12,1,30,,67280,11,0,10,1,70,,67296,11,0,11 12,1,30,,67281,11,0,10,1,70,,67297,11,0,11 12,1,30,,67282,11,0,10,1,70,,67298,11,0,11 12,1,30,,67283,11,0,10,1,70,,67299,11,0,11 12,1,30,,67284,11,0,10,1,70,,67304,11,0,13,1,30,,67285,11,0,10,1,70,,67300,11,0,11 12,1,30,,67286,11,0,10,1,70,,67301,11,0,11 12,1,30,,67287,11,0,10,1,70,,67302,11,0,11 12,1,30,,67288,11,0,10,1
100,'20261012',624,,67309,11,0,10,1,30,,67332,11,0,11 12,1,78,,67310,11,0,10,1,70,,67333,11,0,11 12,1,30,,67311,11,0,10,1,70,,67334,11,0,11 12,1,30,,67312,11,0,10,1,70,,67335,11,0,11 12,1,30,,67313,11,0,10,1,70,,67336,11,0,11 12,1,30,,67314,11,0,10,1,70,,67347,11,0,13,1,30,,67315,11,0,10,1,70,,67337,11,0,11 12,1,30,,67316,11,0,10,1,70,,67338,11,0,11 12,1,30,,67317,11,0,10,1,70,,67339,11,0,11 12,1,30,,67318,11,0,10,1,17,,67329,11,0,14,1,71,,67326,11,0,14,1,30,,67330,11,0,14,1,70,,67327,11,0,14,1,30,,67331,11,0,15,1,58,,67340,11,0,11 12,1,25,,67319,11,0,10,1,70,,67348,11,0,13,1,30,,67320,11,0,10,1,70,,67341,11,0,11 12,1,30,,67321,11,0,10,1,70,,67342,11,0,11 12,1,30,,67322,11,0,10,1,70,,67343,11,0,11 12,1,30,,67323,11,0,10,1,70,,67344,11,0,11 12,1,17,,67328,11,0,10,1,83,,67345,11,0,11 12,1
100,'20261013',624,,67355,11,0,10,1,30,,67378,11,0,11 12,1,78,,67356,11,0,10,1,70,,67379,11,0,11 12,1,30,,67357,11,0,10,1,70,,67380,11,0,11 12,1,30,,67358,11,0,10,1,70,,67381,11,0,11 12,1,30,,67359,11,0,10,1,70,,67382,11,0,11 12,1,30,,67360,11,0,10,1,70,,67393,11,0,13,1,30,,67361,11,0,10,1,70,,67383,11,0,11 12,1,30,,67362,11,0,10,1,70,,67384,11,0,11 12,1,30,,67363,11,0,10,1,70,,67385,11,0,11 12,1,30,,67364,11,0,10,1,17,,67375,11,0,14,1,71,,67372,11,0,14,1,30,,67376,11,0,14,1,70,,67373,11,0,14,1,30,,67377,11,0,15,1,58,,67386,11,0,11 12,1,25,,67365,11,0,10,1,70,,67394,11,0,13,1,30,,67366,11,0,10,1,70,,67387,11,0,11 12,1,30,,67367,11,0,10,1,70,,67388,11,0,11 12,1,30,,67368,11,0,10,1,70,,67389,11,0,11 12,1,30,,67369,11,0,10,1,70,,67390,11,0,11 12,1,17,,67374,11,0,10,1,83,,67391,11,0,11 12,1
100,'20261014',624,,67401,11,0,10,1,30,,67424,11,0,11 12,1,78,,67402,11,0,10,1,70,,67425,11,0,11 12,1,30,,67403,11,0,10,1,70,,67426,11,0,11 12,1,30,,67404,11,0,10,1,70,,67427,11,0,11 12,1,30,,67405,11,0,10,1,70,,67428,11,0,11 12,1,30,,67406,11,0,10,1,70,,67439,11,0,13,1,30,,67407,11,0,10,1,70,,67429,11,0,11 12,1,30,,67408,11,0,10,1,70,,67430,11,0,11 12,1,30,,67409,11,0,10,1,70,,67431,11,0,11 12,1,30,,67410,11,0,10,1,17,,67421,11,0,14,1,71,,67418,11,0,14,1,30,,67422,11,0,14,1,70,,67419,11,0,14,1,30,,67423,11,0,15,1,58,,67432,11,0,11 12,1,25,,67411,11,0,10,1,70,,67440,11,0,13,1,30,,67412,11,0,10,1,70,,67433,11,0,11 12,1,30,,67413,11,0,10,1,70,,67434,11,0,11 12,1,30,,67414,11,0,10,1,70,,67435,11,0,11 12,1,30,,67415,11,0,10,1,70,,67436,11,0,11 12,1,17,,67420,11,0,10,1,83,,67437,11,0,11 12,1
100,'20261015',624,,67447,11,0,10,1,30,,67470,11,0,11 12,1,78,,67448,11,0,10,1,70,,67471,11,0,11 12,1,30,,67449,11,0,10,1,70,,67472,11,0,11 12,1,30,,67450,11,0,10,1,70,,67473,11,0,11 12,1,30,,67451,11,0,10,1,70,,67474,11,0,11 12,1,30,,67452,11,0,10,1,70,,67485,11,0,13,1,30,,67453,11,0,10,1,70,,67475,11,0,11 12,1,30,,67454,11,0,10,1,70,,67476,11,0,11 12,1,30,,67455,11,0,10,1,70,,67477,11,0,11 12,1,30,,67456,11,0,10,1,17,,67467,11,0,14,1,71,,67464,11,0,14,1,30,,67468,11,0,14,1,70,,67465,11,0,14,1,30,,67469,11,0,15,1,58,,67478,11,0,11 12,1,25,,67457,11,0,10,1,70,,67486,11,0,13,1,30,,67458,11,0,10,1,70,,67479,11,0,11 12,1,30,,67459,11,0,10,1,70,,67480,11,0,11 12,1,30,,67460,11,0,10,1,70,,67481,11,0,11 12,1,30,,67461,11,0,10,1,70,,67482,11,0,11 12,1,17,,67466,11,0,10,1,83,,67483,11,0,11 12,1
100,'20261016',624,,67493,11,0,10,1,30,,67517,11,0,11 12,1,78,,67494,11,0,10,1,70,,67518,11,0,11 12,1,30,,67495,11,0,10,1,70,,67519,11,0,11 12,1,30,,67496,11,0,10,1,70,,67520,11,0,11 12,1,30,,67497,11,0,10,1,70,,67521,11,0,11 12,1,30,,67498,11,0,10,1,70,,67533,11,0,13,1,30,,67499,11,0,10,1,70,,67522,11,0,11 12,1,30,,67500,11,0,10,1,70,,67523,11,0,11 12,1,30,,67501,11,0,10,1,70,,67524,11,0,11 12,1,30,,67502,11,0,10,1,17,,67514,11,0,14,1,71,,67512,11,0,14,1,30,,67515,11,0,14,1,70,,67513,11,0,14,1,30,,67516,11,0,15,1,58,,67525,11,0,11 12,1,25,,67503,11,0,10,1,70,,67534,11,0,13,1,30,,67504,11,0,10,1,70,,67526,11,0,11 12,1,30,,67505,11,0,10,1,70,,67527,11,0,11 12,1,30,,67506,11,0,10,1,70,,67528,11,0,11 12,1,30,,67507,11,0,10,1,70,,67529,11,0,11 12,1,30,,67508,11,0,10,1,70,,67530,11,0,11 12,1,30,,67509,11,0,10,1,70,,67531,11,0,11 12,1
100,'20261017',903,,67557,11,0,11 12,1,30,,67541,11,0,10,1,70,,67558,11,0,11 12,1,30,,67542,11,0,10,1,70,,67559,11,0,11 12,1,30,,67543,11,0,10,1,70,,67560,11,0,11 12,1,30,,67544,11,0,10,1,70,,67561,11,0,11 12,1,30,,67545,11,0,10,1,70,,67562,11,0,11 12,1,30,,67546,11,0,10,1,70,,67572,11,0,13,1,30,,67547,11,0,10,1,70,,67563,11,0,11 12,1,30,,67548,11,0,10,1,70,,67564,11,0,11 12,1,30,,67549,11,0,10,1,70,,67565,11,0,11 12,1,30,,67550,11,0,10,1,70,,67566,11,0,11 12,1,30,,67551,11,0,10,1,70,,67567,11,0,11 12,1,30,,67552,11,0,10,1,70,,67573,11,0,13,1,30,,67553,11,0,10,1,70,,67568,11,0,11 12,1,30,,67554,11,0,10,1,70,,67569,11,0,11 12,1,30,,67555,11,0,10,1,70,,67570,11,0,11 12,1,30,,67556,11,0,10,1,70,,67571,11,0,11 12,1
100,'20261018',903,,67594,11,0,11 12,1,30,,67578,11,0,10,1,70,,67595,11,0,11 12,1,30,,67579,11,0,10,1,70,,67596,11,0,11 12,1,30,,67580,11,0,10,1,70,,67597,11,0,11 12,1,30,,67581,11,0,10,1,70,,67598,11,0,11 12,1,30,,67582,11,0,10,1,70,,67599,11,0,11 12,1,30,,67583,11,0,10,1,70,,67608,11,0,13,1,30,,67584,11,0,10,1,70,,67600,11,0,11 12,1,30,,67585,11,0,10,1,70,,67601,11,0,11 12,1,30,,67586,11,0,10,1,70,,67602,11,0,11 12,1,30,,67587,11,0,10,1,70,,67603,11,0,11 12,1,30,,67588,11,0,10,1,70,,67604,11,0,11 12,1,30,,67589,11,0,10,1,70,,67609,11,0,13,1,30,,67590,11,0,10,1,70,,67605,11,0,11 12,1,30,,67591,11,0,10,1,70,,67606,11,0,11 12,1,30,,67592,11,0,10,1,70,,67607,11,0,11 12,1,30,,67593,11,0,10,1
100,'20261019',624,,67614,11,0,10,1,30,,67637,11,0,11 12,1,78,,67615,11,0,10,1,70,,67638,11,0,11 12,1,30,,67616,11,0,10,1,70,,67639,11,0,11 12,1,30,,67617,11,0,10,1,70,,67640,11,0,11 12,1,30,,67618,11,0,10,1,70,,67641,11,0,11 12,1,30,,67619,11,0,10,1,70,,67652,11,0,13,1,30,,67620,11,0,10,1,70,,67642,11,0,11 12,1,30,,67621,11,0,10,1,70,,67643,11,0,11 12,1,30,,67622,11,0,10,1,70,,67644,11,0,11 12,1,30,,67623,11,0,10,1,17,,67634,11,0,14,1,71,,67631,11,0,14,1,30,,67635,11,0,14,1,70,,67632,11,0,14,1,30,,67636,11,0,15,1,58,,67645,11,0,11 12,1,25,,67624,11,0,10,1,70,,67653,11,0,13,1,30,,67625,11,0,10,1,70,,67646,11,0,11 12,1,30,,67626,11,0,10,1,70,,67647,11,0,11 12,1,30,,67627,11,0,10,1,70,,67648,11,0,11 12,1,30,,67628,11,0,10,1,70,,67649,11,0,11 12,1,17,,67633,11,0,10,1,83,,67650,11,0,11 12,1
100,'20261020',624,,67660,11,0,10,1,30,,67683,11,0,11 12,1,78,,67661,11,0,10,1,70,,67684,11,0,11 12,1,30,,67662,11,0,10,1,70,,67685,11,0,11 12,1,30,,67663,11,0,10,1,70,,67686,11,0,11 12,1,30,,67664,11,0,10,1,70,,67687,11,0,11 12,1,30,,67665,11,0,10,1,70,,67698,11,0,13,1,30,,67666,11,0,10,1,70,,67688,11,0,11 12,1,30,,67667,11,0,10,1,70,,67689,11,0,11 12,1,30,,67668,11,0,10,1,70,,67690,11,0,11 12,1,30,,67669,11,0,10,1,17,,67680,11,0,14,1,71,,67677,11,0,14,1,30,,67681,11,0,14,1,70,,67678,11,0,14,1,30,,67682,11,0,15,1,58,,67691,11,0,11 12,1,25,,67670,11,0,10,1,70,,67699,11,0,13,1,30,,67671,11,0,10,1,70,,67692,11,0,11 12,1,30,,67672,11,0,10,1,70,,67693,11,0,11 12,1,30,,67673,11,0,10,1,70,,67694,11,0,11 12,1,30,,67674,11,0,10,1,70,,67695,11,0,11 12,1,17,,67679,11,0,10,1,83,,67696,11,0,11 12,1
100,'20261021',624,,67706,11,0,10,1,30,,67729,11,0,11 12,1,78,,67707,11,0,10,1,70,,67730,11,0,11 12,1,30,,67708,11,0,10,1,70,,67731,11,0,11 12,1,30,,67709,11,0,10,1,70,,67732,11,0,11 12,1,30,,67710,11,0,10,1,70,,67733,11,0,11 12,1,30,,67711,11,0,10,1,70,,67744,11,0,13,1,30,,67712,11,0,10,1,70,,67734,11,0,11 12,1,30,,67713,11,0,10,1,70,,67735,11,0,11 12,1,30,,67714,11,0,10,1,70,,67736,11,0,11 12,1,30,,67715,11,0,10,1,17,,67726,11,0,14,1,71,,67723,11,0,14,1,30,,67727,11,0,14,1,70,,67724,11,0,14,1,30,,67728,11,0,15,1,58,,67737,11,0,11 12,1,25,,67716,11,0,10,1,70,,67745,11,0,13,1,30,,67717,11,0,10,1,70,,67738,11,0,11 12,1,30,,67718,11,0,10,1,70,,67739,11,0,11 12,1,30,,67719,11,0,10,1,70,,67740,11,0,11 12,1,30,,67720,11,0,10,1,70,,67741,11,0,11 12,1,17,,67725,11,0,10,1,83,,67742,11,0,11 12,1
100,'20261022',624,,67752,11,0,10,1,30,,67775,11,0,11 12,1,78,,67753,11,0,10,1,70,,67776,11,0,11 12,1,30,,67754,11,0,10,1,70,,67777,11,0,11 12,1,30,,67755,11,0,10,1,70,,67778,11,0,11 12,1,30,,67756,11,0,10,1,70,,67779,11,0,11 12,1,30,,67757,11,0,10,1,70,,67790,11,0,13,1,30,,67758,11,0,10,1,70,,67780,11,0,11 12,1,30,,67759,11,0,10,1,70,,67781,11,0,11 12,1,30,,67760,11,0,10,1,70,,67782,11,0,11 12,1,30,,67761,11,0,10,1,17,,67772,11,0,14,1,71,,67769,11,0,14,1,30,,67773,11,0,14,1,70,,67770,11,0,14,1,30,,67774,11,0,15,1,58,,67783,11,0,11 12,1,25,,67762,11,0,10,1,70,,67791,11,0,13,1,30,,67763,11,0,10,1,70,,67784,11,0,11 12,1,30,,67764,11,0,10,1,70,,67785,11,0,11 12,1,30,,67765,11,0,10,1,70,,67786,11,0,11 12,1,30,,67766,11,0,10,1,70,,67787,11,0,11 12,1,17,,67771,11,0,10,1,83,,67788,11,0,11 12,1
100,'20261023',624,,67798,11,0,10,1,30,,67822,11,0,11 12,1,78,,67799,11,0,10,1,70,,67823,11,0,11 12,1,30,,67800,11,0,10,1,70,,67824,11,0,11 12,1,30,,67801,11,0,10,1,70,,67825,11,0,11 12,1,30,,67802,11,0,10,1,70,,67826,11,0,11 12,1,30,,67803,11,0,10,1,70,,67838,11,0,13,1,30,,67804,11,0,10,1,70,,67827,11,0,11 12,1,30,,67805,11,0,10,1,70,,67828,11,0,11 12,1,30,,67806,11,0,10,1,70,,67829,11,0,11 12,1,30,,67807,11,0,10,1,17,,67819,11,0,14,1,71,,67817,11,0,14,1,30,,67820,11,0,14,1,70,,67818,11,0,14,1,30,,67821,11,0,15,1,58,,67830,11,0,11 12,1,25,,67808,11,0,10,1,70,,67839,11,0,13,1,30,,67809,11,0,10,1,70,,67831,11,0,11 12,1,30,,67810,11,0,10,1,70,,67832,11,0,11 12,1,30,,67811,11,0,10,1,70,,67833,11,0,11 12,1,30,,67812,11,0,10,1,70,,67834,11,0,11 12,1,30,,67813,11,0,10,1,70,,67835,11,0,11 12,1,30,,67814,11,0,10,1,70,,67836,11,0,11 12,1
100,'20261024',903,,67862,11,0,11 12,1,30,,67846,11,0,10,1,70,,67863,11,0,11 12,1,30,,67847,11,0,10,1,70,,67864,11,0,11 12,1,30,,67848,11,0,10,1,70,,67865,11,0,11 12,1,30,,67849,11,0,10,1,70,,67866,11,0,11 12,1,30,,67850,11,0,10,1,70,,67867,11,0,11 12,1,30,,67851,11,0,10,1,70,,67877,11,0,13,1,30,,67852,11,0,10,1,70,,67868,11,0,11 12,1,30,,67853,11,0,10,1,70,,67869,11,0,11 12,1,30,,67854,11,0,10,1,70,,67870,11,0,11 12,1,30,,67855,11,0,10,1,70,,67871,11,0,11 12,1,30,,67856,11,0,10,1,70,,67872,11,0,11 12,1,30,,67857,11,0,10,1,70,,67878,11,0,13,1,30,,67858,11,0,10,1,70,,67873,11,0,11 12,1,30,,67859,11,0,10,1,70,,67874,11,0,11 12,1,30,,67860,11,0,10,1,70,,67875,11,0,11 12,1,30,,67861,11,0,10,1,70,,67876,11,0,11 12,1
100,'20261025',903,,67899,11,0,11 12,1,30,,67883,11,0,10,1,70,,67900,11,0,11 12,1,30,,67884,11,0,10,1,70,,67901,11,0,11 12,1,30,,67885,11,0,10,1,70,,67902,11,0,11 12,1,30,,67886,11,0,10,1,70,,67903,11,0,11 12,1,30,,67887,11,0,10,1,70,,67904,11,0,11 12,1,30,,67888,11,0,10,1,70,,67913,11,0,13,1,30,,67889,11,0,10,1,70,,67905,11,0,11 12,1,30,,67890,11,0,10,1,70,,67906,11,0,11 12,1,30,,67891,11,0,10,1,70,,67907,11,0,11 12,1,30,,67892,11,0,10,1,70,,67908,11,0,11 12,1,30,,67893,11,0,10,1,70,,67909,11,0,11 12,1,30,,67894,11,0,10,1,70,,67914,11,0,13,1,30,,67895,11,0,10,1,70,,67910,11,0,11 12,1,30,,67896,11,0,10,1,70,,67911,11,0,11 12,1,30,,67897,11,0,10,1,70,,67912,11,0,11 12,1,30,,67898,11,0,10,1
100,'20261026',624,,67919,11,0,10,1,30,,67942,11,0,11 12,1,78,,67920,11,0,10,1,70,,67943,11,0,11 12,1,30,,67921,11,0,10,1,70,,67944,11,0,11 12,1,30,,67922,11,0,10,1,70,,67945,11,0,11 12,1,30,,67923,11,0,10,1,70,,67946,11,0,11 12,1,30,,67924,11,0,10,1,70,,67957,11,0,13,1,30,,67925,11,0,10,1,70,,67947,11,0,11 12,1,30,,67926,11,0,10,1,70,,67948,11,0,11 12,1,30,,67927,11,0,10,1,70,,67949,11,0,11 12,1,30,,67928,11,0,10,1,17,,67939,11,0,14,1,71,,67936,11,0,14,1,30,,67940,11,0,14,1,70,,67937,11,0,14,1,30,,67941,11,0,15,1,58,,67950,11,0,11 12,1,25,,67929,11,0,10,1,70,,67958,11,0,13,1,30,,67930,11,0,10,1,70,,67951,11,0,11 12,1,30,,67931,11,0,10,1,70,,67952,11,0,11 12,1,30,,67932,11,0,10,1,70,,67953,11,0,11 12,1,30,,67933,11,0,10,1,70,,67954,11,0,11 12,1,17,,67938,11,0,10,1,83,,67955,11,0,11 12,1
100,'20261027',624,,67965,11,0,10,1,30,,67988,11,0,11 12,1,78,,67966,11,0,10,1,70,,67989,11,0,11 12,1,30,,67967,11,0,10,1,70,,67990,11,0,11 12,1,30,,67968,11,0,10,1,70,,67991,11,0,11 12,1,30,,67969,11,0,10,1,70,,67992,11,0,11 12,1,30,,67970,11,0,10,1,70,,68003,11,0,13,1,30,,67971,11,0,10,1,70,,67993,11,0,11 12,1,30,,67972,11,0,10,1,70,,67994,11,0,11 12,1,30,,67973,11,0,10,1,70,,67995,11,0,11 12,1,30,,67974,11,0,10,1,17,,67985,11,0,14,1,71,,67982,11,0,14,1,30,,67986,11,0,14,1,70,,67983,11,0,14,1,30,,67987,11,0,15,1,58,,67996,11,0,11 12,1,25,,67975,11,0,10,1,70,,68004,11,0,13,1,30,,67976,11,0,10,1,70,,67997,11,0,11 12,1,30,,67977,11,0,10,1,70,,67998,11,0,11 12,1,30,,67978,11,0,10,1,70,,67999,11,0,11 12,1,30,,67979,11,0,10,1,70,,68000,11,0,11 12,1,17,,67984,11,0,10,1,83,,68001,11,0,11 12,1
100,'20261028',624,,68011,11,0,10,1,30,,68034,11,0,11 12,1,78,,68012,11,0,10,1,70,,68035,11,0,11 12,1,30,,68013,11,0,10,1,70,,68036,11,0,11 12,1,30,,68014,11,0,10,1,70,,68037,11,0,11 12,1,30,,68015,11,0,10,1,70,,68038,11,0,11 12,1,30,,68016,11,0,10,1,70,,68049,11,0,13,1,30,,68017,11,0,10,1,70,,68039,11,0,11 12,1,30,,68018,11,0,10,1,70,,68040,11,0,11 12,1,30,,68019,11,0,10,1,70,,68041,11,0,11 12,1,30,,68020,11,0,10,1,17,,68031,11,0,14,1,71,,68028,11,0,14,1,30,,68032,11,0,14,1,70,,68029,11,0,14,1,30,,68033,11,0,15,1,58,,68042,11,0,11 12,1,25,,68021,11,0,10,1,70,,68050,11,0,13,1,30,,68022,11,0,10,1,70,,68043,11,0,11 12,1,30,,68023,11,0,10,1,70,,68044,11,0,11 12,1,30,,68024,11,0,10,1,70,,68045,11,0,11 12,1,30,,68025,11,0,10,1,70,,68046,11,0,11 12,1,17,,68030,11,0,10,1,83,,68047,11,0,11 12,1
100,'20261029',624,,68057,11,0,10,1,30,,68080,11,0,11 12,1,78,,68058,11,0,10,1,70,,68081,11,0,11 12,1,30,,68059,11,0,10,1,70,,68082,11,0,11 12,1,30,,68060,11,0,10,1,70,,68083,11,0,11 12,1,30,,68061,11,0,10,1,70,,68084,11,0,11 12,1,30,,68062,11,0,10,1,70,,68095,11,0,13,1,30,,68063,11,0,10,1,70,,68085,11,0,11 12,1,30,,68064,11,0,10,1,70,,68086,11,0,11 12,1,30,,68065,11,0,10,1,70,,68087,11,0,11 12,1,30,,68066,11,0,10,1,17,,68077,11,0,14,1,71,,68074,11,0,14,1,30,,68078,11,0,14,1,70,,68075,11,0,14,1,30,,68079,11,0,15,1,58,,68088,11,0,11 12,1,25,,68067,11,0,10,1,70,,68096,11,0,13,1,30,,68068,11,0,10,1,70,,68089,11,0,11 12,1,30,,68069,11,0,10,1,70,,68090,11,0,11 12,1,30,,68070,11,0,10,1,70,,68091,11,0,11 12,1,30,,68071,11,0,10,1,70,,68092,11,0,11 12,1,17,,68076,11,0,10,1,83,,68093,11,0,11 12,1
100,'20261030',624,,68103,11,0,10,1,30,,68127,11,0,11 12,1,78,,68104,11,0,10,1,70,,68128,11,0,11 12,1,30,,68105,11,0,10,1,70,,68129,11,0,11 12,1,30,,68106,11,0,10,1,70,,68130,11,0,11 12,1,30,,68107,11,0,10,1,70,,68131,11,0,11 12,1,30,,68108,11,0,10,1,70,,68143,11,0,13,1,30,,68109,11,0,10,1,70,,68132,11,0,11 12,1,30,,68110,11,0,10,1,70,,68133,11,0,11 12,1,30,,68111,11,0,10,1,70,,68134,11,0,11 12,1,30,,68112,11,0,10,1,17,,68124,11,0,14,1,71,,68122,11,0,14,1,30,,68125,11,0,14,1,70,,68123,11,0,14,1,30,,68126,11,0,15,1,58,,68135,11,0,11 12,1,25,,68113,11,0,10,1,70,,68144,11,0,13,1,30,,68114,11,0,10,1,70,,68136,11,0,11 12,1,30,,68115,11,0,10,1,70,,68137,11,0,11 12,1,30,,68116,11,0,10,1,70,,68138,11,0,11 12,1,30,,68117,11,0,10,1,70,,68139,11,0,11 12,1,30,,68118,11,0,10,1,70,,68140,11,0,11 12,1,30,,68119,11,0,10,1,70,,68141,11,0,11 12,1
100,'20261031',903,,68167,11,0,11 12,1,30,,68151,11,0,10,1,70,,68168,11,0,11 12,1,30,,68152,11,0,10,1,70,,68169,11,0,11 12,1,30,,68153,11,0,10,1,70,,68170,11,0,11 12,1,30,,68154,11,0,10,1,70,,68171,11,0,11 12,1,30,,68155,11,0,10,1,70,,68172,11,0,11 12,1,30,,68156,11,0,10,1,70,,68182,11,0,13,1,30,,68157,11,0,10,1,70,,68173,11,0,11 12,1,30,,68158,11,0,10,1,70,,68174,11,0,11 12,1,30,,68159,11,0,10,1,70,,68175,11,0,11 12,1,30,,68160,11,0,10,1,70,,68176,11,0,11 12,1,30,,68161,11,0,10,1,70,,68177,11,0,11 12,1,30,,68162,11,0,10,1,70,,68183,11,0,13,1,30,,68163,11,0,10,1,70,,68178,11,0,11 12,1,30,,68164,11,0,10,1,70,,68179,11,0,11 12,1,30,,68165,11,0,10,1,70,,68180,11,0,11 12,1,30,,68166,11,0,10,1,70,,68181,11,0,11 12,1
100,'20261101',903,,68204,11,0,11 12,1,30,,68188,11,0,10,1,70,,68205,11,0,11 12,1,30,,68189,11,0,10,1,70,,68206,11,0,11 12,1,30,,68190,11,0,10,1,70,,68207,11,0,11 12,1,30,,68191,11,0,10,1,70,,68208,11,0,11 12,1,30,,68192,11,0,10,1,70,,68209,11,0,11 12,1,30,,68193,11,0,10,1,70,,68218,11,0,13,1,30,,68194,11,0,10,1,70,,68210,11,0,11 12,1,30,,68195,11,0,10,1,70,,68211,11,0,11 12,1,30,,68196,11,0,10,1,70,,68212,11,0,11 12,1,30,,68197,11,0,10,1,70,,68213,11,0,11 12,1,30,,68198,11,0,10,1,70,,68214,11,0,11 12,1,30,,68199,11,0,10,1,70,,68219,11,0,13,1,30,,68200,11,0,10,1,70,,68215,11,0,11 12,1,30,,68201,11,0,10,1,70,,68216,11,0,11 12,1,30,,68202,11,0,10,1,70,,68217,11,0,11 12,1,30,,68203,11,0,10,1
100,'20261102',624,,68224,11,0,10,1,30,,68247,11,0,11 12,1,78,,68225,11,0,10,1,70,,68248,11,0,11 12,1,30,,68226,11,0,10,1,70,,68249,11,0,11 12,1,30,,68227,11,0,10,1,70,,68250,11,0,11 12,1,30,,68228,11,0,10,1,70,,68251,11,0,11 12,1,30,,68229,11,0,10,1,70,,68262,11,0,13,1,30,,68230,11,0,10,1,70,,68252,11,0,11 12,1,30,,68231,11,0,10,1,70,,68253,11,0,11 12,1,30,,68232,11,0,10,1,70,,68254,11,0,11 12,1,30,,68233,11,0,10,1,17,,68244,11,0,14,1,71,,68241,11,0,14,1,30,,68245,11,0,14,1,70,,68242,11,0,14,1,30,,68246,11,0,15,1,58,,68255,11,0,11 12,1,25,,68234,11,0,10,1,70,,68263,11,0,13,1,30,,68235,11,0,10,1,70,,68256,11,0,11 12,1,30,,68236,11,0,10,1,70,,68257,11,0,11 12,1,30,,68237,11,0,10,1,70,,68258,11,0,11 12,1,30,,68238,11,0,10,1,70,,68259,11,0,11 12,1,17,,68243,11,0,10,1,83,,68260,11,0,11 12,1
100,'20261103',624,,68270,11,0,10,1,30,,68293,11,0,11 12,1,78,,68271,11,0,10,1,70,,68294,11,0,11 12,1,30,,68272,11,0,10,1,70,,68295,11,0,11 12,1,30,,68273,11,0,10,1,70,,68296,11,0,11 12,1,30,,68274,11,0,10,1,70,,68297,11,0,11 12,1,30,,68275,11,0,10,1,70,,68308,11,0,13,1,30,,68276,11,0,10,1,70,,68298,11,0,11 12,1,30,,68277,11,0,10,1,70,,68299,11,0,11 12,1,30,,68278,11,0,10,1,70,,68300,11,0,11 12,1,30,,68279,11,0,10,1,17,,68290,11,0,14,1,71,,68287,11,0,14,1,30,,68291,11,0,14,1,70,,68288,11,0,14,1,30,,68292,11,0,15,1,58,,68301,11,0,11 12,1,25,,68280,11,0,10,1,70,,68309,11,0,13,1,30,,68281,11,0,10,1,70,,68302,11,0,11 12,1,30,,68282,11,0,10,1,70,,68303,11,0,11 12,1,30,,68283,11,0,10,1,70,,68304,11,0,11 12,1,30,,68284,11,0,10,1,70,,68305,11,0,11 12,1,17,,68289,11,0,10,1,83,,68306,11,0,11 12,1
100,'20261104',624,,68316,11,0,10,1,30,,68339,11,0,11 12,1,78,,68317,11,0,10,1,70,,68340,11,0,11 12,1,30,,68318,11,0,10,1,70,,68341,11,0,11 12,1,30,,68319,11,0,10,1,70,,68342,11,0,11 12,1,30,,68320,11,0,10,1,70,,68343,11,0,11 12,1,30,,68321,11,0,10,1,70,,68354,11,0,13,1,30,,68322,11,0,10,1,70,,68344,11,0,11 12,1,30,,68323,11,0,10,1,70,,68345,11,0,11 12,1,30,,68324,11,0,10,1,70,,68346,11,0,11 12,1,30,,68325,11,0,10,1,17,,68336,11,0,14,1,71,,68333,11,0,14,1,30,,68337,11,0,14,1,70,,68334,11,0,14,1,30,,68338,11,0,15,1,58,,68347,11,0,11 12,1,25,,68326,11,0,10,1,70,,68355,11,0,13,1,30,,68327,11,0,10,1,70,,68348,11,0,11 12,1,30,,68328,11,0,10,1,70,,68349,11,0,11 12,1,30,,68329,11,0,10,1,70,,68350,11,0,11 12,1,30,,68330,11,0,10,1,70,,68351,11,0,11 12,1,17,,68335,11,0,10,1,83,,68352,11,0,11 12,1
100,'20261105',624,,68362,11,0,10,1,30,,68385,11,0,11 12,1,78,,68363,11,0,10,1,70,,68386,11,0,11 12,1,30,,68364,11,0,10,1,70,,68387,11,0,11 12,1,30,,68365,11,0,10,1,70,,68388,11,0,11 12,1,30,,68366,11,0,10,1,70,,68389,11,0,11 12,1,30,,68367,11,0,10,1,70,,68400,11,0,13,1,30,,68368,11,0,10,1,70,,68390,11,0,11 12,1,30,,68369,11,0,10,1,70,,68391,11,0,11 12,1,30,,68370,11,0,10,1,70,,68392,11,0,11 12,1,30,,68371,11,0,10,1,17,,68382,11,0,14,1,71,,68379,11,0,14,1,30,,68383,11,0,14,1,70,,68380,11,0,14,1,30,,68384,11,0,15,1,58,,68393,11,0,11 12,1,25,,68372,11,0,10,1,70,,68401,11,0,13,1,30,,68373,11,0,10,1,70,,68394,11,0,11 12,1,30,,68374,11,0,10,1,70,,68395,11,0,11 12,1,30,,68375,11,0,10,1,70,,68396,11,0,11 12,1,30,,68376,11,0,10,1,70,,68397,11,0,11 12,1,17,,68381,11,0,10,1,83,,68398,11,0,11 12,1
100,'20261106',624,,68408,11,0,10,1,30,,68432,11,0,11 12,1,78,,68409,11,0,10,1,70,,68433,11,0,11 12,1,30,,68410,11,0,10,1,70,,68434,11,0,11 12,1,30,,68411,11,0,10,1,70,,68435,11,0,11 12,1,30,,68412,11,0,10,1,70,,68436,11,0,11 12,1,30,,68413,11,0,10,1,70,,68448,11,0,13,1,30,,68414,11,0,10,1,70,,68437,11,0,11 12,1,30,,68415,11,0,10,1,70,,68438,11,0,11 12,1,30,,68416,11,0,10,1,70,,68439,11,0,11 12,1,30,,68417,11,0,10,1,17,,68429,11,0,14,1,71,,68427,11,0,14,1,30,,68430,11,0,14,1,70,,68428,11,0,14,1,30,,68431,11,0,15,1,58,,68440,11,0,11 12,1,25,,68418,11,0,10,1,70,,68449,11,0,13,1,30,,68419,11,0,10,1,70,,68441,11,0,11 12,1,30,,68420,11,0,10,1,70,,68442,11,0,11 12,1,30,,68421,11,0,10,1,70,,68443,11,0,11 12,1,30,,68422,11,0,10,1,70,,68444,11,0,11 12,1,30,,68423,11,0,10,1,70,,68445,11,0,11 12,1,30,,68424,11,0,10,1,70,,68446,11,0,11 12,1
100,'20261107',903,,68472,11,0,11 12,1,30,,68456,11,0,10,1,70,,68473,11,0,11 12,1,30,,68457,11,0,10,1,70,,68474,11,0,11 12,1,30,,68458,11,0,10,1,70,,68475,11,0,11 12,1,30,,68459,11,0,10,1,70,,68476,11,0,11 12,1,30,,68460,11,0,10,1,70,,68477,11,0,11 12,1,30,,68461,11,0,10,1,70,,68487,11,0,13,1,30,,68462,11,0,10,1,70,,68478,11,0,11 12,1,30,,68463,11,0,10,1,70,,68479,11,0,11 12,1,30,,68464,11,0,10,1,70,,68480,11,0,11 12,1,30,,68465,11,0,10,1,70,,68481,11,0,11 12,1,30,,68466,11,0,10,1,70,,68482,11,0,11 12,1,30,,68467,11,0,10,1,70,,68488,11,0,13,1,30,,68468,11,0,10,1,70,,68483,11,0,11 12,1,30,,68469,11,0,10,1,70,,68484,11,0,11 12,1,30,,68470,11,0,10,1,70,,68485,11,0,11 12,1,30,,68471,11,0,10,1,70,,68486,11,0,11 12,1
100,'20261108',903,,68509,11,0,11 12,1,30,,68493,11,0,10,1,70,,68510,11,0,11 12,1,30,,68494,11,0,10,1,70,,68511,11,0,11 12,1,30,,68495,11,0,10,1,70,,68512,11,0,11 12,1,30,,68496,11,0,10,1,70,,68513,11,0,11 12,1,30,,68497,11,0,10,1,70,,68514,11,0,11 12,1,30,,68498,11,0,10,1,70,,68523,11,0,13,1,30,,68499,11,0,10,1,70,,68515,11,0,11 12,1,30,,68500,11,0,10,1,70,,68516,11,0,11 12,1,30,,68501,11,0,10,1,70,,68517,11,0,11 12,1,30,,68502,11,0,10,1,70,,68518,11,0,11 12,1,30,,68503,11,0,10,1,70,,68519,11,0,11 12,1,30,,68504,11,0,10,1,70,,68524,11,0,13,1,30,,68505,11,0,10,1,70,,68520,11,0,11 12,1,30,,68506,11,0,10,1,70,,68521,11,0,11 12,1,30,,68507,11,0,10,1,70,,68522,11,0,11 12,1,30,,68508,11,0,10,1
100,'20261109',624,,68529,11,0,10,1,30,,68552,11,0,11 12,1,78,,68530,11,0,10,1,70,,68553,11,0,11 12,1,30,,68531,11,0,10,1,70,,68554,11,0,11 12,1,30,,68532,11,0,10,1,70,,68555,11,0,11 12,1,30,,68533,11,0,10,1,70,,68556,11,0,11 12,1,30,,68534,11,0,10,1,70,,68567,11,0,13,1,30,,68535,11,0,10,1,70,,68557,11,0,11 12,1,30,,68536,11,0,10,1,70,,68558,11,0,11 12,1,30,,68537,11,0,10,1,70,,68559,11,0,11 12,1,30,,68538,11,0,10,1,17,,68549,11,0,14,1,71,,68546,11,0,14,1,30,,68550,11,0,14,1,70,,68547,11,0,14,1,30,,68551,11,0,15,1,58,,68560,11,0,11 12,1,25,,68539,11,0,10,1,70,,68568,11,0,13,1,30,,68540,11,0,10,1,70,,68561,11,0,11 12,1,30,,68541,11,0,10,1,70,,68562,11,0,11 12,1,30,,68542,11,0,10,1,70,,68563,11,0,11 12,1,30,,68543,11,0,10,1,70,,68564,11,0,11 12,1,17,,68548,11,0,10,1,83,,68565,11,0,11 12,1
100,'20261110',624,,68575,11,0,10,1,30,,68598,11,0,11 12,1,78,,68576,11,0,10,1,70,,68599,11,0,11 12,1,30,,68577,11,0,10,1,70,,68600,11,0,11 12,1,30,,68578,11,0,10,1,70,,68601,11,0,11 12,1,30,,68579,11,0,10,1,70,,68602,11,0,11 12,1,30,,68580,11,0,10,1,70,,68613,11,0,13,1,30,,68581,11,0,10,1,70,,68603,11,0,11 12,1,30,,68582,11,0,10,1,70,,68604,11,0,11 12,1,30,,68583,11,0,10,1,70,,68605,11,0,11 12,1,30,,68584,11,0,10,1,17,,68595,11,0,14,1,71,,68592,11,0,14,1,30,,68596,11,0,14,1,70,,68593,11,0,14,1,30,,68597,11,0,15,1,58,,68606,11,0,11 12,1,25,,68585,11,0,10,1,70,,68614,11,0,13,1,30,,68586,11,0,10,1,70,,68607,11,0,11 12,1,30,,68587,11,0,10,1,70,,68608,11,0,11 12,1,30,,68588,11,0,10,1,70,,68609,11,0,11 12,1,30,,68589,11,0,10,1,70,,68610,11,0,11 12,1,17,,68594,11,0,10,1,83,,68611,11,0,11 12,1
100,'20261111',624,,68621,11,0,10,1,30,,68644,11,0,11 12,1,78,,68622,11,0,10,1,70,,68645,11,0,11 12,1,30,,68623,11,0,10,1,70,,68646,11,0,11 12,1,30,,68624,11,0,10,1,70,,68647,11,0,11 12,1,30,,68625,11,0,10,1,70,,68648,11,0,11 12,1,30,,68626,11,0,10,1,70,,68659,11,0,13,1,30,,68627,11,0,10,1,70,,68649,11,0,11 12,1,30,,68628,11,0,10,1,70,,68650,11,0,11 12,1,30,,68629,11,0,10,1,70,,68651,11,0,11 12,1,30,,68630,11,0,10,1,17,,68641,11,0,14,1,71,,68638,11,0,14,1,30,,68642,11,0,14,1,70,,68639,11,0,14,1,30,,68643,11,0,15,1,58,,68652,11,0,11 12,1,25,,68631,11,0,10,1,70,,68660,11,0,13,1,30,,68632,11,0,10,1,70,,68653,11,0,11 12,1,30,,68633,11,0,10,1,70,,68654,11,0,11 12,1,30,,68634,11,0,10,1,70,,68655,11,0,11 12,1,30,,68635,11,0,10,1,70,,68656,11,0,11 12,1,17,,68640,11,0,10,1,83,,68657,11,0,11 12,1
100,'20261112',624,,68667,11,0,10,1,30,,68690,11,0,11 12,1,78,,68668,11,0,10,1,70,,68691,11,0,11 12,1,30,,68669,11,0,10,1,70,,68692,11,0,11 12,1,30,,68670,11,0,10,1,70,,68693,11,0,11 12,1,30,,68671,11,0,10,1,70,,68694,11,0,11 12,1,30,,68672,11,0,10,1,70,,68705,11,0,13,1,30,,68673,11,0,10,1,70,,68695,11,0,11 12,1,30,,68674,11,0,10,1,70,,68696,11,0,11 12,1,30,,68675,11,0,10,1,70,,68697,11,0,11 12,1,30,,68676,11,0,10,1,17,,68687,11,0,14,1,71,,68684,11,0,14,1,30,,68688,11,0,14,1,70,,68685,11,0,14,1,30,,68689,11,0,15,1,58,,68698,11,0,11 12,1,25,,68677,11,0,10,1,70,,68706,11,0,13,1,30,,68678,11,0,10,1,70,,68699,11,0,11 12,1,30,,68679,11,0,10,1,70,,68700,11,0,11 12,1,30,,68680,11,0,10,1,70,,68701,11,0,11 12,1,30,,68681,11,0,10,1,70,,68702,11,0,11 12,1,17,,68686,11,0,10,1,83,,68703,11,0,11 12,1
100,'20261113',624,,68713,11,0,10,1,30,,68737,11,0,11 12,1,78,,68714,11,0,10,1,70,,68738,11,0,11 12,1,30,,68715,11,0,10,1,70,,68739,11,0,11 12,1,30,,68716,11,0,10,1,70,,68740,11,0,11 12,1,30,,68717,11,0,10,1,70,,68741,11,0,11 12,1,30,,68718,11,0,10,1,70,,68753,11,0,13,1,30,,68719,11,0,10,1,70,,68742,11,0,11 12,1,30,,68720,11,0,10,1,70,,68743,11,0,11 12,1,30,,68721,11,0,10,1,70,,68744,11,0,11 12,1,30,,68722,11,0,10,1,17,,68734,11,0,14,1,71,,68732,11,0,14,1,30,,68735,11,0,14,1,70,,68733,11,0,14,1,30,,68736,11,0,15,1,58,,68745,11,0,11 12,1,25,,68723,11,0,10,1,70,,68754,11,0,13,1,30,,68724,11,0,10,1,70,,68746,11,0,11 12,1,30,,68725,11,0,10,1,70,,68747,11,0,11 12,1,30,,68726,11,0,10,1,70,,68748,11,0,11 12,1,30,,68727,11,0,10,1,70,,68749,11,0,11 12,1,30,,68728,11,0,10,1,70,,68750,11,0,11 12,1,30,,68729,11,0,10,1,70,,68751,11,0,11 12,1
100,'20261114',903,,68777,11,0,11 12,1,30,,68761,11,0,10,1,70,,68778,11,0,11 12,1,30,,68762,11,0,10,1,70,,68779,11,0,11 12,1,30,,68763,11,0,10,1,70,,68780,11,0,11 12,1,30,,68764,11,0,10,1,70,,68781,11,0,11 12,1,30,,68765,11,0,10,1,70,,68782,11,0,11 12,1,30,,68766,11,0,10,1,70,,68792,11,0,13,1,30,,68767,11,0,10,1,70,,68783,11,0,11 12,1,30,,68768,11,0,10,1,70,,68784,11,0,11 12,1,30,,68769,11,0,10,1,70,,68785,11,0,11 12,1,30,,68770,11,0,10,1,70,,68786,11,0,11 12,1,30,,68771,11,0,10,1,70,,68787,11,0,11 12,1,30,,68772,11,0,10,1,70,,68793,11,0,13,1,30,,68773,11,0,10,1,70,,68788,11,0,11 12,1,30,,68774,11,0,10,1,70,,68789,11,0,11 12,1,30,,68775,11,0,10,1,70,,68790,11,0,11 12,1,30,,68776,11,0,10,1,70,,68791,11,0,11 12,1
100,'20261115',903,,68814,11,0,11 12,1,30,,68798,11,0,10,1,70,,68815,11,0,11 12,1,30,,68799,11,0,10,1,70,,68816,11,0,11 12,1,30,,68800,11,0,10,1,70,,68817,11,0,11 12,1,30,,68801,11,0,10,1,70,,68818,11,0,11 12,1,30,,68802,11,0,10,1,70,,68819,11,0,11 12,1,30,,68803,11,0,10,1,70,,68828,11,0,13,1,30,,68804,11,0,10,1,70,,68820,11,0,11 12,1,30,,68805,11,0,10,1,70,,68821,11,0,11 12,1,30,,68806,11,0,10,1,70,,68822,11,0,11 12,1,30,,68807,11,0,10,1,70,,68823,11,0,11 12,1,30,,68808,11,0,10,1,70,,68824,11,0,11 12,1,30,,68809,11,0,10,1,70,,68829,11,0,13,1,30,,68810,11,0,10,1,70,,68825,11,0,11 12,1,30,,68811,11,0,10,1,70,,68826,11,0,11 12,1,30,,68812,11,0,10,1,70,,68827,11,0,11 12,1,30,,68813,11,0,10,1
100,'20261116',624,,68834,11,0,10,1,30,,68857,11,0,11 12,1,78,,68835,11,0,10,1,70,,68858,11,0,11 12,1,30,,68836,11,0,10,1,70,,68859,11,0,11 12,1,30,,68837,11,0,10,1,70,,68860,11,0,11 12,1,30,,68838,11,0,10,1,70,,68861,11,0,11 12,1,30,,68839,11,0,10,1,70,,68872,11,0,13,1,30,,68840,11,0,10,1,70,,68862,11,0,11 12,1,30,,68841,11,0,10,1,70,,68863,11,0,11 12,1,30,,68842,11,0,10,1,70,,68864,11,0,11 12,1,30,,68843,11,0,10,1,17,,68854,11,0,14,1,71,,68851,11,0,14,1,30,,68855,11,0,14,1,70,,68852,11,0,14,1,30,,68856,11,0,15,1,58,,68865,11,0,11 12,1,25,,68844,11,0,10,1,70,,68873,11,0,13,1,30,,68845,11,0,10,1,70,,68866,11,0,11 12,1,30,,68846,11,0,10,1,70,,68867,11,0,11 12,1,30,,68847,11,0,10,1,70,,68868,11,0,11 12,1,30,,68848,11,0,10,1,70,,68869,11,0,11 12,1,17,,68853,11,0,10,1,83,,68870,11,0,11 12,1
100,'20261117',624,,68880,11,0,10,1,30,,68903,11,0,11 12,1,78,,68881,11,0,10,1,70,,68904,11,0,11 12,1,30,,68882,11,0,10,1,70,,68905,11,0,11 12,1,30,,68883,11,0,10,1,70,,68906,11,0,11 12,1,30,,68884,11,0,10,1,70,,68907,11,0,11 12,1,30,,68885,11,0,10,1,70,,68918,11,0,13,1,30,,68886,11,0,10,1,70,,68908,11,0,11 12,1,30,,68887,11,0,10,1,70,,68909,11,0,11 12,1,30,,68888,11,0,10,1,70,,68910,11,0,11 12,1,30,,68889,11,0,10,1,17,,68900,11,0,14,1,71,,68897,11,0,14,1,30,,68901,11,0,14,1,70,,68898,11,0,14,1,30,,68902,11,0,15,1,58,,68911,11,0,11 12,1,25,,68890,11,0,10,1,70,,68919,11,0,13,1,30,,68891,11,0,10,1,70,,68912,11,0,11 12,1,30,,68892,11,0,10,1,70,,68913,11,0,11 12,1,30,,68893,11,0,10,1,70,,68914,11,0,11 12,1,30,,68894,11,0,10,1,70,,68915,11,0,11 12,1,17,,68899,11,0,10,1,83,,68916,11,0,11 12,1
100,'20261118',624,,68926,11,0,10,1,30,,68949,11,0,11 12,1,78,,68927,11,0,10,1,70,,68950,11,0,11 12,1,30,,68928,11,0,10,1,70,,68951,11,0,11 12,1,30,,68929,11,0,10,1,70,,68952,11,0,11 12,1,30,,68930,11,0,10,1,70,,68953,11,0,11 12,1,30,,68931,11,0,10,1,70,,68964,11,0,13,1,30,,68932,11,0,10,1,70,,68954,11,0,11 12,1,30,,68933,11,0,10,1,70,,68955,11,0,11 12,1,30,,68934,11,0,10,1,70,,68956,11,0,11 12,1,30,,68935,11,0,10,1,17,,68946,11,0,14,1,71,,68943,11,0,14,1,30,,68947,11,0,14,1,70,,68944,11,0,14,1,30,,68948,11,0,15,1,58,,68957,11,0,11 12,1,25,,68936,11,0,10,1,70,,68965,11,0,13,1,30,,68937,11,0,10,1,70,,68958,11,0,11 12,1,30,,68938,11,0,10,1,70,,68959,11,0,11 12,1,30,,68939,11,0,10,1,70,,68960,11,0,11 12,1,30,,68940,11,0,10,1,70,,68961,11,0,11 12,1,17,,68945,11,0,10,1,83,,68962,11,0,11 12,1
100,'20261119',624,,68972,11,0,10,1,30,,68995,11,0,11 12,1,78,,68973,11,0,10,1,70,,68996,11,0,11 12,1,30,,68974,11,0,10,1,70,,68997,11,0,11 12,1,30,,68975,11,0,10,1,70,,68998,11,0,11 12,1,30,,68976,11,0,10,1,70,,68999,11,0,11 12,1,30,,68977,11,0,10,1,70,,69010,11,0,13,1,30,,68978,11,0,10,1,70,,69000,11,0,11 12,1,30,,68979,11,0,10,1,70,,69001,11,0,11 12,1,30,,68980,11,0,10,1,70,,69002,11,0,11 12,1,30,,68981,11,0,10,1,17,,68992,11,0,14,1,71,,68989,11,0,14,1,30,,68993,11,0,14,1,70,,68990,11,0,14,1,30,,68994,11,0,15,1,58,,69003,11,0,11 12,1,25,,68982,11,0,10,1,70,,69011,11,0,13,1,30,,68983,11,0,10,1,70,,69004,11,0,11 12,1,30,,68984,11,0,10,1,70,,69005,11,0,11 12,1,30,,68985,11,0,10,1,70,,69006,11,0,11 12,1,30,,68986,11,0,10,1,70,,69007,11,0,11 12,1,17,,68991,11,0,10,1,83,,69008,11,0,11 12,1
100,'20261120',624,,69018,11,0,10,1,30,,69042,11,0,11 12,1,78,,69019,11,0,10,1,70,,69043,11,0,11 12,1,30,,69020,11,0,10,1,70,,69044,11,0,11 12,1,30,,69021,11,0,10,1,70,,69045,11,0,11 12,1,30,,69022,11,0,10,1,70,,69046,11,0,11 12,1,30,,69023,11,0,10,1,70,,69058,11,0,13,1,30,,69024,11,0,10,1,70,,69047,11,0,11 12,1,30,,69025,11,0,10,1,70,,69048,11,0,11 12,1,30,,69026,11,0,10,1,70,,69049,11,0,11 12,1,30,,69027,11,0,10,1,17,,69039,11,0,14,1,71,,69037,11,0,14,1,30,,69040,11,0,14,1,70,,69038,11,0,14,1,30,,69041,11,0,15,1,58,,69050,11,0,11 12,1,25,,69028,11,0,10,1,70,,69059,11,0,13,1,30,,69029,11,0,10,1,70,,69051,11,0,11 12,1,30,,69030,11,0,10,1,70,,69052,11,0,11 12,1,30,,69031,11,0,10,1,70,,69053,11,0,11 12,1,30,,69032,11,0,10,1,70,,69054,11,0,11 12,1,30,,69033,11,0,10,1,70,,69055,11,0,11 12,1,30,,69034,11,0,10,1,70,,69056,11,0,11 12,1
100,'20261121',903,,69082,11,0,11 12,1,30,,69066,11,0,10,1,70,,69083,11,0,11 12,1,30,,69067,11,0,10,1,70,,69084,11,0,11 12,1,30,,69068,11,0,10,1,70,,69085,11,0,11 12,1,30,,69069,11,0,10,1,70,,69086,11,0,11 12,1,30,,69070,11,0,10,1,70,,69087,11,0,11 12,1,30,,69071,11,0,10,1,70,,69097,11,0,13,1,30,,69072,11,0,10,1,70,,69088,11,0,11 12,1,30,,69073,11,0,10,1,70,,69089,11,0,11 12,1,30,,69074,11,0,10,1,70,,69090,11,0,11 12,1,30,,69075,11,0,10,1,70,,69091,11,0,11 12,1,30,,69076,11,0,10,1,70,,69092,11,0,11 12,1,30,,69077,11,0,10,1,70,,69098,11,0,13,1,30,,69078,11,0,10,1,70,,69093,11,0,11 12,1,30,,69079,11,0,10,1,70,,69094,11,0,11 12,1,30,,69080,11,0,10,1,70,,69095,11,0,11 12,1,30,,69081,11,0,10,1,70,,69096,11,0,11 12,1
100,'20261122',903,,69119,11,0,11 12,1,30,,69103,11,0,10,1,70,,69120,11,0,11 12,1,30,,69104,11,0,10,1,70,,69121,11,0,11 12,1,30,,69105,11,0,10,1,70,,69122,11,0,11 12,1,30,,69106,11,0,10,1,70,,69123,11,0,11 12,1,30,,69107,11,0,10,1,70,,69124,11,0,11 12,1,30,,69108,11,0,10,1,70,,69133,11,0,13,1,30,,69109,11,0,10,1,70,,69125,11,0,11 12,1,30,,69110,11,0,10,1,70,,69126,11,0,11 12,1,30,,69111,11,0,10,1,70,,69127,11,0,11 12,1,30,,69112,11,0,10,1,70,,69128,11,0,11 12,1,30,,69113,11,0,10,1,70,,69129,11,0,11 12,1,30,,69114,11,0,10,1,70,,69134,11,0,13,1,30,,69115,11,0,10,1,70,,69130,11,0,11 12,1,30,,69116,11,0,10,1,70,,69131,11,0,11 12,1,30,,69117,11,0,10,1,70,,69132,11,0,11 12,1,30,,69118,11,0,10,1
100,'20261123',624,,69139,11,0,10,1,30,,69162,11,0,11 12,1,78,,69140,11,0,10,1,70,,69163,11,0,11 12,1,30,,69141,11,0,10,1,70,,69164,11,0,11 12,1,30,,69142,11,0,10,1,70,,69165,11,0,11 12,1,30,,69143,11,0,10,1,70,,69166,11,0,11 12,1,30,,69144,11,0,10,1,70,,69177,11,0,13,1,30,,69145,11,0,10,1,70,,69167,11,0,11 12,1,30,,69146,11,0,10,1,70,,69168,11,0,11 12,1,30,,69147,11,0,10,1,70,,69169,11,0,11 12,1,30,,69148,11,0,10,1,17,,69159,11,0,14,1,71,,69156,11,0,14,1,30,,69160,11,0,14,1,70,,69157,11,0,14,1,30,,69161,11,0,15,1,58,,69170,11,0,11 12,1,25,,69149,11,0,10,1,70,,69178,11,0,13,1,30,,69150,11,0,10,1,70,,69171,11,0,11 12,1,30,,69151,11,0,10,1,70,,69172,11,0,11 12,1,30,,69152,11,0,10,1,70,,69173,11,0,11 12,1,30,,69153,11,0,10,1,70,,69174,11,0,11 12,1,17,,69158,11,0,10,1,83,,69175,11,0,11 12,1
100,'20261124',624,,69185,11,0,10,1,30,,69208,11,0,11 12,1,78,,69186,11,0,10,1,70,,69209,11,0,11 12,1,30,,69187,11,0,10,1,70,,69210,11,0,11 12,1,30,,69188,11,0,10,1,70,,69211,11,0,11 12,1,30,,69189,11,0,10,1,70,,69212,11,0,11 12,1,30,,69190,11,0,10,1,70,,69223,11,0,13,1,30,,69191,11,0,10,1,70,,69213,11,0,11 12,1,30,,69192,11,0,10,1,70,,69214,11,0,11 12,1,30,,69193,11,0,10,1,70,,69215,11,0,11 12,1,30,,69194,11,0,10,1,17,,69205,11,0,14,1,71,,69202,11,0,14,1,30,,69206,11,0,14,1,70,,69203,11,0,14,1,30,,69207,11,0,15,1,58,,69216,11,0,11 12,1,25,,69195,11,0,10,1,70,,69224,11,0,13,1,30,,69196,11,0,10,1,70,,69217,11,0,11 12,1,30,,69197,11,0,10,1,70,,69218,11,0,11 12,1,30,,69198,11,0,10,1,70,,69219,11,0,11 12,1,30,,69199,11,0,10,1,70,,69220,11,0,11 12,1,17,,69204,11,0,10,1,83,,69221,11,0,11 12,1
100,'20261125',624,,69231,11,0,10,1,30,,69254,11,0,11 12,1,78,,69232,11,0,10,1,70,,69255,11,0,11 12,1,30,,69233,11,0,10,1,70,,69256,11,0,11 12,1,30,,69234,11,0,10,1,70,,69257,11,0,11 12,1,30,,69235,11,0,10,1,70,,69258,11,0,11 12,1,30,,69236,11,0,10,1,70,,69269,11,0,13,1,30,,69237,11,0,10,1,70,,69259,11,0,11 12,1,30,,69238,11,0,10,1,70,,69260,11,0,11 12,1,30,,69239,11,0,10,1,70,,69261,11,0,11 12,1,30,,69240,11,0,10,1,17,,69251,11,0,14,1,71,,69248,11,0,14,1,30,,69252,11,0,14,1,70,,69249,11,0,14,1,30,,69253,11,0,15,1,58,,69262,11,0,11 12,1,25,,69241,11,0,10,1,70,,69270,11,0,13,1,30,,69242,11,0,10,1,70,,69263,11,0,11 12,1,30,,69243,11,0,10,1,70,,69264,11,0,11 12,1,30,,69244,11,0,10,1,70,,69265,11,0,11 12,1,30,,69245,11,0,10,1,70,,69266,11,0,11 12,1,17,,69250,11,0,10,1,83,,69267,11,0,11 12,1
100,'20261126',624,,69277,11,0,10,1,30,,69300,11,0,11 12,1,78,,69278,11,0,10,1,70,,69301,11,0,11 12,1,30,,69279,11,0,10,1,70,,69302,11,0,11 12,1,30,,69280,11,0,10,1,70,,69303,11,0,11 12,1,30,,69281,11,0,10,1,70,,69304,11,0,11 12,1,30,,69282,11,0,10,1,70,,69315,11,0,13,1,30,,69283,11,0,10,1,70,,69305,11,0,11 12,1,30,,69284,11,0,10,1,70,,69306,11,0,11 12,1,30,,69285,11,0,10,1,70,,69307,11,0,11 12,1,30,,69286,11,0,10,1,17,,69297,11,0,14,1,71,,69294,11,0,14,1,30,,69298,11,0,14,1,70,,69295,11,0,14,1,30,,69299,11,0,15,1,58,,69308,11,0,11 12,1,25,,69287,11,0,10,1,70,,69316,11,0,13,1,30,,69288,11,0,10,1,70,,69309,11,0,11 12,1,30,,69289,11,0,10,1,70,,69310,11,0,11 12,1,30,,69290,11,0,10,1,70,,69311,11,0,11 12,1,30,,69291,11,0,10,1,70,,69312,11,0,11 12,1,17,,69296,11,0,10,1,83,,69313,11,0,11 12,1
100,'20261127',624,,69323,11,0,10,1,30,,69347,11,0,11 12,1,78,,69324,11,0,10,1,70,,69348,11,0,11 12,1,30,,69325,11,0,10,1,70,,69349,11,0,11 12,1,30,,69326,11,0,10,1,70,,69350,11,0,11 12,1,30,,69327,11,0,10,1,70,,69351,11,0,11 12,1,30,,69328,11,0,10,1,70,,69363,11,0,13,1,30,,69329,11,0,10,1,70,,69352,11,0,11 12,1,30,,69330,11,0,10,1,70,,69353,11,0,11 12,1,30,,69331,11,0,10,1,70,,69354,11,0,11 12,1,30,,69332,11,0,10,1,17,,69344,11,0,14,1,71,,69342,11,0,14,1,30,,69345,11,0,14,1,70,,69343,11,0,14,1,30,,69346,11,0,15,1,58,,69355,11,0,11 12,1,25,,69333,11,0,10,1,70,,69364,11,0,13,1,30,,69334,11,0,10,1,70,,69356,11,0,11 12,1,30,,69335,11,0,10,1,70,,69357,11,0,11 12,1,30,,69336,11,0,10,1,70,,69358,11,0,11 12,1,30,,69337,11,0,10,1,70,,69359,11,0,11 12,1,30,,69338,11,0,10,1,70,,69360,11,0,11 12,1,30,,69339,11,0,10,1,70,,69361,11,0,11 12,1
101,'20260831',544,,64774,24,,,1,70,,64783,31,,,1,30,,64775,24,,,1,74,,64780,16,,,1,30,,64776,16,,,1,71,,64781,16,,,1,29,,64777,16,,,1,56,,64782,16,,,1,25,,64784,31,,,1,29,,41440,24,,,1,70,,64785,31,,,1,30,,41441,24,,,1,70,,41465,31,,,1,30,,41442,24,,,1,70,,41475,35,,,1,30,,41443,24,,,1,70,,41466,31,,,1,30,,41444,24,,,1,70,,41467,31,,,1,30,,41445,24,,,1,70,,41468,31,,,1,30,,41446,24,,,1,70,,41469,31,,,1,30,,41447,24,,,1,70,,41470,31,,,1,30,,41448,24,,,1,70,,41471,31,,,1,30,,41449,24,,,1,70,,41472,31,,,1,30,,41450,24,,,1,70,,41476,35,,,1,30,,41451,24,,,1,70,,41473,31,,,1,30,,41452,24,,,1,70,,41474,31,,,1,30,,41453,24,,,1,70,,65542,31,,,1,30,,41454,24,,,1
101,'20260901',544,,41486,24,,,1,70,,41510,31,,,1,30,,41487,24,,,1,74,,41507,16,,,1,30,,41503,16,,,1,71,,41508,16,,,1,29,,41504,16,,,1,56,,41509,16,,,1,25,,41511,31,,,1,29,,41488,24,,,1,70,,41512,31,,,1,30,,41489,24,,,1,70,,41513,31,,,1,30,,41490,24,,,1,70,,41523,35,,,1,30,,41491,24,,,1,70,,41514,31,,,1,30,,41492,24,,,1,70,,41515,31,,,1,30,,41493,24,,,1,70,,41516,31,,,1,30,,41494,24,,,1,70,,41517,31,,,1,30,,41495,24,,,1,70,,41518,31,,,1,30,,41496,24,,,1,70,,41519,31,,,1,30,,41497,24,,,1,70,,41520,31,,,1,30,,41498,24,,,1,70,,41524,35,,,1,30,,41499,24,,,1,70,,41521,31,,,1,30,,41500,24,,,1,70,,41522,31,,,1,30,,41501,24,,,1,70,,65550,31,,,1,30,,41502,24,,,1
101,'20260902',544,,41534,24,,,1,70,,41558,31,,,1,30,,41535,24,,,1,74,,41555,16,,,1,30,,41551,16,,,1,71,,41556,16,,,1,29,,41552,16,,,1,56,,41557,16,,,1,25,,41559,31,,,1,29,,41536,24,,,1,70,,41560,31,,,1,30,,41537,24,,,1,70,,41561,31,,,1,30,,41538,24,,,1,70,,41571,35,,,1,30,,41539,24,,,1,70,,41562,31,,,1,30,,41540,24,,,1,70,,41563,31,,,1,30,,41541,24,,,1,70,,41564,31,,,1,30,,41542,24,,,1,70,,41565,31,,,1,30,,41543,24,,,1,70,,41566,31,,,1,30,,41544,24,,,1,70,,41567,31,,,1,30,,41545,24,,,1,70,,41568,31,,,1,30,,41546,24,,,1,70,,41572,35,,,1,30,,41547,24,,,1,70,,41569,31,,,1,30,,41548,24,,,1,70,,41570,31,,,1,30,,41549,24,,,1,70,,65558,31,,,1,30,,41550,24,,,1
101,'20260903',544,,41582,24,,,1,70,,41606,31,,,1,30,,41583,24,,,1,74,,41603,16,,,1,30,,41599,16,,,1,71,,41604,16,,,1,29,,41600,16,,,1,56,,41605,16,,,1,25,,41607,31,,,1,29,,41584,24,,,1,70,,41608,31,,,1,30,,41585,24,,,1,70,,41609,31,,,1,30,,41586,24,,,1,70,,41619,35,,,1,30,,41587,24,,,1,70,,41610,31,,,1,30,,41588,24,,,1,70,,41611,31,,,1,30,,41589,24,,,1,70,,41612,31,,,1,30,,41590,24,,,1,70,,41613,31,,,1,30,,41591,24,,,1,70,,41614,31,,,1,30,,41592,24,,,1,70,,41615,31,,,1,30,,41593,24,,,1,70,,41616,31,,,1,30,,41594,24,,,1,70,,41620,35,,,1,30,,41595,24,,,1,70,,41617,31,,,1,30,,41596,24,,,1,70,,41618,31,,,1,30,,41597,24,,,1,70,,65566,31,,,1,30,,41598,24,,,1
101,'20260904',544,,41630,24,,,1,70,,41654,31,,,1,30,,41631,24,,,1,74,,41651,16,,,1,30,,41647,16,,,1,71,,41652,16,,,1,29,,41648,16,,,1,56,,41653,16,,,1,25,,41655,31,,,1,29,,41632,24,,,1,70,,41656,31,,,1,30,,41633,24,,,1,70,,41657,31,,,1,30,,41634,24,,,1,70,,41669,35,,,1,30,,41635,24,,,1,70,,41658,31,,,1,30,,41636,24,,,1,70,,41659,31,,,1,30,,41637,24,,,1,70,,41660,31,,,1,30,,41638,24,,,1,70,,41661,31,,,1,30,,41639,24,,,1,70,,41662,31,,,1,30,,41640,24,,,1,70,,41663,31,,,1,30,,41641,24,,,1,70,,41664,31,,,1,30,,41642,24,,,1,70,,41670,35,,,1,30,,41643,24,,,1,70,,41665,31,,,1,30,,41644,24,,,1,70,,41666,31,,,1,30,,41645,24,,,1,70,,41667,31,,,1,30,,41646,24,,,1,70,,41668,31,,,1
101,'20260905',828,,69416,35,,,1,30,,69371,24,,,1,70,,69417,35,,,1,30,,69372,24,,,1,70,,69418,35,,,1,30,,69373,24,,,1,70,,69404,31,,,1,30,,69374,24,,,1,70,,69419,35,,,1,30,,69375,24,,,1,70,,69405,31,,,1,30,,69376,24,,,1,70,,69406,31,,,1,30,,69377,24,,,1,55,,69395,12,,,1,15,,69407,31,,,1,15,,69387,12,,,1,15,,69378,24,,,1,55,,69396,12,,,1,15,,69408,31,,,1,15,,69388,12,,,1,15,,69379,24,,,1,55,,69397,12,,,1,15,,69409,31,,,1,15,,69389,12,,,1,15,,69380,24,,,1,55,,69398,12,,,1,15,,69410,31,,,1,15,,69390,12,,,1,15,,69381,24,,,1,55,,69399,12,,,1,15,,69411,31,,,1,15,,69391,12,,,1,15,,69382,24,,,1,55,,69400,12,,,1,15,,69420,35,,,1,15,,69392,12,,,1,15,,69383,24,,,1,55,,69401,12,,,1,15,,69412,31,,,1,15,,69393,12,,,1,15,,69384,24,,,1,55,,69402,12,,,1,15,,69413,31,,,1,15,,69394,12,,,1,15,,69385,24,,,1,55,,69403,12,,,1,15,,69414,31,,,1,30,,69386,24,,,1,70,,69415,31,,,1
101,'20260906',828,,69471,35,,,1,30,,69426,24,,,1,70,,69472,35,,,1,30,,69427,24,,,1,70,,69473,35,,,1,30,,69428,24,,,1,70,,69459,31,,,1,30,,69429,24,,,1,70,,69474,35,,,1,30,,69430,24,,,1,70,,69460,31,,,1,30,,69431,24,,,1,70,,69461,31,,,1,30,,69432,24,,,1,55,,69450,12,,,1,15,,69462,31,,,1,15,,69442,12,,,1,15,,69433,24,,,1,55,,69451,12,,,1,15,,69463,31,,,1,15,,69443,12,,,1,15,,69434,24,,,1,55,,69452,12,,,1,15,,69464,31,,,1,15,,69444,12,,,1,15,,69435,24,,,1,55,,69453,12,,,1,15,,69465,31,,,1,15,,69445,12,,,1,15,,69436,24,,,1,55,,69454,12,,,1,15,,69466,31,,,1,15,,69446,12,,,1,15,,69437,24,,,1,55,,69455,12,,,1,15,,69475,35,,,1,15,,69447,12,,,1,15,,69438,24,,,1,55,,69456,12,,,1,15,,69467,31,,,1,15,,69448,12,,,1,15,,69439,24,,,1,55,,69457,12,,,1,15,,69468,31,,,1,15,,69449,12,,,1,15,,69440,24,,,1,55,,69458,12,,,1,15,,69469,31,,,1,30,,69441,24,,,1,70,,69470,31,,,1
101,'20260907',828,,69526,35,,,1,30,,69481,24,,,1,70,,69527,35,,,1,30,,69482,24,,,1,70,,69528,35,,,1,30,,69483,24,,,1,70,,69514,31,,,1,30,,69484,24,,,1,70,,69529,35,,,1,30,,69485,24,,,1,70,,69515,31,,,1,30,,69486,24,,,1,70,,69516,31,,,1,30,,69487,24,,,1,55,,69505,12,,,1,15,,69517,31,,,1,15,,69497,12,,,1,15,,69488,24,,,1,55,,69506,12,,,1,15,,69518,31,,,1,15,,69498,12,,,1,15,,69489,24,,,1,55,,69507,12,,,1,15,,69519,31,,,1,15,,69499,12,,,1,15,,69490,24,,,1,55,,69508,12,,,1,15,,69520,31,,,1,15,,69500,12,,,1,15,,69491,24,,,1,55,,69509,12,,,1,15,,69521,31,,,1,15,,69501,12,,,1,15,,69492,24,,,1,55,,69510,12,,,1,15,,69530,35,,,1,15,,69502,12,,,1,15,,69493,24,,,1,55,,69511,12,,,1,15,,69522,31,,,1,15,,69503,12,,,1,15,,69494,24,,,1,55,,69512,12,,,1,15,,69523,31,,,1,15,,69504,12,,,1,15,,69495,24,,,1,55,,69513,12,,,1,15,,69524,31,,,1,30,,69496,24,,,1,70,,69525,31,,,1
101,'20260908',544,,69536,24,,,1,70,,69560,31,,,1,30,,69537,24,,,1,74,,69557,16,,,1,30,,69553,16,,,1,71,,69558,16,,,1,29,,69554,16,,,1,56,,69559,16,,,1,25,,69561,31,,,1,30,,69538,24,,,1,70,,69562,31,,,1,30,,69539,24,,,1,70,,69563,31,,,1,30,,69540,24,,,1,70,,69573,35,,,1,30,,69541,24,,,1,70,,69564,31,,,1,30,,69542,24,,,1,70,,69565,31,,,1,30,,69543,24,,,1,70,,69566,31,,,1,30,,69544,24,,,1,70,,69567,31,,,1,30,,69545,24,,,1,69,,69568,31,,,1,31,,69546,24,,,1,69,,69569,31,,,1,30,,69547,24,,,1,70,,69570,31,,,1,30,,69548,24,,,1,70,,69574,35,,,1,30,,69549,24,,,1,70,,69571,31,,,1,30,,69550,24,,,1,70,,69572,31,,,1,30,,69551,24,,,1,100,,69552,24,,,1
101,'20260909',544,,69582,24,,,1,70,,69606,31,,,1,30,,69583,24,,,1,74,,69603,16,,,1,30,,69599,16,,,1,71,,69604,16,,,1,29,,69600,16,,,1,56,,69605,16,,,1,25,,69607,31,,,1,30,,69584,24,,,1,70,,69608,31,,,1,30,,69585,24,,,1,70,,69609,31,,,1,30,,69586,24,,,1,70,,69619,35,,,1,30,,69587,24,,,1,70,,69610,31,,,1,30,,69588,24,,,1,70,,69611,31,,,1,30,,69589,24,,,1,70,,69612,31,,,1,30,,69590,24,,,1,70,,69613,31,,,1,30,,69591,24,,,1,69,,69614,31,,,1,31,,69592,24,,,1,69,,69615,31,,,1,30,,69593,24,,,1,70,,69616,31,,,1,30,,69594,24,,,1,70,,69620,35,,,1,30,,69595,24,,,1,70,,69617,31,,,1,30,,69596,24,,,1,70,,69618,31,,,1,30,,69597,24,,,1,100,,69598,24,,,1
101,'20260910',544,,69628,24,,,1,70,,69652,31,,,1,30,,69629,24,,,1,74,,69649,16,,,1,30,,69645,16,,,1,71,,69650,16,,,1,29,,69646,16,,,1,56,,69651,16,,,1,25,,69653,31,,,1,30,,69630,24,,,1,70,,69654,31,,,1,30,,69631,24,,,1,70,,69655,31,,,1,30,,69632,24,,,1,70,,69665,35,,,1,30,,69633,24,,,1,70,,69656,31,,,1,30,,69634,24,,,1,70,,69657,31,,,1,30,,69635,24,,,1,70,,69658,31,,,1,30,,69636,24,,,1,70,,69659,31,,,1,30,,69637,24,,,1,69,,69660,31,,,1,31,,69638,24,,,1,69,,69661,31,,,1,30,,69639,24,,,1,70,,69662,31,,,1,30,,69640,24,,,1,70,,69666,35,,,1,30,,69641,24,,,1,70,,69663,31,,,1,30,,69642,24,,,1,70,,69664,31,,,1,30,,69643,24,,,1,100,,69644,24,,,1
101,'20260911',544,,69674,24,,,1,70,,69698,31,,,1,30,,69675,24,,,1,74,,69695,16,,,1,30,,69691,16,,,1,71,,69696,16,,,1,29,,69692,16,,,1,56,,69697,16,,,1,25,,69699,31,,,1,30,,69676,24,,,1,70,,69700,31,,,1,30,,69677,24,,,1,70,,69701,31,,,1,30,,69678,24,,,1,70,,69713,35,,,1,30,,69679,24,,,1,70,,69702,31,,,1,30,,69680,24,,,1,70,,69703,31,,,1,30,,69681,24,,,1,70,,69704,31,,,1,30,,69682,24,,,1,70,,69705,31,,,1,30,,69683,24,,,1,69,,69706,31,,,1,31,,69684,24,,,1,69,,69707,31,,,1,30,,69685,24,,,1,70,,69708,31,,,1,30,,69686,24,,,1,70,,69714,35,,,1,30,,69687,24,,,1,70,,69709,31,,,1,30,,69688,24,,,1,70,,69710,31,,,1,30,,69689,24,,,1,70,,69711,31,,,1,30,,69690,24,,,1,70,,69712,31,,,1
101,'20260912',828,,69750,35,,,1,30,,69722,24,,,1,70,,69751,35,,,1,30,,69723,24,,,1,70,,69752,35,,,1,30,,69724,24,,,1,70,,69738,31,,,1,30,,69725,24,,,1,70,,69753,35,,,1,30,,69726,24,,,1,70,,69739,31,,,1,30,,69727,24,,,1,70,,69740,31,,,1,30,,69728,24,,,1,70,,69741,31,,,1,30,,69729,24,,,1,70,,69742,31,,,1,30,,69730,24,,,1,70,,69743,31,,,1,30,,69731,24,,,1,70,,69744,31,,,1,30,,69732,24,,,1,70,,69745,31,,,1,30,,69733,24,,,1,70,,69754,35,,,1,30,,69734,24,,,1,70,,69746,31,,,1,30,,69735,24,,,1,70,,69747,31,,,1,30,,69736,24,,,1,70,,69748,31,,,1,30,,69737,24,,,1,70,,69749,31,,,1
101,'20260913',828,,69786,35,,,1,30,,69759,24,,,1,70,,69787,35,,,1,30,,69760,24,,,1,70,,69788,35,,,1,30,,69761,24,,,1,70,,69775,31,,,1,30,,69762,24,,,1,70,,69789,35,,,1,30,,69763,24,,,1,70,,69776,31,,,1,30,,69764,24,,,1,70,,69777,31,,,1,30,,69765,24,,,1,70,,69778,31,,,1,30,,69766,24,,,1,70,,69779,31,,,1,30,,69767,24,,,1,70,,69780,31,,,1,30,,69768,24,,,1,70,,69781,31,,,1,30,,69769,24,,,1,70,,69782,31,,,1,30,,69770,24,,,1,70,,69790,35,,,1,30,,69771,24,,,1,70,,69783,31,,,1,30,,69772,24,,,1,70,,69784,31,,,1,30,,69773,24,,,1,70,,69785,31,,,1,30,,69774,24,,,1
101,'20260914',544,,69795,24,,,1,70,,69819,31,,,1,30,,69796,24,,,1,74,,69816,16,,,1,30,,69812,16,,,1,71,,69817,16,,,1,29,,69813,16,,,1,56,,69818,16,,,1,25,,69820,31,,,1,30,,69797,24,,,1,70,,69821,31,,,1,30,,69798,24,,,1,70,,69822,31,,,1,30,,69799,24,,,1,70,,69832,35,,,1,30,,69800,24,,,1,70,,69823,31,,,1,30,,69801,24,,,1,70,,69824,31,,,1,30,,69802,24,,,1,70,,69825,31,,,1,30,,69803,24,,,1,70,,69826,31,,,1,30,,69804,24,,,1,69,,69827,31,,,1,31,,69805,24,,,1,69,,69828,31,,,1,30,,69806,24,,,1,70,,69829,31,,,1,30,,69807,24,,,1,70,,69833,35,,,1,30,,69808,24,,,1,70,,69830,31,,,1,30,,69809,24,,,1,70,,69831,31,,,1,30,,69810,24,,,1,100,,69811,24,,,1
101,'20260915',544,,69841,24,,,1,70,,69865,31,,,1,30,,69842,24,,,1,74,,69862,16,,,1,30,,69858,16,,,1,71,,69863,16,,,1,29,,69859,16,,,1,56,,69864,16,,,1,25,,69866,31,,,1,30,,69843,24,,,1,70,,69867,31,,,1,30,,69844,24,,,1,70,,69868,31,,,1,30,,69845,24,,,1,70,,69878,35,,,1,30,,69846,24,,,1,70,,69869,31,,,1,30,,69847,24,,,1,70,,69870,31,,,1,30,,69848,24,,,1,70,,69871,31,,,1,30,,69849,24,,,1,70,,69872,31,,,1,30,,69850,24,,,1,69,,69873,31,,,1,31,,69851,24,,,1,69,,69874,31,,,1,30,,69852,24,,,1,70,,69875,31,,,1,30,,69853,24,,,1,70,,69879,35,,,1,30,,69854,24,,,1,70,,69876,31,,,1,30,,69855,24,,,1,70,,69877,31,,,1,30,,69856,24,,,1,100,,69857,24,,,1
101,'20260916',544,,69887,24,,,1,70,,69911,31,,,1,30,,69888,24,,,1,74,,69908,16,,,1,30,,69904,16,,,1,71,,69909,16,,,1,29,,69905,16,,,1,56,,69910,16,,,1,25,,69912,31,,,1,30,,69889,24,,,1,70,,69913,31,,,1,30,,69890,24,,,1,70,,69914,31,,,1,30,,69891,24,,,1,70,,69924,35,,,1,30,,69892,24,,,1,70,,69915,31,,,1,30,,69893,24,,,1,70,,69916,31,,,1,30,,69894,24,,,1,70,,69917,31,,,1,30,,69895,24,,,1,70,,69918,31,,,1,30,,69896,24,,,1,69,,69919,31,,,1,31,,69897,24,,,1,69,,69920,31,,,1,30,,69898,24,,,1,70,,69921,31,,,1,30,,69899,24,,,1,70,,69925,35,,,1,30,,69900,24,,,1,70,,69922,31,,,1,30,,69901,24,,,1,70,,69923,31,,,1,30,,69902,24,,,1,100,,69903,24,,,1
101,'20260917',544,,69933,24,,,1,70,,69957,31,,,1,30,,69934,24,,,1,74,,69954,16,,,1,30,,69950,16,,,1,71,,69955,16,,,1,29,,69951,16,,,1,56,,69956,16,,,1,25,,69958,31,,,1,30,,69935,24,,,1,70,,69959,31,,,1,30,,69936,24,,,1,70,,69960,31,,,1,30,,69937,24,,,1,70,,69970,35,,,1,30,,69938,24,,,1,70,,69961,31,,,1,30,,69939,24,,,1,70,,69962,31,,,1,30,,69940,24,,,1,70,,69963,31,,,1,30,,69941,24,,,1,70,,69964,31,,,1,30,,69942,24,,,1,69,,69965,31,,,1,31,,69943,24,,,1,69,,69966,31,,,1,30,,69944,24,,,1,70,,69967,31,,,1,30,,69945,24,,,1,70,,69971,35,,,1,30,,69946,24,,,1,70,,69968,31,,,1,30,,69947,24,,,1,70,,69969,31,,,1,30,,69948,24,,,1,100,,69949,24,,,1
101,'20260918',544,,69979,24,,,1,70,,70003,31,,,1,30,,69980,24,,,1,74,,70000,16,,,1,30,,69996,16,,,1,71,,70001,16,,,1,29,,69997,16,,,1,56,,70002,16,,,1,25,,70004,31,,,1,30,,69981,24,,,1,70,,70005,31,,,1,30,,69982,24,,,1,70,,70006,31,,,1,30,,69983,24,,,1,70,,70018,35,,,1,30,,69984,24,,,1,70,,70007,31,,,1,30,,69985,24,,,1,70,,70008,31,,,1,30,,69986,24,,,1,70,,70009,31,,,1,30,,69987,24,,,1,70,,70010,31,,,1,30,,69988,24,,,1,69,,70011,31,,,1,31,,69989,24,,,1,69,,70012,31,,,1,30,,69990,24,,,1,70,,70013,31,,,1,30,,69991,24,,,1,70,,70019,35,,,1,30,,69992,24,,,1,70,,70014,31,,,1,30,,69993,24,,,1,70,,70015,31,,,1,30,,69994,24,,,1,70,,70016,31,,,1,30,,69995,24,,,1,70,,70017,31,,,1
101,'20260919',828,,70055,35,,,1,30,,70027,24,,,1,70,,70056,35,,,1,30,,70028,24,,,1,70,,70057,35,,,1,30,,70029,24,,,1,70,,70043,31,,,1,30,,70030,24,,,1,70,,70058,35,,,1,30,,70031,24,,,1,70,,70044,31,,,1,30,,70032,24,,,1,70,,70045,31,,,1,30,,70033,24,,,1,70,,70046,31,,,1,30,,70034,24,,,1,70,,70047,31,,,1,30,,70035,24,,,1,70,,70048,31,,,1,30,,70036,24,,,1,70,,70049,31,,,1,30,,70037,24,,,1,70,,70050,31,,,1,30,,70038,24,,,1,70,,70059,35,,,1,30,,70039,24,,,1,70,,70051,31,,,1,30,,70040,24,,,1,70,,70052,31,,,1,30,,70041,24,,,1,70,,70053,31,,,1,30,,70042,24,,,1,70,,70054,31,,,1
101,'20260920',828,,70091,35,,,1,30,,70064,24,,,1,70,,70092,35,,,1,30,,70065,24,,,1,70,,70093,35,,,1,30,,70066,24,,,1,70,,70080,31,,,1,30,,70067,24,,,1,70,,70094,35,,,1,30,,70068,24,,,1,70,,70081,31,,,1,30,,70069,24,,,1,70,,70082,31,,,1,30,,70070,24,,,1,70,,70083,31,,,1,30,,70071,24,,,1,70,,70084,31,,,1,30,,70072,24,,,1,70,,70085,31,,,1,30,,70073,24,,,1,70,,70086,31,,,1,30,,70074,24,,,1,70,,70087,31,,,1,30,,70075,24,,,1,70,,70095,35,,,1,30,,70076,24,,,1,70,,70088,31,,,1,30,,70077,24,,,1,70,,70089,31,,,1,30,,70078,24,,,1,70,,70090,31,,,1,30,,70079,24,,,1
101,'20260921',544,,70100,24,,,1,70,,70124,31,,,1,30,,70101,24,,,1,74,,70121,16,,,1,30,,70117,16,,,1,71,,70122,16,,,1,29,,70118,16,,,1,56,,70123,16,,,1,25,,70125,31,,,1,30,,70102,24,,,1,70,,70126,31,,,1,30,,70103,24,,,1,70,,70127,31,,,1,30,,70104,24,,,1,70,,70137,35,,,1,30,,70105,24,,,1,70,,70128,31,,,1,30,,70106,24,,,1,70,,70129,31,,,1,30,,70107,24,,,1,70,,70130,31,,,1,30,,70108,24,,,1,70,,70131,31,,,1,30,,70109,24,,,1,69,,70132,31,,,1,31,,70110,24,,,1,69,,70133,31,,,1,30,,70111,24,,,1,70,,70134,31,,,1,30,,70112,24,,,1,70,,70138,35,,,1,30,,70113,24,,,1,70,,70135,31,,,1,30,,70114,24,,,1,70,,70136,31,,,1,30,,70115,24,,,1,100,,70116,24,,,1
101,'20260922',544,,70146,24,,,1,70,,70170,31,,,1,30,,70147,24,,,1,74,,70167,16,,,1,30,,70163,16,,,1,71,,70168,16,,,1,29,,70164,16,,,1,56,,70169,16,,,1,25,,70171,31,,,1,30,,70148,24,,,1,70,,70172,31,,,1,30,,70149,24,,,1,70,,70173,31,,,1,30,,70150,24,,,1,70,,70183,35,,,1,30,,70151,24,,,1,70,,70174,31,,,1,30,,70152,24,,,1,70,,70175,31,,,1,30,,70153,24,,,1,70,,70176,31,,,1,30,,70154,24,,,1,70,,70177,31,,,1,30,,70155,24,,,1,69,,70178,31,,,1,31,,70156,24,,,1,69,,70179,31,,,1,30,,70157,24,,,1,70,,70180,31,,,1,30,,70158,24,,,1,70,,70184,35,,,1,30,,70159,24,,,1,70,,70181,31,,,1,30,,70160,24,,,1,70,,70182,31,,,1,30,,70161,24,,,1,100,,70162,24,,,1
101,'20260923',544,,70192,24,,,1,70,,70216,31,,,1,30,,70193,24,,,1,74,,70213,16,,,1,30,,70209,16,,,1,71,,70214,16,,,1,29,,70210,16,,,1,56,,70215,16,,,1,25,,70217,31,,,1,30,,70194,24,,,1,70,,70218,31,,,1,30,,70195,24,,,1,70,,70219,31,,,1,30,,70196,24,,,1,70,,70229,35,,,1,30,,70197,24,,,1,70,,70220,31,,,1,30,,70198,24,,,1,70,,70221,31,,,1,30,,70199,24,,,1,70,,70222,31,,,1,30,,70200,24,,,1,70,,70223,31,,,1,30,,70201,24,,,1,69,,70224,31,,,1,31,,70202,24,,,1,69,,70225,31,,,1,30,,70203,24,,,1,70,,70226,31,,,1,30,,70204,24,,,1,70,,70230,35,,,1,30,,70205,24,,,1,70,,70227,31,,,1,30,,70206,24,,,1,70,,70228,31,,,1,30,,70207,24,,,1,100,,70208,24,,,1
101,'20260924',544,,70238,24,,,1,70,,70262,31,,,1,30,,70239,24,,,1,74,,70259,16,,,1,30,,70255,16,,,1,71,,70260,16,,,1,29,,70256,16,,,1,56,,70261,16,,,1,25,,70263,31,,,1,30,,70240,24,,,1,70,,70264,31,,,1,30,,70241,24,,,1,70,,70265,31,,,1,30,,70242,24,,,1,70,,70275,35,,,1,30,,70243,24,,,1,70,,70266,31,,,1,30,,70244,24,,,1,70,,70267,31,,,1,30,,70245,24,,,1,70,,70268,31,,,1,30,,70246,24,,,1,70,,70269,31,,,1,30,,70247,24,,,1,69,,70270,31,,,1,31,,70248,24,,,1,69,,70271,31,,,1,30,,70249,24,,,1,70,,70272,31,,,1,30,,70250,24,,,1,70,,70276,35,,,1,30,,70251,24,,,1,70,,70273,31,,,1,30,,70252,24,,,1,70,,70274,31,,,1,30,,70253,24,,,1,100,,70254,24,,,1
101,'20260925',544,,70284,24,,,1,70,,70308,31,,,1,30,,70285,24,,,1,74,,70305,16,,,1,30,,70301,16,,,1,71,,70306,16,,,1,29,,70302,16,,,1,56,,70307,16,,,1,25,,70309,31,,,1,30,,70286,24,,,1,70,,70310,31,,,1,30,,70287,24,,,1,70,,70311,31,,,1,30,,70288,24,,,1,70,,70323,35,,,1,30,,70289,24,,,1,70,,70312,31,,,1,30,,70290,24,,,1,70,,70313,31,,,1,30,,70291,24,,,1,70,,70314,31,,,1,30,,70292,24,,,1,70,,70315,31,,,1,30,,70293,24,,,1,69,,70316,31,,,1,31,,70294,24,,,1,69,,70317,31,,,1,30,,70295,24,,,1,70,,70318,31,,,1,30,,70296,24,,,1,70,,70324,35,,,1,30,,70297,24,,,1,70,,70319,31,,,1,30,,70298,24,,,1,70,,70320,31,,,1,30,,70299,24,,,1,70,,70321,31,,,1,30,,70300,24,,,1,70,,70322,31,,,1
101,'20260926',828,,70360,35,,,1,30,,70332,24,,,1,70,,70361,35,,,1,30,,70333,24,,,1,70,,70362,35,,,1,30,,70334,24,,,1,70,,70348,31,,,1,30,,70335,24,,,1,70,,70363,35,,,1,30,,70336,24,,,1,70,,70349,31,,,1,30,,70337,24,,,1,70,,70350,31,,,1,30,,70338,24,,,1,70,,70351,31,,,1,30,,70339,24,,,1,70,,70352,31,,,1,30,,70340,24,,,1,70,,70353,31,,,1,30,,70341,24,,,1,70,,70354,31,,,1,30,,70342,24,,,1,70,,70355,31,,,1,30,,70343,24,,,1,70,,70364,35,,,1,30,,70344,24,,,1,70,,70356,31,,,1,30,,70345,24,,,1,70,,70357,31,,,1,30,,70346,24,,,1,70,,70358,31,,,1,30,,70347,24,,,1,70,,70359,31,,,1
101,'20260927',828,,70396,35,,,1,30,,70369,24,,,1,70,,70397,35,,,1,30,,70370,24,,,1,70,,70398,35,,,1,30,,70371,24,,,1,70,,70385,31,,,1,30,,70372,24,,,1,70,,70399,35,,,1,30,,70373,24,,,1,70,,70386,31,,,1,30,,70374,24,,,1,70,,70387,31,,,1,30,,70375,24,,,1,70,,70388,31,,,1,30,,70376,24,,,1,70,,70389,31,,,1,30,,70377,24,,,1,70,,70390,31,,,1,30,,70378,24,,,1,70,,70391,31,,,1,30,,70379,24,,,1,70,,70392,31,,,1,30,,70380,24,,,1,70,,70400,35,,,1,30,,70381,24,,,1,70,,70393,31,,,1,30,,70382,24,,,1,70,,70394,31,,,1,30,,70383,24,,,1,70,,70395,31,,,1,30,,70384,24,,,1
101,'20260928',544,,70405,24,,,1,70,,70429,31,,,1,30,,70406,24,,,1,74,,70426,16,,,1,30,,70422,16,,,1,71,,70427,16,,,1,29,,70423,16,,,1,56,,70428,16,,,1,25,,70430,31,,,1,30,,70407,24,,,1,70,,70431,31,,,1,30,,70408,24,,,1,70,,70432,31,,,1,30,,70409,24,,,1,70,,70442,35,,,1,30,,70410,24,,,1,70,,70433,31,,,1,30,,70411,24,,,1,70,,70434,31,,,1,30,,70412,24,,,1,70,,70435,31,,,1,30,,70413,24,,,1,70,,70436,31,,,1,30,,70414,24,,,1,69,,70437,31,,,1,31,,70415,24,,,1,69,,70438,31,,,1,30,,70416,24,,,1,70,,70439,31,,,1,30,,70417,24,,,1,70,,70443,35,,,1,30,,70418,24,,,1,70,,70440,31,,,1,30,,70419,24,,,1,70,,70441,31,,,1,30,,70420,24,,,1,100,,70421,24,,,1
101,'20260929',544,,70451,24,,,1,70,,70475,31,,,1,30,,70452,24,,,1,74,,70472,16,,,1,30,,70468,16,,,1,71,,70473,16,,,1,29,,70469,16,,,1,56,,70474,16,,,1,25,,70476,31,,,1,30,,70453,24,,,1,70,,70477,31,,,1,30,,70454,24,,,1,70,,70478,31,,,1,30,,70455,24,,,1,70,,70488,35,,,1,30,,70456,24,,,1,70,,70479,31,,,1,30,,70457,24,,,1,70,,70480,31,,,1,30,,70458,24,,,1,70,,70481,31,,,1,30,,70459,24,,,1,70,,70482,31,,,1,30,,70460,24,,,1,69,,70483,31,,,1,31,,70461,24,,,1,69,,70484,31,,,1,30,,70462,24,,,1,70,,70485,31,,,1,30,,70463,24,,,1,70,,70489,35,,,1,30,,70464,24,,,1,70,,70486,31,,,1,30,,70465,24,,,1,70,,70487,31,,,1,30,,70466,24,,,1,100,,70467,24,,,1
101,'20260930',544,,70497,24,,,1,70,,70521,31,,,1,30,,70498,24,,,1,74,,70518,16,,,1,30,,70514,16,,,1,71,,70519,16,,,1,29,,70515,16,,,1,56,,70520,16,,,1,25,,70522,31,,,1,30,,70499,24,,,1,70,,70523,31,,,1,30,,70500,24,,,1,70,,70524,31,,,1,30,,70501,24,,,1,70,,70534,35,,,1,30,,70502,24,,,1,70,,70525,31,,,1,30,,70503,24,,,1,70,,70526,31,,,1,30,,70504,24,,,1,70,,70527,31,,,1,30,,70505,24,,,1,70,,70528,31,,,1,30,,70506,24,,,1,69,,70529,31,,,1,31,,70507,24,,,1,69,,70530,31,,,1,30,,70508,24,,,1,70,,70531,31,,,1,30,,70509,24,,,1,70,,70535,35,,,1,30,,70510,24,,,1,70,,70532,31,,,1,30,,70511,24,,,1,70,,70533,31,,,1,30,,70512,24,,,1,100,,70513,24,,,1
101,'20261001',544,,70543,24,,,1,70,,70567,31,,,1,30,,70544,24,,,1,74,,70564,16,,,1,30,,70560,16,,,1,71,,70565,16,,,1,29,,70561,16,,,1,56,,70566,16,,,1,25,,70568,31,,,1,30,,70545,24,,,1,70,,70569,31,,,1,30,,70546,24,,,1,70,,70570,31,,,1,30,,70547,24,,,1,70,,70580,35,,,1,30,,70548,24,,,1,70,,70571,31,,,1,30,,70549,24,,,1,70,,70572,31,,,1,30,,70550,24,,,1,70,,70573,31,,,1,30,,70551,24,,,1,70,,70574,31,,,1,30,,70552,24,,,1,69,,70575,31,,,1,31,,70553,24,,,1,69,,70576,31,,,1,30,,70554,24,,,1,70,,70577,31,,,1,30,,70555,24,,,1,70,,70581,35,,,1,30,,70556,24,,,1,70,,70578,31,,,1,30,,70557,24,,,1,70,,70579,31,,,1,30,,70558,24,,,1,100,,70559,24,,,1
101,'20261002',544,,70589,24,,,1,70,,70613,31,,,1,30,,70590,24,,,1,74,,70610,16,,,1,30,,70606,16,,,1,71,,70611,16,,,1,29,,70607,16,,,1,56,,70612,16,,,1,25,,70614,31,,,1,30,,70591,24,,,1,70,,70615,31,,,1,30,,70592,24,,,1,70,,70616,31,,,1,30,,70593,24,,,1,70,,70628,35,,,1,30,,70594,24,,,1,70,,70617,31,,,1,30,,70595,24,,,1,70,,70618,31,,,1,30,,70596,24,,,1,70,,70619,31,,,1,30,,70597,24,,,1,70,,70620,31,,,1,30,,70598,24,,,1,69,,70621,31,,,1,31,,70599,24,,,1,69,,70622,31,,,1,30,,70600,24,,,1,70,,70623,31,,,1,30,,70601,24,,,1,70,,70629,35,,,1,30,,70602,24,,,1,70,,70624,31,,,1,30,,70603,24,,,1,70,,70625,31,,,1,30,,70604,24,,,1,70,,70626,31,,,1,30,,70605,24,,,1,70,,70627,31,,,1
101,'20261003',828,,70665,35,,,1,30,,70637,24,,,1,70,,70666,35,,,1,30,,70638,24,,,1,70,,70667,35,,,1,30,,70639,24,,,1,70,,70653,31,,,1,30,,70640,24,,,1,70,,70668,35,,,1,30,,70641,24,,,1,70,,70654,31,,,1,30,,70642,24,,,1,70,,70655,31,,,1,30,,70643,24,,,1,70,,70656,31,,,1,30,,70644,24,,,1,70,,70657,31,,,1,30,,70645,24,,,1,70,,70658,31,,,1,30,,70646,24,,,1,70,,70659,31,,,1,30,,70647,24,,,1,70,,70660,31,,,1,30,,70648,24,,,1,70,,70669,35,,,1,30,,70649,24,,,1,70,,70661,31,,,1,30,,70650,24,,,1,70,,70662,31,,,1,30,,70651,24,,,1,70,,70663,31,,,1,30,,70652,24,,,1,70,,70664,31,,,1
101,'20261004',828,,70701,35,,,1,30,,70674,24,,,1,70,,70702,35,,,1,30,,70675,24,,,1,70,,70703,35,,,1,30,,70676,24,,,1,70,,70690,31,,,1,30,,70677,24,,,1,70,,70704,35,,,1,30,,70678,24,,,1,70,,70691,31,,,1,30,,70679,24,,,1,70,,70692,31,,,1,30,,70680,24,,,1,70,,70693,31,,,1,30,,70681,24,,,1,70,,70694,31,,,1,30,,70682,24,,,1,70,,70695,31,,,1,30,,70683,24,,,1,70,,70696,31,,,1,30,,70684,24,,,1,70,,70697,31,,,1,30,,70685,24,,,1,70,,70705,35,,,1,30,,70686,24,,,1,70,,70698,31,,,1,30,,70687,24,,,1,70,,70699,31,,,1,30,,70688,24,,,1,70,,70700,31,,,1,30,,70689,24,,,1
101,'20261005',544,,70710,24,,,1,70,,70734,31,,,1,30,,70711,24,,,1,74,,70731,16,,,1,30,,70727,16,,,1,71,,70732,16,,,1,29,,70728,16,,,1,56,,70733,16,,,1,25,,70735,31,,,1,30,,70712,24,,,1,70,,70736,31,,,1,30,,70713,24,,,1,70,,70737,31,,,1,30,,70714,24,,,1,70,,70747,35,,,1,30,,70715,24,,,1,70,,70738,31,,,1,30,,70716,24,,,1,70,,70739,31,,,1,30,,70717,24,,,1,70,,70740,31,,,1,30,,70718,24,,,1,70,,70741,31,,,1,30,,70719,24,,,1,69,,70742,31,,,1,31,,70720,24,,,1,69,,70743,31,,,1,30,,70721,24,,,1,70,,70744,31,,,1,30,,70722,24,,,1,70,,70748,35,,,1,30,,70723,24,,,1,70,,70745,31,,,1,30,,70724,24,,,1,70,,70746,31,,,1,30,,70725,24,,,1,100,,70726,24,,,1
101,'20261006',544,,70756,24,,,1,70,,70780,31,,,1,30,,70757,24,,,1,74,,70777,16,,,1,30,,70773,16,,,1,71,,70778,16,,,1,29,,70774,16,,,1,56,,70779,16,,,1,25,,70781,31,,,1,30,,70758,24,,,1,70,,70782,31,,,1,30,,70759,24,,,1,70,,70783,31,,,1,30,,70760,24,,,1,70,,70793,35,,,1,30,,70761,24,,,1,70,,70784,31,,,1,30,,70762,24,,,1,70,,70785,31,,,1,30,,70763,24,,,1,70,,70786,31,,,1,30,,70764,24,,,1,70,,70787,31,,,1,30,,70765,24,,,1,69,,70788,31,,,1,31,,70766,24,,,1,69,,70789,31,,,1,30,,70767,24,,,1,70,,70790,31,,,1,30,,70768,24,,,1,70,,70794,35,,,1,30,,70769,24,,,1,70,,70791,31,,,1,30,,70770,24,,,1,70,,70792,31,,,1,30,,70771,24,,,1,100,,70772,24,,,1
101,'20261007',544,,70802,24,,,1,70,,70826,31,,,1,30,,70803,24,,,1,74,,70823,16,,,1,30,,70819,16,,,1,71,,70824,16,,,1,29,,70820,16,,,1,56,,70825,16,,,1,25,,70827,31,,,1,30,,70804,24,,,1,70,,70828,31,,,1,30,,70805,24,,,1,70,,70829,31,,,1,30,,70806,24,,,1,70,,70839,35,,,1,30,,70807,24,,,1,70,,70830,31,,,1,30,,70808,24,,,1,70,,70831,31,,,1,30,,70809,24,,,1,70,,70832,31,,,1,30,,70810,24,,,1,70,,70833,31,,,1,30,,70811,24,,,1,69,,70834,31,,,1,31,,70812,24,,,1,69,,70835,31,,,1,30,,70813,24,,,1,70,,70836,31,,,1,30,,70814,24,,,1,70,,70840,35,,,1,30,,70815,24,,,1,70,,70837,31,,,1,30,,70816,24,,,1,70,,70838,31,,,1,30,,70817,24,,,1,100,,70818,24,,,1
101,'20261008',544,,70848,24,,,1,70,,70872,31,,,1,30,,70849,24,,,1,74,,70869,16,,,1,30,,70865,16,,,1,71,,70870,16,,,1,29,,70866,16,,,1,56,,70871,16,,,1,25,,70873,31,,,1,30,,70850,24,,,1,70,,70874,31,,,1,30,,70851,24,,,1,70,,70875,31,,,1,30,,70852,24,,,1,70,,70885,35,,,1,30,,70853,24,,,1,70,,70876,31,,,1,30,,70854,24,,,1,70,,70877,31,,,1,30,,70855,24,,,1,70,,70878,31,,,1,30,,70856,24,,,1,70,,70879,31,,,1,30,,70857,24,,,1,69,,70880,31,,,1,31,,70858,24,,,1,69,,70881,31,,,1,30,,70859,24,,,1,70,,70882,31,,,1,30,,70860,24,,,1,70,,70886,35,,,1,30,,70861,24,,,1,70,,70883,31,,,1,30,,70862,24,,,1,70,,70884,31,,,1,30,,70863,24,,,1,100,,70864,24,,,1
101,'20261009',544,,70894,24,,,1,70,,70918,31,,,1,30,,70895,24,,,1,74,,70915,16,,,1,30,,70911,16,,,1,71,,70916,16,,,1,29,,70912,16,,,1,56,,70917,16,,,1,25,,70919,31,,,1,30,,70896,24,,,1,70,,70920,31,,,1,30,,70897,24,,,1,70,,70921,31,,,1,30,,70898,24,,,1,70,,70933,35,,,1,30,,70899,24,,,1,70,,70922,31,,,1,30,,70900,24,,,1,70,,70923,31,,,1,30,,70901,24,,,1,70,,70924,31,,,1,30,,70902,24,,,1,70,,70925,31,,,1,30,,70903,24,,,1,69,,70926,31,,,1,31,,70904,24,,,1,69,,70927,31,,,1,30,,70905,24,,,1,70,,70928,31,,,1,30,,70906,24,,,1,70,,70934,35,,,1,30,,70907,24,,,1,70,,70929,31,,,1,30,,70908,24,,,1,70,,70930,31,,,1,30,,70909,24,,,1,70,,70931,31,,,1,30,,70910,24,,,1,70,,70932,31,,,1
101,'20261010',828,,70970,35,,,1,30,,70942,24,,,1,70,,70971,35,,,1,30,,70943,24,,,1,70,,70972,35,,,1,30,,70944,24,,,1,70,,70958,31,,,1,30,,70945,24,,,1,70,,70973,35,,,1,30,,70946,24,,,1,70,,70959,31,,,1,30,,70947,24,,,1,70,,70960,31,,,1,30,,70948,24,,,1,70,,70961,31,,,1,30,,70949,24,,,1,70,,70962,31,,,1,30,,70950,24,,,1,70,,70963,31,,,1,30,,70951,24,,,1,70,,70964,31,,,1,30,,70952,24,,,1,70,,70965,31,,,1,30,,70953,24,,,1,70,,70974,35,,,1,30,,70954,24,,,1,70,,70966,31,,,1,30,,70955,24,,,1,70,,70967,31,,,1,30,,70956,24,,,1,70,,70968,31,,,1,30,,70957,24,,,1,70,,70969,31,,,1
101,'20261011',828,,71006,35,,,1,30,,70979,24,,,1,70,,71007,35,,,1,30,,70980,24,,,1,70,,71008,35,,,1,30,,70981,24,,,1,70,,70995,31,,,1,30,,70982,24,,,1,70,,71009,35,,,1,30,,70983,24,,,1,70,,70996,31,,,1,30,,70984,24,,,1,70,,70997,31,,,1,30,,70985,24,,,1,70,,70998,31,,,1,30,,70986,24,,,1,70,,70999,31,,,1,30,,70987,24,,,1,70,,71000,31,,,1,30,,70988,24,,,1,70,,71001,31,,,1,30,,70989,24,,,1,70,,71002,31,,,1,30,,70990,24,,,1,70,,71010,35,,,1,30,,70991,24,,,1,70,,71003,31,,,1,30,,70992,24,,,1,70,,71004,31,,,1,30,,70993,24,,,1,70,,71005,31,,,1,30,,70994,24,,,1
101,'20261012',544,,71015,24,,,1,70,,71039,31,,,1,30,,71016,24,,,1,74,,71036,16,,,1,30,,71032,16,,,1,71,,71037,16,,,1,29,,71033,16,,,1,56,,71038,16,,,1,25,,71040,31,,,1,30,,71017,24,,,1,70,,71041,31,,,1,30,,71018,24,,,1,70,,71042,31,,,1,30,,71019,24,,,1,70,,71052,35,,,1,30,,71020,24,,,1,70,,71043,31,,,1,30,,71021,24,,,1,70,,71044,31,,,1,30,,71022,24,,,1,70,,71045,31,,,1,30,,71023,24,,,1,70,,71046,31,,,1,30,,71024,24,,,1,69,,71047,31,,,1,31,,71025,24,,,1,69,,71048,31,,,1,30,,71026,24,,,1,70,,71049,31,,,1,30,,71027,24,,,1,70,,71053,35,,,1,30,,71028,24,,,1,70,,71050,31,,,1,30,,71029,24,,,1,70,,71051,31,,,1,30,,71030,24,,,1,100,,71031,24,,,1
101,'20261013',544,,71061,24,,,1,70,,71085,31,,,1,30,,71062,24,,,1,74,,71082,16,,,1,30,,71078,16,,,1,71,,71083,16,,,1,29,,71079,16,,,1,56,,71084,16,,,1,25,,71086,31,,,1,30,,71063,24,,,1,70,,71087,31,,,1,30,,71064,24,,,1,70,,71088,31,,,1,30,,71065,24,,,1,70,,71098,35,,,1,30,,71066,24,,,1,70,,71089,31,,,1,30,,71067,24,,,1,70,,71090,31,,,1,30,,71068,24,,,1,70,,71091,31,,,1,30,,71069,24,,,1,70,,71092,31,,,1,30,,71070,24,,,1,69,,71093,31,,,1,31,,71071,24,,,1,69,,71094,31,,,1,30,,71072,24,,,1,70,,71095,31,,,1,30,,71073,24,,,1,70,,71099,35,,,1,30,,71074,24,,,1,70,,71096,31,,,1,30,,71075,24,,,1,70,,71097,31,,,1,30,,71076,24,,,1,100,,71077,24,,,1
101,'20261014',544,,71107,24,,,1,70,,71131,31,,,1,30,,71108,24,,,1,74,,71128,16,,,1,30,,71124,16,,,1,71,,71129,16,,,1,29,,71125,16,,,1,56,,71130,16,,,1,25,,71132,31,,,1,30,,71109,24,,,1,70,,71133,31,,,1,30,,71110,24,,,1,70,,71134,31,,,1,30,,71111,24,,,1,70,,71144,35,,,1,30,,71112,24,,,1,70,,71135,31,,,1,30,,71113,24,,,1,70,,71136,31,,,1,30,,71114,24,,,1,70,,71137,31,,,1,30,,71115,24,,,1,70,,71138,31,,,1,30,,71116,24,,,1,69,,71139,31,,,1,31,,71117,24,,,1,69,,71140,31,,,1,30,,71118,24,,,1,70,,71141,31,,,1,30,,71119,24,,,1,70,,71145,35,,,1,30,,71120,24,,,1,70,,71142,31,,,1,30,,71121,24,,,1,70,,71143,31,,,1,30,,71122,24,,,1,100,,71123,24,,,1
101,'20261015',544,,71153,24,,,1,70,,71177,31,,,1,30,,71154,24,,,1,74,,71174,16,,,1,30,,71170,16,,,1,71,,71175,16,,,1,29,,71171,16,,,1,56,,71176,16,,,1,25,,71178,31,,,1,30,,71155,24,,,1,70,,71179,31,,,1,30,,71156,24,,,1,70,,71180,31,,,1,30,,71157,24,,,1,70,,71190,35,,,1,30,,71158,24,,,1,70,,71181,31,,,1,30,,71159,24,,,1,70,,71182,31,,,1,30,,71160,24,,,1,70,,71183,31,,,1,30,,71161,24,,,1,70,,71184,31,,,1,30,,71162,24,,,1,69,,71185,31,,,1,31,,71163,24,,,1,69,,71186,31,,,1,30,,71164,24,,,1,70,,71187,31,,,1,30,,71165,24,,,1,70,,71191,35,,,1,30,,71166,24,,,1,70,,71188,31,,,1,30,,71167,24,,,1,70,,71189,31,,,1,30,,71168,24,,,1,100,,71169,24,,,1
101,'20261016',544,,71199,24,,,1,70,,71223,31,,,1,30,,71200,24,,,1,74,,71220,16,,,1,30,,71216,16,,,1,71,,71221,16,,,1,29,,71217,16,,,1,56,,71222,16,,,1,25,,71224,31,,,1,30,,71201,24,,,1,70,,71225,31,,,1,30,,71202,24,,,1,70,,71226,31,,,1,30,,71203,24,,,1,70,,71238,35,,,1,30,,71204,24,,,1,70,,71227,31,,,1,30,,71205,24,,,1,70,,71228,31,,,1,30,,71206,24,,,1,70,,71229,31,,,1,30,,71207,24,,,1,70,,71230,31,,,1,30,,71208,24,,,1,69,,71231,31,,,1,31,,71209,24,,,1,69,,71232,31,,,1,30,,71210,24,,,1,70,,71233,31,,,1,30,,71211,24,,,1,70,,71239,35,,,1,30,,71212,24,,,1,70,,71234,31,,,1,30,,71213,24,,,1,70,,71235,31,,,1,30,,71214,24,,,1,70,,71236,31,,,1,30,,71215,24,,,1,70,,71237,31,,,1
101,'20261017',828,,71275,35,,,1,30,,71247,24,,,1,70,,71276,35,,,1,30,,71248,24,,,1,70,,71277,35,,,1,30,,71249,24,,,1,70,,71263,31,,,1,30,,71250,24,,,1,70,,71278,35,,,1,30,,71251,24,,,1,70,,71264,31,,,1,30,,71252,24,,,1,70,,71265,31,,,1,30,,71253,24,,,1,70,,71266,31,,,1,30,,71254,24,,,1,70,,71267,31,,,1,30,,71255,24,,,1,70,,71268,31,,,1,30,,71256,24,,,1,70,,71269,31,,,1,30,,71257,24,,,1,70,,71270,31,,,1,30,,71258,24,,,1,70,,71279,35,,,1,30,,71259,24,,,1,70,,71271,31,,,1,30,,71260,24,,,1,70,,71272,31,,,1,30,,71261,24,,,1,70,,71273,31,,,1,30,,71262,24,,,1,70,,71274,31,,,1
101,'20261018',828,,71311,35,,,1,30,,71284,24,,,1,70,,71312,35,,,1,30,,71285,24,,,1,70,,71313,35,,,1,30,,71286,24,,,1,70,,71300,31,,,1,30,,71287,24,,,1,70,,71314,35,,,1,30,,71288,24,,,1,70,,71301,31,,,1,30,,71289,24,,,1,70,,71302,31,,,1,30,,71290,24,,,1,70,,71303,31,,,1,30,,71291,24,,,1,70,,71304,31,,,1,30,,71292,24,,,1,70,,71305,31,,,1,30,,71293,24,,,1,70,,71306,31,,,1,30,,71294,24,,,1,70,,71307,31,,,1,30,,71295,24,,,1,70,,71315,35,,,1,30,,71296,24,,,1,70,,71308,31,,,1,30,,71297,24,,,1,70,,71309,31,,,1,30,,71298,24,,,1,70,,71310,31,,,1,30,,71299,24,,,1
101,'20261019',544,,71320,24,,,1,70,,71344,31,,,1,30,,71321,24,,,1,74,,71341,16,,,1,30,,71337,16,,,1,71,,71342,16,,,1,29,,71338,16,,,1,56,,71343,16,,,1,25,,71345,31,,,1,30,,71322,24,,,1,70,,71346,31,,,1,30,,71323,24,,,1,70,,71347,31,,,1,30,,71324,24,,,1,70,,71357,35,,,1,30,,71325,24,,,1,70,,71348,31,,,1,30,,71326,24,,,1,70,,71349,31,,,1,30,,71327,24,,,1,70,,71350,31,,,1,30,,71328,24,,,1,70,,71351,31,,,1,30,,71329,24,,,1,69,,71352,31,,,1,31,,71330,24,,,1,69,,71353,31,,,1,30,,71331,24,,,1,70,,71354,31,,,1,30,,71332,24,,,1,70,,71358,35,,,1,30,,71333,24,,,1,70,,71355,31,,,1,30,,71334,24,,,1,70,,71356,31,,,1,30,,71335,24,,,1,100,,71336,24,,,1
101,'20261020',544,,71366,24,,,1,70,,71390,31,,,1,30,,71367,24,,,1,74,,71387,16,,,1,30,,71383,16,,,1,71,,71388,16,,,1,29,,71384,16,,,1,56,,71389,16,,,1,25,,71391,31,,,1,30,,71368,24,,,1,70,,71392,31,,,1,30,,71369,24,,,1,70,,71393,31,,,1,30,,71370,24,,,1,70,,71403,35,,,1,30,,71371,24,,,1,70,,71394,31,,,1,30,,71372,24,,,1,70,,71395,31,,,1,30,,71373,24,,,1,70,,71396,31,,,1,30,,71374,24,,,1,70,,71397,31,,,1,30,,71375,24,,,1,69,,71398,31,,,1,31,,71376,24,,,1,69,,71399,31,,,1,30,,71377,24,,,1,70,,71400,31,,,1,30,,71378,24,,,1,70,,71404,35,,,1,30,,71379,24,,,1,70,,71401,31,,,1,30,,71380,24,,,1,70,,71402,31,,,1,30,,71381,24,,,1,100,,71382,24,,,1
101,'20261021',544,,71412,24,,,1,70,,71436,31,,,1,30,,71413,24,,,1,74,,71433,16,,,1,30,,71429,16,,,1,71,,71434,16,,,1,29,,71430,16,,,1,56,,71435,16,,,1,25,,71437,31,,,1,30,,71414,24,,,1,70,,71438,31,,,1,30,,71415,24,,,1,70,,71439,31,,,1,30,,71416,24,,,1,70,,71449,35,,,1,30,,71417,24,,,1,70,,71440,31,,,1,30,,71418,24,,,1,70,,71441,31,,,1,30,,71419,24,,,1,70,,71442,31,,,1,30,,71420,24,,,1,70,,71443,31,,,1,30,,71421,24,,,1,69,,71444,31,,,1,31,,71422,24,,,1,69,,71445,31,,,1,30,,71423,24,,,1,70,,71446,31,,,1,30,,71424,24,,,1,70,,71450,35,,,1,30,,71425,24,,,1,70,,71447,31,,,1,30,,71426,24,,,1,70,,71448,31,,,1,30,,71427,24,,,1,100,,71428,24,,,1
101,'20261022',544,,71458,24,,,1,70,,71482,31,,,1,30,,71459,24,,,1,74,,71479,16,,,1,30,,71475,16,,,1,71,,71480,16,,,1,29,,71476,16,,,1,56,,71481,16,,,1,25,,71483,31,,,1,30,,71460,24,,,1,70,,71484,31,,,1,30,,71461,24,,,1,70,,71485,31,,,1,30,,71462,24,,,1,70,,71495,35,,,1,30,,71463,24,,,1,70,,71486,31,,,1,30,,71464,24,,,1,70,,71487,31,,,1,30,,71465,24,,,1,70,,71488,31,,,1,30,,71466,24,,,1,70,,71489,31,,,1,30,,71467,24,,,1,69,,71490,31,,,1,31,,71468,24,,,1,69,,71491,31,,,1,30,,71469,24,,,1,70,,71492,31,,,1,30,,71470,24,,,1,70,,71496,35,,,1,30,,71471,24,,,1,70,,71493,31,,,1,30,,71472,24,,,1,70,,71494,31,,,1,30,,71473,24,,,1,100,,71474,24,,,1
101,'20261023',544,,71504,24,,,1,70,,71528,31,,,1,30,,71505,24,,,1,74,,71525,16,,,1,30,,71521,16,,,1,71,,71526,16,,,1,29,,71522,16,,,1,56,,71527,16,,,1,25,,71529,31,,,1,30,,71506,24,,,1,70,,71530,31,,,1,30,,71507,24,,,1,70,,71531,31,,,1,30,,71508,24,,,1,70,,71543,35,,,1,30,,71509,24,,,1,70,,71532,31,,,1,30,,71510,24,,,1,70,,71533,31,,,1,30,,71511,24,,,1,70,,71534,31,,,1,30,,71512,24,,,1,70,,71535,31,,,1,30,,71513,24,,,1,69,,71536,31,,,1,31,,71514,24,,,1,69,,71537,31,,,1,30,,71515,24,,,1,70,,71538,31,,,1,30,,71516,24,,,1,70,,71544,35,,,1,30,,71517,24,,,1,70,,71539,31,,,1,30,,71518,24,,,1,70,,71540,31,,,1,30,,71519,24,,,1,70,,71541,31,,,1,30,,71520,24,,,1,70,,71542,31,,,1
101,'20261024',828,,71580,35,,,1,30,,71552,24,,,1,70,,71581,35,,,1,30,,71553,24,,,1,70,,71582,35,,,1,30,,71554,24,,,1,70,,71568,31,,,1,30,,71555,24,,,1,70,,71583,35,,,1,30,,71556,24,,,1,70,,71569,31,,,1,30,,71557,24,,,1,70,,71570,31,,,1,30,,71558,24,,,1,70,,71571,31,,,1,30,,71559,24,,,1,70,,71572,31,,,1,30,,71560,24,,,1,70,,71573,31,,,1,30,,71561,24,,,1,70,,71574,31,,,1,30,,71562,24,,,1,70,,71575,31,,,1,30,,71563,24,,,1,70,,71584,35,,,1,30,,71564,24,,,1,70,,71576,31,,,1,30,,71565,24,,,1,70,,71577,31,,,1,30,,71566,24,,,1,70,,71578,31,,,1,30,,71567,24,,,1,70,,71579,31,,,1
101,'20261025',828,,71616,35,,,1,30,,71589,24,,,1,70,,71617,35,,,1,30,,71590,24,,,1,70,,71618,35,,,1,30,,71591,24,,,1,70,,71605,31,,,1,30,,71592,24,,,1,70,,71619,35,,,1,30,,71593,24,,,1,70,,71606,31,,,1,30,,71594,24,,,1,70,,71607,31,,,1,30,,71595,24,,,1,70,,71608,31,,,1,30,,71596,24,,,1,70,,71609,31,,,1,30,,71597,24,,,1,70,,71610,31,,,1,30,,71598,24,,,1,70,,71611,31,,,1,30,,71599,24,,,1,70,,71612,31,,,1,30,,71600,24,,,1,70,,71620,35,,,1,30,,71601,24,,,1,70,,71613,31,,,1,30,,71602,24,,,1,70,,71614,31,,,1,30,,71603,24,,,1,70,,71615,31,,,1,30,,71604,24,,,1
101,'20261026',544,,71625,24,,,1,70,,71649,31,,,1,30,,71626,24,,,1,74,,71646,16,,,1,30,,71642,16,,,1,71,,71647,16,,,1,29,,71643,16,,,1,56,,71648,16,,,1,25,,71650,31,,,1,30,,71627,24,,,1,70,,71651,31,,,1,30,,71628,24,,,1,70,,71652,31,,,1,30,,71629,24,,,1,70,,71662,35,,,1,30,,71630,24,,,1,70,,71653,31,,,1,30,,71631,24,,,1,70,,71654,31,,,1,30,,71632,24,,,1,70,,71655,31,,,1,30,,71633,24,,,1,70,,71656,31,,,1,30,,71634,24,,,1,69,,71657,31,,,1,31,,71635,24,,,1,69,,71658,31,,,1,30,,71636,24,,,1,70,,71659,31,,,1,30,,71637,24,,,1,70,,71663,35,,,1,30,,71638,24,,,1,70,,71660,31,,,1,30,,71639,24,,,1,70,,71661,31,,,1,30,,71640,24,,,1,100,,71641,24,,,1
101,'20261027',544,,71671,24,,,1,70,,71695,31,,,1,30,,71672,24,,,1,74,,71692,16,,,1,30,,71688,16,,,1,71,,71693,16,,,1,29,,71689,16,,,1,56,,71694,16,,,1,25,,71696,31,,,1,30,,71673,24,,,1,70,,71697,31,,,1,30,,71674,24,,,1,70,,71698,31,,,1,30,,71675,24,,,1,70,,71708,35,,,1,30,,71676,24,,,1,70,,71699,31,,,1,30,,71677,24,,,1,70,,71700,31,,,1,30,,71678,24,,,1,70,,71701,31,,,1,30,,71679,24,,,1,70,,71702,31,,,1,30,,71680,24,,,1,69,,71703,31,,,1,31,,71681,24,,,1,69,,71704,31,,,1,30,,71682,24,,,1,70,,71705,31,,,1,30,,71683,24,,,1,70,,71709,35,,,1,30,,71684,24,,,1,70,,71706,31,,,1,30,,71685,24,,,1,70,,71707,31,,,1,30,,71686,24,,,1,100,,71687,24,,,1
101,'20261028',544,,71717,24,,,1,70,,71741,31,,,1,30,,71718,24,,,1,74,,71738,16,,,1,30,,71734,16,,,1,71,,71739,16,,,1,29,,71735,16,,,1,56,,71740,16,,,1,25,,71742,31,,,1,30,,71719,24,,,1,70,,71743,31,,,1,30,,71720,24,,,1,70,,71744,31,,,1,30,,71721,24,,,1,70,,71754,35,,,1,30,,71722,24,,,1,70,,71745,31,,,1,30,,71723,24,,,1,70,,71746,31,,,1,30,,71724,24,,,1,70,,71747,31,,,1,30,,71725,24,,,1,70,,71748,31,,,1,30,,71726,24,,,1,69,,71749,31,,,1,31,,71727,24,,,1,69,,71750,31,,,1,30,,71728,24,,,1,70,,71751,31,,,1,30,,71729,24,,,1,70,,71755,35,,,1,30,,71730,24,,,1,70,,71752,31,,,1,30,,71731,24,,,1,70,,71753,31,,,1,30,,71732,24,,,1,100,,71733,24,,,1
101,'20261029',544,,71763,24,,,1,70,,71787,31,,,1,30,,71764,24,,,1,74,,71784,16,,,1,30,,71780,16,,,1,71,,71785,16,,,1,29,,71781,16,,,1,56,,71786,16,,,1,25,,71788,31,,,1,30,,71765,24,,,1,70,,71789,31,,,1,30,,71766,24,,,1,70,,71790,31,,,1,30,,71767,24,,,1,70,,71800,35,,,1,30,,71768,24,,,1,70,,71791,31,,,1,30,,71769,24,,,1,70,,71792,31,,,1,30,,71770,24,,,1,70,,71793,31,,,1,30,,71771,24,,,1,70,,71794,31,,,1,30,,71772,24,,,1,69,,71795,31,,,1,31,,71773,24,,,1,69,,71796,31,,,1,30,,71774,24,,,1,70,,71797,31,,,1,30,,71775,24,,,1,70,,71801,35,,,1,30,,71776,24,,,1,70,,71798,31,,,1,30,,71777,24,,,1,70,,71799,31,,,1,30,,71778,24,,,1,100,,71779,24,,,1
101,'20261030',544,,71809,24,,,1,70,,71833,31,,,1,30,,71810,24,,,1,74,,71830,16,,,1,30,,71826,16,,,1,71,,71831,16,,,1,29,,71827,16,,,1,56,,71832,16,,,1,25,,71834,31,,,1,30,,71811,24,,,1,70,,71835,31,,,1,30,,71812,24,,,1,70,,71836,31,,,1,30,,71813,24,,,1,70,,71848,35,,,1,30,,71814,24,,,1,70,,71837,31,,,1,30,,71815,24,,,1,70,,71838,31,,,1,30,,71816,24,,,1,70,,71839,31,,,1,30,,71817,24,,,1,70,,71840,31,,,1,30,,71818,24,,,1,69,,71841,31,,,1,31,,71819,24,,,1,69,,71842,31,,,1,30,,71820,24,,,1,70,,71843,31,,,1,30,,71821,24,,,1,70,,71849,35,,,1,30,,71822,24,,,1,70,,71844,31,,,1,30,,71823,24,,,1,70,,71845,31,,,1,30,,71824,24,,,1,70,,71846,31,,,1,30,,71825,24,,,1,70,,71847,31,,,1
101,'20261031',828,,71885,35,,,1,30,,71857,24,,,1,70,,71886,35,,,1,30,,71858,24,,,1,70,,71887,35,,,1,30,,71859,24,,,1,70,,71873,31,,,1,30,,71860,24,,,1,70,,71888,35,,,1,30,,71861,24,,,1,70,,71874,31,,,1,30,,71862,24,,,1,70,,71875,31,,,1,30,,71863,24,,,1,70,,71876,31,,,1,30,,71864,24,,,1,70,,71877,31,,,1,30,,71865,24,,,1,70,,71878,31,,,1,30,,71866,24,,,1,70,,71879,31,,,1,30,,71867,24,,,1,70,,71880,31,,,1,30,,71868,24,,,1,70,,71889,35,,,1,30,,71869,24,,,1,70,,71881,31,,,1,30,,71870,24,,,1,70,,71882,31,,,1,30,,71871,24,,,1,70,,71883,31,,,1,30,,71872,24,,,1,70,,71884,31,,,1
101,'20261101',828,,71921,35,,,1,30,,71894,24,,,1,70,,71922,35,,,1,30,,71895,24,,,1,70,,71923,35,,,1,30,,71896,24,,,1,70,,71910,31,,,1,30,,71897,24,,,1,70,,71924,35,,,1,30,,71898,24,,,1,70,,71911,31,,,1,30,,71899,24,,,1,70,,71912,31,,,1,30,,71900,24,,,1,70,,71913,31,,,1,30,,71901,24,,,1,70,,71914,31,,,1,30,,71902,24,,,1,70,,71915,31,,,1,30,,71903,24,,,1,70,,71916,31,,,1,30,,71904,24,,,1,70,,71917,31,,,1,30,,71905,24,,,1,70,,71925,35,,,1,30,,71906,24,,,1,70,,71918,31,,,1,30,,71907,24,,,1,70,,71919,31,,,1,30,,71908,24,,,1,70,,71920,31,,,1,30,,71909,24,,,1
101,'20261102',544,,71930,24,,,1,70,,71954,31,,,1,30,,71931,24,,,1,74,,71951,16,,,1,30,,71947,16,,,1,71,,71952,16,,,1,29,,71948,16,,,1,56,,71953,16,,,1,25,,71955,31,,,1,30,,71932,24,,,1,70,,71956,31,,,1,30,,71933,24,,,1,70,,71957,31,,,1,30,,71934,24,,,1,70,,71967,35,,,1,30,,71935,24,,,1,70,,71958,31,,,1,30,,71936,24,,,1,70,,71959,31,,,1,30,,71937,24,,,1,70,,71960,31,,,1,30,,71938,24,,,1,70,,71961,31,,,1,30,,71939,24,,,1,69,,71962,31,,,1,31,,71940,24,,,1,69,,71963,31,,,1,30,,71941,24,,,1,70,,71964,31,,,1,30,,71942,24,,,1,70,,71968,35,,,1,30,,71943,24,,,1,70,,71965,31,,,1,30,,71944,24,,,1,70,,71966,31,,,1,30,,71945,24,,,1,100,,71946,24,,,1
101,'20261103',544,,71976,24,,,1,70,,72000,31,,,1,30,,71977,24,,,1,74,,71997,16,,,1,30,,71993,16,,,1,71,,71998,16,,,1,29,,71994,16,,,1,56,,71999,16,,,1,25,,72001,31,,,1,30,,71978,24,,,1,70,,72002,31,,,1,30,,71979,24,,,1,70,,72003,31,,,1,30,,71980,24,,,1,70,,72013,35,,,1,30,,71981,24,,,1,70,,72004,31,,,1,30,,71982,24,,,1,70,,72005,31,,,1,30,,71983,24,,,1,70,,72006,31,,,1,30,,71984,24,,,1,70,,72007,31,,,1,30,,71985,24,,,1,69,,72008,31,,,1,31,,71986,24,,,1,69,,72009,31,,,1,30,,71987,24,,,1,70,,72010,31,,,1,30,,71988,24,,,1,70,,72014,35,,,1,30,,71989,24,,,1,70,,72011,31,,,1,30,,71990,24,,,1,70,,72012,31,,,1,30,,71991,24,,,1,100,,71992,24,,,1
101,'20261104',544,,72022,24,,,1,70,,72046,31,,,1,30,,72023,24,,,1,74,,72043,16,,,1,30,,72039,16,,,1,71,,72044,16,,,1,29,,72040,16,,,1,56,,72045,16,,,1,25,,72047,31,,,1,30,,72024,24,,,1,70,,72048,31,,,1,30,,72025,24,,,1,70,,72049,31,,,1,30,,72026,24,,,1,70,,72059,35,,,1,30,,72027,24,,,1,70,,72050,31,,,1,30,,72028,24,,,1,70,,72051,31,,,1,30,,72029,24,,,1,70,,72052,31,,,1,30,,72030,24,,,1,70,,72053,31,,,1,30,,72031,24,,,1,69,,72054,31,,,1,31,,72032,24,,,1,69,,72055,31,,,1,30,,72033,24,,,1,70,,72056,31,,,1,30,,72034,24,,,1,70,,72060,35,,,1,30,,72035,24,,,1,70,,72057,31,,,1,30,,72036,24,,,1,70,,72058,31,,,1,30,,72037,24,,,1,100,,72038,24,,,1
101,'20261105',544,,72068,24,,,1,70,,72092,31,,,1,30,,72069,24,,,1,74,,72089,16,,,1,30,,72085,16,,,1,71,,72090,16,,,1,29,,72086,16,,,1,56,,72091,16,,,1,25,,72093,31,,,1,30,,72070,24,,,1,70,,72094,31,,,1,30,,72071,24,,,1,70,,72095,31,,,1,30,,72072,24,,,1,70,,72105,35,,,1,30,,72073,24,,,1,70,,72096,31,,,1,30,,72074,24,,,1,70,,72097,31,,,1,30,,72075,24,,,1,70,,72098,31,,,1,30,,72076,24,,,1,70,,72099,31,,,1,30,,72077,24,,,1,69,,72100,31,,,1,31,,72078,24,,,1,69,,72101,31,,,1,30,,72079,24,,,1,70,,72102,31,,,1,30,,72080,24,,,1,70,,72106,35,,,1,30,,72081,24,,,1,70,,72103,31,,,1,30,,72082,24,,,1,70,,72104,31,,,1,30,,72083,24,,,1,100,,72084,24,,,1
101,'20261106',544,,72114,24,,,1,70,,72138,31,,,1,30,,72115,24,,,1,74,,72135,16,,,1,30,,72131,16,,,1,71,,72136,16,,,1,29,,72132,16,,,1,56,,72137,16,,,1,25,,72139,31,,,1,30,,72116,24,,,1,70,,72140,31,,,1,30,,72117,24,,,1,70,,72141,31,,,1,30,,72118,24,,,1,70,,72153,35,,,1,30,,72119,24,,,1,70,,72142,31,,,1,30,,72120,24,,,1,70,,72143,31,,,1,30,,72121,24,,,1,70,,72144,31,,,1,30,,72122,24,,,1,70,,72145,31,,,1,30,,72123,24,,,1,69,,72146,31,,,1,31,,72124,24,,,1,69,,72147,31,,,1,30,,72125,24,,,1,70,,72148,31,,,1,30,,72126,24,,,1,70,,72154,35,,,1,30,,72127,24,,,1,70,,72149,31,,,1,30,,72128,24,,,1,70,,72150,31,,,1,30,,72129,24,,,1,70,,72151,31,,,1,30,,72130,24,,,1,70,,72152,31,,,1
101,'20261107',828,,72190,35,,,1,30,,72162,24,,,1,70,,72191,35,,,1,30,,72163,24,,,1,70,,72192,35,,,1,30,,72164,24,,,1,70,,72178,31,,,1,30,,72165,24,,,1,70,,72193,35,,,1,30,,72166,24,,,1,70,,72179,31,,,1,30,,72167,24,,,1,70,,72180,31,,,1,30,,72168,24,,,1,70,,72181,31,,,1,30,,72169,24,,,1,70,,72182,31,,,1,30,,72170,24,,,1,70,,72183,31,,,1,30,,72171,24,,,1,70,,72184,31,,,1,30,,72172,24,,,1,70,,72185,31,,,1,30,,72173,24,,,1,70,,72194,35,,,1,30,,72174,24,,,1,70,,72186,31,,,1,30,,72175,24,,,1,70,,72187,31,,,1,30,,72176,24,,,1,70,,72188,31,,,1,30,,72177,24,,,1,70,,72189,31,,,1
101,'20261108',828,,72226,35,,,1,30,,72199,24,,,1,70,,72227,35,,,1,30,,72200,24,,,1,70,,72228,35,,,1,30,,72201,24,,,1,70,,72215,31,,,1,30,,72202,24,,,1,70,,72229,35,,,1,30,,72203,24,,,1,70,,72216,31,,,1,30,,72204,24,,,1,70,,72217,31,,,1,30,,72205,24,,,1,70,,72218,31,,,1,30,,72206,24,,,1,70,,72219,31,,,1,30,,72207,24,,,1,70,,72220,31,,,1,30,,72208,24,,,1,70,,72221,31,,,1,30,,72209,24,,,1,70,,72222,31,,,1,30,,72210,24,,,1,70,,72230,35,,,1,30,,72211,24,,,1,70,,72223,31,,,1,30,,72212,24,,,1,70,,72224,31,,,1,30,,72213,24,,,1,70,,72225,31,,,1,30,,72214,24,,,1
101,'20261109',544,,72235,24,,,1,70,,72259,31,,,1,30,,72236,24,,,1,74,,72256,16,,,1,30,,72252,16,,,1,71,,72257,16,,,1,29,,72253,16,,,1,56,,72258,16,,,1,25,,72260,31,,,1,30,,72237,24,,,1,70,,72261,31,,,1,30,,72238,24,,,1,70,,72262,31,,,1,30,,72239,24,,,1,70,,72272,35,,,1,30,,72240,24,,,1,70,,72263,31,,,1,30,,72241,24,,,1,70,,72264,31,,,1,30,,72242,24,,,1,70,,72265,31,,,1,30,,72243,24,,,1,70,,72266,31,,,1,30,,72244,24,,,1,69,,72267,31,,,1,31,,72245,24,,,1,69,,72268,31,,,1,30,,72246,24,,,1,70,,72269,31,,,1,30,,72247,24,,,1,70,,72273,35,,,1,30,,72248,24,,,1,70,,72270,31,,,1,30,,72249,24,,,1,70,,72271,31,,,1,30,,72250,24,,,1,100,,72251,24,,,1
101,'20261110',544,,72281,24,,,1,70,,72305,31,,,1,30,,72282,24,,,1,74,,72302,16,,,1,30,,72298,16,,,1,71,,72303,16,,,1,29,,72299,16,,,1,56,,72304,16,,,1,25,,72306,31,,,1,30,,72283,24,,,1,70,,72307,31,,,1,30,,72284,24,,,1,70,,72308,31,,,1,30,,72285,24,,,1,70,,72318,35,,,1,30,,72286,24,,,1,70,,72309,31,,,1,30,,72287,24,,,1,70,,72310,31,,,1,30,,72288,24,,,1,70,,72311,31,,,1,30,,72289,24,,,1,70,,72312,31,,,1,30,,72290,24,,,1,69,,72313,31,,,1,31,,72291,24,,,1,69,,72314,31,,,1,30,,72292,24,,,1,70,,72315,31,,,1,30,,72293,24,,,1,70,,72319,35,,,1,30,,72294,24,,,1,70,,72316,31,,,1,30,,72295,24,,,1,70,,72317,31,,,1,30,,72296,24,,,1,100,,72297,24,,,1
101,'20261111',544,,72327,24,,,1,70,,72351,31,,,1,30,,72328,24,,,1,74,,72348,16,,,1,30,,72344,16,,,1,71,,72349,16,,,1,29,,72345,16,,,1,56,,72350,16,,,1,25,,72352,31,,,1,30,,72329,24,,,1,70,,72353,31,,,1,30,,72330,24,,,1,70,,72354,31,,,1,30,,72331,24,,,1,70,,72364,35,,,1,30,,72332,24,,,1,70,,72355,31,,,1,30,,72333,24,,,1,70,,72356,31,,,1,30,,72334,24,,,1,70,,72357,31,,,1,30,,72335,24,,,1,70,,72358,31,,,1,30,,72336,24,,,1,69,,72359,31,,,1,31,,72337,24,,,1,69,,72360,31,,,1,30,,72338,24,,,1,70,,72361,31,,,1,30,,72339,24,,,1,70,,72365,35,,,1,30,,72340,24,,,1,70,,72362,31,,,1,30,,72341,24,,,1,70,,72363,31,,,1,30,,72342,24,,,1,100,,72343,24,,,1
101,'20261112',544,,72373,24,,,1,70,,72397,31,,,1,30,,72374,24,,,1,74,,72394,16,,,1,30,,72390,16,,,1,71,,72395,16,,,1,29,,72391,16,,,1,56,,72396,16,,,1,25,,72398,31,,,1,30,,72375,24,,,1,70,,72399,31,,,1,30,,72376,24,,,1,70,,72400,31,,,1,30,,72377,24,,,1,70,,72410,35,,,1,30,,72378,24,,,1,70,,72401,31,,,1,30,,72379,24,,,1,70,,72402,31,,,1,30,,72380,24,,,1,70,,72403,31,,,1,30,,72381,24,,,1,70,,72404,31,,,1,30,,72382,24,,,1,69,,72405,31,,,1,31,,72383,24,,,1,69,,72406,31,,,1,30,,72384,24,,,1,70,,72407,31,,,1,30,,72385,24,,,1,70,,72411,35,,,1,30,,72386,24,,,1,70,,72408,31,,,1,30,,72387,24,,,1,70,,72409,31,,,1,30,,72388,24,,,1,100,,72389,24,,,1
101,'20261113',544,,72419,24,,,1,70,,72443,31,,,1,30,,72420,24,,,1,74,,72440,16,,,1,30,,72436,16,,,1,71,,72441,16,,,1,29,,72437,16,,,1,56,,72442,16,,,1,25,,72444,31,,,1,30,,72421,24,,,1,70,,72445,31,,,1,30,,72422,24,,,1,70,,72446,31,,,1,30,,72423,24,,,1,70,,72458,35,,,1,30,,72424,24,,,1,70,,72447,31,,,1,30,,72425,24,,,1,70,,72448,31,,,1,30,,72426,24,,,1,70,,72449,31,,,1,30,,72427,24,,,1,70,,72450,31,,,1,30,,72428,24,,,1,69,,72451,31,,,1,31,,72429,24,,,1,69,,72452,31,,,1,30,,72430,24,,,1,70,,72453,31,,,1,30,,72431,24,,,1,70,,72459,35,,,1,30,,72432,24,,,1,70,,72454,31,,,1,30,,72433,24,,,1,70,,72455,31,,,1,30,,72434,24,,,1,70,,72456,31,,,1,30,,72435,24,,,1,70,,72457,31,,,1
101,'20261114',828,,72495,35,,,1,30,,72467,24,,,1,70,,72496,35,,,1,30,,72468,24,,,1,70,,72497,35,,,1,30,,72469,24,,,1,70,,72483,31,,,1,30,,72470,24,,,1,70,,72498,35,,,1,30,,72471,24,,,1,70,,72484,31,,,1,30,,72472,24,,,1,70,,72485,31,,,1,30,,72473,24,,,1,70,,72486,31,,,1,30,,72474,24,,,1,70,,72487,31,,,1,30,,72475,24,,,1,70,,72488,31,,,1,30,,72476,24,,,1,70,,72489,31,,,1,30,,72477,24,,,1,70,,72490,31,,,1,30,,72478,24,,,1,70,,72499,35,,,1,30,,72479,24,,,1,70,,72491,31,,,1,30,,72480,24,,,1,70,,72492,31,,,1,30,,72481,24,,,1,70,,72493,31,,,1,30,,72482,24,,,1,70,,72494,31,,,1
101,'20261115',828,,72531,35,,,1,30,,72504,24,,,1,70,,72532,35,,,1,30,,72505,24,,,1,70,,72533,35,,,1,30,,72506,24,,,1,70,,72520,31,,,1,30,,72507,24,,,1,70,,72534,35,,,1,30,,72508,24,,,1,70,,72521,31,,,1,30,,72509,24,,,1,70,,72522,31,,,1,30,,72510,24,,,1,70,,72523,31,,,1,30,,72511,24,,,1,70,,72524,31,,,1,30,,72512,24,,,1,70,,72525,31,,,1,30,,72513,24,,,1,70,,72526,31,,,1,30,,72514,24,,,1,70,,72527,31,,,1,30,,72515,24,,,1,70,,72535,35,,,1,30,,72516,24,,,1,70,,72528,31,,,1,30,,72517,24,,,1,70,,72529,31,,,1,30,,72518,24,,,1,70,,72530,31,,,1,30,,72519,24,,,1
101,'20261116',544,,72540,24,,,1,70,,72564,31,,,1,30,,72541,24,,,1,74,,72561,16,,,1,30,,72557,16,,,1,71,,72562,16,,,1,29,,72558,16,,,1,56,,72563,16,,,1,25,,72565,31,,,1,30,,72542,24,,,1,70,,72566,31,,,1,30,,72543,24,,,1,70,,72567,31,,,1,30,,72544,24,,,1,70,,72577,35,,,1,30,,72545,24,,,1,70,,72568,31,,,1,30,,72546,24,,,1,70,,72569,31,,,1,30,,72547,24,,,1,70,,72570,31,,,1,30,,72548,24,,,1,70,,72571,31,,,1,30,,72549,24,,,1,69,,72572,31,,,1,31,,72550,24,,,1,69,,72573,31,,,1,30,,72551,24,,,1,70,,72574,31,,,1,30,,72552,24,,,1,70,,72578,35,,,1,30,,72553,24,,,1,70,,72575,31,,,1,30,,72554,24,,,1,70,,72576,31,,,1,30,,72555,24,,,1,100,,72556,24,,,1
101,'20261117',544,,72586,24,,,1,70,,72610,31,,,1,30,,72587,24,,,1,74,,72607,16,,,1,30,,72603,16,,,1,71,,72608,16,,,1,29,,72604,16,,,1,56,,72609,16,,,1,25,,72611,31,,,1,30,,72588,24,,,1,70,,72612,31,,,1,30,,72589,24,,,1,70,,72613,31,,,1,30,,72590,24,,,1,70,,72623,35,,,1,30,,72591,24,,,1,70,,72614,31,,,1,30,,72592,24,,,1,70,,72615,31,,,1,30,,72593,24,,,1,70,,72616,31,,,1,30,,72594,24,,,1,70,,72617,31,,,1,30,,72595,24,,,1,69,,72618,31,,,1,31,,72596,24,,,1,69,,72619,31,,,1,30,,72597,24,,,1,70,,72620,31,,,1,30,,72598,24,,,1,70,,72624,35,,,1,30,,72599,24,,,1,70,,72621,31,,,1,30,,72600,24,,,1,70,,72622,31,,,1,30,,72601,24,,,1,100,,72602,24,,,1
101,'20261118',544,,72632,24,,,1,70,,72656,31,,,1,30,,72633,24,,,1,74,,72653,16,,,1,30,,72649,16,,,1,71,,72654,16,,,1,29,,72650,16,,,1,56,,72655,16,,,1,25,,72657,31,,,1,30,,72634,24,,,1,70,,72658,31,,,1,30,,72635,24,,,1,70,,72659,31,,,1,30,,72636,24,,,1,70,,72669,35,,,1,30,,72637,24,,,1,70,,72660,31,,,1,30,,72638,24,,,1,70,,72661,31,,,1,30,,72639,24,,,1,70,,72662,31,,,1,30,,72640,24,,,1,70,,72663,31,,,1,30,,72641,24,,,1,69,,72664,31,,,1,31,,72642,24,,,1,69,,72665,31,,,1,30,,72643,24,,,1,70,,72666,31,,,1,30,,72644,24,,,1,70,,72670,35,,,1,30,,72645,24,,,1,70,,72667,31,,,1,30,,72646,24,,,1,70,,72668,31,,,1,30,,72647,24,,,1,100,,72648,24,,,1
101,'20261119',544,,72678,24,,,1,70,,72702,31,,,1,30,,72679,24,,,1,74,,72699,16,,,1,30,,72695,16,,,1,71,,72700,16,,,1,29,,72696,16,,,1,56,,72701,16,,,1,25,,72703,31,,,1,30,,72680,24,,,1,70,,72704,31,,,1,30,,72681,24,,,1,70,,72705,31,,,1,30,,72682,24,,,1,70,,72715,35,,,1,30,,72683,24,,,1,70,,72706,31,,,1,30,,72684,24,,,1,70,,72707,31,,,1,30,,72685,24,,,1,70,,72708,31,,,1,30,,72686,24,,,1,70,,72709,31,,,1,30,,72687,24,,,1,69,,72710,31,,,1,31,,72688,24,,,1,69,,72711,31,,,1,30,,72689,24,,,1,70,,72712,31,,,1,30,,72690,24,,,1,70,,72716,35,,,1,30,,72691,24,,,1,70,,72713,31,,,1,30,,72692,24,,,1,70,,72714,31,,,1,30,,72693,24,,,1,100,,72694,24,,,1
101,'20261120',544,,72724,24,,,1,70,,72748,31,,,1,30,,72725,24,,,1,74,,72745,16,,,1,30,,72741,16,,,1,71,,72746,16,,,1,29,,72742,16,,,1,56,,72747,16,,,1,25,,72749,31,,,1,30,,72726,24,,,1,70,,72750,31,,,1,30,,72727,24,,,1,70,,72751,31,,,1,30,,72728,24,,,1,70,,72763,35,,,1,30,,72729,24,,,1,70,,72752,31,,,1,30,,72730,24,,,1,70,,72753,31,,,1,30,,72731,24,,,1,70,,72754,31,,,1,30,,72732,24,,,1,70,,72755,31,,,1,30,,72733,24,,,1,69,,72756,31,,,1,31,,72734,24,,,1,69,,72757,31,,,1,30,,72735,24,,,1,70,,72758,31,,,1,30,,72736,24,,,1,70,,72764,35,,,1,30,,72737,24,,,1,70,,72759,31,,,1,30,,72738,24,,,1,70,,72760,31,,,1,30,,72739,24,,,1,70,,72761,31,,,1,30,,72740,24,,,1,70,,72762,31,,,1
101,'20261121',828,,72800,35,,,1,30,,72772,24,,,1,70,,72801,35,,,1,30,,72773,24,,,1,70,,72802,35,,,1,30,,72774,24,,,1,70,,72788,31,,,1,30,,72775,24,,,1,70,,72803,35,,,1,30,,72776,24,,,1,70,,72789,31,,,1,30,,72777,24,,,1,70,,72790,31,,,1,30,,72778,24,,,1,70,,72791,31,,,1,30,,72779,24,,,1,70,,72792,31,,,1,30,,72780,24,,,1,70,,72793,31,,,1,30,,72781,24,,,1,70,,72794,31,,,1,30,,72782,24,,,1,70,,72795,31,,,1,30,,72783,24,,,1,70,,72804,35,,,1,30,,72784,24,,,1,70,,72796,31,,,1,30,,72785,24,,,1,70,,72797,31,,,1,30,,72786,24,,,1,70,,72798,31,,,1,30,,72787,24,,,1,70,,72799,31,,,1
101,'20261122',828,,72836,35,,,1,30,,72809,24,,,1,70,,72837,35,,,1,30,,72810,24,,,1,70,,72838,35,,,1,30,,72811,24,,,1,70,,72825,31,,,1,30,,72812,24,,,1,70,,72839,35,,,1,30,,72813,24,,,1,70,,72826,31,,,1,30,,72814,24,,,1,70,,72827,31,,,1,30,,72815,24,,,1,70,,72828,31,,,1,30,,72816,24,,,1,70,,72829,31,,,1,30,,72817,24,,,1,70,,72830,31,,,1,30,,72818,24,,,1,70,,72831,31,,,1,30,,72819,24,,,1,70,,72832,31,,,1,30,,72820,24,,,1,70,,72840,35,,,1,30,,72821,24,,,1,70,,72833,31,,,1,30,,72822,24,,,1,70,,72834,31,,,1,30,,72823,24,,,1,70,,72835,31,,,1,30,,72824,24,,,1
101,'20261123',544,,72845,24,,,1,70,,72869,31,,,1,30,,72846,24,,,1,74,,72866,16,,,1,30,,72862,16,,,1,71,,72867,16,,,1,29,,72863,16,,,1,56,,72868,16,,,1,25,,72870,31,,,1,30,,72847,24,,,1,70,,72871,31,,,1,30,,72848,24,,,1,70,,72872,31,,,1,30,,72849,24,,,1,70,,72882,35,,,1,30,,72850,24,,,1,70,,72873,31,,,1,30,,72851,24,,,1,70,,72874,31,,,1,30,,72852,24,,,1,70,,72875,31,,,1,30,,72853,24,,,1,70,,72876,31,,,1,30,,72854,24,,,1,69,,72877,31,,,1,31,,72855,24,,,1,69,,72878,31,,,1,30,,72856,24,,,1,70,,72879,31,,,1,30,,72857,24,,,1,70,,72883,35,,,1,30,,72858,24,,,1,70,,72880,31,,,1,30,,72859,24,,,1,70,,72881,31,,,1,30,,72860,24,,,1,100,,72861,24,,,1
101,'20261124',544,,72891,24,,,1,70,,72915,31,,,1,30,,72892,24,,,1,74,,72912,16,,,1,30,,72908,16,,,1,71,,72913,16,,,1,29,,72909,16,,,1,56,,72914,16,,,1,25,,72916,31,,,1,30,,72893,24,,,1,70,,72917,31,,,1,30,,72894,24,,,1,70,,72918,31,,,1,30,,72895,24,,,1,70,,72928,35,,,1,30,,72896,24,,,1,70,,72919,31,,,1,30,,72897,24,,,1,70,,72920,31,,,1,30,,72898,24,,,1,70,,72921,31,,,1,30,,72899,24,,,1,70,,72922,31,,,1,30,,72900,24,,,1,69,,72923,31,,,1,31,,72901,24,,,1,69,,72924,31,,,1,30,,72902,24,,,1,70,,72925,31,,,1,30,,72903,24,,,1,70,,72929,35,,,1,30,,72904,24,,,1,70,,72926,31,,,1,30,,72905,24,,,1,70,,72927,31,,,1,30,,72906,24,,,1,100,,72907,24,,,1
101,'20261125',544,,72937,24,,,1,70,,72961,31,,,1,30,,72938,24,,,1,74,,72958,16,,,1,30,,72954,16,,,1,71,,72959,16,,,1,29,,72955,16,,,1,56,,72960,16,,,1,25,,72962,31,,,1,30,,72939,24,,,1,70,,72963,31,,,1,30,,72940,24,,,1,70,,72964,31,,,1,30,,72941,24,,,1,70,,72974,35,,,1,30,,72942,24,,,1,70,,72965,31,,,1,30,,72943,24,,,1,70,,72966,31,,,1,30,,72944,24,,,1,70,,72967,31,,,1,30,,72945,24,,,1,70,,72968,31,,,1,30,,72946,24,,,1,69,,72969,31,,,1,31,,72947,24,,,1,69,,72970,31,,,1,30,,72948,24,,,1,70,,72971,31,,,1,30,,72949,24,,,1,70,,72975,35,,,1,30,,72950,24,,,1,70,,72972,31,,,1,30,,72951,24,,,1,70,,72973,31,,,1,30,,72952,24,,,1,100,,72953,24,,,1
101,'20261126',544,,72983,24,,,1,70,,73007,31,,,1,30,,72984,24,,,1,74,,73004,16,,,1,30,,73000,16,,,1,71,,73005,16,,,1,29,,73001,16,,,1,56,,73006,16,,,1,25,,73008,31,,,1,30,,72985,24,,,1,70,,73009,31,,,1,30,,72986,24,,,1,70,,73010,31,,,1,30,,72987,24,,,1,70,,73020,35,,,1,30,,72988,24,,,1,70,,73011,31,,,1,30,,72989,24,,,1,70,,73012,31,,,1,30,,72990,24,,,1,70,,73013,31,,,1,30,,72991,24,,,1,70,,73014,31,,,1,30,,72992,24,,,1,69,,73015,31,,,1,31,,72993,24,,,1,69,,73016,31,,,1,30,,72994,24,,,1,70,,73017,31,,,1,30,,72995,24,,,1,70,,73021,35,,,1,30,,72996,24,,,1,70,,73018,31,,,1,30,,72997,24,,,1,70,,73019,31,,,1,30,,72998,24,,,1,100,,72999,24,,,1
101,'20261127',544,,73029,24,,,1,70,,73053,31,,,1,30,,73030,24,,,1,74,,73050,16,,,1,30,,73046,16,,,1,71,,73051,16,,,1,29,,73047,16,,,1,56,,73052,16,,,1,25,,73054,31,,,1,30,,73031,24,,,1,70,,73055,31,,,1,30,,73032,24,,,1,70,,73056,31,,,1,30,,73033,24,,,1,70,,73068,35,,,1,30,,73034,24,,,1,70,,73057,31,,,1,30,,73035,24,,,1,70,,73058,31,,,1,30,,73036,24,,,1,70,,73059,31,,,1,30,,73037,24,,,1,70,,73060,31,,,1,30,,73038,24,,,1,69,,73061,31,,,1,31,,73039,24,,,1,69,,73062,31,,,1,30,,73040,24,,,1,70,,73063,31,,,1,30,,73041,24,,,1,70,,73069,35,,,1,30,,73042,24,,,1,70,,73064,31,,,1,30,,73043,24,,,1,70,,73065,31,,,1,30,,73044,24,,,1,70,,73066,31,,,1,30,,73045,24,,,1,70,,73067,31,,,1
