900,'20260917',628,,85658,13,,,1,30,,85679,13,,,1,77,,85659,13,,,1,67,,85680,13,,,1,30,,85660,13,,,1,70,,85681,13,,,1,30,,85661,13,,,1,81,,85684,13,,,1,30,,85664,13,,,1,70,,85685,13,,,1,30,,85665,13,,,1,70,,85686,13,,,1,30,,85666,13,,,1,70,,85687,13,,,1,30,,85667,13,,,1,70,,85688,13,,,1,30,,85668,13,,,1,70,,85689,13,,,1,31,,85669,13,,,1,70,,85690,13,,,1,13,,85662,13,,,1,10,,85699,13,0,6,1,10,,85670,13,,,1,10,,85682,13,,,1,50,,85701,13,0,6,1,10,,85691,13,,,1,10,,85663,13,,,1,10,,85700,13,0,6,1,10,,85671,13,,,1,12,,85683,13,,,1,55,,85692,13,,,1,30,,85672,13,,,1,70,,85693,13,,,1,30,,85673,13,,,1,69,,85694,13,,,1,30,,85674,13,,,1,70,,85695,13,,,1,30,,85675,13,,,1,70,,85696,13,,,1,30,,85676,13,,,1,70,,85697,13,,,1,32,,85677,13,,,1,68,,85698,13,,,1,30,,85678,13,,,1
900,'20260918',628,,85702,13,,,1,30,,85723,13,,,1,77,,85703,13,,,1,67,,85724,13,,,1,30,,85704,13,,,1,70,,85725,13,,,1,30,,85705,13,,,1,81,,85728,13,,,1,30,,85708,13,,,1,70,,85729,13,,,1,30,,85709,13,,,1,70,,85730,13,,,1,30,,85710,13,,,1,70,,85731,13,,,1,30,,85711,13,,,1,70,,85732,13,,,1,30,,85712,13,,,1,70,,85733,13,,,1,31,,85713,13,,,1,70,,85734,13,,,1,13,,85706,13,,,1,10,,85744,13,0,6,1,10,,85714,13,,,1,10,,85726,13,,,1,50,,85746,13,0,6,1,10,,85735,13,,,1,10,,85707,13,,,1,10,,85745,13,0,6,1,10,,85715,13,,,1,12,,85727,13,,,1,55,,85736,13,,,1,30,,85716,13,,,1,70,,85737,13,,,1,30,,85717,13,,,1,69,,85738,13,,,1,30,,85718,13,,,1,70,,85739,13,,,1,30,,85719,13,,,1,70,,85740,13,,,1,30,,85720,13,,,1,70,,85741,13,,,1,32,,85721,13,,,1,68,,85742,13,,,1,30,,85722,13,,,1,70,,85743,13,,,1
900,'20260919',913,,85763,13,,,1,30,,85747,13,,,1,70,,85764,13,,,1,30,,85748,13,,,1,70,,85765,13,,,1,30,,85749,13,,,1,70,,85766,13,,,1,30,,85750,13,,,1,70,,85767,13,,,1,30,,85751,13,,,1,70,,85768,13,,,1,30,,85752,13,,,1,70,,85769,13,,,1,30,,85753,13,,,1,70,,85770,13,,,1,30,,85754,13,,,1,70,,85771,13,,,1,30,,85755,13,,,1,70,,85772,13,,,1,30,,85756,13,,,1,70,,85773,13,,,1,30,,85757,13,,,1,70,,85774,13,,,1,30,,85758,13,,,1,70,,85775,13,,,1,30,,85759,13,,,1,70,,85776,13,,,1,30,,85760,13,,,1,70,,85777,13,,,1,30,,85761,13,,,1,70,,85778,13,,,1,30,,85762,13,,,1,70,,85779,13,,,1
900,'20260920',913,,85796,13,,,1,30,,85780,13,,,1,70,,85797,13,,,1,30,,85781,13,,,1,70,,85798,13,,,1,30,,85782,13,,,1,70,,85799,13,,,1,30,,85783,13,,,1,70,,85800,13,,,1,30,,85784,13,,,1,70,,85801,13,,,1,30,,85785,13,,,1,70,,85802,13,,,1,30,,85786,13,,,1,70,,85803,13,,,1,30,,85787,13,,,1,70,,85804,13,,,1,30,,85788,13,,,1,70,,85805,13,,,1,30,,85789,13,,,1,70,,85806,13,,,1,30,,85790,13,,,1,70,,85807,13,,,1,30,,85791,13,,,1,70,,85808,13,,,1,30,,85792,13,,,1,70,,85809,13,,,1,30,,85793,13,,,1,70,,85810,13,,,1,30,,85794,13,,,1,70,,85811,13,,,1,30,,85795,13,,,1
900,'20260921',628,,85812,13,,,1,30,,85833,13,,,1,77,,85813,13,,,1,67,,85834,13,,,1,30,,85814,13,,,1,70,,85835,13,,,1,30,,85815,13,,,1,81,,85838,13,,,1,30,,85818,13,,,1,70,,85839,13,,,1,30,,85819,13,,,1,70,,85840,13,,,1,30,,85820,13,,,1,70,,85841,13,,,1,30,,85821,13,,,1,70,,85842,13,,,1,30,,85822,13,,,1,70,,85843,13,,,1,31,,85823,13,,,1,70,,85844,13,,,1,13,,85816,13,,,1,10,,85853,13,0,6,1,10,,85824,13,,,1,10,,85836,13,,,1,50,,85855,13,0,6,1,10,,85845,13,,,1,10,,85817,13,,,1,10,,85854,13,0,6,1,10,,85825,13,,,1,12,,85837,13,,,1,55,,85846,13,,,1,30,,85826,13,,,1,70,,85847,13,,,1,30,,85827,13,,,1,69,,85848,13,,,1,30,,85828,13,,,1,70,,85849,13,,,1,30,,85829,13,,,1,70,,85850,13,,,1,30,,85830,13,,,1,70,,85851,13,,,1,20,,92146,13,0,6,1,12,,85831,13,,,1,68,,85852,13,,,1,30,,85832,13,,,1
900,'20260922',628,,85856,13,,,1,30,,85877,13,,,1,77,,85857,13,,,1,67,,85878,13,,,1,30,,85858,13,,,1,70,,85879,13,,,1,30,,85859,13,,,1,81,,85882,13,,,1,30,,85862,13,,,1,70,,85883,13,,,1,30,,85863,13,,,1,70,,85884,13,,,1,30,,85864,13,,,1,70,,85885,13,,,1,30,,85865,13,,,1,70,,85886,13,,,1,30,,85866,13,,,1,70,,85887,13,,,1,31,,85867,13,,,1,70,,85888,13,,,1,13,,85860,13,,,1,10,,85897,13,0,6,1,10,,85868,13,,,1,10,,85880,13,,,1,50,,85899,13,0,6,1,10,,85889,13,,,1,10,,85861,13,,,1,10,,85898,13,0,6,1,10,,85869,13,,,1,12,,85881,13,,,1,55,,85890,13,,,1,30,,85870,13,,,1,70,,85891,13,,,1,30,,85871,13,,,1,69,,85892,13,,,1,30,,85872,13,,,1,70,,85893,13,,,1,30,,85873,13,,,1,70,,85894,13,,,1,30,,85874,13,,,1,70,,85895,13,,,1,32,,85875,13,,,1,68,,85896,13,,,1,30,,85876,13,,,1
900,'20260923',628,,85900,13,,,1,30,,85921,13,,,1,77,,85901,13,,,1,67,,85922,13,,,1,30,,85902,13,,,1,70,,85923,13,,,1,30,,85903,13,,,1,81,,85926,13,,,1,30,,85906,13,,,1,70,,85927,13,,,1,30,,85907,13,,,1,70,,85928,13,,,1,30,,85908,13,,,1,70,,85929,13,,,1,30,,85909,13,,,1,70,,85930,13,,,1,30,,85910,13,,,1,70,,85931,13,,,1,31,,85911,13,,,1,70,,85932,13,,,1,13,,85904,13,,,1,10,,85941,13,0,6,1,10,,85912,13,,,1,10,,85924,13,,,1,50,,85943,13,0,6,1,10,,85933,13,,,1,10,,85905,13,,,1,10,,85942,13,0,6,1,10,,85913,13,,,1,12,,85925,13,,,1,55,,85934,13,,,1,30,,85914,13,,,1,70,,85935,13,,,1,30,,85915,13,,,1,69,,85936,13,,,1,30,,85916,13,,,1,70,,85937,13,,,1,30,,85917,13,,,1,70,,85938,13,,,1,30,,85918,13,,,1,70,,85939,13,,,1,32,,85919,13,,,1,68,,85940,13,,,1,30,,85920,13,,,1
900,'20260924',628,,85944,13,,,1,30,,85965,13,,,1,77,,85945,13,,,1,67,,85966,13,,,1,30,,85946,13,,,1,70,,85967,13,,,1,30,,85947,13,,,1,81,,85970,13,,,1,30,,85950,13,,,1,70,,85971,13,,,1,30,,85951,13,,,1,70,,85972,13,,,1,30,,85952,13,,,1,70,,85973,13,,,1,30,,85953,13,,,1,70,,85974,13,,,1,30,,85954,13,,,1,70,,85975,13,,,1,31,,85955,13,,,1,70,,85976,13,,,1,13,,85948,13,,,1,10,,85985,13,0,6,1,10,,85956,13,,,1,10,,85968,13,,,1,50,,85987,13,0,6,1,10,,85977,13,,,1,10,,85949,13,,,1,10,,85986,13,0,6,1,10,,85957,13,,,1,12,,85969,13,,,1,55,,85978,13,,,1,30,,85958,13,,,1,70,,85979,13,,,1,30,,85959,13,,,1,69,,85980,13,,,1,30,,85960,13,,,1,70,,85981,13,,,1,30,,85961,13,,,1,70,,85982,13,,,1,30,,85962,13,,,1,70,,85983,13,,,1,32,,85963,13,,,1,68,,85984,13,,,1,30,,85964,13,,,1
900,'20260925',628,,85988,13,,,1,30,,86009,13,,,1,77,,85989,13,,,1,67,,86010,13,,,1,30,,85990,13,,,1,70,,86011,13,,,1,30,,85991,13,,,1,81,,86014,13,,,1,30,,85994,13,,,1,70,,86015,13,,,1,30,,85995,13,,,1,70,,86016,13,,,1,30,,85996,13,,,1,70,,86017,13,,,1,30,,85997,13,,,1,70,,86018,13,,,1,30,,85998,13,,,1,70,,86019,13,,,1,31,,85999,13,,,1,70,,86020,13,,,1,13,,85992,13,,,1,10,,86030,13,0,6,1,10,,86000,13,,,1,10,,86012,13,,,1,50,,86032,13,0,6,1,10,,86021,13,,,1,10,,85993,13,,,1,10,,86031,13,0,6,1,10,,86001,13,,,1,12,,86013,13,,,1,55,,86022,13,,,1,30,,86002,13,,,1,70,,86023,13,,,1,30,,86003,13,,,1,69,,86024,13,,,1,30,,86004,13,,,1,70,,86025,13,,,1,30,,86005,13,,,1,70,,86026,13,,,1,30,,86006,13,,,1,70,,86027,13,,,1,32,,86007,13,,,1
900,'20260928',628,,86098,13,,,1,30,,86119,13,,,1,77,,86099,13,,,1,67,,86120,13,,,1,30,,86100,13,,,1,70,,86121,13,,,1,30,,86101,13,,,1,81,,86124,13,,,1,30,,86104,13,,,1,70,,86125,13,,,1,30,,86105,13,,,1,70,,86126,13,,,1,30,,86106,13,,,1,70,,86127,13,,,1,30,,86107,13,,,1,70,,86128,13,,,1,30,,86108,13,,,1,70,,86129,13,,,1,31,,86109,13,,,1,70,,86130,13,,,1,13,,86102,13,,,1,10,,86139,13,0,6,1,10,,86110,13,,,1,10,,86122,13,,,1,50,,86141,13,0,6,1,10,,86131,13,,,1,10,,86103,13,,,1,10,,86140,13,0,6,1,10,,86111,13,,,1,12,,86123,13,,,1,55,,86132,13,,,1,30,,86112,13,,,1,70,,86133,13,,,1,30,,86113,13,,,1,69,,86134,13,,,1,30,,86114,13,,,1,70,,86135,13,,,1,30,,86115,13,,,1,70,,86136,13,,,1,30,,86116,13,,,1,70,,86137,13,,,1,32,,86117,13,,,1,68,,86138,13,,,1,30,,86118,13,,,1
900,'20260929',628,,86142,13,,,1,30,,86163,13,,,1,77,,86143,13,,,1,67,,86164,13,,,1,30,,86144,13,,,1,70,,86165,13,,,1,30,,86145,13,,,1,81,,86168,13,,,1,30,,86148,13,,,1,70,,86169,13,,,1,30,,86149,13,,,1,70,,86170,13,,,1,30,,86150,13,,,1,70,,86171,13,,,1,30,,86151,13,,,1,70,,86172,13,,,1,30,,86152,13,,,1,70,,86173,13,,,1,31,,86153,13,,,1,70,,86174,13,,,1,13,,86146,13,,,1,10,,86183,13,0,6,1,10,,86154,13,,,1,10,,86166,13,,,1,50,,86185,13,0,6,1,10,,86175,13,,,1,10,,86147,13,,,1,10,,86184,13,0,6,1,10,,86155,13,,,1,12,,86167,13,,,1,55,,86176,13,,,1,30,,86156,13,,,1,70,,86177,13,,,1,30,,86157,13,,,1,69,,86178,13,,,1,30,,86158,13,,,1,70,,86179,13,,,1,30,,86159,13,,,1,70,,86180,13,,,1,30,,86160,13,,,1,70,,86181,13,,,1,32,,86161,13,,,1,68,,86182,13,,,1,30,,86162,13,,,1
900,'20260930',628,,86186,13,,,1,30,,86207,13,,,1,77,,86187,13,,,1,67,,86208,13,,,1,30,,86188,13,,,1,70,,86209,13,,,1,30,,86189,13,,,1,81,,86212,13,,,1,30,,86192,13,,,1,70,,86213,13,,,1,30,,86193,13,,,1,70,,86214,13,,,1,30,,86194,13,,,1,70,,86215,13,,,1,30,,86195,13,,,1,70,,86216,13,,,1,30,,86196,13,,,1,70,,86217,13,,,1,31,,86197,13,,,1,70,,86218,13,,,1,13,,86190,13,,,1,10,,86227,13,0,6,1,10,,86198,13,,,1,10,,86210,13,,,1,50,,86229,13,0,6,1,10,,86219,13,,,1,10,,86191,13,,,1,10,,86228,13,0,6,1,10,,86199,13,,,1,12,,86211,13,,,1,55,,86220,13,,,1,30,,86200,13,,,1,70,,86221,13,,,1,30,,86201,13,,,1,69,,86222,13,,,1,30,,86202,13,,,1,70,,86223,13,,,1,30,,86203,13,,,1,70,,86224,13,,,1,30,,86204,13,,,1,70,,86225,13,,,1,32,,86205,13,,,1,68,,86226,13,,,1,30,,86206,13,,,1
900,'20261001',628,,86230,13,,,1,30,,86251,13,,,1,77,,86231,13,,,1,67,,86252,13,,,1,30,,86232,13,,,1,70,,86253,13,,,1,30,,86233,13,,,1,81,,86256,13,,,1,30,,86236,13,,,1,70,,86257,13,,,1,30,,86237,13,,,1,70,,86258,13,,,1,30,,86238,13,,,1,70,,86259,13,,,1,30,,86239,13,,,1,70,,86260,13,,,1,30,,86240,13,,,1,70,,86261,13,,,1,31,,86241,13,,,1,70,,86262,13,,,1,13,,86234,13,,,1,10,,86271,13,0,6,1,10,,86242,13,,,1,10,,86254,13,,,1,50,,86273,13,0,6,1,10,,86263,13,,,1,10,,86235,13,,,1,10,,86272,13,0,6,1,10,,86243,13,,,1,12,,86255,13,,,1,55,,86264,13,,,1,30,,86244,13,,,1,70,,86265,13,,,1,30,,86245,13,,,1,69,,86266,13,,,1,30,,86246,13,,,1,70,,86267,13,,,1,30,,86247,13,,,1,70,,86268,13,,,1,30,,86248,13,,,1,70,,86269,13,,,1,32,,86249,13,,,1,68,,86270,13,,,1,30,,86250,13,,,1
900,'20261002',628,,86274,13,,,1,30,,86295,13,,,1,77,,86275,13,,,1,67,,86296,13,,,1,30,,86276,13,,,1,70,,86297,13,,,1,30,,86277,13,,,1,81,,86300,13,,,1,30,,86280,13,,,1,70,,86301,13,,,1,30,,86281,13,,,1,70,,86302,13,,,1,30,,86282,13,,,1,70,,86303,13,,,1,30,,86283,13,,,1,70,,86304,13,,,1,30,,86284,13,,,1,70,,86305,13,,,1,31,,86285,13,,,1,70,,86306,13,,,1,13,,86278,13,,,1,10,,86316,13,0,6,1,10,,86286,13,,,1,10,,86298,13,,,1,50,,86318,13,0,6,1,10,,86307,13,,,1,10,,86279,13,,,1,10,,86317,13,0,6,1,10,,86287,13,,,1,12,,86299,13,,,1,55,,86308,13,,,1,30,,86288,13,,,1,70,,86309,13,,,1,30,,86289,13,,,1,69,,86310,13,,,1,30,,86290,13,,,1,70,,86311,13,,,1,30,,86291,13,,,1,70,,86312,13,,,1,30,,86292,13,,,1,70,,86313,13,,,1,32,,86293,13,,,1,68,,86314,13,,,1,30,,86294,13,,,1,70,,86315,13,,,1
900,'20261003',913,,86335,13,,,1,30,,86319,13,,,1,70,,86336,13,,,1,30,,86320,13,,,1,70,,86337,13,,,1,30,,86321,13,,,1,70,,86338,13,,,1,30,,86322,13,,,1,70,,86339,13,,,1,30,,86323,13,,,1,70,,86340,13,,,1,30,,86324,13,,,1,70,,86341,13,,,1,30,,86325,13,,,1,70,,86342,13,,,1,30,,86326,13,,,1,70,,86343,13,,,1,30,,86327,13,,,1,70,,86344,13,,,1,30,,86328,13,,,1,70,,86345,13,,,1,30,,86329,13,,,1,70,,86346,13,,,1,30,,86330,13,,,1,70,,86347,13,,,1,30,,86331,13,,,1,70,,86348,13,,,1,30,,86332,13,,,1,70,,86349,13,,,1,30,,86333,13,,,1,70,,86350,13,,,1,30,,86334,13,,,1,70,,86351,13,,,1
900,'20261004',913,,92147,13,,,1,30,,86352,13,,,1,70,,92148,13,,,1,30,,86353,13,,,1,70,,92149,13,,,1,30,,86354,13,,,1,70,,92150,13,,,1,30,,86355,13,,,1,70,,92151,13,,,1,30,,86356,13,,,1,70,,92152,13,,,1,30,,86357,13,,,1,70,,92153,13,,,1,30,,86358,13,,,1,70,,92154,13,,,1,30,,86359,13,,,1,70,,92155,13,,,1,30,,86360,13,,,1,70,,92156,13,,,1,30,,86361,13,,,1,70,,92157,13,,,1,30,,86362,13,,,1,70,,92158,13,,,1,30,,86363,13,,,1,70,,92159,13,,,1,30,,86364,13,,,1,70,,92160,13,,,1,30,,86365,13,,,1,70,,92161,13,,,1,30,,86366,13,,,1,70,,92162,13,,,1,30,,86367,13,,,1
900,'20261005',628,,86384,13,,,1,30,,86405,13,,,1,77,,86385,13,,,1,67,,86406,13,,,1,30,,86386,13,,,1,70,,86407,13,,,1,30,,86387,13,,,1,81,,86410,13,,,1,30,,86390,13,,,1,70,,86411,13,,,1,30,,86391,13,,,1,70,,86412,13,,,1,30,,86392,13,,,1,70,,86413,13,,,1,30,,86393,13,,,1,70,,86414,13,,,1,30,,86394,13,,,1,70,,86415,13,,,1,31,,86395,13,,,1,70,,86416,13,,,1,13,,86388,13,,,1,10,,86425,13,0,6,1,10,,86396,13,,,1,10,,86408,13,,,1,50,,86427,13,0,6,1,10,,86417,13,,,1,10,,86389,13,,,1,10,,86426,13,0,6,1,10,,86397,13,,,1,12,,86409,13,,,1,55,,86418,13,,,1,30,,86398,13,,,1,70,,86419,13,,,1,30,,86399,13,,,1,69,,86420,13,,,1,30,,86400,13,,,1,70,,86421,13,,,1,30,,86401,13,,,1,70,,86422,13,,,1,30,,86402,13,,,1,70,,86423,13,,,1,32,,86403,13,,,1,68,,86424,13,,,1,30,,86404,13,,,1
900,'20261006',628,,86428,13,,,1,30,,86449,13,,,1,77,,86429,13,,,1,67,,86450,13,,,1,30,,86430,13,,,1,70,,86451,13,,,1,30,,86431,13,,,1,81,,86454,13,,,1,30,,86434,13,,,1,70,,86455,13,,,1,30,,86435,13,,,1,70,,86456,13,,,1,30,,86436,13,,,1,70,,86457,13,,,1,30,,86437,13,,,1,70,,86458,13,,,1,30,,86438,13,,,1,70,,86459,13,,,1,31,,86439,13,,,1,70,,86460,13,,,1,13,,86432,13,,,1,10,,86469,13,0,6,1,10,,86440,13,,,1,10,,86452,13,,,1,50,,86471,13,0,6,1,10,,86461,13,,,1,10,,86433,13,,,1,10,,86470,13,0,6,1,10,,86441,13,,,1,12,,86453,13,,,1,55,,86462,13,,,1,30,,86442,13,,,1,70,,86463,13,,,1,30,,86443,13,,,1,69,,86464,13,,,1,30,,86444,13,,,1,70,,86465,13,,,1,30,,86445,13,,,1,70,,86466,13,,,1,30,,86446,13,,,1,70,,86467,13,,,1,32,,86447,13,,,1,68,,86468,13,,,1,30,,86448,13,,,1
900,'20261007',628,,86472,13,,,1,30,,86493,13,,,1,77,,86473,13,,,1,67,,86494,13,,,1,30,,86474,13,,,1,70,,86495,13,,,1,30,,86475,13,,,1,81,,86498,13,,,1,30,,86478,13,,,1,70,,86499,13,,,1,30,,86479,13,,,1,70,,86500,13,,,1,30,,86480,13,,,1,70,,86501,13,,,1,30,,86481,13,,,1,70,,86502,13,,,1,30,,86482,13,,,1,70,,86503,13,,,1,31,,86483,13,,,1,70,,86504,13,,,1,13,,86476,13,,,1,10,,86513,13,0,6,1,10,,86484,13,,,1,10,,86496,13,,,1,50,,86515,13,0,6,1,10,,86505,13,,,1,10,,86477,13,,,1,10,,86514,13,0,6,1,10,,86485,13,,,1,12,,86497,13,,,1,55,,86506,13,,,1,30,,86486,13,,,1,70,,86507,13,,,1,30,,86487,13,,,1,69,,86508,13,,,1,30,,86488,13,,,1,70,,86509,13,,,1,30,,86489,13,,,1,70,,86510,13,,,1,30,,86490,13,,,1,70,,86511,13,,,1,32,,86491,13,,,1,68,,86512,13,,,1,30,,86492,13,,,1
900,'20261008',628,,86516,13,,,1,30,,86537,13,,,1,77,,86517,13,,,1,67,,86538,13,,,1,30,,86518,13,,,1,70,,86539,13,,,1,30,,86519,13,,,1,81,,86542,13,,,1,30,,86522,13,,,1,70,,86543,13,,,1,30,,86523,13,,,1,70,,86544,13,,,1,30,,86524,13,,,1,70,,86545,13,,,1,30,,86525,13,,,1,70,,86546,13,,,1,30,,86526,13,,,1,70,,86547,13,,,1,31,,86527,13,,,1,70,,86548,13,,,1,13,,86520,13,,,1,10,,86557,13,0,6,1,10,,86528,13,,,1,10,,86540,13,,,1,50,,86559,13,0,6,1,10,,86549,13,,,1,10,,86521,13,,,1,10,,86558,13,0,6,1,10,,86529,13,,,1,12,,86541,13,,,1,55,,86550,13,,,1,30,,86530,13,,,1,70,,86551,13,,,1,30,,86531,13,,,1,69,,86552,13,,,1,30,,86532,13,,,1,70,,86553,13,,,1,30,,86533,13,,,1,70,,86554,13,,,1,30,,86534,13,,,1,70,,86555,13,,,1,32,,86535,13,,,1,68,,86556,13,,,1,30,,86536,13,,,1
900,'20261009',628,,86560,13,,,1,30,,86581,13,,,1,77,,86561,13,,,1,67,,86582,13,,,1,30,,86562,13,,,1,70,,86583,13,,,1,30,,86563,13,,,1,81,,86586,13,,,1,30,,86566,13,,,1,70,,86587,13,,,1,30,,86567,13,,,1,70,,86588,13,,,1,30,,86568,13,,,1,70,,86589,13,,,1,30,,86569,13,,,1,70,,86590,13,,,1,30,,86570,13,,,1,70,,86591,13,,,1,31,,86571,13,,,1,70,,86592,13,,,1,13,,86564,13,,,1,10,,86602,13,0,6,1,10,,86572,13,,,1,10,,86584,13,,,1,50,,86604,13,0,6,1,10,,86593,13,,,1,10,,86565,13,,,1,10,,86603,13,0,6,1,10,,86573,13,,,1,12,,86585,13,,,1,55,,86594,13,,,1,30,,86574,13,,,1,70,,86595,13,,,1,30,,86575,13,,,1,69,,86596,13,,,1,30,,86576,13,,,1,70,,86597,13,,,1,30,,86577,13,,,1,70,,86598,13,,,1,30,,86578,13,,,1,70,,86599,13,,,1,32,,86579,13,,,1,68,,86600,13,,,1,30,,86580,13,,,1,70,,86601,13,,,1
900,'20261010',913,,86621,13,,,1,30,,86605,13,,,1,70,,86622,13,,,1,30,,86606,13,,,1,70,,86623,13,,,1,30,,86607,13,,,1,70,,86624,13,,,1,30,,86608,13,,,1,70,,86625,13,,,1,30,,86609,13,,,1,70,,86626,13,,,1,30,,86610,13,,,1,70,,86627,13,,,1,30,,86611,13,,,1,70,,86628,13,,,1,30,,86612,13,,,1,70,,86629,13,,,1,30,,86613,13,,,1,70,,86630,13,,,1,30,,86614,13,,,1,70,,86631,13,,,1,30,,86615,13,,,1,70,,86632,13,,,1,30,,86616,13,,,1,70,,86633,13,,,1,30,,86617,13,,,1,70,,86634,13,,,1,30,,86618,13,,,1,70,,86635,13,,,1,30,,86619,13,,,1,70,,86636,13,,,1,30,,86620,13,,,1,70,,86637,13,,,1
900,'20261011',913,,92163,13,,,1,30,,86638,13,,,1,70,,92164,13,,,1,30,,86639,13,,,1,70,,92165,13,,,1,30,,86640,13,,,1,70,,92166,13,,,1,30,,86641,13,,,1,70,,92167,13,,,1,30,,86642,13,,,1,70,,92168,13,,,1,30,,86643,13,,,1,70,,92169,13,,,1,30,,86644,13,,,1,70,,92170,13,,,1,30,,86645,13,,,1,70,,92171,13,,,1,30,,86646,13,,,1,70,,92172,13,,,1,30,,86647,13,,,1,70,,92173,13,,,1,30,,86648,13,,,1,70,,92174,13,,,1,30,,86649,13,,,1,70,,92175,13,,,1,30,,86650,13,,,1,70,,92176,13,,,1,30,,86651,13,,,1,70,,92177,13,,,1,30,,86652,13,,,1,70,,92178,13,,,1,30,,86653,13,,,1
900,'20261012',628,,86670,13,,,1,30,,86691,13,,,1,77,,86671,13,,,1,67,,86692,13,,,1,30,,86672,13,,,1,70,,86693,13,,,1,30,,86673,13,,,1,81,,86696,13,,,1,30,,86676,13,,,1,70,,86697,13,,,1,30,,86677,13,,,1,70,,86698,13,,,1,30,,86678,13,,,1,70,,86699,13,,,1,30,,86679,13,,,1,70,,86700,13,,,1,30,,86680,13,,,1,70,,86701,13,,,1,31,,86681,13,,,1,70,,86702,13,,,1,13,,86674,13,,,1,10,,86711,13,0,6,1,10,,86682,13,,,1,10,,86694,13,,,1,50,,86713,13,0,6,1,10,,86703,13,,,1,10,,86675,13,,,1,10,,86712,13,0,6,1,10,,86683,13,,,1,12,,86695,13,,,1,55,,86704,13,,,1,30,,86684,13,,,1,70,,86705,13,,,1,30,,86685,13,,,1,69,,86706,13,,,1,30,,86686,13,,,1,70,,86707,13,,,1,30,,86687,13,,,1,70,,86708,13,,,1,30,,86688,13,,,1,70,,86709,13,,,1,32,,86689,13,,,1,68,,86710,13,,,1,30,,86690,13,,,1
900,'20261013',628,,86714,13,,,1,30,,86735,13,,,1,77,,86715,13,,,1,67,,86736,13,,,1,30,,86716,13,,,1,70,,86737,13,,,1,30,,86717,13,,,1,81,,86740,13,,,1,30,,86720,13,,,1,70,,86741,13,,,1,30,,86721,13,,,1,70,,86742,13,,,1,30,,86722,13,,,1,70,,86743,13,,,1,30,,86723,13,,,1,70,,86744,13,,,1,30,,86724,13,,,1,70,,86745,13,,,1,31,,86725,13,,,1,70,,86746,13,,,1,13,,86718,13,,,1,10,,86755,13,0,6,1,10,,86726,13,,,1,10,,86738,13,,,1,50,,86757,13,0,6,1,10,,86747,13,,,1,10,,86719,13,,,1,10,,86756,13,0,6,1,10,,86727,13,,,1,12,,86739,13,,,1,55,,86748,13,,,1,30,,86728,13,,,1,70,,86749,13,,,1,30,,86729,13,,,1,69,,86750,13,,,1,30,,86730,13,,,1,70,,86751,13,,,1,30,,86731,13,,,1,70,,86752,13,,,1,30,,86732,13,,,1,70,,86753,13,,,1,32,,86733,13,,,1,68,,86754,13,,,1,30,,86734,13,,,1
900,'20261014',628,,86758,13,,,1,30,,86779,13,,,1,77,,86759,13,,,1,67,,86780,13,,,1,30,,86760,13,,,1,70,,86781,13,,,1,30,,86761,13,,,1,81,,86784,13,,,1,30,,86764,13,,,1,70,,86785,13,,,1,30,,86765,13,,,1,70,,86786,13,,,1,30,,86766,13,,,1,70,,86787,13,,,1,30,,86767,13,,,1,70,,86788,13,,,1,30,,86768,13,,,1,70,,86789,13,,,1,31,,86769,13,,,1,70,,86790,13,,,1,13,,86762,13,,,1,10,,86799,13,0,6,1,10,,86770,13,,,1,10,,86782,13,,,1,50,,86801,13,0,6,1,10,,86791,13,,,1,10,,86763,13,,,1,10,,86800,13,0,6,1,10,,86771,13,,,1,12,,86783,13,,,1,55,,86792,13,,,1,30,,86772,13,,,1,70,,86793,13,,,1,30,,86773,13,,,1,69,,86794,13,,,1,30,,86774,13,,,1,70,,86795,13,,,1,30,,86775,13,,,1,70,,86796,13,,,1,30,,86776,13,,,1,70,,86797,13,,,1,32,,86777,13,,,1,68,,86798,13,,,1,30,,86778,13,,,1
900,'20261015',628,,86802,13,,,1,30,,86823,13,,,1,77,,86803,13,,,1,67,,86824,13,,,1,30,,86804,13,,,1,70,,86825,13,,,1,30,,86805,13,,,1,81,,86828,13,,,1,30,,86808,13,,,1,70,,86829,13,,,1,30,,86809,13,,,1,70,,86830,13,,,1,30,,86810,13,,,1,70,,86831,13,,,1,30,,86811,13,,,1,70,,86832,13,,,1,30,,86812,13,,,1,70,,86833,13,,,1,31,,86813,13,,,1,70,,86834,13,,,1,13,,86806,13,,,1,10,,86843,13,0,6,1,10,,86814,13,,,1,10,,86826,13,,,1,50,,86845,13,0,6,1,10,,86835,13,,,1,10,,86807,13,,,1,10,,86844,13,0,6,1,10,,86815,13,,,1,12,,86827,13,,,1,55,,86836,13,,,1,30,,86816,13,,,1,70,,86837,13,,,1,30,,86817,13,,,1,69,,86838,13,,,1,30,,86818,13,,,1,70,,86839,13,,,1,30,,86819,13,,,1,70,,86840,13,,,1,30,,86820,13,,,1,70,,86841,13,,,1,32,,86821,13,,,1,68,,86842,13,,,1,30,,86822,13,,,1
900,'20261016',628,,86846,13,,,1,30,,86867,13,,,1,77,,86847,13,,,1,67,,86868,13,,,1,30,,86848,13,,,1,70,,86869,13,,,1,30,,86849,13,,,1,81,,86872,13,,,1,30,,86852,13,,,1,70,,86873,13,,,1,30,,86853,13,,,1,70,,86874,13,,,1,30,,86854,13,,,1,70,,86875,13,,,1,30,,86855,13,,,1,70,,86876,13,,,1,30,,86856,13,,,1,70,,86877,13,,,1,31,,86857,13,,,1,70,,86878,13,,,1,13,,86850,13,,,1,10,,86888,13,0,6,1,10,,86858,13,,,1,10,,86870,13,,,1,50,,86890,13,0,6,1,10,,86879,13,,,1,10,,86851,13,,,1,10,,86889,13,0,6,1,10,,86859,13,,,1,12,,86871,13,,,1,55,,86880,13,,,1,30,,86860,13,,,1,70,,86881,13,,,1,30,,86861,13,,,1,69,,86882,13,,,1,30,,86862,13,,,1,70,,86883,13,,,1,30,,86863,13,,,1,70,,86884,13,,,1,30,,86864,13,,,1,70,,86885,13,,,1,32,,86865,13,,,1,68,,86886,13,,,1,30,,86866,13,,,1,70,,86887,13,,,1
900,'20261017',913,,86907,13,,,1,30,,86891,13,,,1,70,,86908,13,,,1,30,,86892,13,,,1,70,,86909,13,,,1,30,,86893,13,,,1,70,,86910,13,,,1,30,,86894,13,,,1,70,,86911,13,,,1,30,,86895,13,,,1,70,,86912,13,,,1,30,,86896,13,,,1,70,,86913,13,,,1,30,,86897,13,,,1,70,,86914,13,,,1,30,,86898,13,,,1,70,,86915,13,,,1,30,,86899,13,,,1,70,,86916,13,,,1,30,,86900,13,,,1,70,,86917,13,,,1,30,,86901,13,,,1,70,,86918,13,,,1,30,,86902,13,,,1,70,,86919,13,,,1,30,,86903,13,,,1,70,,86920,13,,,1,30,,86904,13,,,1,70,,86921,13,,,1,30,,86905,13,,,1,70,,86922,13,,,1,30,,86906,13,,,1,70,,86923,13,,,1
900,'20261018',913,,92179,13,,,1,30,,86924,13,,,1,70,,92180,13,,,1,30,,86925,13,,,1,70,,92181,13,,,1,30,,86926,13,,,1,70,,92182,13,,,1,30,,86927,13,,,1,70,,92183,13,,,1,30,,86928,13,,,1,70,,92184,13,,,1,30,,86929,13,,,1,70,,92185,13,,,1,30,,86930,13,,,1,70,,92186,13,,,1,30,,86931,13,,,1,70,,92187,13,,,1,30,,86932,13,,,1,70,,92188,13,,,1,30,,86933,13,,,1,70,,92189,13,,,1,30,,86934,13,,,1,70,,92190,13,,,1,30,,86935,13,,,1,70,,92191,13,,,1,30,,86936,13,,,1,70,,92192,13,,,1,30,,86937,13,,,1,70,,92193,13,,,1,30,,86938,13,,,1,70,,92194,13,,,1,30,,86939,13,,,1
900,'20261019',628,,86956,13,,,1,30,,86977,13,,,1,77,,86957,13,,,1,67,,86978,13,,,1,30,,86958,13,,,1,70,,86979,13,,,1,30,,86959,13,,,1,81,,86982,13,,,1,30,,86962,13,,,1,70,,86983,13,,,1,30,,86963,13,,,1,70,,86984,13,,,1,30,,86964,13,,,1,70,,86985,13,,,1,30,,86965,13,,,1,70,,86986,13,,,1,30,,86966,13,,,1,70,,86987,13,,,1,31,,86967,13,,,1,70,,86988,13,,,1,13,,86960,13,,,1,10,,86997,13,0,6,1,10,,86968,13,,,1,10,,86980,13,,,1,50,,86999,13,0,6,1,10,,86989,13,,,1,10,,86961,13,,,1,10,,86998,13,0,6,1,10,,86969,13,,,1,12,,86981,13,,,1,55,,86990,13,,,1,30,,86970,13,,,1,70,,86991,13,,,1,30,,86971,13,,,1,69,,86992,13,,,1,30,,86972,13,,,1,70,,86993,13,,,1,30,,86973,13,,,1,70,,86994,13,,,1,30,,86974,13,,,1,70,,86995,13,,,1,32,,86975,13,,,1,68,,86996,13,,,1,30,,86976,13,,,1
900,'20261020',628,,87000,13,,,1,30,,87021,13,,,1,77,,87001,13,,,1,67,,87022,13,,,1,30,,87002,13,,,1,70,,87023,13,,,1,30,,87003,13,,,1,81,,87026,13,,,1,30,,87006,13,,,1,70,,87027,13,,,1,30,,87007,13,,,1,70,,87028,13,,,1,30,,87008,13,,,1,70,,87029,13,,,1,30,,87009,13,,,1,70,,87030,13,,,1,30,,87010,13,,,1,70,,87031,13,,,1,31,,87011,13,,,1,70,,87032,13,,,1,13,,87004,13,,,1,10,,87041,13,0,6,1,10,,87012,13,,,1,10,,87024,13,,,1,50,,87043,13,0,6,1,10,,87033,13,,,1,10,,87005,13,,,1,10,,87042,13,0,6,1,10,,87013,13,,,1,12,,87025,13,,,1,55,,87034,13,,,1,30,,87014,13,,,1,70,,87035,13,,,1,30,,87015,13,,,1,69,,87036,13,,,1,30,,87016,13,,,1,70,,87037,13,,,1,30,,87017,13,,,1,70,,87038,13,,,1,30,,87018,13,,,1,70,,87039,13,,,1,32,,87019,13,,,1,68,,87040,13,,,1,30,,87020,13,,,1
900,'20261021',628,,87044,13,,,1,30,,87065,13,,,1,77,,87045,13,,,1,67,,87066,13,,,1,30,,87046,13,,,1,70,,87067,13,,,1,30,,87047,13,,,1,81,,87070,13,,,1,30,,87050,13,,,1,70,,87071,13,,,1,30,,87051,13,,,1,70,,87072,13,,,1,30,,87052,13,,,1,70,,87073,13,,,1,30,,87053,13,,,1,70,,87074,13,,,1,30,,87054,13,,,1,70,,87075,13,,,1,31,,87055,13,,,1,70,,87076,13,,,1,13,,87048,13,,,1,10,,87085,13,0,6,1,10,,87056,13,,,1,10,,87068,13,,,1,50,,87087,13,0,6,1,10,,87077,13,,,1,10,,87049,13,,,1,10,,87086,13,0,6,1,10,,87057,13,,,1,12,,87069,13,,,1,55,,87078,13,,,1,30,,87058,13,,,1,70,,87079,13,,,1,30,,87059,13,,,1,69,,87080,13,,,1,30,,87060,13,,,1,70,,87081,13,,,1,30,,87061,13,,,1,70,,87082,13,,,1,30,,87062,13,,,1,70,,87083,13,,,1,32,,87063,13,,,1,68,,87084,13,,,1,30,,87064,13,,,1
900,'20261022',628,,87088,13,,,1,30,,87109,13,,,1,77,,87089,13,,,1,67,,87110,13,,,1,30,,87090,13,,,1,70,,87111,13,,,1,30,,87091,13,,,1,81,,87114,13,,,1,30,,87094,13,,,1,70,,87115,13,,,1,30,,87095,13,,,1,70,,87116,13,,,1,30,,87096,13,,,1,70,,87117,13,,,1,30,,87097,13,,,1,70,,87118,13,,,1,30,,87098,13,,,1,70,,87119,13,,,1,31,,87099,13,,,1,70,,87120,13,,,1,13,,87092,13,,,1,10,,87129,13,0,6,1,10,,87100,13,,,1,10,,87112,13,,,1,50,,87131,13,0,6,1,10,,87121,13,,,1,10,,87093,13,,,1,10,,87130,13,0,6,1,10,,87101,13,,,1,12,,87113,13,,,1,55,,87122,13,,,1,30,,87102,13,,,1,70,,87123,13,,,1,30,,87103,13,,,1,69,,87124,13,,,1,30,,87104,13,,,1,70,,87125,13,,,1,30,,87105,13,,,1,70,,87126,13,,,1,30,,87106,13,,,1,70,,87127,13,,,1,32,,87107,13,,,1,68,,87128,13,,,1,30,,87108,13,,,1
900,'20261023',628,,87132,13,,,1,30,,87153,13,,,1,77,,87133,13,,,1,67,,87154,13,,,1,30,,87134,13,,,1,70,,87155,13,,,1,30,,87135,13,,,1,81,,87158,13,,,1,30,,87138,13,,,1,70,,87159,13,,,1,30,,87139,13,,,1,70,,87160,13,,,1,30,,87140,13,,,1,70,,87161,13,,,1,30,,87141,13,,,1,70,,87162,13,,,1,30,,87142,13,,,1,70,,87163,13,,,1,31,,87143,13,,,1,70,,87164,13,,,1,13,,87136,13,,,1,10,,87174,13,0,6,1,10,,87144,13,,,1,10,,87156,13,,,1,50,,87176,13,0,6,1,10,,87165,13,,,1,10,,87137,13,,,1,10,,87175,13,0,6,1,10,,87145,13,,,1,12,,87157,13,,,1,55,,87166,13,,,1,30,,87146,13,,,1,70,,87167,13,,,1,30,,87147,13,,,1,69,,87168,13,,,1,30,,87148,13,,,1,70,,87169,13,,,1,30,,87149,13,,,1,70,,87170,13,,,1,30,,87150,13,,,1,70,,87171,13,,,1,32,,87151,13,,,1,68,,87172,13,,,1,30,,87152,13,,,1,70,,87173,13,,,1
900,'20261024',913,,87193,13,,,1,30,,87177,13,,,1,70,,87194,13,,,1,30,,87178,13,,,1,70,,87195,13,,,1,30,,87179,13,,,1,70,,87196,13,,,1,30,,87180,13,,,1,70,,87197,13,,,1,30,,87181,13,,,1,70,,87198,13,,,1,30,,87182,13,,,1,70,,87199,13,,,1,30,,87183,13,,,1,70,,87200,13,,,1,30,,87184,13,,,1,70,,87201,13,,,1,30,,87185,13,,,1,70,,87202,13,,,1,30,,87186,13,,,1,70,,87203,13,,,1,30,,87187,13,,,1,70,,87204,13,,,1,30,,87188,13,,,1,70,,87205,13,,,1,30,,87189,13,,,1,70,,87206,13,,,1,30,,87190,13,,,1,70,,87207,13,,,1,30,,87191,13,,,1,70,,87208,13,,,1,30,,87192,13,,,1,70,,87209,13,,,1
900,'20261025',913,,92195,13,,,1,30,,87210,13,,,1,70,,92196,13,,,1,30,,87211,13,,,1,70,,92197,13,,,1,30,,87212,13,,,1,70,,92198,13,,,1,30,,87213,13,,,1,70,,92199,13,,,1,30,,87214,13,,,1,70,,92200,13,,,1,30,,87215,13,,,1,70,,92201,13,,,1,30,,87216,13,,,1,70,,92202,13,,,1,30,,87217,13,,,1,70,,92203,13,,,1,30,,87218,13,,,1,70,,92204,13,,,1,30,,87219,13,,,1,70,,92205,13,,,1,30,,87220,13,,,1,70,,92206,13,,,1,30,,87221,13,,,1,70,,92207,13,,,1,30,,87222,13,,,1,70,,92208,13,,,1,30,,87223,13,,,1,70,,92209,13,,,1,30,,87224,13,,,1,70,,92210,13,,,1,30,,87225,13,,,1
900,'20261026',628,,87242,13,,,1,30,,87263,13,,,1,77,,87243,13,,,1,67,,87264,13,,,1,30,,87244,13,,,1,70,,87265,13,,,1,30,,87245,13,,,1,81,,87268,13,,,1,30,,87248,13,,,1,70,,87269,13,,,1,30,,87249,13,,,1,70,,87270,13,,,1,30,,87250,13,,,1,70,,87271,13,,,1,30,,87251,13,,,1,70,,87272,13,,,1,30,,87252,13,,,1,70,,87273,13,,,1,31,,87253,13,,,1,70,,87274,13,,,1,13,,87246,13,,,1,10,,87283,13,0,6,1,10,,87254,13,,,1,10,,87266,13,,,1,50,,87285,13,0,6,1,10,,87275,13,,,1,10,,87247,13,,,1,10,,87284,13,0,6,1,10,,87255,13,,,1,12,,87267,13,,,1,55,,87276,13,,,1,30,,87256,13,,,1,70,,87277,13,,,1,30,,87257,13,,,1,69,,87278,13,,,1,30,,87258,13,,,1,70,,87279,13,,,1,30,,87259,13,,,1,70,,87280,13,,,1,30,,87260,13,,,1,70,,87281,13,,,1,32,,87261,13,,,1,68,,87282,13,,,1,30,,87262,13,,,1
900,'20261027',628,,87286,13,,,1,30,,87307,13,,,1,77,,87287,13,,,1,67,,87308,13,,,1,30,,87288,13,,,1,70,,87309,13,,,1,30,,87289,13,,,1,81,,87312,13,,,1,30,,87292,13,,,1,70,,87313,13,,,1,30,,87293,13,,,1,70,,87314,13,,,1,30,,87294,13,,,1,70,,87315,13,,,1,30,,87295,13,,,1,70,,87316,13,,,1,30,,87296,13,,,1,70,,87317,13,,,1,31,,87297,13,,,1,70,,87318,13,,,1,13,,87290,13,,,1,10,,87327,13,0,6,1,10,,87298,13,,,1,10,,87310,13,,,1,50,,87329,13,0,6,1,10,,87319,13,,,1,10,,87291,13,,,1,10,,87328,13,0,6,1,10,,87299,13,,,1,12,,87311,13,,,1,55,,87320,13,,,1,30,,87300,13,,,1,70,,87321,13,,,1,30,,87301,13,,,1,69,,87322,13,,,1,30,,87302,13,,,1,70,,87323,13,,,1,30,,87303,13,,,1,70,,87324,13,,,1,30,,87304,13,,,1,70,,87325,13,,,1,32,,87305,13,,,1,68,,87326,13,,,1,30,,87306,13,,,1
900,'20261028',628,,87330,13,,,1,30,,87351,13,,,1,77,,87331,13,,,1,67,,87352,13,,,1,30,,87332,13,,,1,70,,87353,13,,,1,30,,87333,13,,,1,81,,87356,13,,,1,30,,87336,13,,,1,70,,87357,13,,,1,30,,87337,13,,,1,70,,87358,13,,,1,30,,87338,13,,,1,70,,87359,13,,,1,30,,87339,13,,,1,70,,87360,13,,,1,30,,87340,13,,,1,70,,87361,13,,,1,31,,87341,13,,,1,70,,87362,13,,,1,13,,87334,13,,,1,10,,87371,13,0,6,1,10,,87342,13,,,1,10,,87354,13,,,1,50,,87373,13,0,6,1,10,,87363,13,,,1,10,,87335,13,,,1,10,,87372,13,0,6,1,10,,87343,13,,,1,12,,87355,13,,,1,55,,87364,13,,,1,30,,87344,13,,,1,70,,87365,13,,,1,30,,87345,13,,,1,69,,87366,13,,,1,30,,87346,13,,,1,70,,87367,13,,,1,30,,87347,13,,,1,70,,87368,13,,,1,30,,87348,13,,,1,70,,87369,13,,,1,32,,87349,13,,,1,68,,87370,13,,,1,30,,87350,13,,,1
900,'20261029',628,,87374,13,,,1,30,,87395,13,,,1,77,,87375,13,,,1,67,,87396,13,,,1,30,,87376,13,,,1,70,,87397,13,,,1,30,,87377,13,,,1,81,,87400,13,,,1,30,,87380,13,,,1,70,,87401,13,,,1,30,,87381,13,,,1,70,,87402,13,,,1,30,,87382,13,,,1,70,,87403,13,,,1,30,,87383,13,,,1,70,,87404,13,,,1,30,,87384,13,,,1,70,,87405,13,,,1,31,,87385,13,,,1,70,,87406,13,,,1,13,,87378,13,,,1,10,,87415,13,0,6,1,10,,87386,13,,,1,10,,87398,13,,,1,50,,87417,13,0,6,1,10,,87407,13,,,1,10,,87379,13,,,1,10,,87416,13,0,6,1,10,,87387,13,,,1,12,,87399,13,,,1,55,,87408,13,,,1,30,,87388,13,,,1,70,,87409,13,,,1,30,,87389,13,,,1,69,,87410,13,,,1,30,,87390,13,,,1,70,,87411,13,,,1,30,,87391,13,,,1,70,,87412,13,,,1,30,,87392,13,,,1,70,,87413,13,,,1,32,,87393,13,,,1,68,,87414,13,,,1,30,,87394,13,,,1
900,'20261030',628,,87418,13,,,1,30,,87439,13,,,1,77,,87419,13,,,1,67,,87440,13,,,1,30,,87420,13,,,1,70,,87441,13,,,1,30,,87421,13,,,1,81,,87444,13,,,1,30,,87424,13,,,1,70,,87445,13,,,1,30,,87425,13,,,1,70,,87446,13,,,1,30,,87426,13,,,1,70,,87447,13,,,1,30,,87427,13,,,1,70,,87448,13,,,1,30,,87428,13,,,1,70,,87449,13,,,1,31,,87429,13,,,1,70,,87450,13,,,1,13,,87422,13,,,1,10,,87460,13,0,6,1,10,,87430,13,,,1,10,,87442,13,,,1,50,,87462,13,0,6,1,10,,87451,13,,,1,10,,87423,13,,,1,10,,87461,13,0,6,1,10,,87431,13,,,1,12,,87443,13,,,1,55,,87452,13,,,1,30,,87432,13,,,1,70,,87453,13,,,1,30,,87433,13,,,1,69,,87454,13,,,1,30,,87434,13,,,1,70,,87455,13,,,1,30,,87435,13,,,1,70,,87456,13,,,1,30,,87436,13,,,1,70,,87457,13,,,1,32,,87437,13,,,1,68,,87458,13,,,1,30,,87438,13,,,1,70,,87459,13,,,1
900,'20261031',913,,87479,13,,,1,30,,87463,13,,,1,70,,87480,13,,,1,30,,87464,13,,,1,70,,87481,13,,,1,30,,87465,13,,,1,70,,87482,13,,,1,30,,87466,13,,,1,70,,87483,13,,,1,30,,87467,13,,,1,70,,87484,13,,,1,30,,87468,13,,,1,70,,87485,13,,,1,30,,87469,13,,,1,70,,87486,13,,,1,30,,87470,13,,,1,70,,87487,13,,,1,30,,87471,13,,,1,70,,87488,13,,,1,30,,87472,13,,,1,70,,87489,13,,,1,30,,87473,13,,,1,70,,87490,13,,,1,30,,87474,13,,,1,70,,87491,13,,,1,30,,87475,13,,,1,70,,87492,13,,,1,30,,87476,13,,,1,70,,87493,13,,,1,30,,87477,13,,,1,70,,87494,13,,,1,30,,87478,13,,,1,70,,87495,13,,,1
900,'20261101',913,,92211,13,,,1,30,,87496,13,,,1,70,,92212,13,,,1,30,,87497,13,,,1,70,,92213,13,,,1,30,,87498,13,,,1,70,,92214,13,,,1,30,,87499,13,,,1,70,,92215,13,,,1,30,,87500,13,,,1,70,,92216,13,,,1,30,,87501,13,,,1,70,,92217,13,,,1,30,,87502,13,,,1,70,,92218,13,,,1,30,,87503,13,,,1,70,,92219,13,,,1,30,,87504,13,,,1,70,,92220,13,,,1,30,,87505,13,,,1,70,,92221,13,,,1,30,,87506,13,,,1,70,,92222,13,,,1,30,,87507,13,,,1,70,,92223,13,,,1,30,,87508,13,,,1,70,,92224,13,,,1,30,,87509,13,,,1,70,,92225,13,,,1,30,,87510,13,,,1,70,,92226,13,,,1,30,,87511,13,,,1
900,'20261102',628,,87528,13,,,1,30,,87549,13,,,1,77,,87529,13,,,1,67,,87550,13,,,1,30,,87530,13,,,1,70,,87551,13,,,1,30,,87531,13,,,1,81,,87554,13,,,1,30,,87534,13,,,1,70,,87555,13,,,1,30,,87535,13,,,1,70,,87556,13,,,1,30,,87536,13,,,1,70,,87557,13,,,1,30,,87537,13,,,1,70,,87558,13,,,1,30,,87538,13,,,1,70,,87559,13,,,1,31,,87539,13,,,1,70,,87560,13,,,1,13,,87532,13,,,1,10,,87569,13,0,6,1,10,,87540,13,,,1,10,,87552,13,,,1,50,,87571,13,0,6,1,10,,87561,13,,,1,10,,87533,13,,,1,10,,87570,13,0,6,1,10,,87541,13,,,1,12,,87553,13,,,1,55,,87562,13,,,1,30,,87542,13,,,1,70,,87563,13,,,1,30,,87543,13,,,1,69,,87564,13,,,1,30,,87544,13,,,1,70,,87565,13,,,1,30,,87545,13,,,1,70,,87566,13,,,1,30,,87546,13,,,1,70,,87567,13,,,1,32,,87547,13,,,1,68,,87568,13,,,1,30,,87548,13,,,1
900,'20261103',628,,87572,13,,,1,30,,87593,13,,,1,77,,87573,13,,,1,67,,87594,13,,,1,30,,87574,13,,,1,70,,87595,13,,,1,30,,87575,13,,,1,81,,87598,13,,,1,30,,87578,13,,,1,70,,87599,13,,,1,30,,87579,13,,,1,70,,87600,13,,,1,30,,87580,13,,,1,70,,87601,13,,,1,30,,87581,13,,,1,70,,87602,13,,,1,30,,87582,13,,,1,70,,87603,13,,,1,31,,87583,13,,,1,70,,87604,13,,,1,13,,87576,13,,,1,10,,87613,13,0,6,1,10,,87584,13,,,1,10,,87596,13,,,1,50,,87615,13,0,6,1,10,,87605,13,,,1,10,,87577,13,,,1,10,,87614,13,0,6,1,10,,87585,13,,,1,12,,87597,13,,,1,55,,87606,13,,,1,30,,87586,13,,,1,70,,87607,13,,,1,30,,87587,13,,,1,69,,87608,13,,,1,30,,87588,13,,,1,70,,87609,13,,,1,30,,87589,13,,,1,70,,87610,13,,,1,30,,87590,13,,,1,70,,87611,13,,,1,32,,87591,13,,,1,68,,87612,13,,,1,30,,87592,13,,,1
900,'20261104',628,,87616,13,,,1,30,,87637,13,,,1,77,,87617,13,,,1,67,,87638,13,,,1,30,,87618,13,,,1,70,,87639,13,,,1,30,,87619,13,,,1,81,,87642,13,,,1,30,,87622,13,,,1,70,,87643,13,,,1,30,,87623,13,,,1,70,,87644,13,,,1,30,,87624,13,,,1,70,,87645,13,,,1,30,,87625,13,,,1,70,,87646,13,,,1,30,,87626,13,,,1,70,,87647,13,,,1,31,,87627,13,,,1,70,,87648,13,,,1,13,,87620,13,,,1,10,,87657,13,0,6,1,10,,87628,13,,,1,10,,87640,13,,,1,50,,87659,13,0,6,1,10,,87649,13,,,1,10,,87621,13,,,1,10,,87658,13,0,6,1,10,,87629,13,,,1,12,,87641,13,,,1,55,,87650,13,,,1,30,,87630,13,,,1,70,,87651,13,,,1,30,,87631,13,,,1,69,,87652,13,,,1,30,,87632,13,,,1,70,,87653,13,,,1,30,,87633,13,,,1,70,,87654,13,,,1,30,,87634,13,,,1,70,,87655,13,,,1,32,,87635,13,,,1,68,,87656,13,,,1,30,,87636,13,,,1
900,'20261105',628,,87660,13,,,1,30,,87681,13,,,1,77,,87661,13,,,1,67,,87682,13,,,1,30,,87662,13,,,1,70,,87683,13,,,1,30,,87663,13,,,1,81,,87686,13,,,1,30,,87666,13,,,1,70,,87687,13,,,1,30,,87667,13,,,1,70,,87688,13,,,1,30,,87668,13,,,1,70,,87689,13,,,1,30,,87669,13,,,1,70,,87690,13,,,1,30,,87670,13,,,1,70,,87691,13,,,1,31,,87671,13,,,1,70,,87692,13,,,1,13,,87664,13,,,1,10,,87701,13,0,6,1,10,,87672,13,,,1,10,,87684,13,,,1,50,,87703,13,0,6,1,10,,87693,13,,,1,10,,87665,13,,,1,10,,87702,13,0,6,1,10,,87673,13,,,1,12,,87685,13,,,1,55,,87694,13,,,1,30,,87674,13,,,1,70,,87695,13,,,1,30,,87675,13,,,1,69,,87696,13,,,1,30,,87676,13,,,1,70,,87697,13,,,1,30,,87677,13,,,1,70,,87698,13,,,1,30,,87678,13,,,1,70,,87699,13,,,1,32,,87679,13,,,1,68,,87700,13,,,1,30,,87680,13,,,1
900,'20261106',628,,87704,13,,,1,30,,87725,13,,,1,77,,87705,13,,,1,67,,87726,13,,,1,30,,87706,13,,,1,70,,87727,13,,,1,30,,87707,13,,,1,81,,87730,13,,,1,30,,87710,13,,,1,70,,87731,13,,,1,30,,87711,13,,,1,70,,87732,13,,,1,30,,87712,13,,,1,70,,87733,13,,,1,30,,87713,13,,,1,70,,87734,13,,,1,30,,87714,13,,,1,70,,87735,13,,,1,31,,87715,13,,,1,70,,87736,13,,,1,13,,87708,13,,,1,10,,87746,13,0,6,1,10,,87716,13,,,1,10,,87728,13,,,1,50,,87748,13,0,6,1,10,,87737,13,,,1,10,,87709,13,,,1,10,,87747,13,0,6,1,10,,87717,13,,,1,12,,87729,13,,,1,55,,87738,13,,,1,30,,87718,13,,,1,70,,87739,13,,,1,30,,87719,13,,,1,69,,87740,13,,,1,30,,87720,13,,,1,70,,87741,13,,,1,30,,87721,13,,,1,70,,87742,13,,,1,30,,87722,13,,,1,70,,87743,13,,,1,32,,87723,13,,,1,68,,87744,13,,,1,30,,87724,13,,,1,70,,87745,13,,,1
900,'20261107',913,,87765,13,,,1,30,,87749,13,,,1,70,,87766,13,,,1,30,,87750,13,,,1,70,,87767,13,,,1,30,,87751,13,,,1,70,,87768,13,,,1,30,,87752,13,,,1,70,,87769,13,,,1,30,,87753,13,,,1,70,,87770,13,,,1,30,,87754,13,,,1,70,,87771,13,,,1,30,,87755,13,,,1,70,,87772,13,,,1,30,,87756,13,,,1,70,,87773,13,,,1,30,,87757,13,,,1,70,,87774,13,,,1,30,,87758,13,,,1,70,,87775,13,,,1,30,,87759,13,,,1,70,,87776,13,,,1,30,,87760,13,,,1,70,,87777,13,,,1,30,,87761,13,,,1,70,,87778,13,,,1,30,,87762,13,,,1,70,,87779,13,,,1,30,,87763,13,,,1,70,,87780,13,,,1,30,,87764,13,,,1,70,,87781,13,,,1
900,'20261108',913,,92227,13,,,1,30,,87782,13,,,1,70,,92228,13,,,1,30,,87783,13,,,1,70,,92229,13,,,1,30,,87784,13,,,1,70,,92230,13,,,1,30,,87785,13,,,1,70,,92231,13,,,1,30,,87786,13,,,1,70,,92232,13,,,1,30,,87787,13,,,1,70,,92233,13,,,1,30,,87788,13,,,1,70,,92234,13,,,1,30,,87789,13,,,1,70,,92235,13,,,1,30,,87790,13,,,1,70,,92236,13,,,1,30,,87791,13,,,1,70,,92237,13,,,1,30,,87792,13,,,1,70,,92238,13,,,1,30,,87793,13,,,1,70,,92239,13,,,1,30,,87794,13,,,1,70,,92240,13,,,1,30,,87795,13,,,1,70,,92241,13,,,1,30,,87796,13,,,1,70,,92242,13,,,1,30,,87797,13,,,1
900,'20261109',628,,87814,13,,,1,30,,87835,13,,,1,77,,87815,13,,,1,67,,87836,13,,,1,30,,87816,13,,,1,70,,87837,13,,,1,30,,87817,13,,,1,81,,87840,13,,,1,30,,87820,13,,,1,70,,87841,13,,,1,30,,87821,13,,,1,70,,87842,13,,,1,30,,87822,13,,,1,70,,87843,13,,,1,30,,87823,13,,,1,70,,87844,13,,,1,30,,87824,13,,,1,70,,87845,13,,,1,31,,87825,13,,,1,70,,87846,13,,,1,13,,87818,13,,,1,10,,87855,13,0,6,1,10,,87826,13,,,1,10,,87838,13,,,1,50,,87857,13,0,6,1,10,,87847,13,,,1,10,,87819,13,,,1,10,,87856,13,0,6,1,10,,87827,13,,,1,12,,87839,13,,,1,55,,87848,13,,,1,30,,87828,13,,,1,70,,87849,13,,,1,30,,87829,13,,,1,69,,87850,13,,,1,30,,87830,13,,,1,70,,87851,13,,,1,30,,87831,13,,,1,70,,87852,13,,,1,30,,87832,13,,,1,70,,87853,13,,,1,32,,87833,13,,,1,68,,87854,13,,,1,30,,87834,13,,,1
900,'20261110',628,,87858,13,,,1,30,,87879,13,,,1,77,,87859,13,,,1,67,,87880,13,,,1,30,,87860,13,,,1,70,,87881,13,,,1,30,,87861,13,,,1,81,,87884,13,,,1,30,,87864,13,,,1,70,,87885,13,,,1,30,,87865,13,,,1,70,,87886,13,,,1,30,,87866,13,,,1,70,,87887,13,,,1,30,,87867,13,,,1,70,,87888,13,,,1,30,,87868,13,,,1,70,,87889,13,,,1,31,,87869,13,,,1,70,,87890,13,,,1,13,,87862,13,,,1,10,,87899,13,0,6,1,10,,87870,13,,,1,10,,87882,13,,,1,50,,87901,13,0,6,1,10,,87891,13,,,1,10,,87863,13,,,1,10,,87900,13,0,6,1,10,,87871,13,,,1,12,,87883,13,,,1,55,,87892,13,,,1,30,,87872,13,,,1,70,,87893,13,,,1,30,,87873,13,,,1,69,,87894,13,,,1,30,,87874,13,,,1,70,,87895,13,,,1,30,,87875,13,,,1,70,,87896,13,,,1,30,,87876,13,,,1,70,,87897,13,,,1,32,,87877,13,,,1,68,,87898,13,,,1,30,,87878,13,,,1
900,'20261111',628,,87902,13,,,1,30,,87923,13,,,1,77,,87903,13,,,1,67,,87924,13,,,1,30,,87904,13,,,1,70,,87925,13,,,1,30,,87905,13,,,1,81,,87928,13,,,1,30,,87908,13,,,1,70,,87929,13,,,1,30,,87909,13,,,1,70,,87930,13,,,1,30,,87910,13,,,1,70,,87931,13,,,1,30,,87911,13,,,1,70,,87932,13,,,1,30,,87912,13,,,1,70,,87933,13,,,1,31,,87913,13,,,1,70,,87934,13,,,1,13,,87906,13,,,1,10,,87943,13,0,6,1,10,,87914,13,,,1,10,,87926,13,,,1,50,,87945,13,0,6,1,10,,87935,13,,,1,10,,87907,13,,,1,10,,87944,13,0,6,1,10,,87915,13,,,1,12,,87927,13,,,1,55,,87936,13,,,1,30,,87916,13,,,1,70,,87937,13,,,1,30,,87917,13,,,1,69,,87938,13,,,1,30,,87918,13,,,1,70,,87939,13,,,1,30,,87919,13,,,1,70,,87940,13,,,1,30,,87920,13,,,1,70,,87941,13,,,1,32,,87921,13,,,1,68,,87942,13,,,1,30,,87922,13,,,1
900,'20261112',628,,87946,13,,,1,30,,87967,13,,,1,77,,87947,13,,,1,67,,87968,13,,,1,30,,87948,13,,,1,70,,87969,13,,,1,30,,87949,13,,,1,81,,87972,13,,,1,30,,87952,13,,,1,70,,87973,13,,,1,30,,87953,13,,,1,70,,87974,13,,,1,30,,87954,13,,,1,70,,87975,13,,,1,30,,87955,13,,,1,70,,87976,13,,,1,30,,87956,13,,,1,70,,87977,13,,,1,31,,87957,13,,,1,70,,87978,13,,,1,13,,87950,13,,,1,10,,87987,13,0,6,1,10,,87958,13,,,1,10,,87970,13,,,1,50,,87989,13,0,6,1,10,,87979,13,,,1,10,,87951,13,,,1,10,,87988,13,0,6,1,10,,87959,13,,,1,12,,87971,13,,,1,55,,87980,13,,,1,30,,87960,13,,,1,70,,87981,13,,,1,30,,87961,13,,,1,69,,87982,13,,,1,30,,87962,13,,,1,70,,87983,13,,,1,30,,87963,13,,,1,70,,87984,13,,,1,30,,87964,13,,,1,70,,87985,13,,,1,32,,87965,13,,,1,68,,87986,13,,,1,30,,87966,13,,,1
900,'20261113',628,,87990,13,,,1,30,,88011,13,,,1,77,,87991,13,,,1,67,,88012,13,,,1,30,,87992,13,,,1,70,,88013,13,,,1,30,,87993,13,,,1,81,,88016,13,,,1,30,,87996,13,,,1,70,,88017,13,,,1,30,,87997,13,,,1,70,,88018,13,,,1,30,,87998,13,,,1,70,,88019,13,,,1,30,,87999,13,,,1,70,,88020,13,,,1,30,,88000,13,,,1,70,,88021,13,,,1,31,,88001,13,,,1,70,,88022,13,,,1,13,,87994,13,,,1,10,,88032,13,0,6,1,10,,88002,13,,,1,10,,88014,13,,,1,50,,88034,13,0,6,1,10,,88023,13,,,1,10,,87995,13,,,1,10,,88033,13,0,6,1,10,,88003,13,,,1,12,,88015,13,,,1,55,,88024,13,,,1,30,,88004,13,,,1,70,,88025,13,,,1,30,,88005,13,,,1,69,,88026,13,,,1,30,,88006,13,,,1,70,,88027,13,,,1,30,,88007,13,,,1,70,,88028,13,,,1,30,,88008,13,,,1,70,,88029,13,,,1,32,,88009,13,,,1,68,,88030,13,,,1,30,,88010,13,,,1,70,,88031,13,,,1
900,'20261114',913,,88051,13,,,1,30,,88035,13,,,1,70,,88052,13,,,1,30,,88036,13,,,1,70,,88053,13,,,1,30,,88037,13,,,1,70,,88054,13,,,1,30,,88038,13,,,1,70,,88055,13,,,1,30,,88039,13,,,1,70,,88056,13,,,1,30,,88040,13,,,1,70,,88057,13,,,1,30,,88041,13,,,1,70,,88058,13,,,1,30,,88042,13,,,1,70,,88059,13,,,1,30,,88043,13,,,1,70,,88060,13,,,1,30,,88044,13,,,1,70,,88061,13,,,1,30,,88045,13,,,1,70,,88062,13,,,1,30,,88046,13,,,1,70,,88063,13,,,1,30,,88047,13,,,1,70,,88064,13,,,1,30,,88048,13,,,1,70,,88065,13,,,1,30,,88049,13,,,1,70,,88066,13,,,1,30,,88050,13,,,1,70,,88067,13,,,1
900,'20261115',913,,92243,13,,,1,30,,88068,13,,,1,70,,92244,13,,,1,30,,88069,13,,,1,70,,92245,13,,,1,30,,88070,13,,,1,70,,92246,13,,,1,30,,88071,13,,,1,70,,92247,13,,,1,30,,88072,13,,,1,70,,92248,13,,,1,30,,88073,13,,,1,70,,92249,13,,,1,30,,88074,13,,,1,70,,92250,13,,,1,30,,88075,13,,,1,70,,92251,13,,,1,30,,88076,13,,,1,70,,92252,13,,,1,30,,88077,13,,,1,70,,92253,13,,,1,30,,88078,13,,,1,70,,92254,13,,,1,30,,88079,13,,,1,70,,92255,13,,,1,30,,88080,13,,,1,70,,92256,13,,,1,30,,88081,13,,,1,70,,92257,13,,,1,30,,88082,13,,,1,70,,92258,13,,,1,30,,88083,13,,,1
900,'20261116',628,,88100,13,,,1,30,,88121,13,,,1,77,,88101,13,,,1,67,,88122,13,,,1,30,,88102,13,,,1,70,,88123,13,,,1,30,,88103,13,,,1,81,,88126,13,,,1,30,,88106,13,,,1,70,,88127,13,,,1,30,,88107,13,,,1,70,,88128,13,,,1,30,,88108,13,,,1,70,,88129,13,,,1,30,,88109,13,,,1,70,,88130,13,,,1,30,,88110,13,,,1,70,,88131,13,,,1,31,,88111,13,,,1,70,,88132,13,,,1,13,,88104,13,,,1,10,,88141,13,0,6,1,10,,88112,13,,,1,10,,88124,13,,,1,50,,88143,13,0,6,1,10,,88133,13,,,1,10,,88105,13,,,1,10,,88142,13,0,6,1,10,,88113,13,,,1,12,,88125,13,,,1,55,,88134,13,,,1,30,,88114,13,,,1,70,,88135,13,,,1,30,,88115,13,,,1,69,,88136,13,,,1,30,,88116,13,,,1,70,,88137,13,,,1,30,,88117,13,,,1,70,,88138,13,,,1,30,,88118,13,,,1,70,,88139,13,,,1,32,,88119,13,,,1,68,,88140,13,,,1,30,,88120,13,,,1
900,'20261117',628,,88144,13,,,1,30,,88165,13,,,1,77,,88145,13,,,1,67,,88166,13,,,1,30,,88146,13,,,1,70,,88167,13,,,1,30,,88147,13,,,1,81,,88170,13,,,1,30,,88150,13,,,1,70,,88171,13,,,1,30,,88151,13,,,1,70,,88172,13,,,1,30,,88152,13,,,1,70,,88173,13,,,1,30,,88153,13,,,1,70,,88174,13,,,1,30,,88154,13,,,1,70,,88175,13,,,1,31,,88155,13,,,1,70,,88176,13,,,1,13,,88148,13,,,1,10,,88185,13,0,6,1,10,,88156,13,,,1,10,,88168,13,,,1,50,,88187,13,0,6,1,10,,88177,13,,,1,10,,88149,13,,,1,10,,88186,13,0,6,1,10,,88157,13,,,1,12,,88169,13,,,1,55,,88178,13,,,1,30,,88158,13,,,1,70,,88179,13,,,1,30,,88159,13,,,1,69,,88180,13,,,1,30,,88160,13,,,1,70,,88181,13,,,1,30,,88161,13,,,1,70,,88182,13,,,1,30,,88162,13,,,1,70,,88183,13,,,1,32,,88163,13,,,1,68,,88184,13,,,1,30,,88164,13,,,1
900,'20261118',628,,88188,13,,,1,30,,88209,13,,,1,77,,88189,13,,,1,67,,88210,13,,,1,30,,88190,13,,,1,70,,88211,13,,,1,30,,88191,13,,,1,81,,88214,13,,,1,30,,88194,13,,,1,70,,88215,13,,,1,30,,88195,13,,,1,70,,88216,13,,,1,30,,88196,13,,,1,70,,88217,13,,,1,30,,88197,13,,,1,70,,88218,13,,,1,30,,88198,13,,,1,70,,88219,13,,,1,31,,88199,13,,,1,70,,88220,13,,,1,13,,88192,13,,,1,10,,88229,13,0,6,1,10,,88200,13,,,1,10,,88212,13,,,1,50,,88231,13,0,6,1,10,,88221,13,,,1,10,,88193,13,,,1,10,,88230,13,0,6,1,10,,88201,13,,,1,12,,88213,13,,,1,55,,88222,13,,,1,30,,88202,13,,,1,70,,88223,13,,,1,30,,88203,13,,,1,69,,88224,13,,,1,30,,88204,13,,,1,70,,88225,13,,,1,30,,88205,13,,,1,70,,88226,13,,,1,30,,88206,13,,,1,70,,88227,13,,,1,32,,88207,13,,,1,68,,88228,13,,,1,30,,88208,13,,,1
900,'20261119',628,,88232,13,,,1,30,,88253,13,,,1,77,,88233,13,,,1,67,,88254,13,,,1,30,,88234,13,,,1,70,,88255,13,,,1,30,,88235,13,,,1,81,,88258,13,,,1,30,,88238,13,,,1,70,,88259,13,,,1,30,,88239,13,,,1,70,,88260,13,,,1,30,,88240,13,,,1,70,,88261,13,,,1,30,,88241,13,,,1,70,,88262,13,,,1,30,,88242,13,,,1,70,,88263,13,,,1,31,,88243,13,,,1,70,,88264,13,,,1,13,,88236,13,,,1,10,,88273,13,0,6,1,10,,88244,13,,,1,10,,88256,13,,,1,50,,88275,13,0,6,1,10,,88265,13,,,1,10,,88237,13,,,1,10,,88274,13,0,6,1,10,,88245,13,,,1,12,,88257,13,,,1,55,,88266,13,,,1,30,,88246,13,,,1,70,,88267,13,,,1,30,,88247,13,,,1,69,,88268,13,,,1,30,,88248,13,,,1,70,,88269,13,,,1,30,,88249,13,,,1,70,,88270,13,,,1,30,,88250,13,,,1,70,,88271,13,,,1,32,,88251,13,,,1,68,,88272,13,,,1,30,,88252,13,,,1
900,'20261120',628,,88276,13,,,1,30,,88297,13,,,1,77,,88277,13,,,1,67,,88298,13,,,1,30,,88278,13,,,1,70,,88299,13,,,1,30,,88279,13,,,1,81,,88302,13,,,1,30,,88282,13,,,1,70,,88303,13,,,1,30,,88283,13,,,1,70,,88304,13,,,1,30,,88284,13,,,1,70,,88305,13,,,1,30,,88285,13,,,1,70,,88306,13,,,1,30,,88286,13,,,1,70,,88307,13,,,1,31,,88287,13,,,1,70,,88308,13,,,1,13,,88280,13,,,1,10,,88318,13,0,6,1,10,,88288,13,,,1,10,,88300,13,,,1,50,,88320,13,0,6,1,10,,88309,13,,,1,10,,88281,13,,,1,10,,88319,13,0,6,1,10,,88289,13,,,1,12,,88301,13,,,1,55,,88310,13,,,1,30,,88290,13,,,1,70,,88311,13,,,1,30,,88291,13,,,1,69,,88312,13,,,1,30,,88292,13,,,1,70,,88313,13,,,1,30,,88293,13,,,1,70,,88314,13,,,1,30,,88294,13,,,1,70,,88315,13,,,1,32,,88295,13,,,1,68,,88316,13,,,1,30,,88296,13,,,1,70,,88317,13,,,1
900,'20261121',913,,88337,13,,,1,30,,88321,13,,,1,70,,88338,13,,,1,30,,88322,13,,,1,70,,88339,13,,,1,30,,88323,13,,,1,70,,88340,13,,,1,30,,88324,13,,,1,70,,88341,13,,,1,30,,88325,13,,,1,70,,88342,13,,,1,30,,88326,13,,,1,70,,88343,13,,,1,30,,88327,13,,,1,70,,88344,13,,,1,30,,88328,13,,,1,70,,88345,13,,,1,30,,88329,13,,,1,70,,88346,13,,,1,30,,88330,13,,,1,70,,88347,13,,,1,30,,88331,13,,,1,70,,88348,13,,,1,30,,88332,13,,,1,70,,88349,13,,,1,30,,88333,13,,,1,70,,88350,13,,,1,30,,88334,13,,,1,70,,88351,13,,,1,30,,88335,13,,,1,70,,88352,13,,,1,30,,88336,13,,,1,70,,88353,13,,,1
900,'20261122',913,,92259,13,,,1,30,,88354,13,,,1,70,,92260,13,,,1,30,,88355,13,,,1,70,,92261,13,,,1,30,,88356,13,,,1,70,,92262,13,,,1,30,,88357,13,,,1,70,,92263,13,,,1,30,,88358,13,,,1,70,,92264,13,,,1,30,,88359,13,,,1,70,,92265,13,,,1,30,,88360,13,,,1,70,,92266,13,,,1,30,,88361,13,,,1,70,,92267,13,,,1,30,,88362,13,,,1,70,,92268,13,,,1,30,,88363,13,,,1,70,,92269,13,,,1,30,,88364,13,,,1,70,,92270,13,,,1,30,,88365,13,,,1,70,,92271,13,,,1,30,,88366,13,,,1,70,,92272,13,,,1,30,,88367,13,,,1,70,,92273,13,,,1,30,,88368,13,,,1,70,,92274,13,,,1,30,,88369,13,,,1
900,'20261123',628,,88386,13,,,1,30,,88407,13,,,1,77,,88387,13,,,1,67,,88408,13,,,1,30,,88388,13,,,1,70,,88409,13,,,1,30,,88389,13,,,1,81,,88412,13,,,1,30,,88392,13,,,1,70,,88413,13,,,1,30,,88393,13,,,1,70,,88414,13,,,1,30,,88394,13,,,1,70,,88415,13,,,1,30,,88395,13,,,1,70,,88416,13,,,1,30,,88396,13,,,1,70,,88417,13,,,1,31,,88397,13,,,1,70,,88418,13,,,1,13,,88390,13,,,1,10,,88427,13,0,6,1,10,,88398,13,,,1,10,,88410,13,,,1,50,,88429,13,0,6,1,10,,88419,13,,,1,10,,88391,13,,,1,10,,88428,13,0,6,1,10,,88399,13,,,1,12,,88411,13,,,1,55,,88420,13,,,1,30,,88400,13,,,1,70,,88421,13,,,1,30,,88401,13,,,1,69,,88422,13,,,1,30,,88402,13,,,1,70,,88423,13,,,1,30,,88403,13,,,1,70,,88424,13,,,1,30,,88404,13,,,1,70,,88425,13,,,1,32,,88405,13,,,1,68,,88426,13,,,1,30,,88406,13,,,1
900,'20261124',628,,88430,13,,,1,30,,88451,13,,,1,77,,88431,13,,,1,67,,88452,13,,,1,30,,88432,13,,,1,70,,88453,13,,,1,30,,88433,13,,,1,81,,88456,13,,,1,30,,88436,13,,,1,70,,88457,13,,,1,30,,88437,13,,,1,70,,88458,13,,,1,30,,88438,13,,,1,70,,88459,13,,,1,30,,88439,13,,,1,70,,88460,13,,,1,30,,88440,13,,,1,70,,88461,13,,,1,31,,88441,13,,,1,70,,88462,13,,,1,13,,88434,13,,,1,10,,88471,13,0,6,1,10,,88442,13,,,1,10,,88454,13,,,1,50,,88473,13,0,6,1,10,,88463,13,,,1,10,,88435,13,,,1,10,,88472,13,0,6,1,10,,88443,13,,,1,12,,88455,13,,,1,55,,88464,13,,,1,30,,88444,13,,,1,70,,88465,13,,,1,30,,88445,13,,,1,69,,88466,13,,,1,30,,88446,13,,,1,70,,88467,13,,,1,30,,88447,13,,,1,70,,88468,13,,,1,30,,88448,13,,,1,70,,88469,13,,,1,32,,88449,13,,,1,68,,88470,13,,,1,30,,88450,13,,,1
900,'20261125',628,,88474,13,,,1,30,,88495,13,,,1,77,,88475,13,,,1,67,,88496,13,,,1,30,,88476,13,,,1,70,,88497,13,,,1,30,,88477,13,,,1,81,,88500,13,,,1,30,,88480,13,,,1,70,,88501,13,,,1,30,,88481,13,,,1,70,,88502,13,,,1,30,,88482,13,,,1,70,,88503,13,,,1,30,,88483,13,,,1,70,,88504,13,,,1,30,,88484,13,,,1,70,,88505,13,,,1,31,,88485,13,,,1,70,,88506,13,,,1,13,,88478,13,,,1,10,,88515,13,0,6,1,10,,88486,13,,,1,10,,88498,13,,,1,50,,88517,13,0,6,1,10,,88507,13,,,1,10,,88479,13,,,1,10,,88516,13,0,6,1,10,,88487,13,,,1,12,,88499,13,,,1,55,,88508,13,,,1,30,,88488,13,,,1,70,,88509,13,,,1,30,,88489,13,,,1,69,,88510,13,,,1,30,,88490,13,,,1,70,,88511,13,,,1,30,,88491,13,,,1,70,,88512,13,,,1,30,,88492,13,,,1,70,,88513,13,,,1,32,,88493,13,,,1,68,,88514,13,,,1,30,,88494,13,,,1
900,'20261126',628,,88518,13,,,1,30,,88539,13,,,1,77,,88519,13,,,1,67,,88540,13,,,1,30,,88520,13,,,1,70,,88541,13,,,1,30,,88521,13,,,1,81,,88544,13,,,1,30,,88524,13,,,1,70,,88545,13,,,1,30,,88525,13,,,1,70,,88546,13,,,1,30,,88526,13,,,1,70,,88547,13,,,1,30,,88527,13,,,1,70,,88548,13,,,1,30,,88528,13,,,1,70,,88549,13,,,1,31,,88529,13,,,1,70,,88550,13,,,1,13,,88522,13,,,1,10,,88559,13,0,6,1,10,,88530,13,,,1,10,,88542,13,,,1,50,,88561,13,0,6,1,10,,88551,13,,,1,10,,88523,13,,,1,10,,88560,13,0,6,1,10,,88531,13,,,1,12,,88543,13,,,1,55,,88552,13,,,1,30,,88532,13,,,1,70,,88553,13,,,1,30,,88533,13,,,1,69,,88554,13,,,1,30,,88534,13,,,1,70,,88555,13,,,1,30,,88535,13,,,1,70,,88556,13,,,1,30,,88536,13,,,1,70,,88557,13,,,1,32,,88537,13,,,1,68,,88558,13,,,1,30,,88538,13,,,1
900,'20261127',628,,88562,13,,,1,30,,88583,13,,,1,77,,88563,13,,,1,67,,88584,13,,,1,30,,88564,13,,,1,70,,88585,13,,,1,30,,88565,13,,,1,81,,88588,13,,,1,30,,88568,13,,,1,70,,88589,13,,,1,30,,88569,13,,,1,70,,88590,13,,,1,30,,88570,13,,,1,70,,88591,13,,,1,30,,88571,13,,,1,70,,88592,13,,,1,30,,88572,13,,,1,70,,88593,13,,,1,31,,88573,13,,,1,70,,88594,13,,,1,13,,88566,13,,,1,10,,88604,13,0,6,1,10,,88574,13,,,1,10,,88586,13,,,1,50,,88606,13,0,6,1,10,,88595,13,,,1,10,,88567,13,,,1,10,,88605,13,0,6,1,10,,88575,13,,,1,12,,88587,13,,,1,55,,88596,13,,,1,30,,88576,13,,,1,70,,88597,13,,,1,30,,88577,13,,,1,69,,88598,13,,,1,30,,88578,13,,,1,70,,88599,13,,,1,30,,88579,13,,,1,70,,88600,13,,,1,30,,88580,13,,,1,70,,88601,13,,,1,32,,88581,13,,,1,68,,88602,13,,,1,30,,88582,13,,,1,70,,88603,13,,,1
901,'20260917',540,,89131,16,,,1,70,,89152,16,,,1,37,,89132,16,,,1,55,,89150,16,,,1,10,,89153,16,,,1,10,,89173,12,,,1,10,,89170,16,,,1,10,,89133,16,,,1,10,,89172,12,,,1,50,,89151,16,,,1,10,,89154,16,,,1,10,,89174,12,,,1,10,,89171,16,,,1,15,,89134,16,,,1,70,,89155,16,,,1,30,,89135,16,,,1,70,,89156,16,,,1,30,,89136,16,,,1,70,,89157,16,,,1,30,,89137,16,,,1,70,,89158,16,,,1,30,,89138,16,,,1,70,,89159,16,,,1,30,,89139,16,,,1,70,,89160,16,,,1,30,,89140,16,,,1,70,,89161,16,,,1,30,,89141,16,,,1,70,,89162,16,,,1,30,,89142,16,,,1,70,,89163,16,,,1,30,,89143,16,,,1,70,,89164,16,,,1,30,,89144,16,,,1,70,,89165,16,,,1,30,,89145,16,,,1,70,,89166,16,,,1,30,,89146,16,,,1,70,,89167,16,,,1,30,,89147,16,,,1,70,,89168,16,,,1,30,,89148,16,,,1,70,,89169,16,,,1,30,,89149,16,,,1
901,'20260918',540,,89175,16,,,1,70,,89196,16,,,1,37,,89176,16,,,1,55,,89194,16,,,1,10,,89197,16,,,1,10,,89218,12,,,1,10,,89215,16,,,1,10,,89177,16,,,1,10,,89217,12,,,1,50,,89195,16,,,1,10,,89198,16,,,1,10,,89219,12,,,1,10,,89216,16,,,1,15,,89178,16,,,1,70,,89199,16,,,1,30,,89179,16,,,1,70,,89200,16,,,1,30,,89180,16,,,1,70,,89201,16,,,1,30,,89181,16,,,1,70,,89202,16,,,1,30,,89182,16,,,1,70,,89203,16,,,1,30,,89183,16,,,1,70,,89204,16,,,1,30,,89184,16,,,1,70,,89205,16,,,1,30,,89185,16,,,1,70,,89206,16,,,1,30,,89186,16,,,1,70,,89207,16,,,1,30,,89187,16,,,1,70,,89208,16,,,1,30,,89188,16,,,1,70,,89209,16,,,1,30,,89189,16,,,1,70,,89210,16,,,1,30,,89190,16,,,1,70,,89211,16,,,1,30,,89191,16,,,1,70,,89212,16,,,1,30,,89192,16,,,1,70,,89213,16,,,1,30,,89193,16,,,1,70,,89214,16,,,1
901,'20260919',817,,89236,16,,,1,30,,89220,16,,,1,70,,89237,16,,,1,30,,89221,16,,,1,70,,89238,16,,,1,30,,89222,16,,,1,70,,89239,16,,,1,30,,89223,16,,,1,70,,89240,16,,,1,30,,89224,16,,,1,70,,89241,16,,,1,30,,89225,16,,,1,70,,89242,16,,,1,30,,89226,16,,,1,70,,89243,16,,,1,30,,89227,16,,,1,70,,89244,16,,,1,30,,89228,16,,,1,70,,89245,16,,,1,30,,89229,16,,,1,70,,89246,16,,,1,30,,89230,16,,,1,70,,89247,16,,,1,30,,89231,16,,,1,70,,89248,16,,,1,30,,89232,16,,,1,70,,89249,16,,,1,30,,89233,16,,,1,70,,89250,16,,,1,30,,89234,16,,,1,70,,89251,16,,,1,30,,89235,16,,,1,70,,89252,16,,,1
901,'20260920',817,,89269,16,,,1,30,,89253,16,,,1,70,,89270,16,,,1,30,,89254,16,,,1,70,,89271,16,,,1,30,,89255,16,,,1,70,,89272,16,,,1,30,,89256,16,,,1,70,,89273,16,,,1,30,,89257,16,,,1,70,,89274,16,,,1,30,,89258,16,,,1,70,,89275,16,,,1,30,,89259,16,,,1,70,,89276,16,,,1,30,,89260,16,,,1,70,,89277,16,,,1,30,,89261,16,,,1,70,,89278,16,,,1,30,,89262,16,,,1,70,,89279,16,,,1,30,,89263,16,,,1,70,,89280,16,,,1,30,,89264,16,,,1,70,,89281,16,,,1,30,,89265,16,,,1,70,,89282,16,,,1,30,,89266,16,,,1,70,,89283,16,,,1,30,,89267,16,,,1,70,,89284,16,,,1,30,,89268,16,,,1
901,'20260921',540,,89285,16,,,1,70,,89306,16,,,1,37,,89286,16,,,1,55,,89304,16,,,1,10,,89307,16,,,1,10,,89327,12,,,1,10,,89324,16,,,1,10,,89287,16,,,1,10,,89326,12,,,1,50,,89305,16,,,1,10,,89308,16,,,1,10,,89328,12,,,1,10,,89325,16,,,1,15,,89288,16,,,1,70,,89309,16,,,1,30,,89289,16,,,1,70,,89310,16,,,1,30,,89290,16,,,1,70,,89311,16,,,1,30,,89291,16,,,1,70,,89312,16,,,1,30,,89292,16,,,1,70,,89313,16,,,1,30,,89293,16,,,1,70,,89314,16,,,1,30,,89294,16,,,1,70,,89315,16,,,1,30,,89295,16,,,1,70,,89316,16,,,1,30,,89296,16,,,1,70,,89317,16,,,1,30,,89297,16,,,1,70,,89318,16,,,1,30,,89298,16,,,1,70,,89319,16,,,1,30,,89299,16,,,1,70,,89320,16,,,1,30,,89300,16,,,1,70,,89321,16,,,1,30,,89301,16,,,1,70,,89322,16,,,1,30,,89302,16,,,1,70,,89323,16,,,1,30,,89303,16,,,1
901,'20260922',540,,89329,16,,,1,70,,89350,16,,,1,37,,89330,16,,,1,55,,89348,16,,,1,10,,89351,16,,,1,10,,89371,12,,,1,10,,89368,16,,,1,10,,89331,16,,,1,10,,89370,12,,,1,50,,89349,16,,,1,10,,89352,16,,,1,10,,89372,12,,,1,10,,89369,16,,,1,15,,89332,16,,,1,70,,89353,16,,,1,30,,89333,16,,,1,70,,89354,16,,,1,30,,89334,16,,,1,70,,89355,16,,,1,30,,89335,16,,,1,70,,89356,16,,,1,30,,89336,16,,,1,70,,89357,16,,,1,30,,89337,16,,,1,70,,89358,16,,,1,30,,89338,16,,,1,70,,89359,16,,,1,30,,89339,16,,,1,70,,89360,16,,,1,30,,89340,16,,,1,70,,89361,16,,,1,30,,89341,16,,,1,70,,89362,16,,,1,30,,89342,16,,,1,70,,89363,16,,,1,30,,89343,16,,,1,70,,89364,16,,,1,30,,89344,16,,,1,70,,89365,16,,,1,30,,89345,16,,,1,70,,89366,16,,,1,30,,89346,16,,,1,70,,89367,16,,,1,30,,89347,16,,,1
901,'20260923',540,,89373,16,,,1,70,,89394,16,,,1,37,,89374,16,,,1,55,,89392,16,,,1,10,,89395,16,,,1,10,,89415,12,,,1,10,,89412,16,,,1,10,,89375,16,,,1,10,,89414,12,,,1,50,,89393,16,,,1,10,,89396,16,,,1,10,,89416,12,,,1,10,,89413,16,,,1,15,,89376,16,,,1,70,,89397,16,,,1,30,,89377,16,,,1,70,,89398,16,,,1,30,,89378,16,,,1,70,,89399,16,,,1,30,,89379,16,,,1,70,,89400,16,,,1,30,,89380,16,,,1,70,,89401,16,,,1,30,,89381,16,,,1,70,,89402,16,,,1,30,,89382,16,,,1,70,,89403,16,,,1,30,,89383,16,,,1,70,,89404,16,,,1,30,,89384,16,,,1,70,,89405,16,,,1,30,,89385,16,,,1,70,,89406,16,,,1,30,,89386,16,,,1,70,,89407,16,,,1,30,,89387,16,,,1,70,,89408,16,,,1,30,,89388,16,,,1,70,,89409,16,,,1,30,,89389,16,,,1,70,,89410,16,,,1,30,,89390,16,,,1,70,,89411,16,,,1,30,,89391,16,,,1
901,'20260924',540,,89417,16,,,1,70,,89438,16,,,1,37,,89418,16,,,1,55,,89436,16,,,1,10,,89439,16,,,1,10,,89459,12,,,1,10,,89456,16,,,1,10,,89419,16,,,1,10,,89458,12,,,1,50,,89437,16,,,1,10,,89440,16,,,1,10,,89460,12,,,1,10,,89457,16,,,1,15,,89420,16,,,1,70,,89441,16,,,1,30,,89421,16,,,1,70,,89442,16,,,1,30,,89422,16,,,1,70,,89443,16,,,1,30,,89423,16,,,1,70,,89444,16,,,1,30,,89424,16,,,1,70,,89445,16,,,1,30,,89425,16,,,1,70,,89446,16,,,1,30,,89426,16,,,1,70,,89447,16,,,1,30,,89427,16,,,1,70,,89448,16,,,1,30,,89428,16,,,1,70,,89449,16,,,1,30,,89429,16,,,1,70,,89450,16,,,1,30,,89430,16,,,1,70,,89451,16,,,1,30,,89431,16,,,1,70,,89452,16,,,1,30,,89432,16,,,1,70,,89453,16,,,1,30,,89433,16,,,1,70,,89454,16,,,1,30,,89434,16,,,1,70,,89455,16,,,1,30,,89435,16,,,1
901,'20260925',540,,89461,16,,,1,70,,89482,16,,,1,37,,89462,16,,,1,55,,89480,16,,,1,10,,89483,16,,,1,10,,89504,12,,,1,10,,89501,16,,,1,10,,89463,16,,,1,10,,89503,12,,,1,50,,89481,16,,,1,10,,89484,16,,,1,10,,89505,12,,,1,10,,89502,16,,,1,15,,89464,16,,,1,70,,89485,16,,,1,30,,89465,16,,,1,70,,89486,16,,,1,30,,89466,16,,,1,70,,89487,16,,,1,30,,89467,16,,,1,70,,89488,16,,,1,30,,89468,16,,,1,70,,89489,16,,,1,30,,89469,16,,,1,70,,89490,16,,,1,30,,89470,16,,,1,70,,89491,16,,,1,30,,89471,16,,,1,70,,89492,16,,,1,30,,89472,16,,,1,70,,89493,16,,,1,30,,89473,16,,,1,70,,89494,16,,,1,30,,89474,16,,,1,70,,89495,16,,,1,30,,89475,16,,,1,70,,89496,16,,,1,30,,89476,16,,,1,70,,89497,16,,,1,30,,89477,16,,,1,70,,89498,16,,,1,30,,89478,16,,,1,70,,89499,16,,,1
901,'20260928',540,,89571,16,,,1,70,,89592,16,,,1,37,,89572,16,,,1,55,,89590,16,,,1,10,,89593,16,,,1,10,,89613,12,,,1,10,,89610,16,,,1,10,,89573,16,,,1,10,,89612,12,,,1,50,,89591,16,,,1,10,,89594,16,,,1,10,,89614,12,,,1,10,,89611,16,,,1,15,,89574,16,,,1,70,,89595,16,,,1,30,,89575,16,,,1,70,,89596,16,,,1,30,,89576,16,,,1,70,,89597,16,,,1,30,,89577,16,,,1,70,,89598,16,,,1,30,,89578,16,,,1,70,,89599,16,,,1,30,,89579,16,,,1,70,,89600,16,,,1,30,,89580,16,,,1,70,,89601,16,,,1,30,,89581,16,,,1,70,,89602,16,,,1,30,,89582,16,,,1,70,,89603,16,,,1,30,,89583,16,,,1,70,,89604,16,,,1,30,,89584,16,,,1,70,,89605,16,,,1,30,,89585,16,,,1,70,,89606,16,,,1,30,,89586,16,,,1,70,,89607,16,,,1,30,,89587,16,,,1,70,,89608,16,,,1,30,,89588,16,,,1,70,,89609,16,,,1,30,,89589,16,,,1
901,'20260929',540,,89615,16,,,1,70,,89636,16,,,1,37,,89616,16,,,1,55,,89634,16,,,1,10,,89637,16,,,1,10,,89657,12,,,1,10,,89654,16,,,1,10,,89617,16,,,1,10,,89656,12,,,1,50,,89635,16,,,1,10,,89638,16,,,1,10,,89658,12,,,1,10,,89655,16,,,1,15,,89618,16,,,1,70,,89639,16,,,1,30,,89619,16,,,1,70,,89640,16,,,1,30,,89620,16,,,1,70,,89641,16,,,1,30,,89621,16,,,1,70,,89642,16,,,1,30,,89622,16,,,1,70,,89643,16,,,1,30,,89623,16,,,1,70,,89644,16,,,1,30,,89624,16,,,1,70,,89645,16,,,1,30,,89625,16,,,1,70,,89646,16,,,1,30,,89626,16,,,1,70,,89647,16,,,1,30,,89627,16,,,1,70,,89648,16,,,1,30,,89628,16,,,1,70,,89649,16,,,1,30,,89629,16,,,1,70,,89650,16,,,1,30,,89630,16,,,1,70,,89651,16,,,1,30,,89631,16,,,1,70,,89652,16,,,1,30,,89632,16,,,1,70,,89653,16,,,1,30,,89633,16,,,1
901,'20260930',540,,89659,16,,,1,70,,89680,16,,,1,37,,89660,16,,,1,55,,89678,16,,,1,10,,89681,16,,,1,10,,89701,12,,,1,10,,89698,16,,,1,10,,89661,16,,,1,10,,89700,12,,,1,50,,89679,16,,,1,10,,89682,16,,,1,10,,89702,12,,,1,10,,89699,16,,,1,15,,89662,16,,,1,70,,89683,16,,,1,30,,89663,16,,,1,70,,89684,16,,,1,30,,89664,16,,,1,70,,89685,16,,,1,30,,89665,16,,,1,70,,89686,16,,,1,30,,89666,16,,,1,70,,89687,16,,,1,30,,89667,16,,,1,70,,89688,16,,,1,30,,89668,16,,,1,70,,89689,16,,,1,30,,89669,16,,,1,70,,89690,16,,,1,30,,89670,16,,,1,70,,89691,16,,,1,30,,89671,16,,,1,70,,89692,16,,,1,30,,89672,16,,,1,70,,89693,16,,,1,30,,89673,16,,,1,70,,89694,16,,,1,30,,89674,16,,,1,70,,89695,16,,,1,30,,89675,16,,,1,70,,89696,16,,,1,30,,89676,16,,,1,70,,89697,16,,,1,30,,89677,16,,,1
901,'20261001',540,,89703,16,,,1,70,,89724,16,,,1,37,,89704,16,,,1,55,,89722,16,,,1,10,,89725,16,,,1,10,,89745,12,,,1,10,,89742,16,,,1,10,,89705,16,,,1,10,,89744,12,,,1,50,,89723,16,,,1,10,,89726,16,,,1,10,,89746,12,,,1,10,,89743,16,,,1,15,,89706,16,,,1,70,,89727,16,,,1,30,,89707,16,,,1,70,,89728,16,,,1,30,,89708,16,,,1,70,,89729,16,,,1,30,,89709,16,,,1,70,,89730,16,,,1,30,,89710,16,,,1,70,,89731,16,,,1,30,,89711,16,,,1,70,,89732,16,,,1,30,,89712,16,,,1,70,,89733,16,,,1,30,,89713,16,,,1,70,,89734,16,,,1,30,,89714,16,,,1,70,,89735,16,,,1,30,,89715,16,,,1,70,,89736,16,,,1,30,,89716,16,,,1,70,,89737,16,,,1,30,,89717,16,,,1,70,,89738,16,,,1,30,,89718,16,,,1,70,,89739,16,,,1,30,,89719,16,,,1,70,,89740,16,,,1,30,,89720,16,,,1,70,,89741,16,,,1,30,,89721,16,,,1
901,'20261002',540,,89747,16,,,1,70,,89768,16,,,1,37,,89748,16,,,1,55,,89766,16,,,1,10,,89769,16,,,1,10,,89790,12,,,1,10,,89787,16,,,1,10,,89749,16,,,1,10,,89789,12,,,1,50,,89767,16,,,1,10,,89770,16,,,1,10,,89791,12,,,1,10,,89788,16,,,1,15,,89750,16,,,1,70,,89771,16,,,1,30,,89751,16,,,1,70,,89772,16,,,1,30,,89752,16,,,1,70,,89773,16,,,1,30,,89753,16,,,1,70,,89774,16,,,1,30,,89754,16,,,1,70,,89775,16,,,1,30,,89755,16,,,1,70,,89776,16,,,1,30,,89756,16,,,1,70,,89777,16,,,1,30,,89757,16,,,1,70,,89778,16,,,1,30,,89758,16,,,1,70,,89779,16,,,1,30,,89759,16,,,1,70,,89780,16,,,1,30,,89760,16,,,1,70,,89781,16,,,1,30,,89761,16,,,1,70,,89782,16,,,1,30,,89762,16,,,1,70,,89783,16,,,1,30,,89763,16,,,1,70,,89784,16,,,1,30,,89764,16,,,1,70,,89785,16,,,1,30,,89765,16,,,1,70,,89786,16,,,1
901,'20261003',817,,89808,16,,,1,30,,89792,16,,,1,70,,89809,16,,,1,30,,89793,16,,,1,70,,89810,16,,,1,30,,89794,16,,,1,70,,89811,16,,,1,30,,89795,16,,,1,70,,89812,16,,,1,30,,89796,16,,,1,70,,89813,16,,,1,30,,89797,16,,,1,70,,89814,16,,,1,30,,89798,16,,,1,70,,89815,16,,,1,30,,89799,16,,,1,70,,89816,16,,,1,30,,89800,16,,,1,70,,89817,16,,,1,30,,89801,16,,,1,70,,89818,16,,,1,30,,89802,16,,,1,70,,89819,16,,,1,30,,89803,16,,,1,70,,89820,16,,,1,30,,89804,16,,,1,70,,89821,16,,,1,30,,89805,16,,,1,70,,89822,16,,,1,30,,89806,16,,,1,70,,89823,16,,,1,30,,89807,16,,,1,70,,89824,16,,,1
901,'20261004',817,,89841,16,,,1,30,,92275,16,,,1,70,,89842,16,,,1,30,,92276,16,,,1,70,,89843,16,,,1,30,,92277,16,,,1,70,,89844,16,,,1,30,,92278,16,,,1,70,,89845,16,,,1,30,,92279,16,,,1,70,,89846,16,,,1,30,,92280,16,,,1,70,,89847,16,,,1,30,,92281,16,,,1,70,,89848,16,,,1,30,,92282,16,,,1,70,,89849,16,,,1,30,,92283,16,,,1,70,,89850,16,,,1,30,,92284,16,,,1,70,,89851,16,,,1,30,,92285,16,,,1,70,,89852,16,,,1,30,,92286,16,,,1,70,,89853,16,,,1,30,,92287,16,,,1,70,,89854,16,,,1,30,,92288,16,,,1,70,,89855,16,,,1,30,,92289,16,,,1,70,,89856,16,,,1,30,,92290,16,,,1
901,'20261005',540,,89857,16,,,1,70,,89878,16,,,1,37,,89858,16,,,1,55,,89876,16,,,1,10,,89879,16,,,1,10,,89899,12,,,1,10,,89896,16,,,1,10,,89859,16,,,1,10,,89898,12,,,1,50,,89877,16,,,1,10,,89880,16,,,1,10,,89900,12,,,1,10,,89897,16,,,1,15,,89860,16,,,1,70,,89881,16,,,1,30,,89861,16,,,1,70,,89882,16,,,1,30,,89862,16,,,1,70,,89883,16,,,1,30,,89863,16,,,1,70,,89884,16,,,1,30,,89864,16,,,1,70,,89885,16,,,1,30,,89865,16,,,1,70,,89886,16,,,1,30,,89866,16,,,1,70,,89887,16,,,1,30,,89867,16,,,1,70,,89888,16,,,1,30,,89868,16,,,1,70,,89889,16,,,1,30,,89869,16,,,1,70,,89890,16,,,1,30,,89870,16,,,1,70,,89891,16,,,1,30,,89871,16,,,1,70,,89892,16,,,1,30,,89872,16,,,1,70,,89893,16,,,1,30,,89873,16,,,1,70,,89894,16,,,1,30,,89874,16,,,1,70,,89895,16,,,1,30,,89875,16,,,1
901,'20261006',540,,89901,16,,,1,70,,89922,16,,,1,37,,89902,16,,,1,55,,89920,16,,,1,10,,89923,16,,,1,10,,89943,12,,,1,10,,89940,16,,,1,10,,89903,16,,,1,10,,89942,12,,,1,50,,89921,16,,,1,10,,89924,16,,,1,10,,89944,12,,,1,10,,89941,16,,,1,15,,89904,16,,,1,70,,89925,16,,,1,30,,89905,16,,,1,70,,89926,16,,,1,30,,89906,16,,,1,70,,89927,16,,,1,30,,89907,16,,,1,70,,89928,16,,,1,30,,89908,16,,,1,70,,89929,16,,,1,30,,89909,16,,,1,70,,89930,16,,,1,30,,89910,16,,,1,70,,89931,16,,,1,30,,89911,16,,,1,70,,89932,16,,,1,30,,89912,16,,,1,70,,89933,16,,,1,30,,89913,16,,,1,70,,89934,16,,,1,30,,89914,16,,,1,70,,89935,16,,,1,30,,89915,16,,,1,70,,89936,16,,,1,30,,89916,16,,,1,70,,89937,16,,,1,30,,89917,16,,,1,70,,89938,16,,,1,30,,89918,16,,,1,70,,89939,16,,,1,30,,89919,16,,,1
901,'20261007',540,,89945,16,,,1,70,,89966,16,,,1,37,,89946,16,,,1,55,,89964,16,,,1,10,,89967,16,,,1,10,,89987,12,,,1,10,,89984,16,,,1,10,,89947,16,,,1,10,,89986,12,,,1,50,,89965,16,,,1,10,,89968,16,,,1,10,,89988,12,,,1,10,,89985,16,,,1,15,,89948,16,,,1,70,,89969,16,,,1,30,,89949,16,,,1,70,,89970,16,,,1,30,,89950,16,,,1,70,,89971,16,,,1,30,,89951,16,,,1,70,,89972,16,,,1,30,,89952,16,,,1,70,,89973,16,,,1,30,,89953,16,,,1,70,,89974,16,,,1,30,,89954,16,,,1,70,,89975,16,,,1,30,,89955,16,,,1,70,,89976,16,,,1,30,,89956,16,,,1,70,,89977,16,,,1,30,,89957,16,,,1,70,,89978,16,,,1,30,,89958,16,,,1,70,,89979,16,,,1,30,,89959,16,,,1,70,,89980,16,,,1,30,,89960,16,,,1,70,,89981,16,,,1,30,,89961,16,,,1,70,,89982,16,,,1,30,,89962,16,,,1,70,,89983,16,,,1,30,,89963,16,,,1
901,'20261008',540,,89989,16,,,1,70,,90010,16,,,1,37,,89990,16,,,1,55,,90008,16,,,1,10,,90011,16,,,1,10,,90031,12,,,1,10,,90028,16,,,1,10,,89991,16,,,1,10,,90030,12,,,1,50,,90009,16,,,1,10,,90012,16,,,1,10,,90032,12,,,1,10,,90029,16,,,1,15,,89992,16,,,1,70,,90013,16,,,1,30,,89993,16,,,1,70,,90014,16,,,1,30,,89994,16,,,1,70,,90015,16,,,1,30,,89995,16,,,1,70,,90016,16,,,1,30,,89996,16,,,1,70,,90017,16,,,1,30,,89997,16,,,1,70,,90018,16,,,1,30,,89998,16,,,1,70,,90019,16,,,1,30,,89999,16,,,1,70,,90020,16,,,1,30,,90000,16,,,1,70,,90021,16,,,1,30,,90001,16,,,1,70,,90022,16,,,1,30,,90002,16,,,1,70,,90023,16,,,1,30,,90003,16,,,1,70,,90024,16,,,1,30,,90004,16,,,1,70,,90025,16,,,1,30,,90005,16,,,1,70,,90026,16,,,1,30,,90006,16,,,1,70,,90027,16,,,1,30,,90007,16,,,1
901,'20261009',540,,90033,16,,,1,70,,90054,16,,,1,37,,90034,16,,,1,55,,90052,16,,,1,10,,90055,16,,,1,10,,90076,12,,,1,10,,90073,16,,,1,10,,90035,16,,,1,10,,90075,12,,,1,50,,90053,16,,,1,10,,90056,16,,,1,10,,90077,12,,,1,10,,90074,16,,,1,15,,90036,16,,,1,70,,90057,16,,,1,30,,90037,16,,,1,70,,90058,16,,,1,30,,90038,16,,,1,70,,90059,16,,,1,30,,90039,16,,,1,70,,90060,16,,,1,30,,90040,16,,,1,70,,90061,16,,,1,30,,90041,16,,,1,70,,90062,16,,,1,30,,90042,16,,,1,70,,90063,16,,,1,30,,90043,16,,,1,70,,90064,16,,,1,30,,90044,16,,,1,70,,90065,16,,,1,30,,90045,16,,,1,70,,90066,16,,,1,30,,90046,16,,,1,70,,90067,16,,,1,30,,90047,16,,,1,70,,90068,16,,,1,30,,90048,16,,,1,70,,90069,16,,,1,30,,90049,16,,,1,70,,90070,16,,,1,30,,90050,16,,,1,70,,90071,16,,,1,30,,90051,16,,,1,70,,90072,16,,,1
901,'20261010',817,,90094,16,,,1,30,,90078,16,,,1,70,,90095,16,,,1,30,,90079,16,,,1,70,,90096,16,,,1,30,,90080,16,,,1,70,,90097,16,,,1,30,,90081,16,,,1,70,,90098,16,,,1,30,,90082,16,,,1,70,,90099,16,,,1,30,,90083,16,,,1,70,,90100,16,,,1,30,,90084,16,,,1,70,,90101,16,,,1,30,,90085,16,,,1,70,,90102,16,,,1,30,,90086,16,,,1,70,,90103,16,,,1,30,,90087,16,,,1,70,,90104,16,,,1,30,,90088,16,,,1,70,,90105,16,,,1,30,,90089,16,,,1,70,,90106,16,,,1,30,,90090,16,,,1,70,,90107,16,,,1,30,,90091,16,,,1,70,,90108,16,,,1,30,,90092,16,,,1,70,,90109,16,,,1,30,,90093,16,,,1,70,,90110,16,,,1
901,'20261011',817,,90127,16,,,1,30,,92291,16,,,1,70,,90128,16,,,1,30,,92292,16,,,1,70,,90129,16,,,1,30,,92293,16,,,1,70,,90130,16,,,1,30,,92294,16,,,1,70,,90131,16,,,1,30,,92295,16,,,1,70,,90132,16,,,1,30,,92296,16,,,1,70,,90133,16,,,1,30,,92297,16,,,1,70,,90134,16,,,1,30,,92298,16,,,1,70,,90135,16,,,1,30,,92299,16,,,1,70,,90136,16,,,1,30,,92300,16,,,1,70,,90137,16,,,1,30,,92301,16,,,1,70,,90138,16,,,1,30,,92302,16,,,1,70,,90139,16,,,1,30,,92303,16,,,1,70,,90140,16,,,1,30,,92304,16,,,1,70,,90141,16,,,1,30,,92305,16,,,1,70,,90142,16,,,1,30,,92306,16,,,1
901,'20261012',540,,90143,16,,,1,70,,90164,16,,,1,37,,90144,16,,,1,55,,90162,16,,,1,10,,90165,16,,,1,10,,90185,12,,,1,10,,90182,16,,,1,10,,90145,16,,,1,10,,90184,12,,,1,50,,90163,16,,,1,10,,90166,16,,,1,10,,90186,12,,,1,10,,90183,16,,,1,15,,90146,16,,,1,70,,90167,16,,,1,30,,90147,16,,,1,70,,90168,16,,,1,30,,90148,16,,,1,70,,90169,16,,,1,30,,90149,16,,,1,70,,90170,16,,,1,30,,90150,16,,,1,70,,90171,16,,,1,30,,90151,16,,,1,70,,90172,16,,,1,30,,90152,16,,,1,70,,90173,16,,,1,30,,90153,16,,,1,70,,90174,16,,,1,30,,90154,16,,,1,70,,90175,16,,,1,30,,90155,16,,,1,70,,90176,16,,,1,30,,90156,16,,,1,70,,90177,16,,,1,30,,90157,16,,,1,70,,90178,16,,,1,30,,90158,16,,,1,70,,90179,16,,,1,30,,90159,16,,,1,70,,90180,16,,,1,30,,90160,16,,,1,70,,90181,16,,,1,30,,90161,16,,,1
901,'20261013',540,,90187,16,,,1,70,,90208,16,,,1,37,,90188,16,,,1,55,,90206,16,,,1,10,,90209,16,,,1,10,,90229,12,,,1,10,,90226,16,,,1,10,,90189,16,,,1,10,,90228,12,,,1,50,,90207,16,,,1,10,,90210,16,,,1,10,,90230,12,,,1,10,,90227,16,,,1,15,,90190,16,,,1,70,,90211,16,,,1,30,,90191,16,,,1,70,,90212,16,,,1,30,,90192,16,,,1,70,,90213,16,,,1,30,,90193,16,,,1,70,,90214,16,,,1,30,,90194,16,,,1,70,,90215,16,,,1,30,,90195,16,,,1,70,,90216,16,,,1,30,,90196,16,,,1,70,,90217,16,,,1,30,,90197,16,,,1,70,,90218,16,,,1,30,,90198,16,,,1,70,,90219,16,,,1,30,,90199,16,,,1,70,,90220,16,,,1,30,,90200,16,,,1,70,,90221,16,,,1,30,,90201,16,,,1,70,,90222,16,,,1,30,,90202,16,,,1,70,,90223,16,,,1,30,,90203,16,,,1,70,,90224,16,,,1,30,,90204,16,,,1,70,,90225,16,,,1,30,,90205,16,,,1
901,'20261014',540,,90231,16,,,1,70,,90252,16,,,1,37,,90232,16,,,1,55,,90250,16,,,1,10,,90253,16,,,1,10,,90273,12,,,1,10,,90270,16,,,1,10,,90233,16,,,1,10,,90272,12,,,1,50,,90251,16,,,1,10,,90254,16,,,1,10,,90274,12,,,1,10,,90271,16,,,1,15,,90234,16,,,1,70,,90255,16,,,1,30,,90235,16,,,1,70,,90256,16,,,1,30,,90236,16,,,1,70,,90257,16,,,1,30,,90237,16,,,1,70,,90258,16,,,1,30,,90238,16,,,1,70,,90259,16,,,1,30,,90239,16,,,1,70,,90260,16,,,1,30,,90240,16,,,1,70,,90261,16,,,1,30,,90241,16,,,1,70,,90262,16,,,1,30,,90242,16,,,1,70,,90263,16,,,1,30,,90243,16,,,1,70,,90264,16,,,1,30,,90244,16,,,1,70,,90265,16,,,1,30,,90245,16,,,1,70,,90266,16,,,1,30,,90246,16,,,1,70,,90267,16,,,1,30,,90247,16,,,1,70,,90268,16,,,1,30,,90248,16,,,1,70,,90269,16,,,1,30,,90249,16,,,1
901,'20261015',540,,90275,16,,,1,70,,90296,16,,,1,37,,90276,16,,,1,55,,90294,16,,,1,10,,90297,16,,,1,10,,90317,12,,,1,10,,90314,16,,,1,10,,90277,16,,,1,10,,90316,12,,,1,50,,90295,16,,,1,10,,90298,16,,,1,10,,90318,12,,,1,10,,90315,16,,,1,15,,90278,16,,,1,70,,90299,16,,,1,30,,90279,16,,,1,70,,90300,16,,,1,30,,90280,16,,,1,70,,90301,16,,,1,30,,90281,16,,,1,70,,90302,16,,,1,30,,90282,16,,,1,70,,90303,16,,,1,30,,90283,16,,,1,70,,90304,16,,,1,30,,90284,16,,,1,70,,90305,16,,,1,30,,90285,16,,,1,70,,90306,16,,,1,30,,90286,16,,,1,70,,90307,16,,,1,30,,90287,16,,,1,70,,90308,16,,,1,30,,90288,16,,,1,70,,90309,16,,,1,30,,90289,16,,,1,70,,90310,16,,,1,30,,90290,16,,,1,70,,90311,16,,,1,30,,90291,16,,,1,70,,90312,16,,,1,30,,90292,16,,,1,70,,90313,16,,,1,30,,90293,16,,,1
901,'20261016',540,,90319,16,,,1,70,,90340,16,,,1,37,,90320,16,,,1,55,,90338,16,,,1,10,,90341,16,,,1,10,,90362,12,,,1,10,,90359,16,,,1,10,,90321,16,,,1,10,,90361,12,,,1,50,,90339,16,,,1,10,,90342,16,,,1,10,,90363,12,,,1,10,,90360,16,,,1,15,,90322,16,,,1,70,,90343,16,,,1,30,,90323,16,,,1,70,,90344,16,,,1,30,,90324,16,,,1,70,,90345,16,,,1,30,,90325,16,,,1,70,,90346,16,,,1,30,,90326,16,,,1,70,,90347,16,,,1,30,,90327,16,,,1,70,,90348,16,,,1,30,,90328,16,,,1,70,,90349,16,,,1,30,,90329,16,,,1,70,,90350,16,,,1,30,,90330,16,,,1,70,,90351,16,,,1,30,,90331,16,,,1,70,,90352,16,,,1,30,,90332,16,,,1,70,,90353,16,,,1,30,,90333,16,,,1,70,,90354,16,,,1,30,,90334,16,,,1,70,,90355,16,,,1,30,,90335,16,,,1,70,,90356,16,,,1,30,,90336,16,,,1,70,,90357,16,,,1,30,,90337,16,,,1,70,,90358,16,,,1
901,'20261017',817,,90380,16,,,1,30,,90364,16,,,1,70,,90381,16,,,1,30,,90365,16,,,1,70,,90382,16,,,1,30,,90366,16,,,1,70,,90383,16,,,1,30,,90367,16,,,1,70,,90384,16,,,1,30,,90368,16,,,1,70,,90385,16,,,1,30,,90369,16,,,1,70,,90386,16,,,1,30,,90370,16,,,1,70,,90387,16,,,1,30,,90371,16,,,1,70,,90388,16,,,1,30,,90372,16,,,1,70,,90389,16,,,1,30,,90373,16,,,1,70,,90390,16,,,1,30,,90374,16,,,1,70,,90391,16,,,1,30,,90375,16,,,1,70,,90392,16,,,1,30,,90376,16,,,1,70,,90393,16,,,1,30,,90377,16,,,1,70,,90394,16,,,1,30,,90378,16,,,1,70,,90395,16,,,1,30,,90379,16,,,1,70,,90396,16,,,1
901,'20261018',817,,90413,16,,,1,30,,92307,16,,,1,70,,90414,16,,,1,30,,92308,16,,,1,70,,90415,16,,,1,30,,92309,16,,,1,70,,90416,16,,,1,30,,92310,16,,,1,70,,90417,16,,,1,30,,92311,16,,,1,70,,90418,16,,,1,30,,92312,16,,,1,70,,90419,16,,,1,30,,92313,16,,,1,70,,90420,16,,,1,30,,92314,16,,,1,70,,90421,16,,,1,30,,92315,16,,,1,70,,90422,16,,,1,30,,92316,16,,,1,70,,90423,16,,,1,30,,92317,16,,,1,70,,90424,16,,,1,30,,92318,16,,,1,70,,90425,16,,,1,30,,92319,16,,,1,70,,90426,16,,,1,30,,92320,16,,,1,70,,90427,16,,,1,30,,92321,16,,,1,70,,90428,16,,,1,30,,92322,16,,,1
901,'20261019',540,,90429,16,,,1,70,,90450,16,,,1,37,,90430,16,,,1,55,,90448,16,,,1,10,,90451,16,,,1,10,,90471,12,,,1,10,,90468,16,,,1,10,,90431,16,,,1,10,,90470,12,,,1,50,,90449,16,,,1,10,,90452,16,,,1,10,,90472,12,,,1,10,,90469,16,,,1,15,,90432,16,,,1,70,,90453,16,,,1,30,,90433,16,,,1,70,,90454,16,,,1,30,,90434,16,,,1,70,,90455,16,,,1,30,,90435,16,,,1,70,,90456,16,,,1,30,,90436,16,,,1,70,,90457,16,,,1,30,,90437,16,,,1,70,,90458,16,,,1,30,,90438,16,,,1,70,,90459,16,,,1,30,,90439,16,,,1,70,,90460,16,,,1,30,,90440,16,,,1,70,,90461,16,,,1,30,,90441,16,,,1,70,,90462,16,,,1,30,,90442,16,,,1,70,,90463,16,,,1,30,,90443,16,,,1,70,,90464,16,,,1,30,,90444,16,,,1,70,,90465,16,,,1,30,,90445,16,,,1,70,,90466,16,,,1,30,,90446,16,,,1,70,,90467,16,,,1,30,,90447,16,,,1
901,'20261020',540,,90473,16,,,1,70,,90494,16,,,1,37,,90474,16,,,1,55,,90492,16,,,1,10,,90495,16,,,1,10,,90515,12,,,1,10,,90512,16,,,1,10,,90475,16,,,1,10,,90514,12,,,1,50,,90493,16,,,1,10,,90496,16,,,1,10,,90516,12,,,1,10,,90513,16,,,1,15,,90476,16,,,1,70,,90497,16,,,1,30,,90477,16,,,1,70,,90498,16,,,1,30,,90478,16,,,1,70,,90499,16,,,1,30,,90479,16,,,1,70,,90500,16,,,1,30,,90480,16,,,1,70,,90501,16,,,1,30,,90481,16,,,1,70,,90502,16,,,1,30,,90482,16,,,1,70,,90503,16,,,1,30,,90483,16,,,1,70,,90504,16,,,1,30,,90484,16,,,1,70,,90505,16,,,1,30,,90485,16,,,1,70,,90506,16,,,1,30,,90486,16,,,1,70,,90507,16,,,1,30,,90487,16,,,1,70,,90508,16,,,1,30,,90488,16,,,1,70,,90509,16,,,1,30,,90489,16,,,1,70,,90510,16,,,1,30,,90490,16,,,1,70,,90511,16,,,1,30,,90491,16,,,1
901,'20261021',540,,90517,16,,,1,70,,90538,16,,,1,37,,90518,16,,,1,55,,90536,16,,,1,10,,90539,16,,,1,10,,90559,12,,,1,10,,90556,16,,,1,10,,90519,16,,,1,10,,90558,12,,,1,50,,90537,16,,,1,10,,90540,16,,,1,10,,90560,12,,,1,10,,90557,16,,,1,15,,90520,16,,,1,70,,90541,16,,,1,30,,90521,16,,,1,70,,90542,16,,,1,30,,90522,16,,,1,70,,90543,16,,,1,30,,90523,16,,,1,70,,90544,16,,,1,30,,90524,16,,,1,70,,90545,16,,,1,30,,90525,16,,,1,70,,90546,16,,,1,30,,90526,16,,,1,70,,90547,16,,,1,30,,90527,16,,,1,70,,90548,16,,,1,30,,90528,16,,,1,70,,90549,16,,,1,30,,90529,16,,,1,70,,90550,16,,,1,30,,90530,16,,,1,70,,90551,16,,,1,30,,90531,16,,,1,70,,90552,16,,,1,30,,90532,16,,,1,70,,90553,16,,,1,30,,90533,16,,,1,70,,90554,16,,,1,30,,90534,16,,,1,70,,90555,16,,,1,30,,90535,16,,,1
901,'20261022',540,,90561,16,,,1,70,,90582,16,,,1,37,,90562,16,,,1,55,,90580,16,,,1,10,,90583,16,,,1,10,,90603,12,,,1,10,,90600,16,,,1,10,,90563,16,,,1,10,,90602,12,,,1,50,,90581,16,,,1,10,,90584,16,,,1,10,,90604,12,,,1,10,,90601,16,,,1,15,,90564,16,,,1,70,,90585,16,,,1,30,,90565,16,,,1,70,,90586,16,,,1,30,,90566,16,,,1,70,,90587,16,,,1,30,,90567,16,,,1,70,,90588,16,,,1,30,,90568,16,,,1,70,,90589,16,,,1,30,,90569,16,,,1,70,,90590,16,,,1,30,,90570,16,,,1,70,,90591,16,,,1,30,,90571,16,,,1,70,,90592,16,,,1,30,,90572,16,,,1,70,,90593,16,,,1,30,,90573,16,,,1,70,,90594,16,,,1,30,,90574,16,,,1,70,,90595,16,,,1,30,,90575,16,,,1,70,,90596,16,,,1,30,,90576,16,,,1,70,,90597,16,,,1,30,,90577,16,,,1,70,,90598,16,,,1,30,,90578,16,,,1,70,,90599,16,,,1,30,,90579,16,,,1
901,'20261023',540,,90605,16,,,1,70,,90626,16,,,1,37,,90606,16,,,1,55,,90624,16,,,1,10,,90627,16,,,1,10,,90648,12,,,1,10,,90645,16,,,1,10,,90607,16,,,1,10,,90647,12,,,1,50,,90625,16,,,1,10,,90628,16,,,1,10,,90649,12,,,1,10,,90646,16,,,1,15,,90608,16,,,1,70,,90629,16,,,1,30,,90609,16,,,1,70,,90630,16,,,1,30,,90610,16,,,1,70,,90631,16,,,1,30,,90611,16,,,1,70,,90632,16,,,1,30,,90612,16,,,1,70,,90633,16,,,1,30,,90613,16,,,1,70,,90634,16,,,1,30,,90614,16,,,1,70,,90635,16,,,1,30,,90615,16,,,1,70,,90636,16,,,1,30,,90616,16,,,1,70,,90637,16,,,1,30,,90617,16,,,1,70,,90638,16,,,1,30,,90618,16,,,1,70,,90639,16,,,1,30,,90619,16,,,1,70,,90640,16,,,1,30,,90620,16,,,1,70,,90641,16,,,1,30,,90621,16,,,1,70,,90642,16,,,1,30,,90622,16,,,1,70,,90643,16,,,1,30,,90623,16,,,1,70,,90644,16,,,1
901,'20261024',817,,90666,16,,,1,30,,90650,16,,,1,70,,90667,16,,,1,30,,90651,16,,,1,70,,90668,16,,,1,30,,90652,16,,,1,70,,90669,16,,,1,30,,90653,16,,,1,70,,90670,16,,,1,30,,90654,16,,,1,70,,90671,16,,,1,30,,90655,16,,,1,70,,90672,16,,,1,30,,90656,16,,,1,70,,90673,16,,,1,30,,90657,16,,,1,70,,90674,16,,,1,30,,90658,16,,,1,70,,90675,16,,,1,30,,90659,16,,,1,70,,90676,16,,,1,30,,90660,16,,,1,70,,90677,16,,,1,30,,90661,16,,,1,70,,90678,16,,,1,30,,90662,16,,,1,70,,90679,16,,,1,30,,90663,16,,,1,70,,90680,16,,,1,30,,90664,16,,,1,70,,90681,16,,,1,30,,90665,16,,,1,70,,90682,16,,,1
901,'20261025',817,,90699,16,,,1,30,,92323,16,,,1,70,,90700,16,,,1,30,,92324,16,,,1,70,,90701,16,,,1,30,,92325,16,,,1,70,,90702,16,,,1,30,,92326,16,,,1,70,,90703,16,,,1,30,,92327,16,,,1,70,,90704,16,,,1,30,,92328,16,,,1,70,,90705,16,,,1,30,,92329,16,,,1,70,,90706,16,,,1,30,,92330,16,,,1,70,,90707,16,,,1,30,,92331,16,,,1,70,,90708,16,,,1,30,,92332,16,,,1,70,,90709,16,,,1,30,,92333,16,,,1,70,,90710,16,,,1,30,,92334,16,,,1,70,,90711,16,,,1,30,,92335,16,,,1,70,,90712,16,,,1,30,,92336,16,,,1,70,,90713,16,,,1,30,,92337,16,,,1,70,,90714,16,,,1,30,,92338,16,,,1
901,'20261026',540,,90715,16,,,1,70,,90736,16,,,1,37,,90716,16,,,1,55,,90734,16,,,1,10,,90737,16,,,1,10,,90757,12,,,1,10,,90754,16,,,1,10,,90717,16,,,1,10,,90756,12,,,1,50,,90735,16,,,1,10,,90738,16,,,1,10,,90758,12,,,1,10,,90755,16,,,1,15,,90718,16,,,1,70,,90739,16,,,1,30,,90719,16,,,1,70,,90740,16,,,1,30,,90720,16,,,1,70,,90741,16,,,1,30,,90721,16,,,1,70,,90742,16,,,1,30,,90722,16,,,1,70,,90743,16,,,1,30,,90723,16,,,1,70,,90744,16,,,1,30,,90724,16,,,1,70,,90745,16,,,1,30,,90725,16,,,1,70,,90746,16,,,1,30,,90726,16,,,1,70,,90747,16,,,1,30,,90727,16,,,1,70,,90748,16,,,1,30,,90728,16,,,1,70,,90749,16,,,1,30,,90729,16,,,1,70,,90750,16,,,1,30,,90730,16,,,1,70,,90751,16,,,1,30,,90731,16,,,1,70,,90752,16,,,1,30,,90732,16,,,1,70,,90753,16,,,1,30,,90733,16,,,1
901,'20261027',540,,90759,16,,,1,70,,90780,16,,,1,37,,90760,16,,,1,55,,90778,16,,,1,10,,90781,16,,,1,10,,90801,12,,,1,10,,90798,16,,,1,10,,90761,16,,,1,10,,90800,12,,,1,50,,90779,16,,,1,10,,90782,16,,,1,10,,90802,12,,,1,10,,90799,16,,,1,15,,90762,16,,,1,70,,90783,16,,,1,30,,90763,16,,,1,70,,90784,16,,,1,30,,90764,16,,,1,70,,90785,16,,,1,30,,90765,16,,,1,70,,90786,16,,,1,30,,90766,16,,,1,70,,90787,16,,,1,30,,90767,16,,,1,70,,90788,16,,,1,30,,90768,16,,,1,70,,90789,16,,,1,30,,90769,16,,,1,70,,90790,16,,,1,30,,90770,16,,,1,70,,90791,16,,,1,30,,90771,16,,,1,70,,90792,16,,,1,30,,90772,16,,,1,70,,90793,16,,,1,30,,90773,16,,,1,70,,90794,16,,,1,30,,90774,16,,,1,70,,90795,16,,,1,30,,90775,16,,,1,70,,90796,16,,,1,30,,90776,16,,,1,70,,90797,16,,,1,30,,90777,16,,,1
901,'20261028',540,,90803,16,,,1,70,,90824,16,,,1,37,,90804,16,,,1,55,,90822,16,,,1,10,,90825,16,,,1,10,,90845,12,,,1,10,,90842,16,,,1,10,,90805,16,,,1,10,,90844,12,,,1,50,,90823,16,,,1,10,,90826,16,,,1,10,,90846,12,,,1,10,,90843,16,,,1,15,,90806,16,,,1,70,,90827,16,,,1,30,,90807,16,,,1,70,,90828,16,,,1,30,,90808,16,,,1,70,,90829,16,,,1,30,,90809,16,,,1,70,,90830,16,,,1,30,,90810,16,,,1,70,,90831,16,,,1,30,,90811,16,,,1,70,,90832,16,,,1,30,,90812,16,,,1,70,,90833,16,,,1,30,,90813,16,,,1,70,,90834,16,,,1,30,,90814,16,,,1,70,,90835,16,,,1,30,,90815,16,,,1,70,,90836,16,,,1,30,,90816,16,,,1,70,,90837,16,,,1,30,,90817,16,,,1,70,,90838,16,,,1,30,,90818,16,,,1,70,,90839,16,,,1,30,,90819,16,,,1,70,,90840,16,,,1,30,,90820,16,,,1,70,,90841,16,,,1,30,,90821,16,,,1
901,'20261029',540,,90847,16,,,1,70,,90868,16,,,1,37,,90848,16,,,1,55,,90866,16,,,1,10,,90869,16,,,1,10,,90889,12,,,1,10,,90886,16,,,1,10,,90849,16,,,1,10,,90888,12,,,1,50,,90867,16,,,1,10,,90870,16,,,1,10,,90890,12,,,1,10,,90887,16,,,1,15,,90850,16,,,1,70,,90871,16,,,1,30,,90851,16,,,1,70,,90872,16,,,1,30,,90852,16,,,1,70,,90873,16,,,1,30,,90853,16,,,1,70,,90874,16,,,1,30,,90854,16,,,1,70,,90875,16,,,1,30,,90855,16,,,1,70,,90876,16,,,1,30,,90856,16,,,1,70,,90877,16,,,1,30,,90857,16,,,1,70,,90878,16,,,1,30,,90858,16,,,1,70,,90879,16,,,1,30,,90859,16,,,1,70,,90880,16,,,1,30,,90860,16,,,1,70,,90881,16,,,1,30,,90861,16,,,1,70,,90882,16,,,1,30,,90862,16,,,1,70,,90883,16,,,1,30,,90863,16,,,1,70,,90884,16,,,1,30,,90864,16,,,1,70,,90885,16,,,1,30,,90865,16,,,1
901,'20261030',540,,90891,16,,,1,70,,90912,16,,,1,37,,90892,16,,,1,55,,90910,16,,,1,10,,90913,16,,,1,10,,90934,12,,,1,10,,90931,16,,,1,10,,90893,16,,,1,10,,90933,12,,,1,50,,90911,16,,,1,10,,90914,16,,,1,10,,90935,12,,,1,10,,90932,16,,,1,15,,90894,16,,,1,70,,90915,16,,,1,30,,90895,16,,,1,70,,90916,16,,,1,30,,90896,16,,,1,70,,90917,16,,,1,30,,90897,16,,,1,70,,90918,16,,,1,30,,90898,16,,,1,70,,90919,16,,,1,30,,90899,16,,,1,70,,90920,16,,,1,30,,90900,16,,,1,70,,90921,16,,,1,30,,90901,16,,,1,70,,90922,16,,,1,30,,90902,16,,,1,70,,90923,16,,,1,30,,90903,16,,,1,70,,90924,16,,,1,30,,90904,16,,,1,70,,90925,16,,,1,30,,90905,16,,,1,70,,90926,16,,,1,30,,90906,16,,,1,70,,90927,16,,,1,30,,90907,16,,,1,70,,90928,16,,,1,30,,90908,16,,,1,70,,90929,16,,,1,30,,90909,16,,,1,70,,90930,16,,,1
901,'20261031',817,,90952,16,,,1,30,,90936,16,,,1,70,,90953,16,,,1,30,,90937,16,,,1,70,,90954,16,,,1,30,,90938,16,,,1,70,,90955,16,,,1,30,,90939,16,,,1,70,,90956,16,,,1,30,,90940,16,,,1,70,,90957,16,,,1,30,,90941,16,,,1,70,,90958,16,,,1,30,,90942,16,,,1,70,,90959,16,,,1,30,,90943,16,,,1,70,,90960,16,,,1,30,,90944,16,,,1,70,,90961,16,,,1,30,,90945,16,,,1,70,,90962,16,,,1,30,,90946,16,,,1,70,,90963,16,,,1,30,,90947,16,,,1,70,,90964,16,,,1,30,,90948,16,,,1,70,,90965,16,,,1,30,,90949,16,,,1,70,,90966,16,,,1,30,,90950,16,,,1,70,,90967,16,,,1,30,,90951,16,,,1,70,,90968,16,,,1
901,'20261101',817,,90985,16,,,1,30,,92339,16,,,1,70,,90986,16,,,1,30,,92340,16,,,1,70,,90987,16,,,1,30,,92341,16,,,1,70,,90988,16,,,1,30,,92342,16,,,1,70,,90989,16,,,1,30,,92343,16,,,1,70,,90990,16,,,1,30,,92344,16,,,1,70,,90991,16,,,1,30,,92345,16,,,1,70,,90992,16,,,1,30,,92346,16,,,1,70,,90993,16,,,1,30,,92347,16,,,1,70,,90994,16,,,1,30,,92348,16,,,1,70,,90995,16,,,1,30,,92349,16,,,1,70,,90996,16,,,1,30,,92350,16,,,1,70,,90997,16,,,1,30,,92351,16,,,1,70,,90998,16,,,1,30,,92352,16,,,1,70,,90999,16,,,1,30,,92353,16,,,1,70,,91000,16,,,1,30,,92354,16,,,1
901,'20261102',540,,91001,16,,,1,70,,91022,16,,,1,37,,91002,16,,,1,55,,91020,16,,,1,10,,91023,16,,,1,10,,91043,12,,,1,10,,91040,16,,,1,10,,91003,16,,,1,10,,91042,12,,,1,50,,91021,16,,,1,10,,91024,16,,,1,10,,91044,12,,,1,10,,91041,16,,,1,15,,91004,16,,,1,70,,91025,16,,,1,30,,91005,16,,,1,70,,91026,16,,,1,30,,91006,16,,,1,70,,91027,16,,,1,30,,91007,16,,,1,70,,91028,16,,,1,30,,91008,16,,,1,70,,91029,16,,,1,30,,91009,16,,,1,70,,91030,16,,,1,30,,91010,16,,,1,70,,91031,16,,,1,30,,91011,16,,,1,70,,91032,16,,,1,30,,91012,16,,,1,70,,91033,16,,,1,30,,91013,16,,,1,70,,91034,16,,,1,30,,91014,16,,,1,70,,91035,16,,,1,30,,91015,16,,,1,70,,91036,16,,,1,30,,91016,16,,,1,70,,91037,16,,,1,30,,91017,16,,,1,70,,91038,16,,,1,30,,91018,16,,,1,70,,91039,16,,,1,30,,91019,16,,,1
901,'20261103',540,,91045,16,,,1,70,,91066,16,,,1,37,,91046,16,,,1,55,,91064,16,,,1,10,,91067,16,,,1,10,,91087,12,,,1,10,,91084,16,,,1,10,,91047,16,,,1,10,,91086,12,,,1,50,,91065,16,,,1,10,,91068,16,,,1,10,,91088,12,,,1,10,,91085,16,,,1,15,,91048,16,,,1,70,,91069,16,,,1,30,,91049,16,,,1,70,,91070,16,,,1,30,,91050,16,,,1,70,,91071,16,,,1,30,,91051,16,,,1,70,,91072,16,,,1,30,,91052,16,,,1,70,,91073,16,,,1,30,,91053,16,,,1,70,,91074,16,,,1,30,,91054,16,,,1,70,,91075,16,,,1,30,,91055,16,,,1,70,,91076,16,,,1,30,,91056,16,,,1,70,,91077,16,,,1,30,,91057,16,,,1,70,,91078,16,,,1,30,,91058,16,,,1,70,,91079,16,,,1,30,,91059,16,,,1,70,,91080,16,,,1,30,,91060,16,,,1,70,,91081,16,,,1,30,,91061,16,,,1,70,,91082,16,,,1,30,,91062,16,,,1,70,,91083,16,,,1,30,,91063,16,,,1
901,'20261104',540,,91089,16,,,1,70,,91110,16,,,1,37,,91090,16,,,1,55,,91108,16,,,1,10,,91111,16,,,1,10,,91131,12,,,1,10,,91128,16,,,1,10,,91091,16,,,1,10,,91130,12,,,1,50,,91109,16,,,1,10,,91112,16,,,1,10,,91132,12,,,1,10,,91129,16,,,1,15,,91092,16,,,1,70,,91113,16,,,1,30,,91093,16,,,1,70,,91114,16,,,1,30,,91094,16,,,1,70,,91115,16,,,1,30,,91095,16,,,1,70,,91116,16,,,1,30,,91096,16,,,1,70,,91117,16,,,1,30,,91097,16,,,1,70,,91118,16,,,1,30,,91098,16,,,1,70,,91119,16,,,1,30,,91099,16,,,1,70,,91120,16,,,1,30,,91100,16,,,1,70,,91121,16,,,1,30,,91101,16,,,1,70,,91122,16,,,1,30,,91102,16,,,1,70,,91123,16,,,1,30,,91103,16,,,1,70,,91124,16,,,1,30,,91104,16,,,1,70,,91125,16,,,1,30,,91105,16,,,1,70,,91126,16,,,1,30,,91106,16,,,1,70,,91127,16,,,1,30,,91107,16,,,1
901,'20261105',540,,91133,16,,,1,70,,91154,16,,,1,37,,91134,16,,,1,55,,91152,16,,,1,10,,91155,16,,,1,10,,91175,12,,,1,10,,91172,16,,,1,10,,91135,16,,,1,10,,91174,12,,,1,50,,91153,16,,,1,10,,91156,16,,,1,10,,91176,12,,,1,10,,91173,16,,,1,15,,91136,16,,,1,70,,91157,16,,,1,30,,91137,16,,,1,70,,91158,16,,,1,30,,91138,16,,,1,70,,91159,16,,,1,30,,91139,16,,,1,70,,91160,16,,,1,30,,91140,16,,,1,70,,91161,16,,,1,30,,91141,16,,,1,70,,91162,16,,,1,30,,91142,16,,,1,70,,91163,16,,,1,30,,91143,16,,,1,70,,91164,16,,,1,30,,91144,16,,,1,70,,91165,16,,,1,30,,91145,16,,,1,70,,91166,16,,,1,30,,91146,16,,,1,70,,91167,16,,,1,30,,91147,16,,,1,70,,91168,16,,,1,30,,91148,16,,,1,70,,91169,16,,,1,30,,91149,16,,,1,70,,91170,16,,,1,30,,91150,16,,,1,70,,91171,16,,,1,30,,91151,16,,,1
901,'20261106',540,,91177,16,,,1,70,,91198,16,,,1,37,,91178,16,,,1,55,,91196,16,,,1,10,,91199,16,,,1,10,,91220,12,,,1,10,,91217,16,,,1,10,,91179,16,,,1,10,,91219,12,,,1,50,,91197,16,,,1,10,,91200,16,,,1,10,,91221,12,,,1,10,,91218,16,,,1,15,,91180,16,,,1,70,,91201,16,,,1,30,,91181,16,,,1,70,,91202,16,,,1,30,,91182,16,,,1,70,,91203,16,,,1,30,,91183,16,,,1,70,,91204,16,,,1,30,,91184,16,,,1,70,,91205,16,,,1,30,,91185,16,,,1,70,,91206,16,,,1,30,,91186,16,,,1,70,,91207,16,,,1,30,,91187,16,,,1,70,,91208,16,,,1,30,,91188,16,,,1,70,,91209,16,,,1,30,,91189,16,,,1,70,,91210,16,,,1,30,,91190,16,,,1,70,,91211,16,,,1,30,,91191,16,,,1,70,,91212,16,,,1,30,,91192,16,,,1,70,,91213,16,,,1,30,,91193,16,,,1,70,,91214,16,,,1,30,,91194,16,,,1,70,,91215,16,,,1,30,,91195,16,,,1,70,,91216,16,,,1
901,'20261107',817,,91238,16,,,1,30,,91222,16,,,1,70,,91239,16,,,1,30,,91223,16,,,1,70,,91240,16,,,1,30,,91224,16,,,1,70,,91241,16,,,1,30,,91225,16,,,1,70,,91242,16,,,1,30,,91226,16,,,1,70,,91243,16,,,1,30,,91227,16,,,1,70,,91244,16,,,1,30,,91228,16,,,1,70,,91245,16,,,1,30,,91229,16,,,1,70,,91246,16,,,1,30,,91230,16,,,1,70,,91247,16,,,1,30,,91231,16,,,1,70,,91248,16,,,1,30,,91232,16,,,1,70,,91249,16,,,1,30,,91233,16,,,1,70,,91250,16,,,1,30,,91234,16,,,1,70,,91251,16,,,1,30,,91235,16,,,1,70,,91252,16,,,1,30,,91236,16,,,1,70,,91253,16,,,1,30,,91237,16,,,1,70,,91254,16,,,1
901,'20261108',817,,91271,16,,,1,30,,92355,16,,,1,70,,91272,16,,,1,30,,92356,16,,,1,70,,91273,16,,,1,30,,92357,16,,,1,70,,91274,16,,,1,30,,92358,16,,,1,70,,91275,16,,,1,30,,92359,16,,,1,70,,91276,16,,,1,30,,92360,16,,,1,70,,91277,16,,,1,30,,92361,16,,,1,70,,91278,16,,,1,30,,92362,16,,,1,70,,91279,16,,,1,30,,92363,16,,,1,70,,91280,16,,,1,30,,92364,16,,,1,70,,91281,16,,,1,30,,92365,16,,,1,70,,91282,16,,,1,30,,92366,16,,,1,70,,91283,16,,,1,30,,92367,16,,,1,70,,91284,16,,,1,30,,92368,16,,,1,70,,91285,16,,,1,30,,92369,16,,,1,70,,91286,16,,,1,30,,92370,16,,,1
901,'20261109',540,,91287,16,,,1,70,,91308,16,,,1,37,,91288,16,,,1,55,,91306,16,,,1,10,,91309,16,,,1,10,,91329,12,,,1,10,,91326,16,,,1,10,,91289,16,,,1,10,,91328,12,,,1,50,,91307,16,,,1,10,,91310,16,,,1,10,,91330,12,,,1,10,,91327,16,,,1,15,,91290,16,,,1,70,,91311,16,,,1,30,,91291,16,,,1,70,,91312,16,,,1,30,,91292,16,,,1,70,,91313,16,,,1,30,,91293,16,,,1,70,,91314,16,,,1,30,,91294,16,,,1,70,,91315,16,,,1,30,,91295,16,,,1,70,,91316,16,,,1,30,,91296,16,,,1,70,,91317,16,,,1,30,,91297,16,,,1,70,,91318,16,,,1,30,,91298,16,,,1,70,,91319,16,,,1,30,,91299,16,,,1,70,,91320,16,,,1,30,,91300,16,,,1,70,,91321,16,,,1,30,,91301,16,,,1,70,,91322,16,,,1,30,,91302,16,,,1,70,,91323,16,,,1,30,,91303,16,,,1,70,,91324,16,,,1,30,,91304,16,,,1,70,,91325,16,,,1,30,,91305,16,,,1
901,'20261110',540,,91331,16,,,1,70,,91352,16,,,1,37,,91332,16,,,1,55,,91350,16,,,1,10,,91353,16,,,1,10,,91373,12,,,1,10,,91370,16,,,1,10,,91333,16,,,1,10,,91372,12,,,1,50,,91351,16,,,1,10,,91354,16,,,1,10,,91374,12,,,1,10,,91371,16,,,1,15,,91334,16,,,1,70,,91355,16,,,1,30,,91335,16,,,1,70,,91356,16,,,1,30,,91336,16,,,1,70,,91357,16,,,1,30,,91337,16,,,1,70,,91358,16,,,1,30,,91338,16,,,1,70,,91359,16,,,1,30,,91339,16,,,1,70,,91360,16,,,1,30,,91340,16,,,1,70,,91361,16,,,1,30,,91341,16,,,1,70,,91362,16,,,1,30,,91342,16,,,1,70,,91363,16,,,1,30,,91343,16,,,1,70,,91364,16,,,1,30,,91344,16,,,1,70,,91365,16,,,1,30,,91345,16,,,1,70,,91366,16,,,1,30,,91346,16,,,1,70,,91367,16,,,1,30,,91347,16,,,1,70,,91368,16,,,1,30,,91348,16,,,1,70,,91369,16,,,1,30,,91349,16,,,1
901,'20261111',540,,91375,16,,,1,70,,91396,16,,,1,37,,91376,16,,,1,55,,91394,16,,,1,10,,91397,16,,,1,10,,91417,12,,,1,10,,91414,16,,,1,10,,91377,16,,,1,10,,91416,12,,,1,50,,91395,16,,,1,10,,91398,16,,,1,10,,91418,12,,,1,10,,91415,16,,,1,15,,91378,16,,,1,70,,91399,16,,,1,30,,91379,16,,,1,70,,91400,16,,,1,30,,91380,16,,,1,70,,91401,16,,,1,30,,91381,16,,,1,70,,91402,16,,,1,30,,91382,16,,,1,70,,91403,16,,,1,30,,91383,16,,,1,70,,91404,16,,,1,30,,91384,16,,,1,70,,91405,16,,,1,30,,91385,16,,,1,70,,91406,16,,,1,30,,91386,16,,,1,70,,91407,16,,,1,30,,91387,16,,,1,70,,91408,16,,,1,30,,91388,16,,,1,70,,91409,16,,,1,30,,91389,16,,,1,70,,91410,16,,,1,30,,91390,16,,,1,70,,91411,16,,,1,30,,91391,16,,,1,70,,91412,16,,,1,30,,91392,16,,,1,70,,91413,16,,,1,30,,91393,16,,,1
901,'20261112',540,,91419,16,,,1,70,,91440,16,,,1,37,,91420,16,,,1,55,,91438,16,,,1,10,,91441,16,,,1,10,,91461,12,,,1,10,,91458,16,,,1,10,,91421,16,,,1,10,,91460,12,,,1,50,,91439,16,,,1,10,,91442,16,,,1,10,,91462,12,,,1,10,,91459,16,,,1,15,,91422,16,,,1,70,,91443,16,,,1,30,,91423,16,,,1,70,,91444,16,,,1,30,,91424,16,,,1,70,,91445,16,,,1,30,,91425,16,,,1,70,,91446,16,,,1,30,,91426,16,,,1,70,,91447,16,,,1,30,,91427,16,,,1,70,,91448,16,,,1,30,,91428,16,,,1,70,,91449,16,,,1,30,,91429,16,,,1,70,,91450,16,,,1,30,,91430,16,,,1,70,,91451,16,,,1,30,,91431,16,,,1,70,,91452,16,,,1,30,,91432,16,,,1,70,,91453,16,,,1,30,,91433,16,,,1,70,,91454,16,,,1,30,,91434,16,,,1,70,,91455,16,,,1,30,,91435,16,,,1,70,,91456,16,,,1,30,,91436,16,,,1,70,,91457,16,,,1,30,,91437,16,,,1
901,'20261113',540,,91463,16,,,1,70,,91484,16,,,1,37,,91464,16,,,1,55,,91482,16,,,1,10,,91485,16,,,1,10,,91506,12,,,1,10,,91503,16,,,1,10,,91465,16,,,1,10,,91505,12,,,1,50,,91483,16,,,1,10,,91486,16,,,1,10,,91507,12,,,1,10,,91504,16,,,1,15,,91466,16,,,1,70,,91487,16,,,1,30,,91467,16,,,1,70,,91488,16,,,1,30,,91468,16,,,1,70,,91489,16,,,1,30,,91469,16,,,1,70,,91490,16,,,1,30,,91470,16,,,1,70,,91491,16,,,1,30,,91471,16,,,1,70,,91492,16,,,1,30,,91472,16,,,1,70,,91493,16,,,1,30,,91473,16,,,1,70,,91494,16,,,1,30,,91474,16,,,1,70,,91495,16,,,1,30,,91475,16,,,1,70,,91496,16,,,1,30,,91476,16,,,1,70,,91497,16,,,1,30,,91477,16,,,1,70,,91498,16,,,1,30,,91478,16,,,1,70,,91499,16,,,1,30,,91479,16,,,1,70,,91500,16,,,1,30,,91480,16,,,1,70,,91501,16,,,1,30,,91481,16,,,1,70,,91502,16,,,1
901,'20261114',817,,91524,16,,,1,30,,91508,16,,,1,70,,91525,16,,,1,30,,91509,16,,,1,70,,91526,16,,,1,30,,91510,16,,,1,70,,91527,16,,,1,30,,91511,16,,,1,70,,91528,16,,,1,30,,91512,16,,,1,70,,91529,16,,,1,30,,91513,16,,,1,70,,91530,16,,,1,30,,91514,16,,,1,70,,91531,16,,,1,30,,91515,16,,,1,70,,91532,16,,,1,30,,91516,16,,,1,70,,91533,16,,,1,30,,91517,16,,,1,70,,91534,16,,,1,30,,91518,16,,,1,70,,91535,16,,,1,30,,91519,16,,,1,70,,91536,16,,,1,30,,91520,16,,,1,70,,91537,16,,,1,30,,91521,16,,,1,70,,91538,16,,,1,30,,91522,16,,,1,70,,91539,16,,,1,30,,91523,16,,,1,70,,91540,16,,,1
901,'20261115',817,,91557,16,,,1,30,,92371,16,,,1,70,,91558,16,,,1,30,,92372,16,,,1,70,,91559,16,,,1,30,,92373,16,,,1,70,,91560,16,,,1,30,,92374,16,,,1,70,,91561,16,,,1,30,,92375,16,,,1,70,,91562,16,,,1,30,,92376,16,,,1,70,,91563,16,,,1,30,,92377,16,,,1,70,,91564,16,,,1,30,,92378,16,,,1,70,,91565,16,,,1,30,,92379,16,,,1,70,,91566,16,,,1,30,,92380,16,,,1,70,,91567,16,,,1,30,,92381,16,,,1,70,,91568,16,,,1,30,,92382,16,,,1,70,,91569,16,,,1,30,,92383,16,,,1,70,,91570,16,,,1,30,,92384,16,,,1,70,,91571,16,,,1,30,,92385,16,,,1,70,,91572,16,,,1,30,,92386,16,,,1
901,'20261116',540,,91573,16,,,1,70,,91594,16,,,1,37,,91574,16,,,1,55,,91592,16,,,1,10,,91595,16,,,1,10,,91615,12,,,1,10,,91612,16,,,1,10,,91575,16,,,1,10,,91614,12,,,1,50,,91593,16,,,1,10,,91596,16,,,1,10,,91616,12,,,1,10,,91613,16,,,1,15,,91576,16,,,1,70,,91597,16,,,1,30,,91577,16,,,1,70,,91598,16,,,1,30,,91578,16,,,1,70,,91599,16,,,1,30,,91579,16,,,1,70,,91600,16,,,1,30,,91580,16,,,1,70,,91601,16,,,1,30,,91581,16,,,1,70,,91602,16,,,1,30,,91582,16,,,1,70,,91603,16,,,1,30,,91583,16,,,1,70,,91604,16,,,1,30,,91584,16,,,1,70,,91605,16,,,1,30,,91585,16,,,1,70,,91606,16,,,1,30,,91586,16,,,1,70,,91607,16,,,1,30,,91587,16,,,1,70,,91608,16,,,1,30,,91588,16,,,1,70,,91609,16,,,1,30,,91589,16,,,1,70,,91610,16,,,1,30,,91590,16,,,1,70,,91611,16,,,1,30,,91591,16,,,1
901,'20261117',540,,91617,16,,,1,70,,91638,16,,,1,37,,91618,16,,,1,55,,91636,16,,,1,10,,91639,16,,,1,10,,91659,12,,,1,10,,91656,16,,,1,10,,91619,16,,,1,10,,91658,12,,,1,50,,91637,16,,,1,10,,91640,16,,,1,10,,91660,12,,,1,10,,91657,16,,,1,15,,91620,16,,,1,70,,91641,16,,,1,30,,91621,16,,,1,70,,91642,16,,,1,30,,91622,16,,,1,70,,91643,16,,,1,30,,91623,16,,,1,70,,91644,16,,,1,30,,91624,16,,,1,70,,91645,16,,,1,30,,91625,16,,,1,70,,91646,16,,,1,30,,91626,16,,,1,70,,91647,16,,,1,30,,91627,16,,,1,70,,91648,16,,,1,30,,91628,16,,,1,70,,91649,16,,,1,30,,91629,16,,,1,70,,91650,16,,,1,30,,91630,16,,,1,70,,91651,16,,,1,30,,91631,16,,,1,70,,91652,16,,,1,30,,91632,16,,,1,70,,91653,16,,,1,30,,91633,16,,,1,70,,91654,16,,,1,30,,91634,16,,,1,70,,91655,16,,,1,30,,91635,16,,,1
901,'20261118',540,,91661,16,,,1,70,,91682,16,,,1,37,,91662,16,,,1,55,,91680,16,,,1,10,,91683,16,,,1,10,,91703,12,,,1,10,,91700,16,,,1,10,,91663,16,,,1,10,,91702,12,,,1,50,,91681,16,,,1,10,,91684,16,,,1,10,,91704,12,,,1,10,,91701,16,,,1,15,,91664,16,,,1,70,,91685,16,,,1,30,,91665,16,,,1,70,,91686,16,,,1,30,,91666,16,,,1,70,,91687,16,,,1,30,,91667,16,,,1,70,,91688,16,,,1,30,,91668,16,,,1,70,,91689,16,,,1,30,,91669,16,,,1,70,,91690,16,,,1,30,,91670,16,,,1,70,,91691,16,,,1,30,,91671,16,,,1,70,,91692,16,,,1,30,,91672,16,,,1,70,,91693,16,,,1,30,,91673,16,,,1,70,,91694,16,,,1,30,,91674,16,,,1,70,,91695,16,,,1,30,,91675,16,,,1,70,,91696,16,,,1,30,,91676,16,,,1,70,,91697,16,,,1,30,,91677,16,,,1,70,,91698,16,,,1,30,,91678,16,,,1,70,,91699,16,,,1,30,,91679,16,,,1
901,'20261119',540,,91705,16,,,1,70,,91726,16,,,1,37,,91706,16,,,1,55,,91724,16,,,1,10,,91727,16,,,1,10,,91747,12,,,1,10,,91744,16,,,1,10,,91707,16,,,1,10,,91746,12,,,1,50,,91725,16,,,1,10,,91728,16,,,1,10,,91748,12,,,1,10,,91745,16,,,1,15,,91708,16,,,1,70,,91729,16,,,1,30,,91709,16,,,1,70,,91730,16,,,1,30,,91710,16,,,1,70,,91731,16,,,1,30,,91711,16,,,1,70,,91732,16,,,1,30,,91712,16,,,1,70,,91733,16,,,1,30,,91713,16,,,1,70,,91734,16,,,1,30,,91714,16,,,1,70,,91735,16,,,1,30,,91715,16,,,1,70,,91736,16,,,1,30,,91716,16,,,1,70,,91737,16,,,1,30,,91717,16,,,1,70,,91738,16,,,1,30,,91718,16,,,1,70,,91739,16,,,1,30,,91719,16,,,1,70,,91740,16,,,1,30,,91720,16,,,1,70,,91741,16,,,1,30,,91721,16,,,1,70,,91742,16,,,1,30,,91722,16,,,1,70,,91743,16,,,1,30,,91723,16,,,1
901,'20261120',540,,91749,16,,,1,70,,91770,16,,,1,37,,91750,16,,,1,55,,91768,16,,,1,10,,91771,16,,,1,10,,91792,12,,,1,10,,91789,16,,,1,10,,91751,16,,,1,10,,91791,12,,,1,50,,91769,16,,,1,10,,91772,16,,,1,10,,91793,12,,,1,10,,91790,16,,,1,15,,91752,16,,,1,70,,91773,16,,,1,30,,91753,16,,,1,70,,91774,16,,,1,30,,91754,16,,,1,70,,91775,16,,,1,30,,91755,16,,,1,70,,91776,16,,,1,30,,91756,16,,,1,70,,91777,16,,,1,30,,91757,16,,,1,70,,91778,16,,,1,30,,91758,16,,,1,70,,91779,16,,,1,30,,91759,16,,,1,70,,91780,16,,,1,30,,91760,16,,,1,70,,91781,16,,,1,30,,91761,16,,,1,70,,91782,16,,,1,30,,91762,16,,,1,70,,91783,16,,,1,30,,91763,16,,,1,70,,91784,16,,,1,30,,91764,16,,,1,70,,91785,16,,,1,30,,91765,16,,,1,70,,91786,16,,,1,30,,91766,16,,,1,70,,91787,16,,,1,30,,91767,16,,,1,70,,91788,16,,,1
901,'20261121',817,,91810,16,,,1,30,,91794,16,,,1,70,,91811,16,,,1,30,,91795,16,,,1,70,,91812,16,,,1,30,,91796,16,,,1,70,,91813,16,,,1,30,,91797,16,,,1,70,,91814,16,,,1,30,,91798,16,,,1,70,,91815,16,,,1,30,,91799,16,,,1,70,,91816,16,,,1,30,,91800,16,,,1,70,,91817,16,,,1,30,,91801,16,,,1,70,,91818,16,,,1,30,,91802,16,,,1,70,,91819,16,,,1,30,,91803,16,,,1,70,,91820,16,,,1,30,,91804,16,,,1,70,,91821,16,,,1,30,,91805,16,,,1,70,,91822,16,,,1,30,,91806,16,,,1,70,,91823,16,,,1,30,,91807,16,,,1,70,,91824,16,,,1,30,,91808,16,,,1,70,,91825,16,,,1,30,,91809,16,,,1,70,,91826,16,,,1
901,'20261122',817,,91843,16,,,1,30,,92387,16,,,1,70,,91844,16,,,1,30,,92388,16,,,1,70,,91845,16,,,1,30,,92389,16,,,1,70,,91846,16,,,1,30,,92390,16,,,1,70,,91847,16,,,1,30,,92391,16,,,1,70,,91848,16,,,1,30,,92392,16,,,1,70,,91849,16,,,1,30,,92393,16,,,1,70,,91850,16,,,1,30,,92394,16,,,1,70,,91851,16,,,1,30,,92395,16,,,1,70,,91852,16,,,1,30,,92396,16,,,1,70,,91853,16,,,1,30,,92397,16,,,1,70,,91854,16,,,1,30,,92398,16,,,1,70,,91855,16,,,1,30,,92399,16,,,1,70,,91856,16,,,1,30,,92400,16,,,1,70,,91857,16,,,1,30,,92401,16,,,1,70,,91858,16,,,1,30,,92402,16,,,1
901,'20261123',540,,91859,16,,,1,70,,91880,16,,,1,37,,91860,16,,,1,55,,91878,16,,,1,10,,91881,16,,,1,10,,91901,12,,,1,10,,91898,16,,,1,10,,91861,16,,,1,10,,91900,12,,,1,50,,91879,16,,,1,10,,91882,16,,,1,10,,91902,12,,,1,10,,91899,16,,,1,15,,91862,16,,,1,70,,91883,16,,,1,30,,91863,16,,,1,70,,91884,16,,,1,30,,91864,16,,,1,70,,91885,16,,,1,30,,91865,16,,,1,70,,91886,16,,,1,30,,91866,16,,,1,70,,91887,16,,,1,30,,91867,16,,,1,70,,91888,16,,,1,30,,91868,16,,,1,70,,91889,16,,,1,30,,91869,16,,,1,70,,91890,16,,,1,30,,91870,16,,,1,70,,91891,16,,,1,30,,91871,16,,,1,70,,91892,16,,,1,30,,91872,16,,,1,70,,91893,16,,,1,30,,91873,16,,,1,70,,91894,16,,,1,30,,91874,16,,,1,70,,91895,16,,,1,30,,91875,16,,,1,70,,91896,16,,,1,30,,91876,16,,,1,70,,91897,16,,,1,30,,91877,16,,,1
901,'20261124',540,,91903,16,,,1,70,,91924,16,,,1,37,,91904,16,,,1,55,,91922,16,,,1,10,,91925,16,,,1,10,,91945,12,,,1,10,,91942,16,,,1,10,,91905,16,,,1,10,,91944,12,,,1,50,,91923,16,,,1,10,,91926,16,,,1,10,,91946,12,,,1,10,,91943,16,,,1,15,,91906,16,,,1,70,,91927,16,,,1,30,,91907,16,,,1,70,,91928,16,,,1,30,,91908,16,,,1,70,,91929,16,,,1,30,,91909,16,,,1,70,,91930,16,,,1,30,,91910,16,,,1,70,,91931,16,,,1,30,,91911,16,,,1,70,,91932,16,,,1,30,,91912,16,,,1,70,,91933,16,,,1,30,,91913,16,,,1,70,,91934,16,,,1,30,,91914,16,,,1,70,,91935,16,,,1,30,,91915,16,,,1,70,,91936,16,,,1,30,,91916,16,,,1,70,,91937,16,,,1,30,,91917,16,,,1,70,,91938,16,,,1,30,,91918,16,,,1,70,,91939,16,,,1,30,,91919,16,,,1,70,,91940,16,,,1,30,,91920,16,,,1,70,,91941,16,,,1,30,,91921,16,,,1
901,'20261125',540,,91947,16,,,1,70,,91968,16,,,1,37,,91948,16,,,1,55,,91966,16,,,1,10,,91969,16,,,1,10,,91989,12,,,1,10,,91986,16,,,1,10,,91949,16,,,1,10,,91988,12,,,1,50,,91967,16,,,1,10,,91970,16,,,1,10,,91990,12,,,1,10,,91987,16,,,1,15,,91950,16,,,1,70,,91971,16,,,1,30,,91951,16,,,1,70,,91972,16,,,1,30,,91952,16,,,1,70,,91973,16,,,1,30,,91953,16,,,1,70,,91974,16,,,1,30,,91954,16,,,1,70,,91975,16,,,1,30,,91955,16,,,1,70,,91976,16,,,1,30,,91956,16,,,1,70,,91977,16,,,1,30,,91957,16,,,1,70,,91978,16,,,1,30,,91958,16,,,1,70,,91979,16,,,1,30,,91959,16,,,1,70,,91980,16,,,1,30,,91960,16,,,1,70,,91981,16,,,1,30,,91961,16,,,1,70,,91982,16,,,1,30,,91962,16,,,1,70,,91983,16,,,1,30,,91963,16,,,1,70,,91984,16,,,1,30,,91964,16,,,1,70,,91985,16,,,1,30,,91965,16,,,1
901,'20261126',540,,91991,16,,,1,70,,92012,16,,,1,37,,91992,16,,,1,55,,92010,16,,,1,10,,92013,16,,,1,10,,92033,12,,,1,10,,92030,16,,,1,10,,91993,16,,,1,10,,92032,12,,,1,50,,92011,16,,,1,10,,92014,16,,,1,10,,92034,12,,,1,10,,92031,16,,,1,15,,91994,16,,,1,70,,92015,16,,,1,30,,91995,16,,,1,70,,92016,16,,,1,30,,91996,16,,,1,70,,92017,16,,,1,30,,91997,16,,,1,70,,92018,16,,,1,30,,91998,16,,,1,70,,92019,16,,,1,30,,91999,16,,,1,70,,92020,16,,,1,30,,92000,16,,,1,70,,92021,16,,,1,30,,92001,16,,,1,70,,92022,16,,,1,30,,92002,16,,,1,70,,92023,16,,,1,30,,92003,16,,,1,70,,92024,16,,,1,30,,92004,16,,,1,70,,92025,16,,,1,30,,92005,16,,,1,70,,92026,16,,,1,30,,92006,16,,,1,70,,92027,16,,,1,30,,92007,16,,,1,70,,92028,16,,,1,30,,92008,16,,,1,70,,92029,16,,,1,30,,92009,16,,,1
901,'20261127',540,,92035,16,,,1,70,,92056,16,,,1,37,,92036,16,,,1,55,,92054,16,,,1,10,,92057,16,,,1,10,,92078,12,,,1,10,,92075,16,,,1,10,,92037,16,,,1,10,,92077,12,,,1,50,,92055,16,,,1,10,,92058,16,,,1,10,,92079,12,,,1,10,,92076,16,,,1,15,,92038,16,,,1,70,,92059,16,,,1,30,,92039,16,,,1,70,,92060,16,,,1,30,,92040,16,,,1,70,,92061,16,,,1,30,,92041,16,,,1,70,,92062,16,,,1,30,,92042,16,,,1,70,,92063,16,,,1,30,,92043,16,,,1,70,,92064,16,,,1,30,,92044,16,,,1,70,,92065,16,,,1,30,,92045,16,,,1,70,,92066,16,,,1,30,,92046,16,,,1,70,,92067,16,,,1,30,,92047,16,,,1,70,,92068,16,,,1,30,,92048,16,,,1,70,,92069,16,,,1,30,,92049,16,,,1,70,,92070,16,,,1,30,,92050,16,,,1,70,,92071,16,,,1,30,,92051,16,,,1,70,,92072,16,,,1,30,,92052,16,,,1,70,,92073,16,,,1,30,,92053,16,,,1,70,,92074,16,,,1
