900,'20260831',617,,65349,10,,,1,30,,65353,10,,,1,77,,65350,10,,,1,27,,65354,10,,,1,70,,65351,10,,,1,30,,65355,10,,,1,70,,65352,10,,,1,81,,59319,10,,,1,30,,59299,10,,,1,70,,59320,10,,,1,30,,59300,10,,,1,70,,59321,10,,,1,30,,59301,10,,,1,70,,59322,10,,,1,30,,59302,10,,,1,70,,59323,10,,,1,30,,59303,10,,,1,70,,59324,10,,,1,30,,59304,10,,,1,70,,59325,10,,,1,13,,59297,10,,,1,10,,65356,10,0,6,1,10,,59305,10,,,1,10,,59317,10,,,1,10,,65358,10,0,6,1,50,,59326,10,,,1,10,,59298,10,,,1,10,,65357,10,0,6,1,10,,59306,10,,,1,12,,59318,10,,,1,55,,59327,10,,,1,30,,59307,10,,,1,70,,59328,10,,,1,30,,59308,10,,,1,70,,59329,10,,,1,30,,59309,10,,,1,70,,59330,10,,,1,30,,59310,10,,,1,70,,59331,10,,,1,30,,59311,10,,,1,70,,59332,10,,,1,32,,59312,10,,,1,13,,65624,10,0,6,1,55,,59333,10,,,1,30,,59313,10,,,1
900,'20260901',617,,59337,10,,,1,30,,59358,10,,,1,77,,59338,10,,,1,27,,59359,10,,,1,70,,59339,10,,,1,30,,59360,10,,,1,70,,59340,10,,,1,81,,59363,10,,,1,30,,59343,10,,,1,70,,59364,10,,,1,30,,59344,10,,,1,70,,59365,10,,,1,30,,59345,10,,,1,70,,59366,10,,,1,30,,59346,10,,,1,70,,59367,10,,,1,30,,59347,10,,,1,70,,59368,10,,,1,30,,59348,10,,,1,70,,59369,10,,,1,13,,59341,10,,,1,10,,59378,10,0,6,1,10,,59349,10,,,1,10,,59361,10,,,1,10,,59380,10,0,6,1,50,,59370,10,,,1,10,,59342,10,,,1,10,,59379,10,0,6,1,10,,59350,10,,,1,12,,59362,10,,,1,55,,59371,10,,,1,30,,59351,10,,,1,70,,59372,10,,,1,30,,59352,10,,,1,70,,59373,10,,,1,30,,59353,10,,,1,70,,59374,10,,,1,30,,59354,10,,,1,70,,59375,10,,,1,30,,59355,10,,,1,70,,59376,10,,,1,32,,59356,10,,,1,13,,65625,10,0,6,1,55,,59377,10,,,1,30,,59357,10,,,1
900,'20260902',617,,59381,10,,,1,30,,59402,10,,,1,77,,59382,10,,,1,27,,59403,10,,,1,70,,59383,10,,,1,30,,59404,10,,,1,70,,59384,10,,,1,81,,59407,10,,,1,30,,59387,10,,,1,70,,59408,10,,,1,30,,59388,10,,,1,70,,59409,10,,,1,30,,59389,10,,,1,70,,59410,10,,,1,30,,59390,10,,,1,70,,59411,10,,,1,30,,59391,10,,,1,70,,59412,10,,,1,30,,59392,10,,,1,70,,59413,10,,,1,13,,59385,10,,,1,10,,59422,10,0,6,1,10,,59393,10,,,1,10,,59405,10,,,1,10,,59424,10,0,6,1,50,,59414,10,,,1,10,,59386,10,,,1,10,,59423,10,0,6,1,10,,59394,10,,,1,12,,59406,10,,,1,55,,59415,10,,,1,30,,59395,10,,,1,70,,59416,10,,,1,30,,59396,10,,,1,70,,59417,10,,,1,30,,59397,10,,,1,70,,59418,10,,,1,30,,59398,10,,,1,70,,59419,10,,,1,30,,59399,10,,,1,70,,59420,10,,,1,32,,59400,10,,,1,13,,65626,10,0,6,1,55,,59421,10,,,1,30,,59401,10,,,1
900,'20260903',617,,59425,10,,,1,30,,59446,10,,,1,77,,59426,10,,,1,27,,59447,10,,,1,70,,59427,10,,,1,30,,59448,10,,,1,70,,59428,10,,,1,81,,59451,10,,,1,30,,59431,10,,,1,70,,59452,10,,,1,30,,59432,10,,,1,70,,59453,10,,,1,30,,59433,10,,,1,70,,59454,10,,,1,30,,59434,10,,,1,70,,59455,10,,,1,30,,59435,10,,,1,70,,59456,10,,,1,30,,59436,10,,,1,70,,59457,10,,,1,13,,59429,10,,,1,10,,59466,10,0,6,1,10,,59437,10,,,1,10,,59449,10,,,1,10,,59468,10,0,6,1,50,,59458,10,,,1,10,,59430,10,,,1,10,,59467,10,0,6,1,10,,59438,10,,,1,12,,59450,10,,,1,55,,59459,10,,,1,30,,59439,10,,,1,70,,59460,10,,,1,30,,59440,10,,,1,70,,59461,10,,,1,30,,59441,10,,,1,70,,59462,10,,,1,30,,59442,10,,,1,70,,59463,10,,,1,30,,59443,10,,,1,70,,59464,10,,,1,32,,59444,10,,,1,13,,65627,10,0,6,1,55,,59465,10,,,1,30,,59445,10,,,1
900,'20260904',617,,59469,10,,,1,30,,59490,10,,,1,77,,59470,10,,,1,27,,59491,10,,,1,70,,59471,10,,,1,30,,59492,10,,,1,70,,59472,10,,,1,81,,59495,10,,,1,30,,59475,10,,,1,70,,59496,10,,,1,30,,59476,10,,,1,70,,59497,10,,,1,30,,59477,10,,,1,70,,59498,10,,,1,30,,59478,10,,,1,70,,59499,10,,,1,30,,59479,10,,,1,70,,59500,10,,,1,30,,59480,10,,,1,70,,59501,10,,,1,13,,59473,10,,,1,10,,59511,10,0,6,1,10,,59481,10,,,1,10,,59493,10,,,1,10,,59513,10,0,6,1,50,,59502,10,,,1,10,,59474,10,,,1,10,,59512,10,0,6,1,10,,59482,10,,,1,12,,59494,10,,,1,55,,59503,10,,,1,30,,59483,10,,,1,70,,59504,10,,,1,30,,59484,10,,,1,70,,59505,10,,,1,30,,59485,10,,,1,70,,59506,10,,,1,30,,59486,10,,,1,70,,59507,10,,,1,30,,59487,10,,,1,15,,65628,10,0,6,1,55,,59508,10,,,1,32,,59488,10,,,1,68,,59509,10,,,1,30,,59489,10,,,1,70,,59510,10,,,1
900,'20260905',902,,85166,10,,,1,30,,85142,10,,,1,70,,85167,10,,,1,30,,85143,10,,,1,70,,85168,10,,,1,30,,85144,10,,,1,70,,85169,10,,,1,30,,85145,10,,,1,70,,85170,10,,,1,30,,85146,10,,,1,70,,85171,10,,,1,30,,85147,10,,,1,70,,85172,10,,,1,30,,85148,10,,,1,15,,85158,10,,,1,55,,85173,10,,,1,15,,85134,10,,,1,15,,85149,10,,,1,15,,85159,10,,,1,55,,85174,10,,,1,15,,85135,10,,,1,15,,85150,10,,,1,15,,85160,10,,,1,55,,85175,10,,,1,15,,85136,10,,,1,15,,85151,10,,,1,15,,85161,10,,,1,55,,85176,10,,,1,15,,85137,10,,,1,15,,85152,10,,,1,15,,85162,10,,,1,55,,85177,10,,,1,15,,85138,10,,,1,15,,85153,10,,,1,15,,85163,10,,,1,55,,85178,10,,,1,15,,85139,10,,,1,15,,85154,10,,,1,15,,85164,10,,,1,55,,85179,10,,,1,15,,85140,10,,,1,15,,85155,10,,,1,15,,85165,10,,,1,55,,85180,10,,,1,15,,85141,10,,,1,16,,85156,10,,,1,15,,85183,10,0,6,1,55,,85181,10,,,1,30,,85157,10,,,1,70,,85182,10,,,1
900,'20260906',902,,85216,10,,,1,30,,85192,10,,,1,70,,85217,10,,,1,30,,85193,10,,,1,70,,85218,10,,,1,30,,85194,10,,,1,70,,85219,10,,,1,30,,85195,10,,,1,70,,85220,10,,,1,30,,85196,10,,,1,70,,85221,10,,,1,30,,85197,10,,,1,70,,85222,10,,,1,30,,85198,10,,,1,15,,85208,10,,,1,55,,85223,10,,,1,15,,85184,10,,,1,15,,85199,10,,,1,15,,85209,10,,,1,55,,85224,10,,,1,15,,85185,10,,,1,15,,85200,10,,,1,15,,85210,10,,,1,55,,85225,10,,,1,15,,85186,10,,,1,15,,85201,10,,,1,15,,85211,10,,,1,55,,85226,10,,,1,15,,85187,10,,,1,15,,85202,10,,,1,15,,85212,10,,,1,55,,85227,10,,,1,15,,85188,10,,,1,15,,85203,10,,,1,15,,85213,10,,,1,55,,85228,10,,,1,15,,85189,10,,,1,15,,85204,10,,,1,15,,85214,10,,,1,55,,85229,10,,,1,15,,85190,10,,,1,15,,85205,10,,,1,15,,85215,10,,,1,55,,85230,10,,,1,15,,85191,10,,,1,16,,85206,10,,,1,15,,85233,10,0,6,1,55,,85231,10,,,1,30,,85207,10,,,1,70,,85232,10,,,1
900,'20260907',902,,85266,10,,,1,30,,85242,10,,,1,70,,85267,10,,,1,30,,85243,10,,,1,70,,85268,10,,,1,30,,85244,10,,,1,70,,85269,10,,,1,30,,85245,10,,,1,70,,85270,10,,,1,30,,85246,10,,,1,70,,85271,10,,,1,30,,85247,10,,,1,70,,85272,10,,,1,30,,85248,10,,,1,15,,85258,10,,,1,55,,85273,10,,,1,15,,85234,10,,,1,15,,85249,10,,,1,15,,85259,10,,,1,55,,85274,10,,,1,15,,85235,10,,,1,15,,85250,10,,,1,15,,85260,10,,,1,55,,85275,10,,,1,15,,85236,10,,,1,15,,85251,10,,,1,15,,85261,10,,,1,55,,85276,10,,,1,15,,85237,10,,,1,15,,85252,10,,,1,15,,85262,10,,,1,55,,85277,10,,,1,15,,85238,10,,,1,15,,85253,10,,,1,15,,85263,10,,,1,55,,85278,10,,,1,15,,85239,10,,,1,15,,85254,10,,,1,15,,85264,10,,,1,55,,85279,10,,,1,15,,85240,10,,,1,15,,85255,10,,,1,15,,85265,10,,,1,55,,85280,10,,,1,15,,85241,10,,,1,16,,85256,10,,,1,15,,85283,10,0,6,1,55,,85281,10,,,1,30,,85257,10,,,1,70,,85282,10,,,1
900,'20260908',617,,85284,10,,,1,30,,85305,10,,,1,77,,85285,10,,,1,27,,85306,10,,,1,70,,85286,10,,,1,30,,85307,10,,,1,70,,85287,10,,,1,81,,85310,10,,,1,30,,85290,10,,,1,70,,85311,10,,,1,30,,85291,10,,,1,70,,85312,10,,,1,30,,85292,10,,,1,70,,85313,10,,,1,30,,85293,10,,,1,70,,85314,10,,,1,30,,85294,10,,,1,70,,85315,10,,,1,30,,85295,10,,,1,70,,85316,10,,,1,13,,85288,10,,,1,10,,85325,10,0,6,1,10,,85296,10,,,1,10,,85308,10,,,1,10,,85327,10,0,6,1,50,,85317,10,,,1,10,,85289,10,,,1,10,,85326,10,0,6,1,10,,85297,10,,,1,12,,85309,10,,,1,55,,85318,10,,,1,30,,85298,10,,,1,70,,85319,10,,,1,30,,85299,10,,,1,70,,85320,10,,,1,30,,85300,10,,,1,70,,85321,10,,,1,30,,85301,10,,,1,70,,85322,10,,,1,30,,85302,10,,,1,70,,85323,10,,,1,32,,85303,10,,,1,68,,85324,10,,,1,30,,85304,10,,,1
900,'20260909',617,,85328,10,,,1,30,,85349,10,,,1,77,,85329,10,,,1,27,,85350,10,,,1,70,,85330,10,,,1,30,,85351,10,,,1,70,,85331,10,,,1,81,,85354,10,,,1,30,,85334,10,,,1,70,,85355,10,,,1,30,,85335,10,,,1,70,,85356,10,,,1,30,,85336,10,,,1,70,,85357,10,,,1,30,,85337,10,,,1,70,,85358,10,,,1,30,,85338,10,,,1,70,,85359,10,,,1,30,,85339,10,,,1,70,,85360,10,,,1,13,,85332,10,,,1,10,,85369,10,0,6,1,10,,85340,10,,,1,10,,85352,10,,,1,10,,85371,10,0,6,1,50,,85361,10,,,1,10,,85333,10,,,1,10,,85370,10,0,6,1,10,,85341,10,,,1,12,,85353,10,,,1,55,,85362,10,,,1,30,,85342,10,,,1,70,,85363,10,,,1,30,,85343,10,,,1,70,,85364,10,,,1,30,,85344,10,,,1,70,,85365,10,,,1,30,,85345,10,,,1,70,,85366,10,,,1,30,,85346,10,,,1,70,,85367,10,,,1,32,,85347,10,,,1,68,,85368,10,,,1,30,,85348,10,,,1
900,'20260910',617,,85372,10,,,1,30,,85393,10,,,1,77,,85373,10,,,1,27,,85394,10,,,1,70,,85374,10,,,1,30,,85395,10,,,1,70,,85375,10,,,1,81,,85398,10,,,1,30,,85378,10,,,1,70,,85399,10,,,1,30,,85379,10,,,1,70,,85400,10,,,1,30,,85380,10,,,1,70,,85401,10,,,1,30,,85381,10,,,1,70,,85402,10,,,1,30,,85382,10,,,1,70,,85403,10,,,1,30,,85383,10,,,1,70,,85404,10,,,1,13,,85376,10,,,1,10,,85413,10,0,6,1,10,,85384,10,,,1,10,,85396,10,,,1,10,,85415,10,0,6,1,50,,85405,10,,,1,10,,85377,10,,,1,10,,85414,10,0,6,1,10,,85385,10,,,1,12,,85397,10,,,1,55,,85406,10,,,1,30,,85386,10,,,1,70,,85407,10,,,1,30,,85387,10,,,1,70,,85408,10,,,1,30,,85388,10,,,1,70,,85409,10,,,1,30,,85389,10,,,1,70,,85410,10,,,1,30,,85390,10,,,1,70,,85411,10,,,1,32,,85391,10,,,1,68,,85412,10,,,1,30,,85392,10,,,1
900,'20260911',617,,85416,10,,,1,30,,85437,10,,,1,77,,85417,10,,,1,27,,85438,10,,,1,70,,85418,10,,,1,30,,85439,10,,,1,70,,85419,10,,,1,81,,85442,10,,,1,30,,85422,10,,,1,70,,85443,10,,,1,30,,85423,10,,,1,70,,85444,10,,,1,30,,85424,10,,,1,70,,85445,10,,,1,30,,85425,10,,,1,70,,85446,10,,,1,30,,85426,10,,,1,70,,85447,10,,,1,30,,85427,10,,,1,70,,85448,10,,,1,13,,85420,10,,,1,10,,85458,10,0,6,1,10,,85428,10,,,1,10,,85440,10,,,1,10,,85460,10,0,6,1,50,,85449,10,,,1,10,,85421,10,,,1,10,,85459,10,0,6,1,10,,85429,10,,,1,12,,85441,10,,,1,55,,85450,10,,,1,30,,85430,10,,,1,70,,85451,10,,,1,30,,85431,10,,,1,70,,85452,10,,,1,30,,85432,10,,,1,70,,85453,10,,,1,30,,85433,10,,,1,70,,85454,10,,,1,30,,85434,10,,,1,70,,85455,10,,,1,32,,85435,10,,,1,68,,85456,10,,,1,30,,85436,10,,,1,70,,85457,10,,,1
900,'20260912',902,,85477,10,,,1,30,,85461,10,,,1,70,,85478,10,,,1,30,,85462,10,,,1,70,,85479,10,,,1,30,,85463,10,,,1,70,,85480,10,,,1,30,,85464,10,,,1,70,,85481,10,,,1,30,,85465,10,,,1,70,,85482,10,,,1,30,,85466,10,,,1,70,,85483,10,,,1,30,,85467,10,,,1,70,,85484,10,,,1,30,,85468,10,,,1,70,,85485,10,,,1,30,,85469,10,,,1,70,,85486,10,,,1,30,,85470,10,,,1,70,,85487,10,,,1,30,,85471,10,,,1,70,,85488,10,,,1,30,,85472,10,,,1,70,,85489,10,,,1,30,,85473,10,,,1,70,,85490,10,,,1,30,,85474,10,,,1,70,,85491,10,,,1,30,,85475,10,,,1,70,,85492,10,,,1,30,,85476,10,,,1,70,,85493,10,,,1
900,'20260913',902,,85510,10,,,1,30,,85494,10,,,1,70,,85511,10,,,1,30,,85495,10,,,1,70,,85512,10,,,1,30,,85496,10,,,1,70,,85513,10,,,1,30,,85497,10,,,1,70,,85514,10,,,1,30,,85498,10,,,1,70,,85515,10,,,1,30,,85499,10,,,1,70,,85516,10,,,1,30,,85500,10,,,1,70,,85517,10,,,1,30,,85501,10,,,1,70,,85518,10,,,1,30,,85502,10,,,1,70,,85519,10,,,1,30,,85503,10,,,1,70,,85520,10,,,1,30,,85504,10,,,1,70,,85521,10,,,1,30,,85505,10,,,1,70,,85522,10,,,1,30,,85506,10,,,1,70,,85523,10,,,1,30,,85507,10,,,1,70,,85524,10,,,1,30,,85508,10,,,1,70,,85525,10,,,1,30,,85509,10,,,1
900,'20260914',617,,85526,10,,,1,30,,85547,10,,,1,77,,85527,10,,,1,27,,85548,10,,,1,70,,85528,10,,,1,30,,85549,10,,,1,70,,85529,10,,,1,81,,85552,10,,,1,30,,85532,10,,,1,70,,85553,10,,,1,30,,85533,10,,,1,70,,85554,10,,,1,30,,85534,10,,,1,70,,85555,10,,,1,30,,85535,10,,,1,70,,85556,10,,,1,30,,85536,10,,,1,70,,85557,10,,,1,30,,85537,10,,,1,70,,85558,10,,,1,13,,85530,10,,,1,10,,85567,10,0,6,1,10,,85538,10,,,1,10,,85550,10,,,1,10,,85569,10,0,6,1,50,,85559,10,,,1,10,,85531,10,,,1,10,,85568,10,0,6,1,10,,85539,10,,,1,12,,85551,10,,,1,55,,85560,10,,,1,30,,85540,10,,,1,70,,85561,10,,,1,30,,85541,10,,,1,70,,85562,10,,,1,30,,85542,10,,,1,70,,85563,10,,,1,30,,85543,10,,,1,70,,85564,10,,,1,30,,85544,10,,,1,70,,85565,10,,,1,32,,85545,10,,,1,68,,85566,10,,,1,30,,85546,10,,,1
900,'20260915',617,,85570,10,,,1,30,,85591,10,,,1,77,,85571,10,,,1,27,,85592,10,,,1,70,,85572,10,,,1,30,,85593,10,,,1,70,,85573,10,,,1,81,,85596,10,,,1,30,,85576,10,,,1,70,,85597,10,,,1,30,,85577,10,,,1,70,,85598,10,,,1,30,,85578,10,,,1,70,,85599,10,,,1,30,,85579,10,,,1,70,,85600,10,,,1,30,,85580,10,,,1,70,,85601,10,,,1,30,,85581,10,,,1,70,,85602,10,,,1,13,,85574,10,,,1,10,,85611,10,0,6,1,10,,85582,10,,,1,10,,85594,10,,,1,10,,85613,10,0,6,1,50,,85603,10,,,1,10,,85575,10,,,1,10,,85612,10,0,6,1,10,,85583,10,,,1,12,,85595,10,,,1,55,,85604,10,,,1,30,,85584,10,,,1,70,,85605,10,,,1,30,,85585,10,,,1,70,,85606,10,,,1,30,,85586,10,,,1,70,,85607,10,,,1,30,,85587,10,,,1,70,,85608,10,,,1,30,,85588,10,,,1,70,,85609,10,,,1,32,,85589,10,,,1,68,,85610,10,,,1,30,,85590,10,,,1
900,'20260916',617,,85614,10,,,1,30,,85635,10,,,1,77,,85615,10,,,1,27,,85636,10,,,1,70,,85616,10,,,1,30,,85637,10,,,1,70,,85617,10,,,1,81,,85640,10,,,1,30,,85620,10,,,1,70,,85641,10,,,1,30,,85621,10,,,1,70,,85642,10,,,1,30,,85622,10,,,1,70,,85643,10,,,1,30,,85623,10,,,1,70,,85644,10,,,1,30,,85624,10,,,1,70,,85645,10,,,1,30,,85625,10,,,1,70,,85646,10,,,1,13,,85618,10,,,1,10,,85655,10,0,6,1,10,,85626,10,,,1,10,,85638,10,,,1,10,,85657,10,0,6,1,50,,85647,10,,,1,10,,85619,10,,,1,10,,85656,10,0,6,1,10,,85627,10,,,1,12,,85639,10,,,1,55,,85648,10,,,1,30,,85628,10,,,1,70,,85649,10,,,1,30,,85629,10,,,1,70,,85650,10,,,1,30,,85630,10,,,1,70,,85651,10,,,1,30,,85631,10,,,1,70,,85652,10,,,1,30,,85632,10,,,1,70,,85653,10,,,1,32,,85633,10,,,1,68,,85654,10,,,1,30,,85634,10,,,1
900,'20260917',617,,85658,10,,,1,30,,85679,10,,,1,77,,85659,10,,,1,27,,85680,10,,,1,70,,85660,10,,,1,30,,85681,10,,,1,70,,85661,10,,,1,81,,85684,10,,,1,30,,85664,10,,,1,70,,85685,10,,,1,30,,85665,10,,,1,70,,85686,10,,,1,30,,85666,10,,,1,70,,85687,10,,,1,30,,85667,10,,,1,70,,85688,10,,,1,30,,85668,10,,,1,70,,85689,10,,,1,30,,85669,10,,,1,70,,85690,10,,,1,13,,85662,10,,,1,10,,85699,10,0,6,1,10,,85670,10,,,1,10,,85682,10,,,1,10,,85701,10,0,6,1,50,,85691,10,,,1,10,,85663,10,,,1,10,,85700,10,0,6,1,10,,85671,10,,,1,12,,85683,10,,,1,55,,85692,10,,,1,30,,85672,10,,,1,70,,85693,10,,,1,30,,85673,10,,,1,70,,85694,10,,,1,30,,85674,10,,,1,70,,85695,10,,,1,30,,85675,10,,,1,70,,85696,10,,,1,30,,85676,10,,,1,70,,85697,10,,,1,32,,85677,10,,,1,68,,85698,10,,,1,30,,85678,10,,,1
900,'20260918',617,,85702,10,,,1,30,,85723,10,,,1,77,,85703,10,,,1,27,,85724,10,,,1,70,,85704,10,,,1,30,,85725,10,,,1,70,,85705,10,,,1,81,,85728,10,,,1,30,,85708,10,,,1,70,,85729,10,,,1,30,,85709,10,,,1,70,,85730,10,,,1,30,,85710,10,,,1,70,,85731,10,,,1,30,,85711,10,,,1,70,,85732,10,,,1,30,,85712,10,,,1,70,,85733,10,,,1,30,,85713,10,,,1,70,,85734,10,,,1,13,,85706,10,,,1,10,,85744,10,0,6,1,10,,85714,10,,,1,10,,85726,10,,,1,10,,85746,10,0,6,1,50,,85735,10,,,1,10,,85707,10,,,1,10,,85745,10,0,6,1,10,,85715,10,,,1,12,,85727,10,,,1,55,,85736,10,,,1,30,,85716,10,,,1,70,,85737,10,,,1,30,,85717,10,,,1,70,,85738,10,,,1,30,,85718,10,,,1,70,,85739,10,,,1,30,,85719,10,,,1,70,,85740,10,,,1,30,,85720,10,,,1,70,,85741,10,,,1,32,,85721,10,,,1,68,,85742,10,,,1,30,,85722,10,,,1,70,,85743,10,,,1
900,'20260919',902,,85763,10,,,1,30,,85747,10,,,1,70,,85764,10,,,1,30,,85748,10,,,1,70,,85765,10,,,1,30,,85749,10,,,1,70,,85766,10,,,1,30,,85750,10,,,1,70,,85767,10,,,1,30,,85751,10,,,1,70,,85768,10,,,1,30,,85752,10,,,1,70,,85769,10,,,1,30,,85753,10,,,1,70,,85770,10,,,1,30,,85754,10,,,1,70,,85771,10,,,1,30,,85755,10,,,1,70,,85772,10,,,1,30,,85756,10,,,1,70,,85773,10,,,1,30,,85757,10,,,1,70,,85774,10,,,1,30,,85758,10,,,1,70,,85775,10,,,1,30,,85759,10,,,1,70,,85776,10,,,1,30,,85760,10,,,1,70,,85777,10,,,1,30,,85761,10,,,1,70,,85778,10,,,1,30,,85762,10,,,1,70,,85779,10,,,1
900,'20260920',902,,85796,10,,,1,30,,85780,10,,,1,70,,85797,10,,,1,30,,85781,10,,,1,70,,85798,10,,,1,30,,85782,10,,,1,70,,85799,10,,,1,30,,85783,10,,,1,70,,85800,10,,,1,30,,85784,10,,,1,70,,85801,10,,,1,30,,85785,10,,,1,70,,85802,10,,,1,30,,85786,10,,,1,70,,85803,10,,,1,30,,85787,10,,,1,70,,85804,10,,,1,30,,85788,10,,,1,70,,85805,10,,,1,30,,85789,10,,,1,70,,85806,10,,,1,30,,85790,10,,,1,70,,85807,10,,,1,30,,85791,10,,,1,70,,85808,10,,,1,30,,85792,10,,,1,70,,85809,10,,,1,30,,85793,10,,,1,70,,85810,10,,,1,30,,85794,10,,,1,70,,85811,10,,,1,30,,85795,10,,,1
900,'20260921',617,,85812,10,,,1,30,,85833,10,,,1,77,,85813,10,,,1,27,,85834,10,,,1,70,,85814,10,,,1,30,,85835,10,,,1,70,,85815,10,,,1,81,,85838,10,,,1,30,,85818,10,,,1,70,,85839,10,,,1,30,,85819,10,,,1,70,,85840,10,,,1,30,,85820,10,,,1,70,,85841,10,,,1,30,,85821,10,,,1,70,,85842,10,,,1,30,,85822,10,,,1,70,,85843,10,,,1,30,,85823,10,,,1,70,,85844,10,,,1,13,,85816,10,,,1,10,,85853,10,0,6,1,10,,85824,10,,,1,10,,85836,10,,,1,10,,85855,10,0,6,1,50,,85845,10,,,1,10,,85817,10,,,1,10,,85854,10,0,6,1,10,,85825,10,,,1,12,,85837,10,,,1,55,,85846,10,,,1,30,,85826,10,,,1,70,,85847,10,,,1,30,,85827,10,,,1,70,,85848,10,,,1,30,,85828,10,,,1,70,,85849,10,,,1,30,,85829,10,,,1,70,,85850,10,,,1,30,,85830,10,,,1,70,,85851,10,,,1,32,,85831,10,,,1,68,,85852,10,,,1,30,,85832,10,,,1
900,'20260922',617,,85856,10,,,1,30,,85877,10,,,1,77,,85857,10,,,1,27,,85878,10,,,1,70,,85858,10,,,1,30,,85879,10,,,1,70,,85859,10,,,1,81,,85882,10,,,1,30,,85862,10,,,1,70,,85883,10,,,1,30,,85863,10,,,1,70,,85884,10,,,1,30,,85864,10,,,1,70,,85885,10,,,1,30,,85865,10,,,1,70,,85886,10,,,1,30,,85866,10,,,1,70,,85887,10,,,1,30,,85867,10,,,1,70,,85888,10,,,1,13,,85860,10,,,1,10,,85897,10,0,6,1,10,,85868,10,,,1,10,,85880,10,,,1,10,,85899,10,0,6,1,50,,85889,10,,,1,10,,85861,10,,,1,10,,85898,10,0,6,1,10,,85869,10,,,1,12,,85881,10,,,1,55,,85890,10,,,1,30,,85870,10,,,1,70,,85891,10,,,1,30,,85871,10,,,1,70,,85892,10,,,1,30,,85872,10,,,1,70,,85893,10,,,1,30,,85873,10,,,1,70,,85894,10,,,1,30,,85874,10,,,1,70,,85895,10,,,1,32,,85875,10,,,1,68,,85896,10,,,1,30,,85876,10,,,1
900,'20260923',617,,85900,10,,,1,30,,85921,10,,,1,77,,85901,10,,,1,27,,85922,10,,,1,70,,85902,10,,,1,30,,85923,10,,,1,70,,85903,10,,,1,81,,85926,10,,,1,30,,85906,10,,,1,70,,85927,10,,,1,30,,85907,10,,,1,70,,85928,10,,,1,30,,85908,10,,,1,70,,85929,10,,,1,30,,85909,10,,,1,70,,85930,10,,,1,30,,85910,10,,,1,70,,85931,10,,,1,30,,85911,10,,,1,70,,85932,10,,,1,13,,85904,10,,,1,10,,85941,10,0,6,1,10,,85912,10,,,1,10,,85924,10,,,1,10,,85943,10,0,6,1,50,,85933,10,,,1,10,,85905,10,,,1,10,,85942,10,0,6,1,10,,85913,10,,,1,12,,85925,10,,,1,55,,85934,10,,,1,30,,85914,10,,,1,70,,85935,10,,,1,30,,85915,10,,,1,70,,85936,10,,,1,30,,85916,10,,,1,70,,85937,10,,,1,30,,85917,10,,,1,70,,85938,10,,,1,30,,85918,10,,,1,70,,85939,10,,,1,32,,85919,10,,,1,68,,85940,10,,,1,30,,85920,10,,,1
900,'20260924',617,,85944,10,,,1,30,,85965,10,,,1,77,,85945,10,,,1,27,,85966,10,,,1,70,,85946,10,,,1,30,,85967,10,,,1,70,,85947,10,,,1,81,,85970,10,,,1,30,,85950,10,,,1,70,,85971,10,,,1,30,,85951,10,,,1,70,,85972,10,,,1,30,,85952,10,,,1,70,,85973,10,,,1,30,,85953,10,,,1,70,,85974,10,,,1,30,,85954,10,,,1,70,,85975,10,,,1,30,,85955,10,,,1,70,,85976,10,,,1,13,,85948,10,,,1,10,,85985,10,0,6,1,10,,85956,10,,,1,10,,85968,10,,,1,10,,85987,10,0,6,1,50,,85977,10,,,1,10,,85949,10,,,1,10,,85986,10,0,6,1,10,,85957,10,,,1,12,,85969,10,,,1,55,,85978,10,,,1,30,,85958,10,,,1,70,,85979,10,,,1,30,,85959,10,,,1,70,,85980,10,,,1,30,,85960,10,,,1,70,,85981,10,,,1,30,,85961,10,,,1,70,,85982,10,,,1,30,,85962,10,,,1,70,,85983,10,,,1,32,,85963,10,,,1,68,,85984,10,,,1,30,,85964,10,,,1
900,'20260925',617,,85988,10,,,1,30,,86009,10,,,1,77,,85989,10,,,1,27,,86010,10,,,1,70,,85990,10,,,1,30,,86011,10,,,1,70,,85991,10,,,1,81,,86014,10,,,1,30,,85994,10,,,1,70,,86015,10,,,1,30,,85995,10,,,1,70,,86016,10,,,1,30,,85996,10,,,1,70,,86017,10,,,1,30,,85997,10,,,1,70,,86018,10,,,1,30,,85998,10,,,1,70,,86019,10,,,1,30,,85999,10,,,1,70,,86020,10,,,1,13,,85992,10,,,1,10,,86030,10,0,6,1,10,,86000,10,,,1,10,,86012,10,,,1,10,,86032,10,0,6,1,50,,86021,10,,,1,10,,85993,10,,,1,10,,86031,10,0,6,1,10,,86001,10,,,1,12,,86013,10,,,1,55,,86022,10,,,1,30,,86002,10,,,1,70,,86023,10,,,1,30,,86003,10,,,1,70,,86024,10,,,1,30,,86004,10,,,1,70,,86025,10,,,1,30,,86005,10,,,1,70,,86026,10,,,1,30,,86006,10,,,1,70,,86027,10,,,1,32,,86007,10,,,1,68,,86028,10,,,1,30,,86008,10,,,1,70,,86029,10,,,1
900,'20260926',902,,86049,10,,,1,30,,86033,10,,,1,70,,86050,10,,,1,30,,86034,10,,,1,70,,86051,10,,,1,30,,86035,10,,,1,70,,86052,10,,,1,30,,86036,10,,,1,70,,86053,10,,,1,30,,86037,10,,,1,70,,86054,10,,,1,30,,86038,10,,,1,70,,86055,10,,,1,30,,86039,10,,,1,70,,86056,10,,,1,30,,86040,10,,,1,70,,86057,10,,,1,30,,86041,10,,,1,70,,86058,10,,,1,30,,86042,10,,,1,70,,86059,10,,,1,30,,86043,10,,,1,70,,86060,10,,,1,30,,86044,10,,,1,70,,86061,10,,,1,30,,86045,10,,,1,70,,86062,10,,,1,30,,86046,10,,,1,70,,86063,10,,,1,30,,86047,10,,,1,70,,86064,10,,,1,30,,86048,10,,,1,70,,86065,10,,,1
900,'20260927',902,,86082,10,,,1,30,,86066,10,,,1,70,,86083,10,,,1,30,,86067,10,,,1,70,,86084,10,,,1,30,,86068,10,,,1,70,,86085,10,,,1,30,,86069,10,,,1,70,,86086,10,,,1,30,,86070,10,,,1,70,,86087,10,,,1,30,,86071,10,,,1,70,,86088,10,,,1,30,,86072,10,,,1,70,,86089,10,,,1,30,,86073,10,,,1,70,,86090,10,,,1,30,,86074,10,,,1,70,,86091,10,,,1,30,,86075,10,,,1,70,,86092,10,,,1,30,,86076,10,,,1,70,,86093,10,,,1,30,,86077,10,,,1,70,,86094,10,,,1,30,,86078,10,,,1,70,,86095,10,,,1,30,,86079,10,,,1,70,,86096,10,,,1,30,,86080,10,,,1,70,,86097,10,,,1,30,,86081,10,,,1
900,'20260928',617,,86098,10,,,1,30,,86119,10,,,1,77,,86099,10,,,1,27,,86120,10,,,1,70,,86100,10,,,1,30,,86121,10,,,1,70,,86101,10,,,1,81,,86124,10,,,1,30,,86104,10,,,1,70,,86125,10,,,1,30,,86105,10,,,1,70,,86126,10,,,1,30,,86106,10,,,1,70,,86127,10,,,1,30,,86107,10,,,1,70,,86128,10,,,1,30,,86108,10,,,1,70,,86129,10,,,1,30,,86109,10,,,1,70,,86130,10,,,1,13,,86102,10,,,1,10,,86139,10,0,6,1,10,,86110,10,,,1,10,,86122,10,,,1,10,,86141,10,0,6,1,50,,86131,10,,,1,10,,86103,10,,,1,10,,86140,10,0,6,1,10,,86111,10,,,1,12,,86123,10,,,1,55,,86132,10,,,1,30,,86112,10,,,1,70,,86133,10,,,1,30,,86113,10,,,1,70,,86134,10,,,1,30,,86114,10,,,1,70,,86135,10,,,1,30,,86115,10,,,1,70,,86136,10,,,1,30,,86116,10,,,1,70,,86137,10,,,1,32,,86117,10,,,1,68,,86138,10,,,1,30,,86118,10,,,1
900,'20260929',617,,86142,10,,,1,30,,86163,10,,,1,77,,86143,10,,,1,27,,86164,10,,,1,70,,86144,10,,,1,30,,86165,10,,,1,70,,86145,10,,,1,81,,86168,10,,,1,30,,86148,10,,,1,70,,86169,10,,,1,30,,86149,10,,,1,70,,86170,10,,,1,30,,86150,10,,,1,70,,86171,10,,,1,30,,86151,10,,,1,70,,86172,10,,,1,30,,86152,10,,,1,70,,86173,10,,,1,30,,86153,10,,,1,70,,86174,10,,,1,13,,86146,10,,,1,10,,86183,10,0,6,1,10,,86154,10,,,1,10,,86166,10,,,1,10,,86185,10,0,6,1,50,,86175,10,,,1,10,,86147,10,,,1,10,,86184,10,0,6,1,10,,86155,10,,,1,12,,86167,10,,,1,55,,86176,10,,,1,30,,86156,10,,,1,70,,86177,10,,,1,30,,86157,10,,,1,70,,86178,10,,,1,30,,86158,10,,,1,70,,86179,10,,,1,30,,86159,10,,,1,70,,86180,10,,,1,30,,86160,10,,,1,70,,86181,10,,,1,32,,86161,10,,,1,68,,86182,10,,,1,30,,86162,10,,,1
900,'20260930',617,,86186,10,,,1,30,,86207,10,,,1,77,,86187,10,,,1,27,,86208,10,,,1,70,,86188,10,,,1,30,,86209,10,,,1,70,,86189,10,,,1,81,,86212,10,,,1,30,,86192,10,,,1,70,,86213,10,,,1,30,,86193,10,,,1,70,,86214,10,,,1,30,,86194,10,,,1,70,,86215,10,,,1,30,,86195,10,,,1,70,,86216,10,,,1,30,,86196,10,,,1,70,,86217,10,,,1,30,,86197,10,,,1,70,,86218,10,,,1,13,,86190,10,,,1,10,,86227,10,0,6,1,10,,86198,10,,,1,10,,86210,10,,,1,10,,86229,10,0,6,1,50,,86219,10,,,1,10,,86191,10,,,1,10,,86228,10,0,6,1,10,,86199,10,,,1,12,,86211,10,,,1,55,,86220,10,,,1,30,,86200,10,,,1,70,,86221,10,,,1,30,,86201,10,,,1,70,,86222,10,,,1,30,,86202,10,,,1,70,,86223,10,,,1,30,,86203,10,,,1,70,,86224,10,,,1,30,,86204,10,,,1,70,,86225,10,,,1,32,,86205,10,,,1,68,,86226,10,,,1,30,,86206,10,,,1
900,'20261001',617,,86230,10,,,1,30,,86251,10,,,1,77,,86231,10,,,1,27,,86252,10,,,1,70,,86232,10,,,1,30,,86253,10,,,1,70,,86233,10,,,1,81,,86256,10,,,1,30,,86236,10,,,1,70,,86257,10,,,1,30,,86237,10,,,1,70,,86258,10,,,1,30,,86238,10,,,1,70,,86259,10,,,1,30,,86239,10,,,1,70,,86260,10,,,1,30,,86240,10,,,1,70,,86261,10,,,1,30,,86241,10,,,1,70,,86262,10,,,1,13,,86234,10,,,1,10,,86271,10,0,6,1,10,,86242,10,,,1,10,,86254,10,,,1,10,,86273,10,0,6,1,50,,86263,10,,,1,10,,86235,10,,,1,10,,86272,10,0,6,1,10,,86243,10,,,1,12,,86255,10,,,1,55,,86264,10,,,1,30,,86244,10,,,1,70,,86265,10,,,1,30,,86245,10,,,1,70,,86266,10,,,1,30,,86246,10,,,1,70,,86267,10,,,1,30,,86247,10,,,1,70,,86268,10,,,1,30,,86248,10,,,1,70,,86269,10,,,1,32,,86249,10,,,1,68,,86270,10,,,1,30,,86250,10,,,1
900,'20261002',617,,86274,10,,,1,30,,86295,10,,,1,77,,86275,10,,,1,27,,86296,10,,,1,70,,86276,10,,,1,30,,86297,10,,,1,70,,86277,10,,,1,81,,86300,10,,,1,30,,86280,10,,,1,70,,86301,10,,,1,30,,86281,10,,,1,70,,86302,10,,,1,30,,86282,10,,,1,70,,86303,10,,,1,30,,86283,10,,,1,70,,86304,10,,,1,30,,86284,10,,,1,70,,86305,10,,,1,30,,86285,10,,,1,70,,86306,10,,,1,13,,86278,10,,,1,10,,86316,10,0,6,1,10,,86286,10,,,1,10,,86298,10,,,1,10,,86318,10,0,6,1,50,,86307,10,,,1,10,,86279,10,,,1,10,,86317,10,0,6,1,10,,86287,10,,,1,12,,86299,10,,,1,55,,86308,10,,,1,30,,86288,10,,,1,70,,86309,10,,,1,30,,86289,10,,,1,70,,86310,10,,,1,30,,86290,10,,,1,70,,86311,10,,,1,30,,86291,10,,,1,70,,86312,10,,,1,30,,86292,10,,,1,70,,86313,10,,,1,32,,86293,10,,,1,68,,86314,10,,,1,30,,86294,10,,,1,70,,86315,10,,,1
900,'20261003',902,,86335,10,,,1,30,,86319,10,,,1,70,,86336,10,,,1,30,,86320,10,,,1,70,,86337,10,,,1,30,,86321,10,,,1,70,,86338,10,,,1,30,,86322,10,,,1,70,,86339,10,,,1,30,,86323,10,,,1,70,,86340,10,,,1,30,,86324,10,,,1,70,,86341,10,,,1,30,,86325,10,,,1,70,,86342,10,,,1,30,,86326,10,,,1,70,,86343,10,,,1,30,,86327,10,,,1,70,,86344,10,,,1,30,,86328,10,,,1,70,,86345,10,,,1,30,,86329,10,,,1,70,,86346,10,,,1,30,,86330,10,,,1,70,,86347,10,,,1,30,,86331,10,,,1,70,,86348,10,,,1,30,,86332,10,,,1,70,,86349,10,,,1,30,,86333,10,,,1,70,,86350,10,,,1,30,,86334,10,,,1,70,,86351,10,,,1
900,'20261004',902,,86368,10,,,1,30,,86352,10,,,1,70,,86369,10,,,1,30,,86353,10,,,1,70,,86370,10,,,1,30,,86354,10,,,1,70,,86371,10,,,1,30,,86355,10,,,1,70,,86372,10,,,1,30,,86356,10,,,1,70,,86373,10,,,1,30,,86357,10,,,1,70,,86374,10,,,1,30,,86358,10,,,1,70,,86375,10,,,1,30,,86359,10,,,1,70,,86376,10,,,1,30,,86360,10,,,1,70,,86377,10,,,1,30,,86361,10,,,1,70,,86378,10,,,1,30,,86362,10,,,1,70,,86379,10,,,1,30,,86363,10,,,1,70,,86380,10,,,1,30,,86364,10,,,1,70,,86381,10,,,1,30,,86365,10,,,1,70,,86382,10,,,1,30,,86366,10,,,1,70,,86383,10,,,1,30,,86367,10,,,1
900,'20261005',617,,86384,10,,,1,30,,86405,10,,,1,77,,86385,10,,,1,27,,86406,10,,,1,70,,86386,10,,,1,30,,86407,10,,,1,70,,86387,10,,,1,81,,86410,10,,,1,30,,86390,10,,,1,70,,86411,10,,,1,30,,86391,10,,,1,70,,86412,10,,,1,30,,86392,10,,,1,70,,86413,10,,,1,30,,86393,10,,,1,70,,86414,10,,,1,30,,86394,10,,,1,70,,86415,10,,,1,30,,86395,10,,,1,70,,86416,10,,,1,13,,86388,10,,,1,10,,86425,10,0,6,1,10,,86396,10,,,1,10,,86408,10,,,1,10,,86427,10,0,6,1,50,,86417,10,,,1,10,,86389,10,,,1,10,,86426,10,0,6,1,10,,86397,10,,,1,12,,86409,10,,,1,55,,86418,10,,,1,30,,86398,10,,,1,70,,86419,10,,,1,30,,86399,10,,,1,70,,86420,10,,,1,30,,86400,10,,,1,70,,86421,10,,,1,30,,86401,10,,,1,70,,86422,10,,,1,30,,86402,10,,,1,70,,86423,10,,,1,32,,86403,10,,,1,68,,86424,10,,,1,30,,86404,10,,,1
900,'20261006',617,,86428,10,,,1,30,,86449,10,,,1,77,,86429,10,,,1,27,,86450,10,,,1,70,,86430,10,,,1,30,,86451,10,,,1,70,,86431,10,,,1,81,,86454,10,,,1,30,,86434,10,,,1,70,,86455,10,,,1,30,,86435,10,,,1,70,,86456,10,,,1,30,,86436,10,,,1,70,,86457,10,,,1,30,,86437,10,,,1,70,,86458,10,,,1,30,,86438,10,,,1,70,,86459,10,,,1,30,,86439,10,,,1,70,,86460,10,,,1,13,,86432,10,,,1,10,,86469,10,0,6,1,10,,86440,10,,,1,10,,86452,10,,,1,10,,86471,10,0,6,1,50,,86461,10,,,1,10,,86433,10,,,1,10,,86470,10,0,6,1,10,,86441,10,,,1,12,,86453,10,,,1,55,,86462,10,,,1,30,,86442,10,,,1,70,,86463,10,,,1,30,,86443,10,,,1,70,,86464,10,,,1,30,,86444,10,,,1,70,,86465,10,,,1,30,,86445,10,,,1,70,,86466,10,,,1,30,,86446,10,,,1,70,,86467,10,,,1,32,,86447,10,,,1,68,,86468,10,,,1,30,,86448,10,,,1
900,'20261007',617,,86472,10,,,1,30,,86493,10,,,1,77,,86473,10,,,1,27,,86494,10,,,1,70,,86474,10,,,1,30,,86495,10,,,1,70,,86475,10,,,1,81,,86498,10,,,1,30,,86478,10,,,1,70,,86499,10,,,1,30,,86479,10,,,1,70,,86500,10,,,1,30,,86480,10,,,1,70,,86501,10,,,1,30,,86481,10,,,1,70,,86502,10,,,1,30,,86482,10,,,1,70,,86503,10,,,1,30,,86483,10,,,1,70,,86504,10,,,1,13,,86476,10,,,1,10,,86513,10,0,6,1,10,,86484,10,,,1,10,,86496,10,,,1,10,,86515,10,0,6,1,50,,86505,10,,,1,10,,86477,10,,,1,10,,86514,10,0,6,1,10,,86485,10,,,1,12,,86497,10,,,1,55,,86506,10,,,1,30,,86486,10,,,1,70,,86507,10,,,1,30,,86487,10,,,1,70,,86508,10,,,1,30,,86488,10,,,1,70,,86509,10,,,1,30,,86489,10,,,1,70,,86510,10,,,1,30,,86490,10,,,1,70,,86511,10,,,1,32,,86491,10,,,1,68,,86512,10,,,1,30,,86492,10,,,1
900,'20261008',617,,86516,10,,,1,30,,86537,10,,,1,77,,86517,10,,,1,27,,86538,10,,,1,70,,86518,10,,,1,30,,86539,10,,,1,70,,86519,10,,,1,81,,86542,10,,,1,30,,86522,10,,,1,70,,86543,10,,,1,30,,86523,10,,,1,70,,86544,10,,,1,30,,86524,10,,,1,70,,86545,10,,,1,30,,86525,10,,,1,70,,86546,10,,,1,30,,86526,10,,,1,70,,86547,10,,,1,30,,86527,10,,,1,70,,86548,10,,,1,13,,86520,10,,,1,10,,86557,10,0,6,1,10,,86528,10,,,1,10,,86540,10,,,1,10,,86559,10,0,6,1,50,,86549,10,,,1,10,,86521,10,,,1,10,,86558,10,0,6,1,10,,86529,10,,,1,12,,86541,10,,,1,55,,86550,10,,,1,30,,86530,10,,,1,70,,86551,10,,,1,30,,86531,10,,,1,70,,86552,10,,,1,30,,86532,10,,,1,70,,86553,10,,,1,30,,86533,10,,,1,70,,86554,10,,,1,30,,86534,10,,,1,70,,86555,10,,,1,32,,86535,10,,,1,68,,86556,10,,,1,30,,86536,10,,,1
900,'20261009',617,,86560,10,,,1,30,,86581,10,,,1,77,,86561,10,,,1,27,,86582,10,,,1,70,,86562,10,,,1,30,,86583,10,,,1,70,,86563,10,,,1,81,,86586,10,,,1,30,,86566,10,,,1,70,,86587,10,,,1,30,,86567,10,,,1,70,,86588,10,,,1,30,,86568,10,,,1,70,,86589,10,,,1,30,,86569,10,,,1,70,,86590,10,,,1,30,,86570,10,,,1,70,,86591,10,,,1,30,,86571,10,,,1,70,,86592,10,,,1,13,,86564,10,,,1,10,,86602,10,0,6,1,10,,86572,10,,,1,10,,86584,10,,,1,10,,86604,10,0,6,1,50,,86593,10,,,1,10,,86565,10,,,1,10,,86603,10,0,6,1,10,,86573,10,,,1,12,,86585,10,,,1,55,,86594,10,,,1,30,,86574,10,,,1,70,,86595,10,,,1,30,,86575,10,,,1,70,,86596,10,,,1,30,,86576,10,,,1,70,,86597,10,,,1,30,,86577,10,,,1,70,,86598,10,,,1,30,,86578,10,,,1,70,,86599,10,,,1,32,,86579,10,,,1,68,,86600,10,,,1,30,,86580,10,,,1,70,,86601,10,,,1
900,'20261010',902,,86621,10,,,1,30,,86605,10,,,1,70,,86622,10,,,1,30,,86606,10,,,1,70,,86623,10,,,1,30,,86607,10,,,1,70,,86624,10,,,1,30,,86608,10,,,1,70,,86625,10,,,1,30,,86609,10,,,1,70,,86626,10,,,1,30,,86610,10,,,1,70,,86627,10,,,1,30,,86611,10,,,1,70,,86628,10,,,1,30,,86612,10,,,1,70,,86629,10,,,1,30,,86613,10,,,1,70,,86630,10,,,1,30,,86614,10,,,1,70,,86631,10,,,1,30,,86615,10,,,1,70,,86632,10,,,1,30,,86616,10,,,1,70,,86633,10,,,1,30,,86617,10,,,1,70,,86634,10,,,1,30,,86618,10,,,1,70,,86635,10,,,1,30,,86619,10,,,1,70,,86636,10,,,1,30,,86620,10,,,1,70,,86637,10,,,1
900,'20261011',902,,86654,10,,,1,30,,86638,10,,,1,70,,86655,10,,,1,30,,86639,10,,,1,70,,86656,10,,,1,30,,86640,10,,,1,70,,86657,10,,,1,30,,86641,10,,,1,70,,86658,10,,,1,30,,86642,10,,,1,70,,86659,10,,,1,30,,86643,10,,,1,70,,86660,10,,,1,30,,86644,10,,,1,70,,86661,10,,,1,30,,86645,10,,,1,70,,86662,10,,,1,30,,86646,10,,,1,70,,86663,10,,,1,30,,86647,10,,,1,70,,86664,10,,,1,30,,86648,10,,,1,70,,86665,10,,,1,30,,86649,10,,,1,70,,86666,10,,,1,30,,86650,10,,,1,70,,86667,10,,,1,30,,86651,10,,,1,70,,86668,10,,,1,30,,86652,10,,,1,70,,86669,10,,,1,30,,86653,10,,,1
900,'20261012',617,,86670,10,,,1,30,,86691,10,,,1,77,,86671,10,,,1,27,,86692,10,,,1,70,,86672,10,,,1,30,,86693,10,,,1,70,,86673,10,,,1,81,,86696,10,,,1,30,,86676,10,,,1,70,,86697,10,,,1,30,,86677,10,,,1,70,,86698,10,,,1,30,,86678,10,,,1,70,,86699,10,,,1,30,,86679,10,,,1,70,,86700,10,,,1,30,,86680,10,,,1,70,,86701,10,,,1,30,,86681,10,,,1,70,,86702,10,,,1,13,,86674,10,,,1,10,,86711,10,0,6,1,10,,86682,10,,,1,10,,86694,10,,,1,10,,86713,10,0,6,1,50,,86703,10,,,1,10,,86675,10,,,1,10,,86712,10,0,6,1,10,,86683,10,,,1,12,,86695,10,,,1,55,,86704,10,,,1,30,,86684,10,,,1,70,,86705,10,,,1,30,,86685,10,,,1,70,,86706,10,,,1,30,,86686,10,,,1,70,,86707,10,,,1,30,,86687,10,,,1,70,,86708,10,,,1,30,,86688,10,,,1,70,,86709,10,,,1,32,,86689,10,,,1,68,,86710,10,,,1,30,,86690,10,,,1
900,'20261013',617,,86714,10,,,1,30,,86735,10,,,1,77,,86715,10,,,1,27,,86736,10,,,1,70,,86716,10,,,1,30,,86737,10,,,1,70,,86717,10,,,1,81,,86740,10,,,1,30,,86720,10,,,1,70,,86741,10,,,1,30,,86721,10,,,1,70,,86742,10,,,1,30,,86722,10,,,1,70,,86743,10,,,1,30,,86723,10,,,1,70,,86744,10,,,1,30,,86724,10,,,1,70,,86745,10,,,1,30,,86725,10,,,1,70,,86746,10,,,1,13,,86718,10,,,1,10,,86755,10,0,6,1,10,,86726,10,,,1,10,,86738,10,,,1,10,,86757,10,0,6,1,50,,86747,10,,,1,10,,86719,10,,,1,10,,86756,10,0,6,1,10,,86727,10,,,1,12,,86739,10,,,1,55,,86748,10,,,1,30,,86728,10,,,1,70,,86749,10,,,1,30,,86729,10,,,1,70,,86750,10,,,1,30,,86730,10,,,1,70,,86751,10,,,1,30,,86731,10,,,1,70,,86752,10,,,1,30,,86732,10,,,1,70,,86753,10,,,1,32,,86733,10,,,1,68,,86754,10,,,1,30,,86734,10,,,1
900,'20261014',617,,86758,10,,,1,30,,86779,10,,,1,77,,86759,10,,,1,27,,86780,10,,,1,70,,86760,10,,,1,30,,86781,10,,,1,70,,86761,10,,,1,81,,86784,10,,,1,30,,86764,10,,,1,70,,86785,10,,,1,30,,86765,10,,,1,70,,86786,10,,,1,30,,86766,10,,,1,70,,86787,10,,,1,30,,86767,10,,,1,70,,86788,10,,,1,30,,86768,10,,,1,70,,86789,10,,,1,30,,86769,10,,,1,70,,86790,10,,,1,13,,86762,10,,,1,10,,86799,10,0,6,1,10,,86770,10,,,1,10,,86782,10,,,1,10,,86801,10,0,6,1,50,,86791,10,,,1,10,,86763,10,,,1,10,,86800,10,0,6,1,10,,86771,10,,,1,12,,86783,10,,,1,55,,86792,10,,,1,30,,86772,10,,,1,70,,86793,10,,,1,30,,86773,10,,,1,70,,86794,10,,,1,30,,86774,10,,,1,70,,86795,10,,,1,30,,86775,10,,,1,70,,86796,10,,,1,30,,86776,10,,,1,70,,86797,10,,,1,32,,86777,10,,,1,68,,86798,10,,,1,30,,86778,10,,,1
900,'20261015',617,,86802,10,,,1,30,,86823,10,,,1,77,,86803,10,,,1,27,,86824,10,,,1,70,,86804,10,,,1,30,,86825,10,,,1,70,,86805,10,,,1,81,,86828,10,,,1,30,,86808,10,,,1,70,,86829,10,,,1,30,,86809,10,,,1,70,,86830,10,,,1,30,,86810,10,,,1,70,,86831,10,,,1,30,,86811,10,,,1,70,,86832,10,,,1,30,,86812,10,,,1,70,,86833,10,,,1,30,,86813,10,,,1,70,,86834,10,,,1,13,,86806,10,,,1,10,,86843,10,0,6,1,10,,86814,10,,,1,10,,86826,10,,,1,10,,86845,10,0,6,1,50,,86835,10,,,1,10,,86807,10,,,1,10,,86844,10,0,6,1,10,,86815,10,,,1,12,,86827,10,,,1,55,,86836,10,,,1,30,,86816,10,,,1,70,,86837,10,,,1,30,,86817,10,,,1,70,,86838,10,,,1,30,,86818,10,,,1,70,,86839,10,,,1,30,,86819,10,,,1,70,,86840,10,,,1,30,,86820,10,,,1,70,,86841,10,,,1,32,,86821,10,,,1,68,,86842,10,,,1,30,,86822,10,,,1
900,'20261016',617,,86846,10,,,1,30,,86867,10,,,1,77,,86847,10,,,1,27,,86868,10,,,1,70,,86848,10,,,1,30,,86869,10,,,1,70,,86849,10,,,1,81,,86872,10,,,1,30,,86852,10,,,1,70,,86873,10,,,1,30,,86853,10,,,1,70,,86874,10,,,1,30,,86854,10,,,1,70,,86875,10,,,1,30,,86855,10,,,1,70,,86876,10,,,1,30,,86856,10,,,1,70,,86877,10,,,1,30,,86857,10,,,1,70,,86878,10,,,1,13,,86850,10,,,1,10,,86888,10,0,6,1,10,,86858,10,,,1,10,,86870,10,,,1,10,,86890,10,0,6,1,50,,86879,10,,,1,10,,86851,10,,,1,10,,86889,10,0,6,1,10,,86859,10,,,1,12,,86871,10,,,1,55,,86880,10,,,1,30,,86860,10,,,1,70,,86881,10,,,1,30,,86861,10,,,1,70,,86882,10,,,1,30,,86862,10,,,1,70,,86883,10,,,1,30,,86863,10,,,1,70,,86884,10,,,1,30,,86864,10,,,1,70,,86885,10,,,1,32,,86865,10,,,1,68,,86886,10,,,1,30,,86866,10,,,1,70,,86887,10,,,1
900,'20261017',902,,86907,10,,,1,30,,86891,10,,,1,70,,86908,10,,,1,30,,86892,10,,,1,70,,86909,10,,,1,30,,86893,10,,,1,70,,86910,10,,,1,30,,86894,10,,,1,70,,86911,10,,,1,30,,86895,10,,,1,70,,86912,10,,,1,30,,86896,10,,,1,70,,86913,10,,,1,30,,86897,10,,,1,70,,86914,10,,,1,30,,86898,10,,,1,70,,86915,10,,,1,30,,86899,10,,,1,70,,86916,10,,,1,30,,86900,10,,,1,70,,86917,10,,,1,30,,86901,10,,,1,70,,86918,10,,,1,30,,86902,10,,,1,70,,86919,10,,,1,30,,86903,10,,,1,70,,86920,10,,,1,30,,86904,10,,,1,70,,86921,10,,,1,30,,86905,10,,,1,70,,86922,10,,,1,30,,86906,10,,,1,70,,86923,10,,,1
900,'20261018',902,,86940,10,,,1,30,,86924,10,,,1,70,,86941,10,,,1,30,,86925,10,,,1,70,,86942,10,,,1,30,,86926,10,,,1,70,,86943,10,,,1,30,,86927,10,,,1,70,,86944,10,,,1,30,,86928,10,,,1,70,,86945,10,,,1,30,,86929,10,,,1,70,,86946,10,,,1,30,,86930,10,,,1,70,,86947,10,,,1,30,,86931,10,,,1,70,,86948,10,,,1,30,,86932,10,,,1,70,,86949,10,,,1,30,,86933,10,,,1,70,,86950,10,,,1,30,,86934,10,,,1,70,,86951,10,,,1,30,,86935,10,,,1,70,,86952,10,,,1,30,,86936,10,,,1,70,,86953,10,,,1,30,,86937,10,,,1,70,,86954,10,,,1,30,,86938,10,,,1,70,,86955,10,,,1,30,,86939,10,,,1
900,'20261019',617,,86956,10,,,1,30,,86977,10,,,1,77,,86957,10,,,1,27,,86978,10,,,1,70,,86958,10,,,1,30,,86979,10,,,1,70,,86959,10,,,1,81,,86982,10,,,1,30,,86962,10,,,1,70,,86983,10,,,1,30,,86963,10,,,1,70,,86984,10,,,1,30,,86964,10,,,1,70,,86985,10,,,1,30,,86965,10,,,1,70,,86986,10,,,1,30,,86966,10,,,1,70,,86987,10,,,1,30,,86967,10,,,1,70,,86988,10,,,1,13,,86960,10,,,1,10,,86997,10,0,6,1,10,,86968,10,,,1,10,,86980,10,,,1,10,,86999,10,0,6,1,50,,86989,10,,,1,10,,86961,10,,,1,10,,86998,10,0,6,1,10,,86969,10,,,1,12,,86981,10,,,1,55,,86990,10,,,1,30,,86970,10,,,1,70,,86991,10,,,1,30,,86971,10,,,1,70,,86992,10,,,1,30,,86972,10,,,1,70,,86993,10,,,1,30,,86973,10,,,1,70,,86994,10,,,1,30,,86974,10,,,1,70,,86995,10,,,1,32,,86975,10,,,1,68,,86996,10,,,1,30,,86976,10,,,1
900,'20261020',617,,87000,10,,,1,30,,87021,10,,,1,77,,87001,10,,,1,27,,87022,10,,,1,70,,87002,10,,,1,30,,87023,10,,,1,70,,87003,10,,,1,81,,87026,10,,,1,30,,87006,10,,,1,70,,87027,10,,,1,30,,87007,10,,,1,70,,87028,10,,,1,30,,87008,10,,,1,70,,87029,10,,,1,30,,87009,10,,,1,70,,87030,10,,,1,30,,87010,10,,,1,70,,87031,10,,,1,30,,87011,10,,,1,70,,87032,10,,,1,13,,87004,10,,,1,10,,87041,10,0,6,1,10,,87012,10,,,1,10,,87024,10,,,1,10,,87043,10,0,6,1,50,,87033,10,,,1,10,,87005,10,,,1,10,,87042,10,0,6,1,10,,87013,10,,,1,12,,87025,10,,,1,55,,87034,10,,,1,30,,87014,10,,,1,70,,87035,10,,,1,30,,87015,10,,,1,70,,87036,10,,,1,30,,87016,10,,,1,70,,87037,10,,,1,30,,87017,10,,,1,70,,87038,10,,,1,30,,87018,10,,,1,70,,87039,10,,,1,32,,87019,10,,,1,68,,87040,10,,,1,30,,87020,10,,,1
900,'20261021',617,,87044,10,,,1,30,,87065,10,,,1,77,,87045,10,,,1,27,,87066,10,,,1,70,,87046,10,,,1,30,,87067,10,,,1,70,,87047,10,,,1,81,,87070,10,,,1,30,,87050,10,,,1,70,,87071,10,,,1,30,,87051,10,,,1,70,,87072,10,,,1,30,,87052,10,,,1,70,,87073,10,,,1,30,,87053,10,,,1,70,,87074,10,,,1,30,,87054,10,,,1,70,,87075,10,,,1,30,,87055,10,,,1,70,,87076,10,,,1,13,,87048,10,,,1,10,,87085,10,0,6,1,10,,87056,10,,,1,10,,87068,10,,,1,10,,87087,10,0,6,1,50,,87077,10,,,1,10,,87049,10,,,1,10,,87086,10,0,6,1,10,,87057,10,,,1,12,,87069,10,,,1,55,,87078,10,,,1,30,,87058,10,,,1,70,,87079,10,,,1,30,,87059,10,,,1,70,,87080,10,,,1,30,,87060,10,,,1,70,,87081,10,,,1,30,,87061,10,,,1,70,,87082,10,,,1,30,,87062,10,,,1,70,,87083,10,,,1,32,,87063,10,,,1,68,,87084,10,,,1,30,,87064,10,,,1
900,'20261022',617,,87088,10,,,1,30,,87109,10,,,1,77,,87089,10,,,1,27,,87110,10,,,1,70,,87090,10,,,1,30,,87111,10,,,1,70,,87091,10,,,1,81,,87114,10,,,1,30,,87094,10,,,1,70,,87115,10,,,1,30,,87095,10,,,1,70,,87116,10,,,1,30,,87096,10,,,1,70,,87117,10,,,1,30,,87097,10,,,1,70,,87118,10,,,1,30,,87098,10,,,1,70,,87119,10,,,1,30,,87099,10,,,1,70,,87120,10,,,1,13,,87092,10,,,1,10,,87129,10,0,6,1,10,,87100,10,,,1,10,,87112,10,,,1,10,,87131,10,0,6,1,50,,87121,10,,,1,10,,87093,10,,,1,10,,87130,10,0,6,1,10,,87101,10,,,1,12,,87113,10,,,1,55,,87122,10,,,1,30,,87102,10,,,1,70,,87123,10,,,1,30,,87103,10,,,1,70,,87124,10,,,1,30,,87104,10,,,1,70,,87125,10,,,1,30,,87105,10,,,1,70,,87126,10,,,1,30,,87106,10,,,1,70,,87127,10,,,1,32,,87107,10,,,1,68,,87128,10,,,1,30,,87108,10,,,1
900,'20261023',617,,87132,10,,,1,30,,87153,10,,,1,77,,87133,10,,,1,27,,87154,10,,,1,70,,87134,10,,,1,30,,87155,10,,,1,70,,87135,10,,,1,81,,87158,10,,,1,30,,87138,10,,,1,70,,87159,10,,,1,30,,87139,10,,,1,70,,87160,10,,,1,30,,87140,10,,,1,70,,87161,10,,,1,30,,87141,10,,,1,70,,87162,10,,,1,30,,87142,10,,,1,70,,87163,10,,,1,30,,87143,10,,,1,70,,87164,10,,,1,13,,87136,10,,,1,10,,87174,10,0,6,1,10,,87144,10,,,1,10,,87156,10,,,1,10,,87176,10,0,6,1,50,,87165,10,,,1,10,,87137,10,,,1,10,,87175,10,0,6,1,10,,87145,10,,,1,12,,87157,10,,,1,55,,87166,10,,,1,30,,87146,10,,,1,70,,87167,10,,,1,30,,87147,10,,,1,70,,87168,10,,,1,30,,87148,10,,,1,70,,87169,10,,,1,30,,87149,10,,,1,70,,87170,10,,,1,30,,87150,10,,,1,70,,87171,10,,,1,32,,87151,10,,,1,68,,87172,10,,,1,30,,87152,10,,,1,70,,87173,10,,,1
900,'20261024',902,,87193,10,,,1,30,,87177,10,,,1,70,,87194,10,,,1,30,,87178,10,,,1,70,,87195,10,,,1,30,,87179,10,,,1,70,,87196,10,,,1,30,,87180,10,,,1,70,,87197,10,,,1,30,,87181,10,,,1,70,,87198,10,,,1,30,,87182,10,,,1,70,,87199,10,,,1,30,,87183,10,,,1,70,,87200,10,,,1,30,,87184,10,,,1,70,,87201,10,,,1,30,,87185,10,,,1,70,,87202,10,,,1,30,,87186,10,,,1,70,,87203,10,,,1,30,,87187,10,,,1,70,,87204,10,,,1,30,,87188,10,,,1,70,,87205,10,,,1,30,,87189,10,,,1,70,,87206,10,,,1,30,,87190,10,,,1,70,,87207,10,,,1,30,,87191,10,,,1,70,,87208,10,,,1,30,,87192,10,,,1,70,,87209,10,,,1
900,'20261025',902,,87226,10,,,1,30,,87210,10,,,1,70,,87227,10,,,1,30,,87211,10,,,1,70,,87228,10,,,1,30,,87212,10,,,1,70,,87229,10,,,1,30,,87213,10,,,1,70,,87230,10,,,1,30,,87214,10,,,1,70,,87231,10,,,1,30,,87215,10,,,1,70,,87232,10,,,1,30,,87216,10,,,1,70,,87233,10,,,1,30,,87217,10,,,1,70,,87234,10,,,1,30,,87218,10,,,1,70,,87235,10,,,1,30,,87219,10,,,1,70,,87236,10,,,1,30,,87220,10,,,1,70,,87237,10,,,1,30,,87221,10,,,1,70,,87238,10,,,1,30,,87222,10,,,1,70,,87239,10,,,1,30,,87223,10,,,1,70,,87240,10,,,1,30,,87224,10,,,1,70,,87241,10,,,1,30,,87225,10,,,1
900,'20261026',617,,87242,10,,,1,30,,87263,10,,,1,77,,87243,10,,,1,27,,87264,10,,,1,70,,87244,10,,,1,30,,87265,10,,,1,70,,87245,10,,,1,81,,87268,10,,,1,30,,87248,10,,,1,70,,87269,10,,,1,30,,87249,10,,,1,70,,87270,10,,,1,30,,87250,10,,,1,70,,87271,10,,,1,30,,87251,10,,,1,70,,87272,10,,,1,30,,87252,10,,,1,70,,87273,10,,,1,30,,87253,10,,,1,70,,87274,10,,,1,13,,87246,10,,,1,10,,87283,10,0,6,1,10,,87254,10,,,1,10,,87266,10,,,1,10,,87285,10,0,6,1,50,,87275,10,,,1,10,,87247,10,,,1,10,,87284,10,0,6,1,10,,87255,10,,,1,12,,87267,10,,,1,55,,87276,10,,,1,30,,87256,10,,,1,70,,87277,10,,,1,30,,87257,10,,,1,70,,87278,10,,,1,30,,87258,10,,,1,70,,87279,10,,,1,30,,87259,10,,,1,70,,87280,10,,,1,30,,87260,10,,,1,70,,87281,10,,,1,32,,87261,10,,,1,68,,87282,10,,,1,30,,87262,10,,,1
900,'20261027',617,,87286,10,,,1,30,,87307,10,,,1,77,,87287,10,,,1,27,,87308,10,,,1,70,,87288,10,,,1,30,,87309,10,,,1,70,,87289,10,,,1,81,,87312,10,,,1,30,,87292,10,,,1,70,,87313,10,,,1,30,,87293,10,,,1,70,,87314,10,,,1,30,,87294,10,,,1,70,,87315,10,,,1,30,,87295,10,,,1,70,,87316,10,,,1,30,,87296,10,,,1,70,,87317,10,,,1,30,,87297,10,,,1,70,,87318,10,,,1,13,,87290,10,,,1,10,,87327,10,0,6,1,10,,87298,10,,,1,10,,87310,10,,,1,10,,87329,10,0,6,1,50,,87319,10,,,1,10,,87291,10,,,1,10,,87328,10,0,6,1,10,,87299,10,,,1,12,,87311,10,,,1,55,,87320,10,,,1,30,,87300,10,,,1,70,,87321,10,,,1,30,,87301,10,,,1,70,,87322,10,,,1,30,,87302,10,,,1,70,,87323,10,,,1,30,,87303,10,,,1,70,,87324,10,,,1,30,,87304,10,,,1,70,,87325,10,,,1,32,,87305,10,,,1,68,,87326,10,,,1,30,,87306,10,,,1
900,'20261028',617,,87330,10,,,1,30,,87351,10,,,1,77,,87331,10,,,1,27,,87352,10,,,1,70,,87332,10,,,1,30,,87353,10,,,1,70,,87333,10,,,1,81,,87356,10,,,1,30,,87336,10,,,1,70,,87357,10,,,1,30,,87337,10,,,1,70,,87358,10,,,1,30,,87338,10,,,1,70,,87359,10,,,1,30,,87339,10,,,1,70,,87360,10,,,1,30,,87340,10,,,1,70,,87361,10,,,1,30,,87341,10,,,1,70,,87362,10,,,1,13,,87334,10,,,1,10,,87371,10,0,6,1,10,,87342,10,,,1,10,,87354,10,,,1,10,,87373,10,0,6,1,50,,87363,10,,,1,10,,87335,10,,,1,10,,87372,10,0,6,1,10,,87343,10,,,1,12,,87355,10,,,1,55,,87364,10,,,1,30,,87344,10,,,1,70,,87365,10,,,1,30,,87345,10,,,1,70,,87366,10,,,1,30,,87346,10,,,1,70,,87367,10,,,1,30,,87347,10,,,1,70,,87368,10,,,1,30,,87348,10,,,1,70,,87369,10,,,1,32,,87349,10,,,1,68,,87370,10,,,1,30,,87350,10,,,1
900,'20261029',617,,87374,10,,,1,30,,87395,10,,,1,77,,87375,10,,,1,27,,87396,10,,,1,70,,87376,10,,,1,30,,87397,10,,,1,70,,87377,10,,,1,81,,87400,10,,,1,30,,87380,10,,,1,70,,87401,10,,,1,30,,87381,10,,,1,70,,87402,10,,,1,30,,87382,10,,,1,70,,87403,10,,,1,30,,87383,10,,,1,70,,87404,10,,,1,30,,87384,10,,,1,70,,87405,10,,,1,30,,87385,10,,,1,70,,87406,10,,,1,13,,87378,10,,,1,10,,87415,10,0,6,1,10,,87386,10,,,1,10,,87398,10,,,1,10,,87417,10,0,6,1,50,,87407,10,,,1,10,,87379,10,,,1,10,,87416,10,0,6,1,10,,87387,10,,,1,12,,87399,10,,,1,55,,87408,10,,,1,30,,87388,10,,,1,70,,87409,10,,,1,30,,87389,10,,,1,70,,87410,10,,,1,30,,87390,10,,,1,70,,87411,10,,,1,30,,87391,10,,,1,70,,87412,10,,,1,30,,87392,10,,,1,70,,87413,10,,,1,32,,87393,10,,,1,68,,87414,10,,,1,30,,87394,10,,,1
900,'20261030',617,,87418,10,,,1,30,,87439,10,,,1,77,,87419,10,,,1,27,,87440,10,,,1,70,,87420,10,,,1,30,,87441,10,,,1,70,,87421,10,,,1,81,,87444,10,,,1,30,,87424,10,,,1,70,,87445,10,,,1,30,,87425,10,,,1,70,,87446,10,,,1,30,,87426,10,,,1,70,,87447,10,,,1,30,,87427,10,,,1,70,,87448,10,,,1,30,,87428,10,,,1,70,,87449,10,,,1,30,,87429,10,,,1,70,,87450,10,,,1,13,,87422,10,,,1,10,,87460,10,0,6,1,10,,87430,10,,,1,10,,87442,10,,,1,10,,87462,10,0,6,1,50,,87451,10,,,1,10,,87423,10,,,1,10,,87461,10,0,6,1,10,,87431,10,,,1,12,,87443,10,,,1,55,,87452,10,,,1,30,,87432,10,,,1,70,,87453,10,,,1,30,,87433,10,,,1,70,,87454,10,,,1,30,,87434,10,,,1,70,,87455,10,,,1,30,,87435,10,,,1,70,,87456,10,,,1,30,,87436,10,,,1,70,,87457,10,,,1,32,,87437,10,,,1,68,,87458,10,,,1,30,,87438,10,,,1,70,,87459,10,,,1
900,'20261031',902,,87479,10,,,1,30,,87463,10,,,1,70,,87480,10,,,1,30,,87464,10,,,1,70,,87481,10,,,1,30,,87465,10,,,1,70,,87482,10,,,1,30,,87466,10,,,1,70,,87483,10,,,1,30,,87467,10,,,1,70,,87484,10,,,1,30,,87468,10,,,1,70,,87485,10,,,1,30,,87469,10,,,1,70,,87486,10,,,1,30,,87470,10,,,1,70,,87487,10,,,1,30,,87471,10,,,1,70,,87488,10,,,1,30,,87472,10,,,1,70,,87489,10,,,1,30,,87473,10,,,1,70,,87490,10,,,1,30,,87474,10,,,1,70,,87491,10,,,1,30,,87475,10,,,1,70,,87492,10,,,1,30,,87476,10,,,1,70,,87493,10,,,1,30,,87477,10,,,1,70,,87494,10,,,1,30,,87478,10,,,1,70,,87495,10,,,1
900,'20261101',902,,87512,10,,,1,30,,87496,10,,,1,70,,87513,10,,,1,30,,87497,10,,,1,70,,87514,10,,,1,30,,87498,10,,,1,70,,87515,10,,,1,30,,87499,10,,,1,70,,87516,10,,,1,30,,87500,10,,,1,70,,87517,10,,,1,30,,87501,10,,,1,70,,87518,10,,,1,30,,87502,10,,,1,70,,87519,10,,,1,30,,87503,10,,,1,70,,87520,10,,,1,30,,87504,10,,,1,70,,87521,10,,,1,30,,87505,10,,,1,70,,87522,10,,,1,30,,87506,10,,,1,70,,87523,10,,,1,30,,87507,10,,,1,70,,87524,10,,,1,30,,87508,10,,,1,70,,87525,10,,,1,30,,87509,10,,,1,70,,87526,10,,,1,30,,87510,10,,,1,70,,87527,10,,,1,30,,87511,10,,,1
900,'20261102',617,,87528,10,,,1,30,,87549,10,,,1,77,,87529,10,,,1,27,,87550,10,,,1,70,,87530,10,,,1,30,,87551,10,,,1,70,,87531,10,,,1,81,,87554,10,,,1,30,,87534,10,,,1,70,,87555,10,,,1,30,,87535,10,,,1,70,,87556,10,,,1,30,,87536,10,,,1,70,,87557,10,,,1,30,,87537,10,,,1,70,,87558,10,,,1,30,,87538,10,,,1,70,,87559,10,,,1,30,,87539,10,,,1,70,,87560,10,,,1,13,,87532,10,,,1,10,,87569,10,0,6,1,10,,87540,10,,,1,10,,87552,10,,,1,10,,87571,10,0,6,1,50,,87561,10,,,1,10,,87533,10,,,1,10,,87570,10,0,6,1,10,,87541,10,,,1,12,,87553,10,,,1,55,,87562,10,,,1,30,,87542,10,,,1,70,,87563,10,,,1,30,,87543,10,,,1,70,,87564,10,,,1,30,,87544,10,,,1,70,,87565,10,,,1,30,,87545,10,,,1,70,,87566,10,,,1,30,,87546,10,,,1,70,,87567,10,,,1,32,,87547,10,,,1,68,,87568,10,,,1,30,,87548,10,,,1
900,'20261103',617,,87572,10,,,1,30,,87593,10,,,1,77,,87573,10,,,1,27,,87594,10,,,1,70,,87574,10,,,1,30,,87595,10,,,1,70,,87575,10,,,1,81,,87598,10,,,1,30,,87578,10,,,1,70,,87599,10,,,1,30,,87579,10,,,1,70,,87600,10,,,1,30,,87580,10,,,1,70,,87601,10,,,1,30,,87581,10,,,1,70,,87602,10,,,1,30,,87582,10,,,1,70,,87603,10,,,1,30,,87583,10,,,1,70,,87604,10,,,1,13,,87576,10,,,1,10,,87613,10,0,6,1,10,,87584,10,,,1,10,,87596,10,,,1,10,,87615,10,0,6,1,50,,87605,10,,,1,10,,87577,10,,,1,10,,87614,10,0,6,1,10,,87585,10,,,1,12,,87597,10,,,1,55,,87606,10,,,1,30,,87586,10,,,1,70,,87607,10,,,1,30,,87587,10,,,1,70,,87608,10,,,1,30,,87588,10,,,1,70,,87609,10,,,1,30,,87589,10,,,1,70,,87610,10,,,1,30,,87590,10,,,1,70,,87611,10,,,1,32,,87591,10,,,1,68,,87612,10,,,1,30,,87592,10,,,1
900,'20261104',617,,87616,10,,,1,30,,87637,10,,,1,77,,87617,10,,,1,27,,87638,10,,,1,70,,87618,10,,,1,30,,87639,10,,,1,70,,87619,10,,,1,81,,87642,10,,,1,30,,87622,10,,,1,70,,87643,10,,,1,30,,87623,10,,,1,70,,87644,10,,,1,30,,87624,10,,,1,70,,87645,10,,,1,30,,87625,10,,,1,70,,87646,10,,,1,30,,87626,10,,,1,70,,87647,10,,,1,30,,87627,10,,,1,70,,87648,10,,,1,13,,87620,10,,,1,10,,87657,10,0,6,1,10,,87628,10,,,1,10,,87640,10,,,1,10,,87659,10,0,6,1,50,,87649,10,,,1,10,,87621,10,,,1,10,,87658,10,0,6,1,10,,87629,10,,,1,12,,87641,10,,,1,55,,87650,10,,,1,30,,87630,10,,,1,70,,87651,10,,,1,30,,87631,10,,,1,70,,87652,10,,,1,30,,87632,10,,,1,70,,87653,10,,,1,30,,87633,10,,,1,70,,87654,10,,,1,30,,87634,10,,,1,70,,87655,10,,,1,32,,87635,10,,,1,68,,87656,10,,,1,30,,87636,10,,,1
900,'20261105',617,,87660,10,,,1,30,,87681,10,,,1,77,,87661,10,,,1,27,,87682,10,,,1,70,,87662,10,,,1,30,,87683,10,,,1,70,,87663,10,,,1,81,,87686,10,,,1,30,,87666,10,,,1,70,,87687,10,,,1,30,,87667,10,,,1,70,,87688,10,,,1,30,,87668,10,,,1,70,,87689,10,,,1,30,,87669,10,,,1,70,,87690,10,,,1,30,,87670,10,,,1,70,,87691,10,,,1,30,,87671,10,,,1,70,,87692,10,,,1,13,,87664,10,,,1,10,,87701,10,0,6,1,10,,87672,10,,,1,10,,87684,10,,,1,10,,87703,10,0,6,1,50,,87693,10,,,1,10,,87665,10,,,1,10,,87702,10,0,6,1,10,,87673,10,,,1,12,,87685,10,,,1,55,,87694,10,,,1,30,,87674,10,,,1,70,,87695,10,,,1,30,,87675,10,,,1,70,,87696,10,,,1,30,,87676,10,,,1,70,,87697,10,,,1,30,,87677,10,,,1,70,,87698,10,,,1,30,,87678,10,,,1,70,,87699,10,,,1,32,,87679,10,,,1,68,,87700,10,,,1,30,,87680,10,,,1
900,'20261106',617,,87704,10,,,1,30,,87725,10,,,1,77,,87705,10,,,1,27,,87726,10,,,1,70,,87706,10,,,1,30,,87727,10,,,1,70,,87707,10,,,1,81,,87730,10,,,1,30,,87710,10,,,1,70,,87731,10,,,1,30,,87711,10,,,1,70,,87732,10,,,1,30,,87712,10,,,1,70,,87733,10,,,1,30,,87713,10,,,1,70,,87734,10,,,1,30,,87714,10,,,1,70,,87735,10,,,1,30,,87715,10,,,1,70,,87736,10,,,1,13,,87708,10,,,1,10,,87746,10,0,6,1,10,,87716,10,,,1,10,,87728,10,,,1,10,,87748,10,0,6,1,50,,87737,10,,,1,10,,87709,10,,,1,10,,87747,10,0,6,1,10,,87717,10,,,1,12,,87729,10,,,1,55,,87738,10,,,1,30,,87718,10,,,1,70,,87739,10,,,1,30,,87719,10,,,1,70,,87740,10,,,1,30,,87720,10,,,1,70,,87741,10,,,1,30,,87721,10,,,1,70,,87742,10,,,1,30,,87722,10,,,1,70,,87743,10,,,1,32,,87723,10,,,1,68,,87744,10,,,1,30,,87724,10,,,1,70,,87745,10,,,1
900,'20261107',902,,87765,10,,,1,30,,87749,10,,,1,70,,87766,10,,,1,30,,87750,10,,,1,70,,87767,10,,,1,30,,87751,10,,,1,70,,87768,10,,,1,30,,87752,10,,,1,70,,87769,10,,,1,30,,87753,10,,,1,70,,87770,10,,,1,30,,87754,10,,,1,70,,87771,10,,,1,30,,87755,10,,,1,70,,87772,10,,,1,30,,87756,10,,,1,70,,87773,10,,,1,30,,87757,10,,,1,70,,87774,10,,,1,30,,87758,10,,,1,70,,87775,10,,,1,30,,87759,10,,,1,70,,87776,10,,,1,30,,87760,10,,,1,70,,87777,10,,,1,30,,87761,10,,,1,70,,87778,10,,,1,30,,87762,10,,,1,70,,87779,10,,,1,30,,87763,10,,,1,70,,87780,10,,,1,30,,87764,10,,,1,70,,87781,10,,,1
900,'20261108',902,,87798,10,,,1,30,,87782,10,,,1,70,,87799,10,,,1,30,,87783,10,,,1,70,,87800,10,,,1,30,,87784,10,,,1,70,,87801,10,,,1,30,,87785,10,,,1,70,,87802,10,,,1,30,,87786,10,,,1,70,,87803,10,,,1,30,,87787,10,,,1,70,,87804,10,,,1,30,,87788,10,,,1,70,,87805,10,,,1,30,,87789,10,,,1,70,,87806,10,,,1,30,,87790,10,,,1,70,,87807,10,,,1,30,,87791,10,,,1,70,,87808,10,,,1,30,,87792,10,,,1,70,,87809,10,,,1,30,,87793,10,,,1,70,,87810,10,,,1,30,,87794,10,,,1,70,,87811,10,,,1,30,,87795,10,,,1,70,,87812,10,,,1,30,,87796,10,,,1,70,,87813,10,,,1,30,,87797,10,,,1
900,'20261109',617,,87814,10,,,1,30,,87835,10,,,1,77,,87815,10,,,1,27,,87836,10,,,1,70,,87816,10,,,1,30,,87837,10,,,1,70,,87817,10,,,1,81,,87840,10,,,1,30,,87820,10,,,1,70,,87841,10,,,1,30,,87821,10,,,1,70,,87842,10,,,1,30,,87822,10,,,1,70,,87843,10,,,1,30,,87823,10,,,1,70,,87844,10,,,1,30,,87824,10,,,1,70,,87845,10,,,1,30,,87825,10,,,1,70,,87846,10,,,1,13,,87818,10,,,1,10,,87855,10,0,6,1,10,,87826,10,,,1,10,,87838,10,,,1,10,,87857,10,0,6,1,50,,87847,10,,,1,10,,87819,10,,,1,10,,87856,10,0,6,1,10,,87827,10,,,1,12,,87839,10,,,1,55,,87848,10,,,1,30,,87828,10,,,1,70,,87849,10,,,1,30,,87829,10,,,1,70,,87850,10,,,1,30,,87830,10,,,1,70,,87851,10,,,1,30,,87831,10,,,1,70,,87852,10,,,1,30,,87832,10,,,1,70,,87853,10,,,1,32,,87833,10,,,1,68,,87854,10,,,1,30,,87834,10,,,1
900,'20261110',617,,87858,10,,,1,30,,87879,10,,,1,77,,87859,10,,,1,27,,87880,10,,,1,70,,87860,10,,,1,30,,87881,10,,,1,70,,87861,10,,,1,81,,87884,10,,,1,30,,87864,10,,,1,70,,87885,10,,,1,30,,87865,10,,,1,70,,87886,10,,,1,30,,87866,10,,,1,70,,87887,10,,,1,30,,87867,10,,,1,70,,87888,10,,,1,30,,87868,10,,,1,70,,87889,10,,,1,30,,87869,10,,,1,70,,87890,10,,,1,13,,87862,10,,,1,10,,87899,10,0,6,1,10,,87870,10,,,1,10,,87882,10,,,1,10,,87901,10,0,6,1,50,,87891,10,,,1,10,,87863,10,,,1,10,,87900,10,0,6,1,10,,87871,10,,,1,12,,87883,10,,,1,55,,87892,10,,,1,30,,87872,10,,,1,70,,87893,10,,,1,30,,87873,10,,,1,70,,87894,10,,,1,30,,87874,10,,,1,70,,87895,10,,,1,30,,87875,10,,,1,70,,87896,10,,,1,30,,87876,10,,,1,70,,87897,10,,,1,32,,87877,10,,,1,68,,87898,10,,,1,30,,87878,10,,,1
900,'20261111',617,,87902,10,,,1,30,,87923,10,,,1,77,,87903,10,,,1,27,,87924,10,,,1,70,,87904,10,,,1,30,,87925,10,,,1,70,,87905,10,,,1,81,,87928,10,,,1,30,,87908,10,,,1,70,,87929,10,,,1,30,,87909,10,,,1,70,,87930,10,,,1,30,,87910,10,,,1,70,,87931,10,,,1,30,,87911,10,,,1,70,,87932,10,,,1,30,,87912,10,,,1,70,,87933,10,,,1,30,,87913,10,,,1,70,,87934,10,,,1,13,,87906,10,,,1,10,,87943,10,0,6,1,10,,87914,10,,,1,10,,87926,10,,,1,10,,87945,10,0,6,1,50,,87935,10,,,1,10,,87907,10,,,1,10,,87944,10,0,6,1,10,,87915,10,,,1,12,,87927,10,,,1,55,,87936,10,,,1,30,,87916,10,,,1,70,,87937,10,,,1,30,,87917,10,,,1,70,,87938,10,,,1,30,,87918,10,,,1,70,,87939,10,,,1,30,,87919,10,,,1,70,,87940,10,,,1,30,,87920,10,,,1,70,,87941,10,,,1,32,,87921,10,,,1,68,,87942,10,,,1,30,,87922,10,,,1
900,'20261112',617,,87946,10,,,1,30,,87967,10,,,1,77,,87947,10,,,1,27,,87968,10,,,1,70,,87948,10,,,1,30,,87969,10,,,1,70,,87949,10,,,1,81,,87972,10,,,1,30,,87952,10,,,1,70,,87973,10,,,1,30,,87953,10,,,1,70,,87974,10,,,1,30,,87954,10,,,1,70,,87975,10,,,1,30,,87955,10,,,1,70,,87976,10,,,1,30,,87956,10,,,1,70,,87977,10,,,1,30,,87957,10,,,1,70,,87978,10,,,1,13,,87950,10,,,1,10,,87987,10,0,6,1,10,,87958,10,,,1,10,,87970,10,,,1,10,,87989,10,0,6,1,50,,87979,10,,,1,10,,87951,10,,,1,10,,87988,10,0,6,1,10,,87959,10,,,1,12,,87971,10,,,1,55,,87980,10,,,1,30,,87960,10,,,1,70,,87981,10,,,1,30,,87961,10,,,1,70,,87982,10,,,1,30,,87962,10,,,1,70,,87983,10,,,1,30,,87963,10,,,1,70,,87984,10,,,1,30,,87964,10,,,1,70,,87985,10,,,1,32,,87965,10,,,1,68,,87986,10,,,1,30,,87966,10,,,1
900,'20261113',617,,87990,10,,,1,30,,88011,10,,,1,77,,87991,10,,,1,27,,88012,10,,,1,70,,87992,10,,,1,30,,88013,10,,,1,70,,87993,10,,,1,81,,88016,10,,,1,30,,87996,10,,,1,70,,88017,10,,,1,30,,87997,10,,,1,70,,88018,10,,,1,30,,87998,10,,,1,70,,88019,10,,,1,30,,87999,10,,,1,70,,88020,10,,,1,30,,88000,10,,,1,70,,88021,10,,,1,30,,88001,10,,,1,70,,88022,10,,,1,13,,87994,10,,,1,10,,88032,10,0,6,1,10,,88002,10,,,1,10,,88014,10,,,1,10,,88034,10,0,6,1,50,,88023,10,,,1,10,,87995,10,,,1,10,,88033,10,0,6,1,10,,88003,10,,,1,12,,88015,10,,,1,55,,88024,10,,,1,30,,88004,10,,,1,70,,88025,10,,,1,30,,88005,10,,,1,70,,88026,10,,,1,30,,88006,10,,,1,70,,88027,10,,,1,30,,88007,10,,,1,70,,88028,10,,,1,30,,88008,10,,,1,70,,88029,10,,,1,32,,88009,10,,,1,68,,88030,10,,,1,30,,88010,10,,,1,70,,88031,10,,,1
900,'20261114',902,,88051,10,,,1,30,,88035,10,,,1,70,,88052,10,,,1,30,,88036,10,,,1,70,,88053,10,,,1,30,,88037,10,,,1,70,,88054,10,,,1,30,,88038,10,,,1,70,,88055,10,,,1,30,,88039,10,,,1,70,,88056,10,,,1,30,,88040,10,,,1,70,,88057,10,,,1,30,,88041,10,,,1,70,,88058,10,,,1,30,,88042,10,,,1,70,,88059,10,,,1,30,,88043,10,,,1,70,,88060,10,,,1,30,,88044,10,,,1,70,,88061,10,,,1,30,,88045,10,,,1,70,,88062,10,,,1,30,,88046,10,,,1,70,,88063,10,,,1,30,,88047,10,,,1,70,,88064,10,,,1,30,,88048,10,,,1,70,,88065,10,,,1,30,,88049,10,,,1,70,,88066,10,,,1,30,,88050,10,,,1,70,,88067,10,,,1
900,'20261115',902,,88084,10,,,1,30,,88068,10,,,1,70,,88085,10,,,1,30,,88069,10,,,1,70,,88086,10,,,1,30,,88070,10,,,1,70,,88087,10,,,1,30,,88071,10,,,1,70,,88088,10,,,1,30,,88072,10,,,1,70,,88089,10,,,1,30,,88073,10,,,1,70,,88090,10,,,1,30,,88074,10,,,1,70,,88091,10,,,1,30,,88075,10,,,1,70,,88092,10,,,1,30,,88076,10,,,1,70,,88093,10,,,1,30,,88077,10,,,1,70,,88094,10,,,1,30,,88078,10,,,1,70,,88095,10,,,1,30,,88079,10,,,1,70,,88096,10,,,1,30,,88080,10,,,1,70,,88097,10,,,1,30,,88081,10,,,1,70,,88098,10,,,1,30,,88082,10,,,1,70,,88099,10,,,1,30,,88083,10,,,1
900,'20261116',617,,88100,10,,,1,30,,88121,10,,,1,77,,88101,10,,,1,27,,88122,10,,,1,70,,88102,10,,,1,30,,88123,10,,,1,70,,88103,10,,,1,81,,88126,10,,,1,30,,88106,10,,,1,70,,88127,10,,,1,30,,88107,10,,,1,70,,88128,10,,,1,30,,88108,10,,,1,70,,88129,10,,,1,30,,88109,10,,,1,70,,88130,10,,,1,30,,88110,10,,,1,70,,88131,10,,,1,30,,88111,10,,,1,70,,88132,10,,,1,13,,88104,10,,,1,10,,88141,10,0,6,1,10,,88112,10,,,1,10,,88124,10,,,1,10,,88143,10,0,6,1,50,,88133,10,,,1,10,,88105,10,,,1,10,,88142,10,0,6,1,10,,88113,10,,,1,12,,88125,10,,,1,55,,88134,10,,,1,30,,88114,10,,,1,70,,88135,10,,,1,30,,88115,10,,,1,70,,88136,10,,,1,30,,88116,10,,,1,70,,88137,10,,,1,30,,88117,10,,,1,70,,88138,10,,,1,30,,88118,10,,,1,70,,88139,10,,,1,32,,88119,10,,,1,68,,88140,10,,,1,30,,88120,10,,,1
900,'20261117',617,,88144,10,,,1,30,,88165,10,,,1,77,,88145,10,,,1,27,,88166,10,,,1,70,,88146,10,,,1,30,,88167,10,,,1,70,,88147,10,,,1,81,,88170,10,,,1,30,,88150,10,,,1,70,,88171,10,,,1,30,,88151,10,,,1,70,,88172,10,,,1,30,,88152,10,,,1,70,,88173,10,,,1,30,,88153,10,,,1,70,,88174,10,,,1,30,,88154,10,,,1,70,,88175,10,,,1,30,,88155,10,,,1,70,,88176,10,,,1,13,,88148,10,,,1,10,,88185,10,0,6,1,10,,88156,10,,,1,10,,88168,10,,,1,10,,88187,10,0,6,1,50,,88177,10,,,1,10,,88149,10,,,1,10,,88186,10,0,6,1,10,,88157,10,,,1,12,,88169,10,,,1,55,,88178,10,,,1,30,,88158,10,,,1,70,,88179,10,,,1,30,,88159,10,,,1,70,,88180,10,,,1,30,,88160,10,,,1,70,,88181,10,,,1,30,,88161,10,,,1,70,,88182,10,,,1,30,,88162,10,,,1,70,,88183,10,,,1,32,,88163,10,,,1,68,,88184,10,,,1,30,,88164,10,,,1
900,'20261118',617,,88188,10,,,1,30,,88209,10,,,1,77,,88189,10,,,1,27,,88210,10,,,1,70,,88190,10,,,1,30,,88211,10,,,1,70,,88191,10,,,1,81,,88214,10,,,1,30,,88194,10,,,1,70,,88215,10,,,1,30,,88195,10,,,1,70,,88216,10,,,1,30,,88196,10,,,1,70,,88217,10,,,1,30,,88197,10,,,1,70,,88218,10,,,1,30,,88198,10,,,1,70,,88219,10,,,1,30,,88199,10,,,1,70,,88220,10,,,1,13,,88192,10,,,1,10,,88229,10,0,6,1,10,,88200,10,,,1,10,,88212,10,,,1,10,,88231,10,0,6,1,50,,88221,10,,,1,10,,88193,10,,,1,10,,88230,10,0,6,1,10,,88201,10,,,1,12,,88213,10,,,1,55,,88222,10,,,1,30,,88202,10,,,1,70,,88223,10,,,1,30,,88203,10,,,1,70,,88224,10,,,1,30,,88204,10,,,1,70,,88225,10,,,1,30,,88205,10,,,1,70,,88226,10,,,1,30,,88206,10,,,1,70,,88227,10,,,1,32,,88207,10,,,1,68,,88228,10,,,1,30,,88208,10,,,1
900,'20261119',617,,88232,10,,,1,30,,88253,10,,,1,77,,88233,10,,,1,27,,88254,10,,,1,70,,88234,10,,,1,30,,88255,10,,,1,70,,88235,10,,,1,81,,88258,10,,,1,30,,88238,10,,,1,70,,88259,10,,,1,30,,88239,10,,,1,70,,88260,10,,,1,30,,88240,10,,,1,70,,88261,10,,,1,30,,88241,10,,,1,70,,88262,10,,,1,30,,88242,10,,,1,70,,88263,10,,,1,30,,88243,10,,,1,70,,88264,10,,,1,13,,88236,10,,,1,10,,88273,10,0,6,1,10,,88244,10,,,1,10,,88256,10,,,1,10,,88275,10,0,6,1,50,,88265,10,,,1,10,,88237,10,,,1,10,,88274,10,0,6,1,10,,88245,10,,,1,12,,88257,10,,,1,55,,88266,10,,,1,30,,88246,10,,,1,70,,88267,10,,,1,30,,88247,10,,,1,70,,88268,10,,,1,30,,88248,10,,,1,70,,88269,10,,,1,30,,88249,10,,,1,70,,88270,10,,,1,30,,88250,10,,,1,70,,88271,10,,,1,32,,88251,10,,,1,68,,88272,10,,,1,30,,88252,10,,,1
900,'20261120',617,,88276,10,,,1,30,,88297,10,,,1,77,,88277,10,,,1,27,,88298,10,,,1,70,,88278,10,,,1,30,,88299,10,,,1,70,,88279,10,,,1,81,,88302,10,,,1,30,,88282,10,,,1,70,,88303,10,,,1,30,,88283,10,,,1,70,,88304,10,,,1,30,,88284,10,,,1,70,,88305,10,,,1,30,,88285,10,,,1,70,,88306,10,,,1,30,,88286,10,,,1,70,,88307,10,,,1,30,,88287,10,,,1,70,,88308,10,,,1,13,,88280,10,,,1,10,,88318,10,0,6,1,10,,88288,10,,,1,10,,88300,10,,,1,10,,88320,10,0,6,1,50,,88309,10,,,1,10,,88281,10,,,1,10,,88319,10,0,6,1,10,,88289,10,,,1,12,,88301,10,,,1,55,,88310,10,,,1,30,,88290,10,,,1,70,,88311,10,,,1,30,,88291,10,,,1,70,,88312,10,,,1,30,,88292,10,,,1,70,,88313,10,,,1,30,,88293,10,,,1,70,,88314,10,,,1,30,,88294,10,,,1,70,,88315,10,,,1,32,,88295,10,,,1,68,,88316,10,,,1,30,,88296,10,,,1,70,,88317,10,,,1
900,'20261121',902,,88337,10,,,1,30,,88321,10,,,1,70,,88338,10,,,1,30,,88322,10,,,1,70,,88339,10,,,1,30,,88323,10,,,1,70,,88340,10,,,1,30,,88324,10,,,1,70,,88341,10,,,1,30,,88325,10,,,1,70,,88342,10,,,1,30,,88326,10,,,1,70,,88343,10,,,1,30,,88327,10,,,1,70,,88344,10,,,1,30,,88328,10,,,1,70,,88345,10,,,1,30,,88329,10,,,1,70,,88346,10,,,1,30,,88330,10,,,1,70,,88347,10,,,1,30,,88331,10,,,1,70,,88348,10,,,1,30,,88332,10,,,1,70,,88349,10,,,1,30,,88333,10,,,1,70,,88350,10,,,1,30,,88334,10,,,1,70,,88351,10,,,1,30,,88335,10,,,1,70,,88352,10,,,1,30,,88336,10,,,1,70,,88353,10,,,1
900,'20261122',902,,88370,10,,,1,30,,88354,10,,,1,70,,88371,10,,,1,30,,88355,10,,,1,70,,88372,10,,,1,30,,88356,10,,,1,70,,88373,10,,,1,30,,88357,10,,,1,70,,88374,10,,,1,30,,88358,10,,,1,70,,88375,10,,,1,30,,88359,10,,,1,70,,88376,10,,,1,30,,88360,10,,,1,70,,88377,10,,,1,30,,88361,10,,,1,70,,88378,10,,,1,30,,88362,10,,,1,70,,88379,10,,,1,30,,88363,10,,,1,70,,88380,10,,,1,30,,88364,10,,,1,70,,88381,10,,,1,30,,88365,10,,,1,70,,88382,10,,,1,30,,88366,10,,,1,70,,88383,10,,,1,30,,88367,10,,,1,70,,88384,10,,,1,30,,88368,10,,,1,70,,88385,10,,,1,30,,88369,10,,,1
900,'20261123',617,,88386,10,,,1,30,,88407,10,,,1,77,,88387,10,,,1,27,,88408,10,,,1,70,,88388,10,,,1,30,,88409,10,,,1,70,,88389,10,,,1,81,,88412,10,,,1,30,,88392,10,,,1,70,,88413,10,,,1,30,,88393,10,,,1,70,,88414,10,,,1,30,,88394,10,,,1,70,,88415,10,,,1,30,,88395,10,,,1,70,,88416,10,,,1,30,,88396,10,,,1,70,,88417,10,,,1,30,,88397,10,,,1,70,,88418,10,,,1,13,,88390,10,,,1,10,,88427,10,0,6,1,10,,88398,10,,,1,10,,88410,10,,,1,10,,88429,10,0,6,1,50,,88419,10,,,1,10,,88391,10,,,1,10,,88428,10,0,6,1,10,,88399,10,,,1,12,,88411,10,,,1,55,,88420,10,,,1,30,,88400,10,,,1,70,,88421,10,,,1,30,,88401,10,,,1,70,,88422,10,,,1,30,,88402,10,,,1,70,,88423,10,,,1,30,,88403,10,,,1,70,,88424,10,,,1,30,,88404,10,,,1,70,,88425,10,,,1,32,,88405,10,,,1,68,,88426,10,,,1,30,,88406,10,,,1
900,'20261124',617,,88430,10,,,1,30,,88451,10,,,1,77,,88431,10,,,1,27,,88452,10,,,1,70,,88432,10,,,1,30,,88453,10,,,1,70,,88433,10,,,1,81,,88456,10,,,1,30,,88436,10,,,1,70,,88457,10,,,1,30,,88437,10,,,1,70,,88458,10,,,1,30,,88438,10,,,1,70,,88459,10,,,1,30,,88439,10,,,1,70,,88460,10,,,1,30,,88440,10,,,1,70,,88461,10,,,1,30,,88441,10,,,1,70,,88462,10,,,1,13,,88434,10,,,1,10,,88471,10,0,6,1,10,,88442,10,,,1,10,,88454,10,,,1,10,,88473,10,0,6,1,50,,88463,10,,,1,10,,88435,10,,,1,10,,88472,10,0,6,1,10,,88443,10,,,1,12,,88455,10,,,1,55,,88464,10,,,1,30,,88444,10,,,1,70,,88465,10,,,1,30,,88445,10,,,1,70,,88466,10,,,1,30,,88446,10,,,1,70,,88467,10,,,1,30,,88447,10,,,1,70,,88468,10,,,1,30,,88448,10,,,1,70,,88469,10,,,1,32,,88449,10,,,1,68,,88470,10,,,1,30,,88450,10,,,1
900,'20261125',617,,88474,10,,,1,30,,88495,10,,,1,77,,88475,10,,,1,27,,88496,10,,,1,70,,88476,10,,,1,30,,88497,10,,,1,70,,88477,10,,,1,81,,88500,10,,,1,30,,88480,10,,,1,70,,88501,10,,,1,30,,88481,10,,,1,70,,88502,10,,,1,30,,88482,10,,,1,70,,88503,10,,,1,30,,88483,10,,,1,70,,88504,10,,,1,30,,88484,10,,,1,70,,88505,10,,,1,30,,88485,10,,,1,70,,88506,10,,,1,13,,88478,10,,,1,10,,88515,10,0,6,1,10,,88486,10,,,1,10,,88498,10,,,1,10,,88517,10,0,6,1,50,,88507,10,,,1,10,,88479,10,,,1,10,,88516,10,0,6,1,10,,88487,10,,,1,12,,88499,10,,,1,55,,88508,10,,,1,30,,88488,10,,,1,70,,88509,10,,,1,30,,88489,10,,,1,70,,88510,10,,,1,30,,88490,10,,,1,70,,88511,10,,,1,30,,88491,10,,,1,70,,88512,10,,,1,30,,88492,10,,,1,70,,88513,10,,,1,32,,88493,10,,,1,68,,88514,10,,,1,30,,88494,10,,,1
900,'20261126',617,,88518,10,,,1,30,,88539,10,,,1,77,,88519,10,,,1,27,,88540,10,,,1,70,,88520,10,,,1,30,,88541,10,,,1,70,,88521,10,,,1,81,,88544,10,,,1,30,,88524,10,,,1,70,,88545,10,,,1,30,,88525,10,,,1,70,,88546,10,,,1,30,,88526,10,,,1,70,,88547,10,,,1,30,,88527,10,,,1,70,,88548,10,,,1,30,,88528,10,,,1,70,,88549,10,,,1,30,,88529,10,,,1,70,,88550,10,,,1,13,,88522,10,,,1,10,,88559,10,0,6,1,10,,88530,10,,,1,10,,88542,10,,,1,10,,88561,10,0,6,1,50,,88551,10,,,1,10,,88523,10,,,1,10,,88560,10,0,6,1,10,,88531,10,,,1,12,,88543,10,,,1,55,,88552,10,,,1,30,,88532,10,,,1,70,,88553,10,,,1,30,,88533,10,,,1,70,,88554,10,,,1,30,,88534,10,,,1,70,,88555,10,,,1,30,,88535,10,,,1,70,,88556,10,,,1,30,,88536,10,,,1,70,,88557,10,,,1,32,,88537,10,,,1,68,,88558,10,,,1,30,,88538,10,,,1
900,'20261127',617,,88562,10,,,1,30,,88583,10,,,1,77,,88563,10,,,1,27,,88584,10,,,1,70,,88564,10,,,1,30,,88585,10,,,1,70,,88565,10,,,1,81,,88588,10,,,1,30,,88568,10,,,1,70,,88589,10,,,1,30,,88569,10,,,1,70,,88590,10,,,1,30,,88570,10,,,1,70,,88591,10,,,1,30,,88571,10,,,1,70,,88592,10,,,1,30,,88572,10,,,1,70,,88593,10,,,1,30,,88573,10,,,1,70,,88594,10,,,1,13,,88566,10,,,1,10,,88604,10,0,6,1,10,,88574,10,,,1,10,,88586,10,,,1,10,,88606,10,0,6,1,50,,88595,10,,,1,10,,88567,10,,,1,10,,88605,10,0,6,1,10,,88575,10,,,1,12,,88587,10,,,1,55,,88596,10,,,1,30,,88576,10,,,1,70,,88597,10,,,1,30,,88577,10,,,1,70,,88598,10,,,1,30,,88578,10,,,1,70,,88599,10,,,1,30,,88579,10,,,1,70,,88600,10,,,1,30,,88580,10,,,1,70,,88601,10,,,1,32,,88581,10,,,1,68,,88602,10,,,1,30,,88582,10,,,1,70,,88603,10,,,1
901,'20260831',551,,65395,19,,,1,70,,65400,19,,,1,37,,65396,19,,,1,55,,65398,19,,,1,10,,65401,19,,,1,10,,65405,15,,,1,10,,65402,19,,,1,10,,65397,19,,,1,50,,65404,15,,,1,10,,65399,19,,,1,10,,63527,19,,,1,10,,65406,15,,,1,10,,65403,19,,,1,15,,63507,19,,,1,70,,63528,19,,,1,30,,63508,19,,,1,70,,63529,19,,,1,30,,63509,19,,,1,70,,63530,19,,,1,30,,63510,19,,,1,70,,63531,19,,,1,30,,63511,19,,,1,70,,63532,19,,,1,30,,63512,19,,,1,70,,63533,19,,,1,30,,63513,19,,,1,70,,63534,19,,,1,30,,63514,19,,,1,58,,65647,15,,,1,12,,63535,19,,,1,15,,65649,15,,,1,15,,63515,19,,,1,55,,65648,15,,,1,15,,63536,19,,,1,30,,63516,19,,,1,70,,63537,19,,,1,30,,63517,19,,,1,70,,63538,19,,,1,30,,63518,19,,,1,70,,63539,19,,,1,30,,63519,19,,,1,70,,63540,19,,,1,30,,63520,19,,,1,70,,63541,19,,,1,30,,63521,19,,,1,70,,63542,19,,,1,30,,63522,19,,,1
901,'20260901',551,,63548,19,,,1,70,,63569,19,,,1,37,,63549,19,,,1,55,,63567,19,,,1,10,,63570,19,,,1,10,,63590,15,,,1,10,,63587,19,,,1,10,,63550,19,,,1,50,,63589,15,,,1,10,,63568,19,,,1,10,,63571,19,,,1,10,,63591,15,,,1,10,,63588,19,,,1,15,,63551,19,,,1,70,,63572,19,,,1,30,,63552,19,,,1,70,,63573,19,,,1,30,,63553,19,,,1,70,,63574,19,,,1,30,,63554,19,,,1,70,,63575,19,,,1,30,,63555,19,,,1,70,,63576,19,,,1,30,,63556,19,,,1,70,,63577,19,,,1,30,,63557,19,,,1,70,,63578,19,,,1,30,,63558,19,,,1,58,,65650,15,,,1,12,,63579,19,,,1,15,,65652,15,,,1,15,,63559,19,,,1,55,,65651,15,,,1,15,,63580,19,,,1,30,,63560,19,,,1,70,,63581,19,,,1,30,,63561,19,,,1,70,,63582,19,,,1,30,,63562,19,,,1,70,,63583,19,,,1,30,,63563,19,,,1,70,,63584,19,,,1,30,,63564,19,,,1,70,,63585,19,,,1,30,,63565,19,,,1,70,,63586,19,,,1,30,,63566,19,,,1
901,'20260902',551,,63592,19,,,1,70,,63613,19,,,1,37,,63593,19,,,1,55,,63611,19,,,1,10,,63614,19,,,1,10,,63634,15,,,1,10,,63631,19,,,1,10,,63594,19,,,1,50,,63633,15,,,1,10,,63612,19,,,1,10,,63615,19,,,1,10,,63635,15,,,1,10,,63632,19,,,1,15,,63595,19,,,1,70,,63616,19,,,1,30,,63596,19,,,1,70,,63617,19,,,1,30,,63597,19,,,1,70,,63618,19,,,1,30,,63598,19,,,1,70,,63619,19,,,1,30,,63599,19,,,1,70,,63620,19,,,1,30,,63600,19,,,1,70,,63621,19,,,1,30,,63601,19,,,1,70,,63622,19,,,1,30,,63602,19,,,1,58,,65653,15,,,1,12,,63623,19,,,1,15,,65655,15,,,1,15,,63603,19,,,1,55,,65654,15,,,1,15,,63624,19,,,1,30,,63604,19,,,1,70,,63625,19,,,1,30,,63605,19,,,1,70,,63626,19,,,1,30,,63606,19,,,1,70,,63627,19,,,1,30,,63607,19,,,1,70,,63628,19,,,1,30,,63608,19,,,1,70,,63629,19,,,1,30,,63609,19,,,1,70,,63630,19,,,1,30,,63610,19,,,1
901,'20260903',551,,63636,19,,,1,70,,63657,19,,,1,37,,63637,19,,,1,55,,63655,19,,,1,10,,63658,19,,,1,10,,63678,15,,,1,10,,63675,19,,,1,10,,63638,19,,,1,50,,63677,15,,,1,10,,63656,19,,,1,10,,63659,19,,,1,10,,63679,15,,,1,10,,63676,19,,,1,15,,63639,19,,,1,70,,63660,19,,,1,30,,63640,19,,,1,70,,63661,19,,,1,30,,63641,19,,,1,70,,63662,19,,,1,30,,63642,19,,,1,70,,63663,19,,,1,30,,63643,19,,,1,70,,63664,19,,,1,30,,63644,19,,,1,70,,63665,19,,,1,30,,63645,19,,,1,70,,63666,19,,,1,30,,63646,19,,,1,58,,65656,15,,,1,12,,63667,19,,,1,15,,65658,15,,,1,15,,63647,19,,,1,55,,65657,15,,,1,15,,63668,19,,,1,30,,63648,19,,,1,70,,63669,19,,,1,30,,63649,19,,,1,70,,63670,19,,,1,30,,63650,19,,,1,70,,63671,19,,,1,30,,63651,19,,,1,70,,63672,19,,,1,30,,63652,19,,,1,70,,63673,19,,,1,30,,63653,19,,,1,70,,63674,19,,,1,30,,63654,19,,,1
901,'20260904',551,,63680,19,,,1,70,,63701,19,,,1,37,,63681,19,,,1,55,,63699,19,,,1,10,,63702,19,,,1,10,,63723,15,,,1,10,,63720,19,,,1,10,,63682,19,,,1,50,,63722,15,,,1,10,,63700,19,,,1,10,,63703,19,,,1,10,,63724,15,,,1,10,,63721,19,,,1,15,,63683,19,,,1,70,,63704,19,,,1,30,,63684,19,,,1,70,,63705,19,,,1,30,,63685,19,,,1,70,,63706,19,,,1,30,,63686,19,,,1,70,,63707,19,,,1,30,,63687,19,,,1,70,,63708,19,,,1,30,,63688,19,,,1,70,,63709,19,,,1,30,,63689,19,,,1,70,,63710,19,,,1,30,,63690,19,,,1,58,,65659,15,,,1,12,,63711,19,,,1,15,,65661,15,,,1,15,,63691,19,,,1,55,,65660,15,,,1,15,,63712,19,,,1,30,,63692,19,,,1,70,,63713,19,,,1,30,,63693,19,,,1,70,,63714,19,,,1,30,,63694,19,,,1,70,,63715,19,,,1,30,,63695,19,,,1,70,,63716,19,,,1,30,,63696,19,,,1,70,,63717,19,,,1,30,,63697,19,,,1,70,,63718,19,,,1,30,,63698,19,,,1,70,,63719,19,,,1
901,'20260905',828,,88632,19,,,1,30,,88607,19,,,1,70,,88633,19,,,1,30,,88608,19,,,1,70,,88634,19,,,1,30,,88609,19,,,1,70,,88635,19,,,1,30,,88610,19,,,1,70,,88636,19,,,1,30,,88611,19,,,1,70,,88637,19,,,1,30,,88612,19,,,1,70,,88638,19,,,1,30,,88613,19,,,1,55,,88623,19,,,1,15,,88639,19,,,1,15,,88649,19,,,1,15,,88614,19,,,1,55,,88624,19,,,1,15,,88640,19,,,1,15,,88650,19,,,1,15,,88615,19,,,1,55,,88625,19,,,1,15,,88641,19,,,1,15,,88651,19,,,1,15,,88616,19,,,1,55,,88626,19,,,1,15,,88642,19,,,1,15,,88652,19,,,1,15,,88617,19,,,1,55,,88627,19,,,1,15,,88643,19,,,1,15,,88653,19,,,1,15,,88618,19,,,1,55,,88628,19,,,1,15,,88644,19,,,1,15,,88654,19,,,1,15,,88619,19,,,1,55,,88629,19,,,1,15,,88645,19,,,1,15,,88655,19,,,1,15,,88620,19,,,1,55,,88630,19,,,1,15,,88646,19,,,1,15,,88656,19,,,1,15,,88621,19,,,1,55,,88631,19,,,1,15,,88647,19,,,1,30,,88622,19,,,1,70,,88648,19,,,1
901,'20260906',828,,88682,19,,,1,30,,88657,19,,,1,70,,88683,19,,,1,30,,88658,19,,,1,70,,88684,19,,,1,30,,88659,19,,,1,70,,88685,19,,,1,30,,88660,19,,,1,70,,88686,19,,,1,30,,88661,19,,,1,70,,88687,19,,,1,30,,88662,19,,,1,70,,88688,19,,,1,30,,88663,19,,,1,55,,88673,19,,,1,15,,88689,19,,,1,15,,88699,19,,,1,15,,88664,19,,,1,55,,88674,19,,,1,15,,88690,19,,,1,15,,88700,19,,,1,15,,88665,19,,,1,55,,88675,19,,,1,15,,88691,19,,,1,15,,88701,19,,,1,15,,88666,19,,,1,55,,88676,19,,,1,15,,88692,19,,,1,15,,88702,19,,,1,15,,88667,19,,,1,55,,88677,19,,,1,15,,88693,19,,,1,15,,88703,19,,,1,15,,88668,19,,,1,55,,88678,19,,,1,15,,88694,19,,,1,15,,88704,19,,,1,15,,88669,19,,,1,55,,88679,19,,,1,15,,88695,19,,,1,15,,88705,19,,,1,15,,88670,19,,,1,55,,88680,19,,,1,15,,88696,19,,,1,15,,88706,19,,,1,15,,88671,19,,,1,55,,88681,19,,,1,15,,88697,19,,,1,30,,88672,19,,,1,70,,88698,19,,,1
901,'20260907',828,,88732,19,,,1,30,,88707,19,,,1,70,,88733,19,,,1,30,,88708,19,,,1,70,,88734,19,,,1,30,,88709,19,,,1,70,,88735,19,,,1,30,,88710,19,,,1,70,,88736,19,,,1,30,,88711,19,,,1,70,,88737,19,,,1,30,,88712,19,,,1,70,,88738,19,,,1,30,,88713,19,,,1,55,,88723,19,,,1,15,,88739,19,,,1,15,,88749,19,,,1,15,,88714,19,,,1,55,,88724,19,,,1,15,,88740,19,,,1,15,,88750,19,,,1,15,,88715,19,,,1,55,,88725,19,,,1,15,,88741,19,,,1,15,,88751,19,,,1,15,,88716,19,,,1,55,,88726,19,,,1,15,,88742,19,,,1,15,,88752,19,,,1,15,,88717,19,,,1,55,,88727,19,,,1,15,,88743,19,,,1,15,,88753,19,,,1,15,,88718,19,,,1,55,,88728,19,,,1,15,,88744,19,,,1,15,,88754,19,,,1,15,,88719,19,,,1,55,,88729,19,,,1,15,,88745,19,,,1,15,,88755,19,,,1,15,,88720,19,,,1,55,,88730,19,,,1,15,,88746,19,,,1,15,,88756,19,,,1,15,,88721,19,,,1,55,,88731,19,,,1,15,,88747,19,,,1,30,,88722,19,,,1,70,,88748,19,,,1
901,'20260908',551,,88757,19,,,1,70,,88778,19,,,1,37,,88758,19,,,1,55,,88776,19,,,1,10,,88779,19,,,1,10,,88799,15,,,1,10,,88796,19,,,1,10,,88759,19,,,1,50,,88798,15,,,1,10,,88777,19,,,1,10,,88780,19,,,1,10,,88800,15,,,1,10,,88797,19,,,1,15,,88760,19,,,1,70,,88781,19,,,1,30,,88761,19,,,1,70,,88782,19,,,1,30,,88762,19,,,1,70,,88783,19,,,1,30,,88763,19,,,1,70,,88784,19,,,1,30,,88764,19,,,1,70,,88785,19,,,1,30,,88765,19,,,1,70,,88786,19,,,1,30,,88766,19,,,1,70,,88787,19,,,1,30,,88767,19,,,1,70,,88788,19,,,1,30,,88768,19,,,1,70,,88789,19,,,1,30,,88769,19,,,1,70,,88790,19,,,1,30,,88770,19,,,1,70,,88791,19,,,1,30,,88771,19,,,1,70,,88792,19,,,1,30,,88772,19,,,1,70,,88793,19,,,1,30,,88773,19,,,1,70,,88794,19,,,1,30,,88774,19,,,1,70,,88795,19,,,1,30,,88775,19,,,1
901,'20260909',551,,88801,19,,,1,70,,88822,19,,,1,37,,88802,19,,,1,55,,88820,19,,,1,10,,88823,19,,,1,10,,88843,15,,,1,10,,88840,19,,,1,10,,88803,19,,,1,50,,88842,15,,,1,10,,88821,19,,,1,10,,88824,19,,,1,10,,88844,15,,,1,10,,88841,19,,,1,15,,88804,19,,,1,70,,88825,19,,,1,30,,88805,19,,,1,70,,88826,19,,,1,30,,88806,19,,,1,70,,88827,19,,,1,30,,88807,19,,,1,70,,88828,19,,,1,30,,88808,19,,,1,70,,88829,19,,,1,30,,88809,19,,,1,70,,88830,19,,,1,30,,88810,19,,,1,70,,88831,19,,,1,30,,88811,19,,,1,70,,88832,19,,,1,30,,88812,19,,,1,70,,88833,19,,,1,30,,88813,19,,,1,70,,88834,19,,,1,30,,88814,19,,,1,70,,88835,19,,,1,30,,88815,19,,,1,70,,88836,19,,,1,30,,88816,19,,,1,70,,88837,19,,,1,30,,88817,19,,,1,70,,88838,19,,,1,30,,88818,19,,,1,70,,88839,19,,,1,30,,88819,19,,,1
901,'20260910',551,,88845,19,,,1,70,,88866,19,,,1,37,,88846,19,,,1,55,,88864,19,,,1,10,,88867,19,,,1,10,,88887,15,,,1,10,,88884,19,,,1,10,,88847,19,,,1,50,,88886,15,,,1,10,,88865,19,,,1,10,,88868,19,,,1,10,,88888,15,,,1,10,,88885,19,,,1,15,,88848,19,,,1,70,,88869,19,,,1,30,,88849,19,,,1,70,,88870,19,,,1,30,,88850,19,,,1,70,,88871,19,,,1,30,,88851,19,,,1,70,,88872,19,,,1,30,,88852,19,,,1,70,,88873,19,,,1,30,,88853,19,,,1,70,,88874,19,,,1,30,,88854,19,,,1,70,,88875,19,,,1,30,,88855,19,,,1,70,,88876,19,,,1,30,,88856,19,,,1,70,,88877,19,,,1,30,,88857,19,,,1,70,,88878,19,,,1,30,,88858,19,,,1,70,,88879,19,,,1,30,,88859,19,,,1,70,,88880,19,,,1,30,,88860,19,,,1,70,,88881,19,,,1,30,,88861,19,,,1,70,,88882,19,,,1,30,,88862,19,,,1,70,,88883,19,,,1,30,,88863,19,,,1
901,'20260911',551,,88889,19,,,1,70,,88910,19,,,1,37,,88890,19,,,1,55,,88908,19,,,1,10,,88911,19,,,1,10,,88932,15,,,1,10,,88929,19,,,1,10,,88891,19,,,1,50,,88931,15,,,1,10,,88909,19,,,1,10,,88912,19,,,1,10,,88933,15,,,1,10,,88930,19,,,1,15,,88892,19,,,1,70,,88913,19,,,1,30,,88893,19,,,1,70,,88914,19,,,1,30,,88894,19,,,1,70,,88915,19,,,1,30,,88895,19,,,1,70,,88916,19,,,1,30,,88896,19,,,1,70,,88917,19,,,1,30,,88897,19,,,1,70,,88918,19,,,1,30,,88898,19,,,1,70,,88919,19,,,1,30,,88899,19,,,1,70,,88920,19,,,1,30,,88900,19,,,1,70,,88921,19,,,1,30,,88901,19,,,1,70,,88922,19,,,1,30,,88902,19,,,1,70,,88923,19,,,1,30,,88903,19,,,1,70,,88924,19,,,1,30,,88904,19,,,1,70,,88925,19,,,1,30,,88905,19,,,1,70,,88926,19,,,1,30,,88906,19,,,1,70,,88927,19,,,1,30,,88907,19,,,1,70,,88928,19,,,1
901,'20260912',828,,88950,19,,,1,30,,88934,19,,,1,70,,88951,19,,,1,30,,88935,19,,,1,70,,88952,19,,,1,30,,88936,19,,,1,70,,88953,19,,,1,30,,88937,19,,,1,70,,88954,19,,,1,30,,88938,19,,,1,70,,88955,19,,,1,30,,88939,19,,,1,70,,88956,19,,,1,30,,88940,19,,,1,70,,88957,19,,,1,30,,88941,19,,,1,70,,88958,19,,,1,30,,88942,19,,,1,70,,88959,19,,,1,30,,88943,19,,,1,70,,88960,19,,,1,30,,88944,19,,,1,70,,88961,19,,,1,30,,88945,19,,,1,70,,88962,19,,,1,30,,88946,19,,,1,70,,88963,19,,,1,30,,88947,19,,,1,70,,88964,19,,,1,30,,88948,19,,,1,70,,88965,19,,,1,30,,88949,19,,,1,70,,88966,19,,,1
901,'20260913',828,,88983,19,,,1,30,,88967,19,,,1,70,,88984,19,,,1,30,,88968,19,,,1,70,,88985,19,,,1,30,,88969,19,,,1,70,,88986,19,,,1,30,,88970,19,,,1,70,,88987,19,,,1,30,,88971,19,,,1,70,,88988,19,,,1,30,,88972,19,,,1,70,,88989,19,,,1,30,,88973,19,,,1,70,,88990,19,,,1,30,,88974,19,,,1,70,,88991,19,,,1,30,,88975,19,,,1,70,,88992,19,,,1,30,,88976,19,,,1,70,,88993,19,,,1,30,,88977,19,,,1,70,,88994,19,,,1,30,,88978,19,,,1,70,,88995,19,,,1,30,,88979,19,,,1,70,,88996,19,,,1,30,,88980,19,,,1,70,,88997,19,,,1,30,,88981,19,,,1,70,,88998,19,,,1,30,,88982,19,,,1
901,'20260914',551,,88999,19,,,1,70,,89020,19,,,1,37,,89000,19,,,1,55,,89018,19,,,1,10,,89021,19,,,1,10,,89041,15,,,1,10,,89038,19,,,1,10,,89001,19,,,1,50,,89040,15,,,1,10,,89019,19,,,1,10,,89022,19,,,1,10,,89042,15,,,1,10,,89039,19,,,1,15,,89002,19,,,1,70,,89023,19,,,1,30,,89003,19,,,1,70,,89024,19,,,1,30,,89004,19,,,1,70,,89025,19,,,1,30,,89005,19,,,1,70,,89026,19,,,1,30,,89006,19,,,1,70,,89027,19,,,1,30,,89007,19,,,1,70,,89028,19,,,1,30,,89008,19,,,1,70,,89029,19,,,1,30,,89009,19,,,1,70,,89030,19,,,1,30,,89010,19,,,1,70,,89031,19,,,1,30,,89011,19,,,1,70,,89032,19,,,1,30,,89012,19,,,1,70,,89033,19,,,1,30,,89013,19,,,1,70,,89034,19,,,1,30,,89014,19,,,1,70,,89035,19,,,1,30,,89015,19,,,1,70,,89036,19,,,1,30,,89016,19,,,1,70,,89037,19,,,1,30,,89017,19,,,1
901,'20260915',551,,89043,19,,,1,70,,89064,19,,,1,37,,89044,19,,,1,55,,89062,19,,,1,10,,89065,19,,,1,10,,89085,15,,,1,10,,89082,19,,,1,10,,89045,19,,,1,50,,89084,15,,,1,10,,89063,19,,,1,10,,89066,19,,,1,10,,89086,15,,,1,10,,89083,19,,,1,15,,89046,19,,,1,70,,89067,19,,,1,30,,89047,19,,,1,70,,89068,19,,,1,30,,89048,19,,,1,70,,89069,19,,,1,30,,89049,19,,,1,70,,89070,19,,,1,30,,89050,19,,,1,70,,89071,19,,,1,30,,89051,19,,,1,70,,89072,19,,,1,30,,89052,19,,,1,70,,89073,19,,,1,30,,89053,19,,,1,70,,89074,19,,,1,30,,89054,19,,,1,70,,89075,19,,,1,30,,89055,19,,,1,70,,89076,19,,,1,30,,89056,19,,,1,70,,89077,19,,,1,30,,89057,19,,,1,70,,89078,19,,,1,30,,89058,19,,,1,70,,89079,19,,,1,30,,89059,19,,,1,70,,89080,19,,,1,30,,89060,19,,,1,70,,89081,19,,,1,30,,89061,19,,,1
901,'20260916',551,,89087,19,,,1,70,,89108,19,,,1,37,,89088,19,,,1,55,,89106,19,,,1,10,,89109,19,,,1,10,,89129,15,,,1,10,,89126,19,,,1,10,,89089,19,,,1,50,,89128,15,,,1,10,,89107,19,,,1,10,,89110,19,,,1,10,,89130,15,,,1,10,,89127,19,,,1,15,,89090,19,,,1,70,,89111,19,,,1,30,,89091,19,,,1,70,,89112,19,,,1,30,,89092,19,,,1,70,,89113,19,,,1,30,,89093,19,,,1,70,,89114,19,,,1,30,,89094,19,,,1,70,,89115,19,,,1,30,,89095,19,,,1,70,,89116,19,,,1,30,,89096,19,,,1,70,,89117,19,,,1,30,,89097,19,,,1,70,,89118,19,,,1,30,,89098,19,,,1,70,,89119,19,,,1,30,,89099,19,,,1,70,,89120,19,,,1,30,,89100,19,,,1,70,,89121,19,,,1,30,,89101,19,,,1,70,,89122,19,,,1,30,,89102,19,,,1,70,,89123,19,,,1,30,,89103,19,,,1,70,,89124,19,,,1,30,,89104,19,,,1,70,,89125,19,,,1,30,,89105,19,,,1
901,'20260917',551,,89131,19,,,1,70,,89152,19,,,1,37,,89132,19,,,1,55,,89150,19,,,1,10,,89153,19,,,1,10,,89173,15,,,1,10,,89170,19,,,1,10,,89133,19,,,1,50,,89172,15,,,1,10,,89151,19,,,1,10,,89154,19,,,1,10,,89174,15,,,1,10,,89171,19,,,1,15,,89134,19,,,1,70,,89155,19,,,1,30,,89135,19,,,1,70,,89156,19,,,1,30,,89136,19,,,1,70,,89157,19,,,1,30,,89137,19,,,1,70,,89158,19,,,1,30,,89138,19,,,1,70,,89159,19,,,1,30,,89139,19,,,1,70,,89160,19,,,1,30,,89140,19,,,1,70,,89161,19,,,1,30,,89141,19,,,1,70,,89162,19,,,1,30,,89142,19,,,1,70,,89163,19,,,1,30,,89143,19,,,1,70,,89164,19,,,1,30,,89144,19,,,1,70,,89165,19,,,1,30,,89145,19,,,1,70,,89166,19,,,1,30,,89146,19,,,1,70,,89167,19,,,1,30,,89147,19,,,1,70,,89168,19,,,1,30,,89148,19,,,1,70,,89169,19,,,1,30,,89149,19,,,1
901,'20260918',551,,89175,19,,,1,70,,89196,19,,,1,37,,89176,19,,,1,55,,89194,19,,,1,10,,89197,19,,,1,10,,89218,15,,,1,10,,89215,19,,,1,10,,89177,19,,,1,50,,89217,15,,,1,10,,89195,19,,,1,10,,89198,19,,,1,10,,89219,15,,,1,10,,89216,19,,,1,15,,89178,19,,,1,70,,89199,19,,,1,30,,89179,19,,,1,70,,89200,19,,,1,30,,89180,19,,,1,70,,89201,19,,,1,30,,89181,19,,,1,70,,89202,19,,,1,30,,89182,19,,,1,70,,89203,19,,,1,30,,89183,19,,,1,70,,89204,19,,,1,30,,89184,19,,,1,70,,89205,19,,,1,30,,89185,19,,,1,70,,89206,19,,,1,30,,89186,19,,,1,70,,89207,19,,,1,30,,89187,19,,,1,70,,89208,19,,,1,30,,89188,19,,,1,70,,89209,19,,,1,30,,89189,19,,,1,70,,89210,19,,,1,30,,89190,19,,,1,70,,89211,19,,,1,30,,89191,19,,,1,70,,89212,19,,,1,30,,89192,19,,,1,70,,89213,19,,,1,30,,89193,19,,,1,70,,89214,19,,,1
901,'20260919',828,,89236,19,,,1,30,,89220,19,,,1,70,,89237,19,,,1,30,,89221,19,,,1,70,,89238,19,,,1,30,,89222,19,,,1,70,,89239,19,,,1,30,,89223,19,,,1,70,,89240,19,,,1,30,,89224,19,,,1,70,,89241,19,,,1,30,,89225,19,,,1,70,,89242,19,,,1,30,,89226,19,,,1,70,,89243,19,,,1,30,,89227,19,,,1,70,,89244,19,,,1,30,,89228,19,,,1,70,,89245,19,,,1,30,,89229,19,,,1,70,,89246,19,,,1,30,,89230,19,,,1,70,,89247,19,,,1,30,,89231,19,,,1,70,,89248,19,,,1,30,,89232,19,,,1,70,,89249,19,,,1,30,,89233,19,,,1,70,,89250,19,,,1,30,,89234,19,,,1,70,,89251,19,,,1,30,,89235,19,,,1,70,,89252,19,,,1
901,'20260920',828,,89269,19,,,1,30,,89253,19,,,1,70,,89270,19,,,1,30,,89254,19,,,1,70,,89271,19,,,1,30,,89255,19,,,1,70,,89272,19,,,1,30,,89256,19,,,1,70,,89273,19,,,1,30,,89257,19,,,1,70,,89274,19,,,1,30,,89258,19,,,1,70,,89275,19,,,1,30,,89259,19,,,1,70,,89276,19,,,1,30,,89260,19,,,1,70,,89277,19,,,1,30,,89261,19,,,1,70,,89278,19,,,1,30,,89262,19,,,1,70,,89279,19,,,1,30,,89263,19,,,1,70,,89280,19,,,1,30,,89264,19,,,1,70,,89281,19,,,1,30,,89265,19,,,1,70,,89282,19,,,1,30,,89266,19,,,1,70,,89283,19,,,1,30,,89267,19,,,1,70,,89284,19,,,1,30,,89268,19,,,1
901,'20260921',551,,89285,19,,,1,70,,89306,19,,,1,37,,89286,19,,,1,55,,89304,19,,,1,10,,89307,19,,,1,10,,89327,15,,,1,10,,89324,19,,,1,10,,89287,19,,,1,50,,89326,15,,,1,10,,89305,19,,,1,10,,89308,19,,,1,10,,89328,15,,,1,10,,89325,19,,,1,15,,89288,19,,,1,70,,89309,19,,,1,30,,89289,19,,,1,70,,89310,19,,,1,30,,89290,19,,,1,70,,89311,19,,,1,30,,89291,19,,,1,70,,89312,19,,,1,30,,89292,19,,,1,70,,89313,19,,,1,30,,89293,19,,,1,70,,89314,19,,,1,30,,89294,19,,,1,70,,89315,19,,,1,30,,89295,19,,,1,70,,89316,19,,,1,30,,89296,19,,,1,70,,89317,19,,,1,30,,89297,19,,,1,70,,89318,19,,,1,30,,89298,19,,,1,70,,89319,19,,,1,30,,89299,19,,,1,70,,89320,19,,,1,30,,89300,19,,,1,70,,89321,19,,,1,30,,89301,19,,,1,70,,89322,19,,,1,30,,89302,19,,,1,70,,89323,19,,,1,30,,89303,19,,,1
901,'20260922',551,,89329,19,,,1,70,,89350,19,,,1,37,,89330,19,,,1,55,,89348,19,,,1,10,,89351,19,,,1,10,,89371,15,,,1,10,,89368,19,,,1,10,,89331,19,,,1,50,,89370,15,,,1,10,,89349,19,,,1,10,,89352,19,,,1,10,,89372,15,,,1,10,,89369,19,,,1,15,,89332,19,,,1,70,,89353,19,,,1,30,,89333,19,,,1,70,,89354,19,,,1,30,,89334,19,,,1,70,,89355,19,,,1,30,,89335,19,,,1,70,,89356,19,,,1,30,,89336,19,,,1,70,,89357,19,,,1,30,,89337,19,,,1,70,,89358,19,,,1,30,,89338,19,,,1,70,,89359,19,,,1,30,,89339,19,,,1,70,,89360,19,,,1,30,,89340,19,,,1,70,,89361,19,,,1,30,,89341,19,,,1,70,,89362,19,,,1,30,,89342,19,,,1,70,,89363,19,,,1,30,,89343,19,,,1,70,,89364,19,,,1,30,,89344,19,,,1,70,,89365,19,,,1,30,,89345,19,,,1,70,,89366,19,,,1,30,,89346,19,,,1,70,,89367,19,,,1,30,,89347,19,,,1
901,'20260923',551,,89373,19,,,1,70,,89394,19,,,1,37,,89374,19,,,1,55,,89392,19,,,1,10,,89395,19,,,1,10,,89415,15,,,1,10,,89412,19,,,1,10,,89375,19,,,1,50,,89414,15,,,1,10,,89393,19,,,1,10,,89396,19,,,1,10,,89416,15,,,1,10,,89413,19,,,1,15,,89376,19,,,1,70,,89397,19,,,1,30,,89377,19,,,1,70,,89398,19,,,1,30,,89378,19,,,1,70,,89399,19,,,1,30,,89379,19,,,1,70,,89400,19,,,1,30,,89380,19,,,1,70,,89401,19,,,1,30,,89381,19,,,1,70,,89402,19,,,1,30,,89382,19,,,1,70,,89403,19,,,1,30,,89383,19,,,1,70,,89404,19,,,1,30,,89384,19,,,1,70,,89405,19,,,1,30,,89385,19,,,1,70,,89406,19,,,1,30,,89386,19,,,1,70,,89407,19,,,1,30,,89387,19,,,1,70,,89408,19,,,1,30,,89388,19,,,1,70,,89409,19,,,1,30,,89389,19,,,1,70,,89410,19,,,1,30,,89390,19,,,1,70,,89411,19,,,1,30,,89391,19,,,1
901,'20260924',551,,89417,19,,,1,70,,89438,19,,,1,37,,89418,19,,,1,55,,89436,19,,,1,10,,89439,19,,,1,10,,89459,15,,,1,10,,89456,19,,,1,10,,89419,19,,,1,50,,89458,15,,,1,10,,89437,19,,,1,10,,89440,19,,,1,10,,89460,15,,,1,10,,89457,19,,,1,15,,89420,19,,,1,70,,89441,19,,,1,30,,89421,19,,,1,70,,89442,19,,,1,30,,89422,19,,,1,70,,89443,19,,,1,30,,89423,19,,,1,70,,89444,19,,,1,30,,89424,19,,,1,70,,89445,19,,,1,30,,89425,19,,,1,70,,89446,19,,,1,30,,89426,19,,,1,70,,89447,19,,,1,30,,89427,19,,,1,70,,89448,19,,,1,30,,89428,19,,,1,70,,89449,19,,,1,30,,89429,19,,,1,70,,89450,19,,,1,30,,89430,19,,,1,70,,89451,19,,,1,30,,89431,19,,,1,70,,89452,19,,,1,30,,89432,19,,,1,70,,89453,19,,,1,30,,89433,19,,,1,70,,89454,19,,,1,30,,89434,19,,,1,70,,89455,19,,,1,30,,89435,19,,,1
901,'20260925',551,,89461,19,,,1,70,,89482,19,,,1,37,,89462,19,,,1,55,,89480,19,,,1,10,,89483,19,,,1,10,,89504,15,,,1,10,,89501,19,,,1,10,,89463,19,,,1,50,,89503,15,,,1,10,,89481,19,,,1,10,,89484,19,,,1,10,,89505,15,,,1,10,,89502,19,,,1,15,,89464,19,,,1,70,,89485,19,,,1,30,,89465,19,,,1,70,,89486,19,,,1,30,,89466,19,,,1,70,,89487,19,,,1,30,,89467,19,,,1,70,,89488,19,,,1,30,,89468,19,,,1,70,,89489,19,,,1,30,,89469,19,,,1,70,,89490,19,,,1,30,,89470,19,,,1,70,,89491,19,,,1,30,,89471,19,,,1,70,,89492,19,,,1,30,,89472,19,,,1,70,,89493,19,,,1,30,,89473,19,,,1,70,,89494,19,,,1,30,,89474,19,,,1,70,,89495,19,,,1,30,,89475,19,,,1,70,,89496,19,,,1,30,,89476,19,,,1,70,,89497,19,,,1,30,,89477,19,,,1,70,,89498,19,,,1,30,,89478,19,,,1,70,,89499,19,,,1,30,,89479,19,,,1,70,,89500,19,,,1
901,'20260926',828,,89522,19,,,1,30,,89506,19,,,1,70,,89523,19,,,1,30,,89507,19,,,1,70,,89524,19,,,1,30,,89508,19,,,1,70,,89525,19,,,1,30,,89509,19,,,1,70,,89526,19,,,1,30,,89510,19,,,1,70,,89527,19,,,1,30,,89511,19,,,1,70,,89528,19,,,1,30,,89512,19,,,1,70,,89529,19,,,1,30,,89513,19,,,1,70,,89530,19,,,1,30,,89514,19,,,1,70,,89531,19,,,1,30,,89515,19,,,1,70,,89532,19,,,1,30,,89516,19,,,1,70,,89533,19,,,1,30,,89517,19,,,1,70,,89534,19,,,1,30,,89518,19,,,1,70,,89535,19,,,1,30,,89519,19,,,1,70,,89536,19,,,1,30,,89520,19,,,1,70,,89537,19,,,1,30,,89521,19,,,1,70,,89538,19,,,1
901,'20260927',828,,89555,19,,,1,30,,89539,19,,,1,70,,89556,19,,,1,30,,89540,19,,,1,70,,89557,19,,,1,30,,89541,19,,,1,70,,89558,19,,,1,30,,89542,19,,,1,70,,89559,19,,,1,30,,89543,19,,,1,70,,89560,19,,,1,30,,89544,19,,,1,70,,89561,19,,,1,30,,89545,19,,,1,70,,89562,19,,,1,30,,89546,19,,,1,70,,89563,19,,,1,30,,89547,19,,,1,70,,89564,19,,,1,30,,89548,19,,,1,70,,89565,19,,,1,30,,89549,19,,,1,70,,89566,19,,,1,30,,89550,19,,,1,70,,89567,19,,,1,30,,89551,19,,,1,70,,89568,19,,,1,30,,89552,19,,,1,70,,89569,19,,,1,30,,89553,19,,,1,70,,89570,19,,,1,30,,89554,19,,,1
901,'20260928',551,,89571,19,,,1,70,,89592,19,,,1,37,,89572,19,,,1,55,,89590,19,,,1,10,,89593,19,,,1,10,,89613,15,,,1,10,,89610,19,,,1,10,,89573,19,,,1,50,,89612,15,,,1,10,,89591,19,,,1,10,,89594,19,,,1,10,,89614,15,,,1,10,,89611,19,,,1,15,,89574,19,,,1,70,,89595,19,,,1,30,,89575,19,,,1,70,,89596,19,,,1,30,,89576,19,,,1,70,,89597,19,,,1,30,,89577,19,,,1,70,,89598,19,,,1,30,,89578,19,,,1,70,,89599,19,,,1,30,,89579,19,,,1,70,,89600,19,,,1,30,,89580,19,,,1,70,,89601,19,,,1,30,,89581,19,,,1,70,,89602,19,,,1,30,,89582,19,,,1,70,,89603,19,,,1,30,,89583,19,,,1,70,,89604,19,,,1,30,,89584,19,,,1,70,,89605,19,,,1,30,,89585,19,,,1,70,,89606,19,,,1,30,,89586,19,,,1,70,,89607,19,,,1,30,,89587,19,,,1,70,,89608,19,,,1,30,,89588,19,,,1,70,,89609,19,,,1,30,,89589,19,,,1
901,'20260929',551,,89615,19,,,1,70,,89636,19,,,1,37,,89616,19,,,1,55,,89634,19,,,1,10,,89637,19,,,1,10,,89657,15,,,1,10,,89654,19,,,1,10,,89617,19,,,1,50,,89656,15,,,1,10,,89635,19,,,1,10,,89638,19,,,1,10,,89658,15,,,1,10,,89655,19,,,1,15,,89618,19,,,1,70,,89639,19,,,1,30,,89619,19,,,1,70,,89640,19,,,1,30,,89620,19,,,1,70,,89641,19,,,1,30,,89621,19,,,1,70,,89642,19,,,1,30,,89622,19,,,1,70,,89643,19,,,1,30,,89623,19,,,1,70,,89644,19,,,1,30,,89624,19,,,1,70,,89645,19,,,1,30,,89625,19,,,1,70,,89646,19,,,1,30,,89626,19,,,1,70,,89647,19,,,1,30,,89627,19,,,1,70,,89648,19,,,1,30,,89628,19,,,1,70,,89649,19,,,1,30,,89629,19,,,1,70,,89650,19,,,1,30,,89630,19,,,1,70,,89651,19,,,1,30,,89631,19,,,1,70,,89652,19,,,1,30,,89632,19,,,1,70,,89653,19,,,1,30,,89633,19,,,1
901,'20260930',551,,89659,19,,,1,70,,89680,19,,,1,37,,89660,19,,,1,55,,89678,19,,,1,10,,89681,19,,,1,10,,89701,15,,,1,10,,89698,19,,,1,10,,89661,19,,,1,50,,89700,15,,,1,10,,89679,19,,,1,10,,89682,19,,,1,10,,89702,15,,,1,10,,89699,19,,,1,15,,89662,19,,,1,70,,89683,19,,,1,30,,89663,19,,,1,70,,89684,19,,,1,30,,89664,19,,,1,70,,89685,19,,,1,30,,89665,19,,,1,70,,89686,19,,,1,30,,89666,19,,,1,70,,89687,19,,,1,30,,89667,19,,,1,70,,89688,19,,,1,30,,89668,19,,,1,70,,89689,19,,,1,30,,89669,19,,,1,70,,89690,19,,,1,30,,89670,19,,,1,70,,89691,19,,,1,30,,89671,19,,,1,70,,89692,19,,,1,30,,89672,19,,,1,70,,89693,19,,,1,30,,89673,19,,,1,70,,89694,19,,,1,30,,89674,19,,,1,70,,89695,19,,,1,30,,89675,19,,,1,70,,89696,19,,,1,30,,89676,19,,,1,70,,89697,19,,,1,30,,89677,19,,,1
901,'20261001',551,,89703,19,,,1,70,,89724,19,,,1,37,,89704,19,,,1,55,,89722,19,,,1,10,,89725,19,,,1,10,,89745,15,,,1,10,,89742,19,,,1,10,,89705,19,,,1,50,,89744,15,,,1,10,,89723,19,,,1,10,,89726,19,,,1,10,,89746,15,,,1,10,,89743,19,,,1,15,,89706,19,,,1,70,,89727,19,,,1,30,,89707,19,,,1,70,,89728,19,,,1,30,,89708,19,,,1,70,,89729,19,,,1,30,,89709,19,,,1,70,,89730,19,,,1,30,,89710,19,,,1,70,,89731,19,,,1,30,,89711,19,,,1,70,,89732,19,,,1,30,,89712,19,,,1,70,,89733,19,,,1,30,,89713,19,,,1,70,,89734,19,,,1,30,,89714,19,,,1,70,,89735,19,,,1,30,,89715,19,,,1,70,,89736,19,,,1,30,,89716,19,,,1,70,,89737,19,,,1,30,,89717,19,,,1,70,,89738,19,,,1,30,,89718,19,,,1,70,,89739,19,,,1,30,,89719,19,,,1,70,,89740,19,,,1,30,,89720,19,,,1,70,,89741,19,,,1,30,,89721,19,,,1
901,'20261002',551,,89747,19,,,1,70,,89768,19,,,1,37,,89748,19,,,1,55,,89766,19,,,1,10,,89769,19,,,1,10,,89790,15,,,1,10,,89787,19,,,1,10,,89749,19,,,1,50,,89789,15,,,1,10,,89767,19,,,1,10,,89770,19,,,1,10,,89791,15,,,1,10,,89788,19,,,1,15,,89750,19,,,1,70,,89771,19,,,1,30,,89751,19,,,1,70,,89772,19,,,1,30,,89752,19,,,1,70,,89773,19,,,1,30,,89753,19,,,1,70,,89774,19,,,1,30,,89754,19,,,1,70,,89775,19,,,1,30,,89755,19,,,1,70,,89776,19,,,1,30,,89756,19,,,1,70,,89777,19,,,1,30,,89757,19,,,1,70,,89778,19,,,1,30,,89758,19,,,1,70,,89779,19,,,1,30,,89759,19,,,1,70,,89780,19,,,1,30,,89760,19,,,1,70,,89781,19,,,1,30,,89761,19,,,1,70,,89782,19,,,1,30,,89762,19,,,1,70,,89783,19,,,1,30,,89763,19,,,1,70,,89784,19,,,1,30,,89764,19,,,1,70,,89785,19,,,1,30,,89765,19,,,1,70,,89786,19,,,1
901,'20261003',828,,89808,19,,,1,30,,89792,19,,,1,70,,89809,19,,,1,30,,89793,19,,,1,70,,89810,19,,,1,30,,89794,19,,,1,70,,89811,19,,,1,30,,89795,19,,,1,70,,89812,19,,,1,30,,89796,19,,,1,70,,89813,19,,,1,30,,89797,19,,,1,70,,89814,19,,,1,30,,89798,19,,,1,70,,89815,19,,,1,30,,89799,19,,,1,70,,89816,19,,,1,30,,89800,19,,,1,70,,89817,19,,,1,30,,89801,19,,,1,70,,89818,19,,,1,30,,89802,19,,,1,70,,89819,19,,,1,30,,89803,19,,,1,70,,89820,19,,,1,30,,89804,19,,,1,70,,89821,19,,,1,30,,89805,19,,,1,70,,89822,19,,,1,30,,89806,19,,,1,70,,89823,19,,,1,30,,89807,19,,,1,70,,89824,19,,,1
901,'20261004',828,,89841,19,,,1,30,,89825,19,,,1,70,,89842,19,,,1,30,,89826,19,,,1,70,,89843,19,,,1,30,,89827,19,,,1,70,,89844,19,,,1,30,,89828,19,,,1,70,,89845,19,,,1,30,,89829,19,,,1,70,,89846,19,,,1,30,,89830,19,,,1,70,,89847,19,,,1,30,,89831,19,,,1,70,,89848,19,,,1,30,,89832,19,,,1,70,,89849,19,,,1,30,,89833,19,,,1,70,,89850,19,,,1,30,,89834,19,,,1,70,,89851,19,,,1,30,,89835,19,,,1,70,,89852,19,,,1,30,,89836,19,,,1,70,,89853,19,,,1,30,,89837,19,,,1,70,,89854,19,,,1,30,,89838,19,,,1,70,,89855,19,,,1,30,,89839,19,,,1,70,,89856,19,,,1,30,,89840,19,,,1
901,'20261005',551,,89857,19,,,1,70,,89878,19,,,1,37,,89858,19,,,1,55,,89876,19,,,1,10,,89879,19,,,1,10,,89899,15,,,1,10,,89896,19,,,1,10,,89859,19,,,1,50,,89898,15,,,1,10,,89877,19,,,1,10,,89880,19,,,1,10,,89900,15,,,1,10,,89897,19,,,1,15,,89860,19,,,1,70,,89881,19,,,1,30,,89861,19,,,1,70,,89882,19,,,1,30,,89862,19,,,1,70,,89883,19,,,1,30,,89863,19,,,1,70,,89884,19,,,1,30,,89864,19,,,1,70,,89885,19,,,1,30,,89865,19,,,1,70,,89886,19,,,1,30,,89866,19,,,1,70,,89887,19,,,1,30,,89867,19,,,1,70,,89888,19,,,1,30,,89868,19,,,1,70,,89889,19,,,1,30,,89869,19,,,1,70,,89890,19,,,1,30,,89870,19,,,1,70,,89891,19,,,1,30,,89871,19,,,1,70,,89892,19,,,1,30,,89872,19,,,1,70,,89893,19,,,1,30,,89873,19,,,1,70,,89894,19,,,1,30,,89874,19,,,1,70,,89895,19,,,1,30,,89875,19,,,1
901,'20261006',551,,89901,19,,,1,70,,89922,19,,,1,37,,89902,19,,,1,55,,89920,19,,,1,10,,89923,19,,,1,10,,89943,15,,,1,10,,89940,19,,,1,10,,89903,19,,,1,50,,89942,15,,,1,10,,89921,19,,,1,10,,89924,19,,,1,10,,89944,15,,,1,10,,89941,19,,,1,15,,89904,19,,,1,70,,89925,19,,,1,30,,89905,19,,,1,70,,89926,19,,,1,30,,89906,19,,,1,70,,89927,19,,,1,30,,89907,19,,,1,70,,89928,19,,,1,30,,89908,19,,,1,70,,89929,19,,,1,30,,89909,19,,,1,70,,89930,19,,,1,30,,89910,19,,,1,70,,89931,19,,,1,30,,89911,19,,,1,70,,89932,19,,,1,30,,89912,19,,,1,70,,89933,19,,,1,30,,89913,19,,,1,70,,89934,19,,,1,30,,89914,19,,,1,70,,89935,19,,,1,30,,89915,19,,,1,70,,89936,19,,,1,30,,89916,19,,,1,70,,89937,19,,,1,30,,89917,19,,,1,70,,89938,19,,,1,30,,89918,19,,,1,70,,89939,19,,,1,30,,89919,19,,,1
901,'20261007',551,,89945,19,,,1,70,,89966,19,,,1,37,,89946,19,,,1,55,,89964,19,,,1,10,,89967,19,,,1,10,,89987,15,,,1,10,,89984,19,,,1,10,,89947,19,,,1,50,,89986,15,,,1,10,,89965,19,,,1,10,,89968,19,,,1,10,,89988,15,,,1,10,,89985,19,,,1,15,,89948,19,,,1,70,,89969,19,,,1,30,,89949,19,,,1,70,,89970,19,,,1,30,,89950,19,,,1,70,,89971,19,,,1,30,,89951,19,,,1,70,,89972,19,,,1,30,,89952,19,,,1,70,,89973,19,,,1,30,,89953,19,,,1,70,,89974,19,,,1,30,,89954,19,,,1,70,,89975,19,,,1,30,,89955,19,,,1,70,,89976,19,,,1,30,,89956,19,,,1,70,,89977,19,,,1,30,,89957,19,,,1,70,,89978,19,,,1,30,,89958,19,,,1,70,,89979,19,,,1,30,,89959,19,,,1,70,,89980,19,,,1,30,,89960,19,,,1,70,,89981,19,,,1,30,,89961,19,,,1,70,,89982,19,,,1,30,,89962,19,,,1,70,,89983,19,,,1,30,,89963,19,,,1
901,'20261008',551,,89989,19,,,1,70,,90010,19,,,1,37,,89990,19,,,1,55,,90008,19,,,1,10,,90011,19,,,1,10,,90031,15,,,1,10,,90028,19,,,1,10,,89991,19,,,1,50,,90030,15,,,1,10,,90009,19,,,1,10,,90012,19,,,1,10,,90032,15,,,1,10,,90029,19,,,1,15,,89992,19,,,1,70,,90013,19,,,1,30,,89993,19,,,1,70,,90014,19,,,1,30,,89994,19,,,1,70,,90015,19,,,1,30,,89995,19,,,1,70,,90016,19,,,1,30,,89996,19,,,1,70,,90017,19,,,1,30,,89997,19,,,1,70,,90018,19,,,1,30,,89998,19,,,1,70,,90019,19,,,1,30,,89999,19,,,1,70,,90020,19,,,1,30,,90000,19,,,1,70,,90021,19,,,1,30,,90001,19,,,1,70,,90022,19,,,1,30,,90002,19,,,1,70,,90023,19,,,1,30,,90003,19,,,1,70,,90024,19,,,1,30,,90004,19,,,1,70,,90025,19,,,1,30,,90005,19,,,1,70,,90026,19,,,1,30,,90006,19,,,1,70,,90027,19,,,1,30,,90007,19,,,1
901,'20261009',551,,90033,19,,,1,70,,90054,19,,,1,37,,90034,19,,,1,55,,90052,19,,,1,10,,90055,19,,,1,10,,90076,15,,,1,10,,90073,19,,,1,10,,90035,19,,,1,50,,90075,15,,,1,10,,90053,19,,,1,10,,90056,19,,,1,10,,90077,15,,,1,10,,90074,19,,,1,15,,90036,19,,,1,70,,90057,19,,,1,30,,90037,19,,,1,70,,90058,19,,,1,30,,90038,19,,,1,70,,90059,19,,,1,30,,90039,19,,,1,70,,90060,19,,,1,30,,90040,19,,,1,70,,90061,19,,,1,30,,90041,19,,,1,70,,90062,19,,,1,30,,90042,19,,,1,70,,90063,19,,,1,30,,90043,19,,,1,70,,90064,19,,,1,30,,90044,19,,,1,70,,90065,19,,,1,30,,90045,19,,,1,70,,90066,19,,,1,30,,90046,19,,,1,70,,90067,19,,,1,30,,90047,19,,,1,70,,90068,19,,,1,30,,90048,19,,,1,70,,90069,19,,,1,30,,90049,19,,,1,70,,90070,19,,,1,30,,90050,19,,,1,70,,90071,19,,,1,30,,90051,19,,,1,70,,90072,19,,,1
901,'20261010',828,,90094,19,,,1,30,,90078,19,,,1,70,,90095,19,,,1,30,,90079,19,,,1,70,,90096,19,,,1,30,,90080,19,,,1,70,,90097,19,,,1,30,,90081,19,,,1,70,,90098,19,,,1,30,,90082,19,,,1,70,,90099,19,,,1,30,,90083,19,,,1,70,,90100,19,,,1,30,,90084,19,,,1,70,,90101,19,,,1,30,,90085,19,,,1,70,,90102,19,,,1,30,,90086,19,,,1,70,,90103,19,,,1,30,,90087,19,,,1,70,,90104,19,,,1,30,,90088,19,,,1,70,,90105,19,,,1,30,,90089,19,,,1,70,,90106,19,,,1,30,,90090,19,,,1,70,,90107,19,,,1,30,,90091,19,,,1,70,,90108,19,,,1,30,,90092,19,,,1,70,,90109,19,,,1,30,,90093,19,,,1,70,,90110,19,,,1
901,'20261011',828,,90127,19,,,1,30,,90111,19,,,1,70,,90128,19,,,1,30,,90112,19,,,1,70,,90129,19,,,1,30,,90113,19,,,1,70,,90130,19,,,1,30,,90114,19,,,1,70,,90131,19,,,1,30,,90115,19,,,1,70,,90132,19,,,1,30,,90116,19,,,1,70,,90133,19,,,1,30,,90117,19,,,1,70,,90134,19,,,1,30,,90118,19,,,1,70,,90135,19,,,1,30,,90119,19,,,1,70,,90136,19,,,1,30,,90120,19,,,1,70,,90137,19,,,1,30,,90121,19,,,1,70,,90138,19,,,1,30,,90122,19,,,1,70,,90139,19,,,1,30,,90123,19,,,1,70,,90140,19,,,1,30,,90124,19,,,1,70,,90141,19,,,1,30,,90125,19,,,1,70,,90142,19,,,1,30,,90126,19,,,1
901,'20261012',551,,90143,19,,,1,70,,90164,19,,,1,37,,90144,19,,,1,55,,90162,19,,,1,10,,90165,19,,,1,10,,90185,15,,,1,10,,90182,19,,,1,10,,90145,19,,,1,50,,90184,15,,,1,10,,90163,19,,,1,10,,90166,19,,,1,10,,90186,15,,,1,10,,90183,19,,,1,15,,90146,19,,,1,70,,90167,19,,,1,30,,90147,19,,,1,70,,90168,19,,,1,30,,90148,19,,,1,70,,90169,19,,,1,30,,90149,19,,,1,70,,90170,19,,,1,30,,90150,19,,,1,70,,90171,19,,,1,30,,90151,19,,,1,70,,90172,19,,,1,30,,90152,19,,,1,70,,90173,19,,,1,30,,90153,19,,,1,70,,90174,19,,,1,30,,90154,19,,,1,70,,90175,19,,,1,30,,90155,19,,,1,70,,90176,19,,,1,30,,90156,19,,,1,70,,90177,19,,,1,30,,90157,19,,,1,70,,90178,19,,,1,30,,90158,19,,,1,70,,90179,19,,,1,30,,90159,19,,,1,70,,90180,19,,,1,30,,90160,19,,,1,70,,90181,19,,,1,30,,90161,19,,,1
901,'20261013',551,,90187,19,,,1,70,,90208,19,,,1,37,,90188,19,,,1,55,,90206,19,,,1,10,,90209,19,,,1,10,,90229,15,,,1,10,,90226,19,,,1,10,,90189,19,,,1,50,,90228,15,,,1,10,,90207,19,,,1,10,,90210,19,,,1,10,,90230,15,,,1,10,,90227,19,,,1,15,,90190,19,,,1,70,,90211,19,,,1,30,,90191,19,,,1,70,,90212,19,,,1,30,,90192,19,,,1,70,,90213,19,,,1,30,,90193,19,,,1,70,,90214,19,,,1,30,,90194,19,,,1,70,,90215,19,,,1,30,,90195,19,,,1,70,,90216,19,,,1,30,,90196,19,,,1,70,,90217,19,,,1,30,,90197,19,,,1,70,,90218,19,,,1,30,,90198,19,,,1,70,,90219,19,,,1,30,,90199,19,,,1,70,,90220,19,,,1,30,,90200,19,,,1,70,,90221,19,,,1,30,,90201,19,,,1,70,,90222,19,,,1,30,,90202,19,,,1,70,,90223,19,,,1,30,,90203,19,,,1,70,,90224,19,,,1,30,,90204,19,,,1,70,,90225,19,,,1,30,,90205,19,,,1
901,'20261014',551,,90231,19,,,1,70,,90252,19,,,1,37,,90232,19,,,1,55,,90250,19,,,1,10,,90253,19,,,1,10,,90273,15,,,1,10,,90270,19,,,1,10,,90233,19,,,1,50,,90272,15,,,1,10,,90251,19,,,1,10,,90254,19,,,1,10,,90274,15,,,1,10,,90271,19,,,1,15,,90234,19,,,1,70,,90255,19,,,1,30,,90235,19,,,1,70,,90256,19,,,1,30,,90236,19,,,1,70,,90257,19,,,1,30,,90237,19,,,1,70,,90258,19,,,1,30,,90238,19,,,1,70,,90259,19,,,1,30,,90239,19,,,1,70,,90260,19,,,1,30,,90240,19,,,1,70,,90261,19,,,1,30,,90241,19,,,1,70,,90262,19,,,1,30,,90242,19,,,1,70,,90263,19,,,1,30,,90243,19,,,1,70,,90264,19,,,1,30,,90244,19,,,1,70,,90265,19,,,1,30,,90245,19,,,1,70,,90266,19,,,1,30,,90246,19,,,1,70,,90267,19,,,1,30,,90247,19,,,1,70,,90268,19,,,1,30,,90248,19,,,1,70,,90269,19,,,1,30,,90249,19,,,1
901,'20261015',551,,90275,19,,,1,70,,90296,19,,,1,37,,90276,19,,,1,55,,90294,19,,,1,10,,90297,19,,,1,10,,90317,15,,,1,10,,90314,19,,,1,10,,90277,19,,,1,50,,90316,15,,,1,10,,90295,19,,,1,10,,90298,19,,,1,10,,90318,15,,,1,10,,90315,19,,,1,15,,90278,19,,,1,70,,90299,19,,,1,30,,90279,19,,,1,70,,90300,19,,,1,30,,90280,19,,,1,70,,90301,19,,,1,30,,90281,19,,,1,70,,90302,19,,,1,30,,90282,19,,,1,70,,90303,19,,,1,30,,90283,19,,,1,70,,90304,19,,,1,30,,90284,19,,,1,70,,90305,19,,,1,30,,90285,19,,,1,70,,90306,19,,,1,30,,90286,19,,,1,70,,90307,19,,,1,30,,90287,19,,,1,70,,90308,19,,,1,30,,90288,19,,,1,70,,90309,19,,,1,30,,90289,19,,,1,70,,90310,19,,,1,30,,90290,19,,,1,70,,90311,19,,,1,30,,90291,19,,,1,70,,90312,19,,,1,30,,90292,19,,,1,70,,90313,19,,,1,30,,90293,19,,,1
901,'20261016',551,,90319,19,,,1,70,,90340,19,,,1,37,,90320,19,,,1,55,,90338,19,,,1,10,,90341,19,,,1,10,,90362,15,,,1,10,,90359,19,,,1,10,,90321,19,,,1,50,,90361,15,,,1,10,,90339,19,,,1,10,,90342,19,,,1,10,,90363,15,,,1,10,,90360,19,,,1,15,,90322,19,,,1,70,,90343,19,,,1,30,,90323,19,,,1,70,,90344,19,,,1,30,,90324,19,,,1,70,,90345,19,,,1,30,,90325,19,,,1,70,,90346,19,,,1,30,,90326,19,,,1,70,,90347,19,,,1,30,,90327,19,,,1,70,,90348,19,,,1,30,,90328,19,,,1,70,,90349,19,,,1,30,,90329,19,,,1,70,,90350,19,,,1,30,,90330,19,,,1,70,,90351,19,,,1,30,,90331,19,,,1,70,,90352,19,,,1,30,,90332,19,,,1,70,,90353,19,,,1,30,,90333,19,,,1,70,,90354,19,,,1,30,,90334,19,,,1,70,,90355,19,,,1,30,,90335,19,,,1,70,,90356,19,,,1,30,,90336,19,,,1,70,,90357,19,,,1,30,,90337,19,,,1,70,,90358,19,,,1
901,'20261017',828,,90380,19,,,1,30,,90364,19,,,1,70,,90381,19,,,1,30,,90365,19,,,1,70,,90382,19,,,1,30,,90366,19,,,1,70,,90383,19,,,1,30,,90367,19,,,1,70,,90384,19,,,1,30,,90368,19,,,1,70,,90385,19,,,1,30,,90369,19,,,1,70,,90386,19,,,1,30,,90370,19,,,1,70,,90387,19,,,1,30,,90371,19,,,1,70,,90388,19,,,1,30,,90372,19,,,1,70,,90389,19,,,1,30,,90373,19,,,1,70,,90390,19,,,1,30,,90374,19,,,1,70,,90391,19,,,1,30,,90375,19,,,1,70,,90392,19,,,1,30,,90376,19,,,1,70,,90393,19,,,1,30,,90377,19,,,1,70,,90394,19,,,1,30,,90378,19,,,1,70,,90395,19,,,1,30,,90379,19,,,1,70,,90396,19,,,1
901,'20261018',828,,90413,19,,,1,30,,90397,19,,,1,70,,90414,19,,,1,30,,90398,19,,,1,70,,90415,19,,,1,30,,90399,19,,,1,70,,90416,19,,,1,30,,90400,19,,,1,70,,90417,19,,,1,30,,90401,19,,,1,70,,90418,19,,,1,30,,90402,19,,,1,70,,90419,19,,,1,30,,90403,19,,,1,70,,90420,19,,,1,30,,90404,19,,,1,70,,90421,19,,,1,30,,90405,19,,,1,70,,90422,19,,,1,30,,90406,19,,,1,70,,90423,19,,,1,30,,90407,19,,,1,70,,90424,19,,,1,30,,90408,19,,,1,70,,90425,19,,,1,30,,90409,19,,,1,70,,90426,19,,,1,30,,90410,19,,,1,70,,90427,19,,,1,30,,90411,19,,,1,70,,90428,19,,,1,30,,90412,19,,,1
901,'20261019',551,,90429,19,,,1,70,,90450,19,,,1,37,,90430,19,,,1,55,,90448,19,,,1,10,,90451,19,,,1,10,,90471,15,,,1,10,,90468,19,,,1,10,,90431,19,,,1,50,,90470,15,,,1,10,,90449,19,,,1,10,,90452,19,,,1,10,,90472,15,,,1,10,,90469,19,,,1,15,,90432,19,,,1,70,,90453,19,,,1,30,,90433,19,,,1,70,,90454,19,,,1,30,,90434,19,,,1,70,,90455,19,,,1,30,,90435,19,,,1,70,,90456,19,,,1,30,,90436,19,,,1,70,,90457,19,,,1,30,,90437,19,,,1,70,,90458,19,,,1,30,,90438,19,,,1,70,,90459,19,,,1,30,,90439,19,,,1,70,,90460,19,,,1,30,,90440,19,,,1,70,,90461,19,,,1,30,,90441,19,,,1,70,,90462,19,,,1,30,,90442,19,,,1,70,,90463,19,,,1,30,,90443,19,,,1,70,,90464,19,,,1,30,,90444,19,,,1,70,,90465,19,,,1,30,,90445,19,,,1,70,,90466,19,,,1,30,,90446,19,,,1,70,,90467,19,,,1,30,,90447,19,,,1
901,'20261020',551,,90473,19,,,1,70,,90494,19,,,1,37,,90474,19,,,1,55,,90492,19,,,1,10,,90495,19,,,1,10,,90515,15,,,1,10,,90512,19,,,1,10,,90475,19,,,1,50,,90514,15,,,1,10,,90493,19,,,1,10,,90496,19,,,1,10,,90516,15,,,1,10,,90513,19,,,1,15,,90476,19,,,1,70,,90497,19,,,1,30,,90477,19,,,1,70,,90498,19,,,1,30,,90478,19,,,1,70,,90499,19,,,1,30,,90479,19,,,1,70,,90500,19,,,1,30,,90480,19,,,1,70,,90501,19,,,1,30,,90481,19,,,1,70,,90502,19,,,1,30,,90482,19,,,1,70,,90503,19,,,1,30,,90483,19,,,1,70,,90504,19,,,1,30,,90484,19,,,1,70,,90505,19,,,1,30,,90485,19,,,1,70,,90506,19,,,1,30,,90486,19,,,1,70,,90507,19,,,1,30,,90487,19,,,1,70,,90508,19,,,1,30,,90488,19,,,1,70,,90509,19,,,1,30,,90489,19,,,1,70,,90510,19,,,1,30,,90490,19,,,1,70,,90511,19,,,1,30,,90491,19,,,1
901,'20261021',551,,90517,19,,,1,70,,90538,19,,,1,37,,90518,19,,,1,55,,90536,19,,,1,10,,90539,19,,,1,10,,90559,15,,,1,10,,90556,19,,,1,10,,90519,19,,,1,50,,90558,15,,,1,10,,90537,19,,,1,10,,90540,19,,,1,10,,90560,15,,,1,10,,90557,19,,,1,15,,90520,19,,,1,70,,90541,19,,,1,30,,90521,19,,,1,70,,90542,19,,,1,30,,90522,19,,,1,70,,90543,19,,,1,30,,90523,19,,,1,70,,90544,19,,,1,30,,90524,19,,,1,70,,90545,19,,,1,30,,90525,19,,,1,70,,90546,19,,,1,30,,90526,19,,,1,70,,90547,19,,,1,30,,90527,19,,,1,70,,90548,19,,,1,30,,90528,19,,,1,70,,90549,19,,,1,30,,90529,19,,,1,70,,90550,19,,,1,30,,90530,19,,,1,70,,90551,19,,,1,30,,90531,19,,,1,70,,90552,19,,,1,30,,90532,19,,,1,70,,90553,19,,,1,30,,90533,19,,,1,70,,90554,19,,,1,30,,90534,19,,,1,70,,90555,19,,,1,30,,90535,19,,,1
901,'20261022',551,,90561,19,,,1,70,,90582,19,,,1,37,,90562,19,,,1,55,,90580,19,,,1,10,,90583,19,,,1,10,,90603,15,,,1,10,,90600,19,,,1,10,,90563,19,,,1,50,,90602,15,,,1,10,,90581,19,,,1,10,,90584,19,,,1,10,,90604,15,,,1,10,,90601,19,,,1,15,,90564,19,,,1,70,,90585,19,,,1,30,,90565,19,,,1,70,,90586,19,,,1,30,,90566,19,,,1,70,,90587,19,,,1,30,,90567,19,,,1,70,,90588,19,,,1,30,,90568,19,,,1,70,,90589,19,,,1,30,,90569,19,,,1,70,,90590,19,,,1,30,,90570,19,,,1,70,,90591,19,,,1,30,,90571,19,,,1,70,,90592,19,,,1,30,,90572,19,,,1,70,,90593,19,,,1,30,,90573,19,,,1,70,,90594,19,,,1,30,,90574,19,,,1,70,,90595,19,,,1,30,,90575,19,,,1,70,,90596,19,,,1,30,,90576,19,,,1,70,,90597,19,,,1,30,,90577,19,,,1,70,,90598,19,,,1,30,,90578,19,,,1,70,,90599,19,,,1,30,,90579,19,,,1
901,'20261023',551,,90605,19,,,1,70,,90626,19,,,1,37,,90606,19,,,1,55,,90624,19,,,1,10,,90627,19,,,1,10,,90648,15,,,1,10,,90645,19,,,1,10,,90607,19,,,1,50,,90647,15,,,1,10,,90625,19,,,1,10,,90628,19,,,1,10,,90649,15,,,1,10,,90646,19,,,1,15,,90608,19,,,1,70,,90629,19,,,1,30,,90609,19,,,1,70,,90630,19,,,1,30,,90610,19,,,1,70,,90631,19,,,1,30,,90611,19,,,1,70,,90632,19,,,1,30,,90612,19,,,1,70,,90633,19,,,1,30,,90613,19,,,1,70,,90634,19,,,1,30,,90614,19,,,1,70,,90635,19,,,1,30,,90615,19,,,1,70,,90636,19,,,1,30,,90616,19,,,1,70,,90637,19,,,1,30,,90617,19,,,1,70,,90638,19,,,1,30,,90618,19,,,1,70,,90639,19,,,1,30,,90619,19,,,1,70,,90640,19,,,1,30,,90620,19,,,1,70,,90641,19,,,1,30,,90621,19,,,1,70,,90642,19,,,1,30,,90622,19,,,1,70,,90643,19,,,1,30,,90623,19,,,1,70,,90644,19,,,1
901,'20261024',828,,90666,19,,,1,30,,90650,19,,,1,70,,90667,19,,,1,30,,90651,19,,,1,70,,90668,19,,,1,30,,90652,19,,,1,70,,90669,19,,,1,30,,90653,19,,,1,70,,90670,19,,,1,30,,90654,19,,,1,70,,90671,19,,,1,30,,90655,19,,,1,70,,90672,19,,,1,30,,90656,19,,,1,70,,90673,19,,,1,30,,90657,19,,,1,70,,90674,19,,,1,30,,90658,19,,,1,70,,90675,19,,,1,30,,90659,19,,,1,70,,90676,19,,,1,30,,90660,19,,,1,70,,90677,19,,,1,30,,90661,19,,,1,70,,90678,19,,,1,30,,90662,19,,,1,70,,90679,19,,,1,30,,90663,19,,,1,70,,90680,19,,,1,30,,90664,19,,,1,70,,90681,19,,,1,30,,90665,19,,,1,70,,90682,19,,,1
901,'20261025',828,,90699,19,,,1,30,,90683,19,,,1,70,,90700,19,,,1,30,,90684,19,,,1,70,,90701,19,,,1,30,,90685,19,,,1,70,,90702,19,,,1,30,,90686,19,,,1,70,,90703,19,,,1,30,,90687,19,,,1,70,,90704,19,,,1,30,,90688,19,,,1,70,,90705,19,,,1,30,,90689,19,,,1,70,,90706,19,,,1,30,,90690,19,,,1,70,,90707,19,,,1,30,,90691,19,,,1,70,,90708,19,,,1,30,,90692,19,,,1,70,,90709,19,,,1,30,,90693,19,,,1,70,,90710,19,,,1,30,,90694,19,,,1,70,,90711,19,,,1,30,,90695,19,,,1,70,,90712,19,,,1,30,,90696,19,,,1,70,,90713,19,,,1,30,,90697,19,,,1,70,,90714,19,,,1,30,,90698,19,,,1
901,'20261026',551,,90715,19,,,1,70,,90736,19,,,1,37,,90716,19,,,1,55,,90734,19,,,1,10,,90737,19,,,1,10,,90757,15,,,1,10,,90754,19,,,1,10,,90717,19,,,1,50,,90756,15,,,1,10,,90735,19,,,1,10,,90738,19,,,1,10,,90758,15,,,1,10,,90755,19,,,1,15,,90718,19,,,1,70,,90739,19,,,1,30,,90719,19,,,1,70,,90740,19,,,1,30,,90720,19,,,1,70,,90741,19,,,1,30,,90721,19,,,1,70,,90742,19,,,1,30,,90722,19,,,1,70,,90743,19,,,1,30,,90723,19,,,1,70,,90744,19,,,1,30,,90724,19,,,1,70,,90745,19,,,1,30,,90725,19,,,1,70,,90746,19,,,1,30,,90726,19,,,1,70,,90747,19,,,1,30,,90727,19,,,1,70,,90748,19,,,1,30,,90728,19,,,1,70,,90749,19,,,1,30,,90729,19,,,1,70,,90750,19,,,1,30,,90730,19,,,1,70,,90751,19,,,1,30,,90731,19,,,1,70,,90752,19,,,1,30,,90732,19,,,1,70,,90753,19,,,1,30,,90733,19,,,1
901,'20261027',551,,90759,19,,,1,70,,90780,19,,,1,37,,90760,19,,,1,55,,90778,19,,,1,10,,90781,19,,,1,10,,90801,15,,,1,10,,90798,19,,,1,10,,90761,19,,,1,50,,90800,15,,,1,10,,90779,19,,,1,10,,90782,19,,,1,10,,90802,15,,,1,10,,90799,19,,,1,15,,90762,19,,,1,70,,90783,19,,,1,30,,90763,19,,,1,70,,90784,19,,,1,30,,90764,19,,,1,70,,90785,19,,,1,30,,90765,19,,,1,70,,90786,19,,,1,30,,90766,19,,,1,70,,90787,19,,,1,30,,90767,19,,,1,70,,90788,19,,,1,30,,90768,19,,,1,70,,90789,19,,,1,30,,90769,19,,,1,70,,90790,19,,,1,30,,90770,19,,,1,70,,90791,19,,,1,30,,90771,19,,,1,70,,90792,19,,,1,30,,90772,19,,,1,70,,90793,19,,,1,30,,90773,19,,,1,70,,90794,19,,,1,30,,90774,19,,,1,70,,90795,19,,,1,30,,90775,19,,,1,70,,90796,19,,,1,30,,90776,19,,,1,70,,90797,19,,,1,30,,90777,19,,,1
901,'20261028',551,,90803,19,,,1,70,,90824,19,,,1,37,,90804,19,,,1,55,,90822,19,,,1,10,,90825,19,,,1,10,,90845,15,,,1,10,,90842,19,,,1,10,,90805,19,,,1,50,,90844,15,,,1,10,,90823,19,,,1,10,,90826,19,,,1,10,,90846,15,,,1,10,,90843,19,,,1,15,,90806,19,,,1,70,,90827,19,,,1,30,,90807,19,,,1,70,,90828,19,,,1,30,,90808,19,,,1,70,,90829,19,,,1,30,,90809,19,,,1,70,,90830,19,,,1,30,,90810,19,,,1,70,,90831,19,,,1,30,,90811,19,,,1,70,,90832,19,,,1,30,,90812,19,,,1,70,,90833,19,,,1,30,,90813,19,,,1,70,,90834,19,,,1,30,,90814,19,,,1,70,,90835,19,,,1,30,,90815,19,,,1,70,,90836,19,,,1,30,,90816,19,,,1,70,,90837,19,,,1,30,,90817,19,,,1,70,,90838,19,,,1,30,,90818,19,,,1,70,,90839,19,,,1,30,,90819,19,,,1,70,,90840,19,,,1,30,,90820,19,,,1,70,,90841,19,,,1,30,,90821,19,,,1
901,'20261029',551,,90847,19,,,1,70,,90868,19,,,1,37,,90848,19,,,1,55,,90866,19,,,1,10,,90869,19,,,1,10,,90889,15,,,1,10,,90886,19,,,1,10,,90849,19,,,1,50,,90888,15,,,1,10,,90867,19,,,1,10,,90870,19,,,1,10,,90890,15,,,1,10,,90887,19,,,1,15,,90850,19,,,1,70,,90871,19,,,1,30,,90851,19,,,1,70,,90872,19,,,1,30,,90852,19,,,1,70,,90873,19,,,1,30,,90853,19,,,1,70,,90874,19,,,1,30,,90854,19,,,1,70,,90875,19,,,1,30,,90855,19,,,1,70,,90876,19,,,1,30,,90856,19,,,1,70,,90877,19,,,1,30,,90857,19,,,1,70,,90878,19,,,1,30,,90858,19,,,1,70,,90879,19,,,1,30,,90859,19,,,1,70,,90880,19,,,1,30,,90860,19,,,1,70,,90881,19,,,1,30,,90861,19,,,1,70,,90882,19,,,1,30,,90862,19,,,1,70,,90883,19,,,1,30,,90863,19,,,1,70,,90884,19,,,1,30,,90864,19,,,1,70,,90885,19,,,1,30,,90865,19,,,1
901,'20261030',551,,90891,19,,,1,70,,90912,19,,,1,37,,90892,19,,,1,55,,90910,19,,,1,10,,90913,19,,,1,10,,90934,15,,,1,10,,90931,19,,,1,10,,90893,19,,,1,50,,90933,15,,,1,10,,90911,19,,,1,10,,90914,19,,,1,10,,90935,15,,,1,10,,90932,19,,,1,15,,90894,19,,,1,70,,90915,19,,,1,30,,90895,19,,,1,70,,90916,19,,,1,30,,90896,19,,,1,70,,90917,19,,,1,30,,90897,19,,,1,70,,90918,19,,,1,30,,90898,19,,,1,70,,90919,19,,,1,30,,90899,19,,,1,70,,90920,19,,,1,30,,90900,19,,,1,70,,90921,19,,,1,30,,90901,19,,,1,70,,90922,19,,,1,30,,90902,19,,,1,70,,90923,19,,,1,30,,90903,19,,,1,70,,90924,19,,,1,30,,90904,19,,,1,70,,90925,19,,,1,30,,90905,19,,,1,70,,90926,19,,,1,30,,90906,19,,,1,70,,90927,19,,,1,30,,90907,19,,,1,70,,90928,19,,,1,30,,90908,19,,,1,70,,90929,19,,,1,30,,90909,19,,,1,70,,90930,19,,,1
901,'20261031',828,,90952,19,,,1,30,,90936,19,,,1,70,,90953,19,,,1,30,,90937,19,,,1,70,,90954,19,,,1,30,,90938,19,,,1,70,,90955,19,,,1,30,,90939,19,,,1,70,,90956,19,,,1,30,,90940,19,,,1,70,,90957,19,,,1,30,,90941,19,,,1,70,,90958,19,,,1,30,,90942,19,,,1,70,,90959,19,,,1,30,,90943,19,,,1,70,,90960,19,,,1,30,,90944,19,,,1,70,,90961,19,,,1,30,,90945,19,,,1,70,,90962,19,,,1,30,,90946,19,,,1,70,,90963,19,,,1,30,,90947,19,,,1,70,,90964,19,,,1,30,,90948,19,,,1,70,,90965,19,,,1,30,,90949,19,,,1,70,,90966,19,,,1,30,,90950,19,,,1,70,,90967,19,,,1,30,,90951,19,,,1,70,,90968,19,,,1
901,'20261101',828,,90985,19,,,1,30,,90969,19,,,1,70,,90986,19,,,1,30,,90970,19,,,1,70,,90987,19,,,1,30,,90971,19,,,1,70,,90988,19,,,1,30,,90972,19,,,1,70,,90989,19,,,1,30,,90973,19,,,1,70,,90990,19,,,1,30,,90974,19,,,1,70,,90991,19,,,1,30,,90975,19,,,1,70,,90992,19,,,1,30,,90976,19,,,1,70,,90993,19,,,1,30,,90977,19,,,1,70,,90994,19,,,1,30,,90978,19,,,1,70,,90995,19,,,1,30,,90979,19,,,1,70,,90996,19,,,1,30,,90980,19,,,1,70,,90997,19,,,1,30,,90981,19,,,1,70,,90998,19,,,1,30,,90982,19,,,1,70,,90999,19,,,1,30,,90983,19,,,1,70,,91000,19,,,1,30,,90984,19,,,1
901,'20261102',551,,91001,19,,,1,70,,91022,19,,,1,37,,91002,19,,,1,55,,91020,19,,,1,10,,91023,19,,,1,10,,91043,15,,,1,10,,91040,19,,,1,10,,91003,19,,,1,50,,91042,15,,,1,10,,91021,19,,,1,10,,91024,19,,,1,10,,91044,15,,,1,10,,91041,19,,,1,15,,91004,19,,,1,70,,91025,19,,,1,30,,91005,19,,,1,70,,91026,19,,,1,30,,91006,19,,,1,70,,91027,19,,,1,30,,91007,19,,,1,70,,91028,19,,,1,30,,91008,19,,,1,70,,91029,19,,,1,30,,91009,19,,,1,70,,91030,19,,,1,30,,91010,19,,,1,70,,91031,19,,,1,30,,91011,19,,,1,70,,91032,19,,,1,30,,91012,19,,,1,70,,91033,19,,,1,30,,91013,19,,,1,70,,91034,19,,,1,30,,91014,19,,,1,70,,91035,19,,,1,30,,91015,19,,,1,70,,91036,19,,,1,30,,91016,19,,,1,70,,91037,19,,,1,30,,91017,19,,,1,70,,91038,19,,,1,30,,91018,19,,,1,70,,91039,19,,,1,30,,91019,19,,,1
901,'20261103',551,,91045,19,,,1,70,,91066,19,,,1,37,,91046,19,,,1,55,,91064,19,,,1,10,,91067,19,,,1,10,,91087,15,,,1,10,,91084,19,,,1,10,,91047,19,,,1,50,,91086,15,,,1,10,,91065,19,,,1,10,,91068,19,,,1,10,,91088,15,,,1,10,,91085,19,,,1,15,,91048,19,,,1,70,,91069,19,,,1,30,,91049,19,,,1,70,,91070,19,,,1,30,,91050,19,,,1,70,,91071,19,,,1,30,,91051,19,,,1,70,,91072,19,,,1,30,,91052,19,,,1,70,,91073,19,,,1,30,,91053,19,,,1,70,,91074,19,,,1,30,,91054,19,,,1,70,,91075,19,,,1,30,,91055,19,,,1,70,,91076,19,,,1,30,,91056,19,,,1,70,,91077,19,,,1,30,,91057,19,,,1,70,,91078,19,,,1,30,,91058,19,,,1,70,,91079,19,,,1,30,,91059,19,,,1,70,,91080,19,,,1,30,,91060,19,,,1,70,,91081,19,,,1,30,,91061,19,,,1,70,,91082,19,,,1,30,,91062,19,,,1,70,,91083,19,,,1,30,,91063,19,,,1
901,'20261104',551,,91089,19,,,1,70,,91110,19,,,1,37,,91090,19,,,1,55,,91108,19,,,1,10,,91111,19,,,1,10,,91131,15,,,1,10,,91128,19,,,1,10,,91091,19,,,1,50,,91130,15,,,1,10,,91109,19,,,1,10,,91112,19,,,1,10,,91132,15,,,1,10,,91129,19,,,1,15,,91092,19,,,1,70,,91113,19,,,1,30,,91093,19,,,1,70,,91114,19,,,1,30,,91094,19,,,1,70,,91115,19,,,1,30,,91095,19,,,1,70,,91116,19,,,1,30,,91096,19,,,1,70,,91117,19,,,1,30,,91097,19,,,1,70,,91118,19,,,1,30,,91098,19,,,1,70,,91119,19,,,1,30,,91099,19,,,1,70,,91120,19,,,1,30,,91100,19,,,1,70,,91121,19,,,1,30,,91101,19,,,1,70,,91122,19,,,1,30,,91102,19,,,1,70,,91123,19,,,1,30,,91103,19,,,1,70,,91124,19,,,1,30,,91104,19,,,1,70,,91125,19,,,1,30,,91105,19,,,1,70,,91126,19,,,1,30,,91106,19,,,1,70,,91127,19,,,1,30,,91107,19,,,1
901,'20261105',551,,91133,19,,,1,70,,91154,19,,,1,37,,91134,19,,,1,55,,91152,19,,,1,10,,91155,19,,,1,10,,91175,15,,,1,10,,91172,19,,,1,10,,91135,19,,,1,50,,91174,15,,,1,10,,91153,19,,,1,10,,91156,19,,,1,10,,91176,15,,,1,10,,91173,19,,,1,15,,91136,19,,,1,70,,91157,19,,,1,30,,91137,19,,,1,70,,91158,19,,,1,30,,91138,19,,,1,70,,91159,19,,,1,30,,91139,19,,,1,70,,91160,19,,,1,30,,91140,19,,,1,70,,91161,19,,,1,30,,91141,19,,,1,70,,91162,19,,,1,30,,91142,19,,,1,70,,91163,19,,,1,30,,91143,19,,,1,70,,91164,19,,,1,30,,91144,19,,,1,70,,91165,19,,,1,30,,91145,19,,,1,70,,91166,19,,,1,30,,91146,19,,,1,70,,91167,19,,,1,30,,91147,19,,,1,70,,91168,19,,,1,30,,91148,19,,,1,70,,91169,19,,,1,30,,91149,19,,,1,70,,91170,19,,,1,30,,91150,19,,,1,70,,91171,19,,,1,30,,91151,19,,,1
901,'20261106',551,,91177,19,,,1,70,,91198,19,,,1,37,,91178,19,,,1,55,,91196,19,,,1,10,,91199,19,,,1,10,,91220,15,,,1,10,,91217,19,,,1,10,,91179,19,,,1,50,,91219,15,,,1,10,,91197,19,,,1,10,,91200,19,,,1,10,,91221,15,,,1,10,,91218,19,,,1,15,,91180,19,,,1,70,,91201,19,,,1,30,,91181,19,,,1,70,,91202,19,,,1,30,,91182,19,,,1,70,,91203,19,,,1,30,,91183,19,,,1,70,,91204,19,,,1,30,,91184,19,,,1,70,,91205,19,,,1,30,,91185,19,,,1,70,,91206,19,,,1,30,,91186,19,,,1,70,,91207,19,,,1,30,,91187,19,,,1,70,,91208,19,,,1,30,,91188,19,,,1,70,,91209,19,,,1,30,,91189,19,,,1,70,,91210,19,,,1,30,,91190,19,,,1,70,,91211,19,,,1,30,,91191,19,,,1,70,,91212,19,,,1,30,,91192,19,,,1,70,,91213,19,,,1,30,,91193,19,,,1,70,,91214,19,,,1,30,,91194,19,,,1,70,,91215,19,,,1,30,,91195,19,,,1,70,,91216,19,,,1
901,'20261107',828,,91238,19,,,1,30,,91222,19,,,1,70,,91239,19,,,1,30,,91223,19,,,1,70,,91240,19,,,1,30,,91224,19,,,1,70,,91241,19,,,1,30,,91225,19,,,1,70,,91242,19,,,1,30,,91226,19,,,1,70,,91243,19,,,1,30,,91227,19,,,1,70,,91244,19,,,1,30,,91228,19,,,1,70,,91245,19,,,1,30,,91229,19,,,1,70,,91246,19,,,1,30,,91230,19,,,1,70,,91247,19,,,1,30,,91231,19,,,1,70,,91248,19,,,1,30,,91232,19,,,1,70,,91249,19,,,1,30,,91233,19,,,1,70,,91250,19,,,1,30,,91234,19,,,1,70,,91251,19,,,1,30,,91235,19,,,1,70,,91252,19,,,1,30,,91236,19,,,1,70,,91253,19,,,1,30,,91237,19,,,1,70,,91254,19,,,1
901,'20261108',828,,91271,19,,,1,30,,91255,19,,,1,70,,91272,19,,,1,30,,91256,19,,,1,70,,91273,19,,,1,30,,91257,19,,,1,70,,91274,19,,,1,30,,91258,19,,,1,70,,91275,19,,,1,30,,91259,19,,,1,70,,91276,19,,,1,30,,91260,19,,,1,70,,91277,19,,,1,30,,91261,19,,,1,70,,91278,19,,,1,30,,91262,19,,,1,70,,91279,19,,,1,30,,91263,19,,,1,70,,91280,19,,,1,30,,91264,19,,,1,70,,91281,19,,,1,30,,91265,19,,,1,70,,91282,19,,,1,30,,91266,19,,,1,70,,91283,19,,,1,30,,91267,19,,,1,70,,91284,19,,,1,30,,91268,19,,,1,70,,91285,19,,,1,30,,91269,19,,,1,70,,91286,19,,,1,30,,91270,19,,,1
901,'20261109',551,,91287,19,,,1,70,,91308,19,,,1,37,,91288,19,,,1,55,,91306,19,,,1,10,,91309,19,,,1,10,,91329,15,,,1,10,,91326,19,,,1,10,,91289,19,,,1,50,,91328,15,,,1,10,,91307,19,,,1,10,,91310,19,,,1,10,,91330,15,,,1,10,,91327,19,,,1,15,,91290,19,,,1,70,,91311,19,,,1,30,,91291,19,,,1,70,,91312,19,,,1,30,,91292,19,,,1,70,,91313,19,,,1,30,,91293,19,,,1,70,,91314,19,,,1,30,,91294,19,,,1,70,,91315,19,,,1,30,,91295,19,,,1,70,,91316,19,,,1,30,,91296,19,,,1,70,,91317,19,,,1,30,,91297,19,,,1,70,,91318,19,,,1,30,,91298,19,,,1,70,,91319,19,,,1,30,,91299,19,,,1,70,,91320,19,,,1,30,,91300,19,,,1,70,,91321,19,,,1,30,,91301,19,,,1,70,,91322,19,,,1,30,,91302,19,,,1,70,,91323,19,,,1,30,,91303,19,,,1,70,,91324,19,,,1,30,,91304,19,,,1,70,,91325,19,,,1,30,,91305,19,,,1
901,'20261110',551,,91331,19,,,1,70,,91352,19,,,1,37,,91332,19,,,1,55,,91350,19,,,1,10,,91353,19,,,1,10,,91373,15,,,1,10,,91370,19,,,1,10,,91333,19,,,1,50,,91372,15,,,1,10,,91351,19,,,1,10,,91354,19,,,1,10,,91374,15,,,1,10,,91371,19,,,1,15,,91334,19,,,1,70,,91355,19,,,1,30,,91335,19,,,1,70,,91356,19,,,1,30,,91336,19,,,1,70,,91357,19,,,1,30,,91337,19,,,1,70,,91358,19,,,1,30,,91338,19,,,1,70,,91359,19,,,1,30,,91339,19,,,1,70,,91360,19,,,1,30,,91340,19,,,1,70,,91361,19,,,1,30,,91341,19,,,1,70,,91362,19,,,1,30,,91342,19,,,1,70,,91363,19,,,1,30,,91343,19,,,1,70,,91364,19,,,1,30,,91344,19,,,1,70,,91365,19,,,1,30,,91345,19,,,1,70,,91366,19,,,1,30,,91346,19,,,1,70,,91367,19,,,1,30,,91347,19,,,1,70,,91368,19,,,1,30,,91348,19,,,1,70,,91369,19,,,1,30,,91349,19,,,1
901,'20261111',551,,91375,19,,,1,70,,91396,19,,,1,37,,91376,19,,,1,55,,91394,19,,,1,10,,91397,19,,,1,10,,91417,15,,,1,10,,91414,19,,,1,10,,91377,19,,,1,50,,91416,15,,,1,10,,91395,19,,,1,10,,91398,19,,,1,10,,91418,15,,,1,10,,91415,19,,,1,15,,91378,19,,,1,70,,91399,19,,,1,30,,91379,19,,,1,70,,91400,19,,,1,30,,91380,19,,,1,70,,91401,19,,,1,30,,91381,19,,,1,70,,91402,19,,,1,30,,91382,19,,,1,70,,91403,19,,,1,30,,91383,19,,,1,70,,91404,19,,,1,30,,91384,19,,,1,70,,91405,19,,,1,30,,91385,19,,,1,70,,91406,19,,,1,30,,91386,19,,,1,70,,91407,19,,,1,30,,91387,19,,,1,70,,91408,19,,,1,30,,91388,19,,,1,70,,91409,19,,,1,30,,91389,19,,,1,70,,91410,19,,,1,30,,91390,19,,,1,70,,91411,19,,,1,30,,91391,19,,,1,70,,91412,19,,,1,30,,91392,19,,,1,70,,91413,19,,,1,30,,91393,19,,,1
901,'20261112',551,,91419,19,,,1,70,,91440,19,,,1,37,,91420,19,,,1,55,,91438,19,,,1,10,,91441,19,,,1,10,,91461,15,,,1,10,,91458,19,,,1,10,,91421,19,,,1,50,,91460,15,,,1,10,,91439,19,,,1,10,,91442,19,,,1,10,,91462,15,,,1,10,,91459,19,,,1,15,,91422,19,,,1,70,,91443,19,,,1,30,,91423,19,,,1,70,,91444,19,,,1,30,,91424,19,,,1,70,,91445,19,,,1,30,,91425,19,,,1,70,,91446,19,,,1,30,,91426,19,,,1,70,,91447,19,,,1,30,,91427,19,,,1,70,,91448,19,,,1,30,,91428,19,,,1,70,,91449,19,,,1,30,,91429,19,,,1,70,,91450,19,,,1,30,,91430,19,,,1,70,,91451,19,,,1,30,,91431,19,,,1,70,,91452,19,,,1,30,,91432,19,,,1,70,,91453,19,,,1,30,,91433,19,,,1,70,,91454,19,,,1,30,,91434,19,,,1,70,,91455,19,,,1,30,,91435,19,,,1,70,,91456,19,,,1,30,,91436,19,,,1,70,,91457,19,,,1,30,,91437,19,,,1
901,'20261113',551,,91463,19,,,1,70,,91484,19,,,1,37,,91464,19,,,1,55,,91482,19,,,1,10,,91485,19,,,1,10,,91506,15,,,1,10,,91503,19,,,1,10,,91465,19,,,1,50,,91505,15,,,1,10,,91483,19,,,1,10,,91486,19,,,1,10,,91507,15,,,1,10,,91504,19,,,1,15,,91466,19,,,1,70,,91487,19,,,1,30,,91467,19,,,1,70,,91488,19,,,1,30,,91468,19,,,1,70,,91489,19,,,1,30,,91469,19,,,1,70,,91490,19,,,1,30,,91470,19,,,1,70,,91491,19,,,1,30,,91471,19,,,1,70,,91492,19,,,1,30,,91472,19,,,1,70,,91493,19,,,1,30,,91473,19,,,1,70,,91494,19,,,1,30,,91474,19,,,1,70,,91495,19,,,1,30,,91475,19,,,1,70,,91496,19,,,1,30,,91476,19,,,1,70,,91497,19,,,1,30,,91477,19,,,1,70,,91498,19,,,1,30,,91478,19,,,1,70,,91499,19,,,1,30,,91479,19,,,1,70,,91500,19,,,1,30,,91480,19,,,1,70,,91501,19,,,1,30,,91481,19,,,1,70,,91502,19,,,1
901,'20261114',828,,91524,19,,,1,30,,91508,19,,,1,70,,91525,19,,,1,30,,91509,19,,,1,70,,91526,19,,,1,30,,91510,19,,,1,70,,91527,19,,,1,30,,91511,19,,,1,70,,91528,19,,,1,30,,91512,19,,,1,70,,91529,19,,,1,30,,91513,19,,,1,70,,91530,19,,,1,30,,91514,19,,,1,70,,91531,19,,,1,30,,91515,19,,,1,70,,91532,19,,,1,30,,91516,19,,,1,70,,91533,19,,,1,30,,91517,19,,,1,70,,91534,19,,,1,30,,91518,19,,,1,70,,91535,19,,,1,30,,91519,19,,,1,70,,91536,19,,,1,30,,91520,19,,,1,70,,91537,19,,,1,30,,91521,19,,,1,70,,91538,19,,,1,30,,91522,19,,,1,70,,91539,19,,,1,30,,91523,19,,,1,70,,91540,19,,,1
901,'20261115',828,,91557,19,,,1,30,,91541,19,,,1,70,,91558,19,,,1,30,,91542,19,,,1,70,,91559,19,,,1,30,,91543,19,,,1,70,,91560,19,,,1,30,,91544,19,,,1,70,,91561,19,,,1,30,,91545,19,,,1,70,,91562,19,,,1,30,,91546,19,,,1,70,,91563,19,,,1,30,,91547,19,,,1,70,,91564,19,,,1,30,,91548,19,,,1,70,,91565,19,,,1,30,,91549,19,,,1,70,,91566,19,,,1,30,,91550,19,,,1,70,,91567,19,,,1,30,,91551,19,,,1,70,,91568,19,,,1,30,,91552,19,,,1,70,,91569,19,,,1,30,,91553,19,,,1,70,,91570,19,,,1,30,,91554,19,,,1,70,,91571,19,,,1,30,,91555,19,,,1,70,,91572,19,,,1,30,,91556,19,,,1
901,'20261116',551,,91573,19,,,1,70,,91594,19,,,1,37,,91574,19,,,1,55,,91592,19,,,1,10,,91595,19,,,1,10,,91615,15,,,1,10,,91612,19,,,1,10,,91575,19,,,1,50,,91614,15,,,1,10,,91593,19,,,1,10,,91596,19,,,1,10,,91616,15,,,1,10,,91613,19,,,1,15,,91576,19,,,1,70,,91597,19,,,1,30,,91577,19,,,1,70,,91598,19,,,1,30,,91578,19,,,1,70,,91599,19,,,1,30,,91579,19,,,1,70,,91600,19,,,1,30,,91580,19,,,1,70,,91601,19,,,1,30,,91581,19,,,1,70,,91602,19,,,1,30,,91582,19,,,1,70,,91603,19,,,1,30,,91583,19,,,1,70,,91604,19,,,1,30,,91584,19,,,1,70,,91605,19,,,1,30,,91585,19,,,1,70,,91606,19,,,1,30,,91586,19,,,1,70,,91607,19,,,1,30,,91587,19,,,1,70,,91608,19,,,1,30,,91588,19,,,1,70,,91609,19,,,1,30,,91589,19,,,1,70,,91610,19,,,1,30,,91590,19,,,1,70,,91611,19,,,1,30,,91591,19,,,1
901,'20261117',551,,91617,19,,,1,70,,91638,19,,,1,37,,91618,19,,,1,55,,91636,19,,,1,10,,91639,19,,,1,10,,91659,15,,,1,10,,91656,19,,,1,10,,91619,19,,,1,50,,91658,15,,,1,10,,91637,19,,,1,10,,91640,19,,,1,10,,91660,15,,,1,10,,91657,19,,,1,15,,91620,19,,,1,70,,91641,19,,,1,30,,91621,19,,,1,70,,91642,19,,,1,30,,91622,19,,,1,70,,91643,19,,,1,30,,91623,19,,,1,70,,91644,19,,,1,30,,91624,19,,,1,70,,91645,19,,,1,30,,91625,19,,,1,70,,91646,19,,,1,30,,91626,19,,,1,70,,91647,19,,,1,30,,91627,19,,,1,70,,91648,19,,,1,30,,91628,19,,,1,70,,91649,19,,,1,30,,91629,19,,,1,70,,91650,19,,,1,30,,91630,19,,,1,70,,91651,19,,,1,30,,91631,19,,,1,70,,91652,19,,,1,30,,91632,19,,,1,70,,91653,19,,,1,30,,91633,19,,,1,70,,91654,19,,,1,30,,91634,19,,,1,70,,91655,19,,,1,30,,91635,19,,,1
901,'20261118',551,,91661,19,,,1,70,,91682,19,,,1,37,,91662,19,,,1,55,,91680,19,,,1,10,,91683,19,,,1,10,,91703,15,,,1,10,,91700,19,,,1,10,,91663,19,,,1,50,,91702,15,,,1,10,,91681,19,,,1,10,,91684,19,,,1,10,,91704,15,,,1,10,,91701,19,,,1,15,,91664,19,,,1,70,,91685,19,,,1,30,,91665,19,,,1,70,,91686,19,,,1,30,,91666,19,,,1,70,,91687,19,,,1,30,,91667,19,,,1,70,,91688,19,,,1,30,,91668,19,,,1,70,,91689,19,,,1,30,,91669,19,,,1,70,,91690,19,,,1,30,,91670,19,,,1,70,,91691,19,,,1,30,,91671,19,,,1,70,,91692,19,,,1,30,,91672,19,,,1,70,,91693,19,,,1,30,,91673,19,,,1,70,,91694,19,,,1,30,,91674,19,,,1,70,,91695,19,,,1,30,,91675,19,,,1,70,,91696,19,,,1,30,,91676,19,,,1,70,,91697,19,,,1,30,,91677,19,,,1,70,,91698,19,,,1,30,,91678,19,,,1,70,,91699,19,,,1,30,,91679,19,,,1
901,'20261119',551,,91705,19,,,1,70,,91726,19,,,1,37,,91706,19,,,1,55,,91724,19,,,1,10,,91727,19,,,1,10,,91747,15,,,1,10,,91744,19,,,1,10,,91707,19,,,1,50,,91746,15,,,1,10,,91725,19,,,1,10,,91728,19,,,1,10,,91748,15,,,1,10,,91745,19,,,1,15,,91708,19,,,1,70,,91729,19,,,1,30,,91709,19,,,1,70,,91730,19,,,1,30,,91710,19,,,1,70,,91731,19,,,1,30,,91711,19,,,1,70,,91732,19,,,1,30,,91712,19,,,1,70,,91733,19,,,1,30,,91713,19,,,1,70,,91734,19,,,1,30,,91714,19,,,1,70,,91735,19,,,1,30,,91715,19,,,1,70,,91736,19,,,1,30,,91716,19,,,1,70,,91737,19,,,1,30,,91717,19,,,1,70,,91738,19,,,1,30,,91718,19,,,1,70,,91739,19,,,1,30,,91719,19,,,1,70,,91740,19,,,1,30,,91720,19,,,1,70,,91741,19,,,1,30,,91721,19,,,1,70,,91742,19,,,1,30,,91722,19,,,1,70,,91743,19,,,1,30,,91723,19,,,1
901,'20261120',551,,91749,19,,,1,70,,91770,19,,,1,37,,91750,19,,,1,55,,91768,19,,,1,10,,91771,19,,,1,10,,91792,15,,,1,10,,91789,19,,,1,10,,91751,19,,,1,50,,91791,15,,,1,10,,91769,19,,,1,10,,91772,19,,,1,10,,91793,15,,,1,10,,91790,19,,,1,15,,91752,19,,,1,70,,91773,19,,,1,30,,91753,19,,,1,70,,91774,19,,,1,30,,91754,19,,,1,70,,91775,19,,,1,30,,91755,19,,,1,70,,91776,19,,,1,30,,91756,19,,,1,70,,91777,19,,,1,30,,91757,19,,,1,70,,91778,19,,,1,30,,91758,19,,,1,70,,91779,19,,,1,30,,91759,19,,,1,70,,91780,19,,,1,30,,91760,19,,,1,70,,91781,19,,,1,30,,91761,19,,,1,70,,91782,19,,,1,30,,91762,19,,,1,70,,91783,19,,,1,30,,91763,19,,,1,70,,91784,19,,,1,30,,91764,19,,,1,70,,91785,19,,,1,30,,91765,19,,,1,70,,91786,19,,,1,30,,91766,19,,,1,70,,91787,19,,,1,30,,91767,19,,,1,70,,91788,19,,,1
901,'20261121',828,,91810,19,,,1,30,,91794,19,,,1,70,,91811,19,,,1,30,,91795,19,,,1,70,,91812,19,,,1,30,,91796,19,,,1,70,,91813,19,,,1,30,,91797,19,,,1,70,,91814,19,,,1,30,,91798,19,,,1,70,,91815,19,,,1,30,,91799,19,,,1,70,,91816,19,,,1,30,,91800,19,,,1,70,,91817,19,,,1,30,,91801,19,,,1,70,,91818,19,,,1,30,,91802,19,,,1,70,,91819,19,,,1,30,,91803,19,,,1,70,,91820,19,,,1,30,,91804,19,,,1,70,,91821,19,,,1,30,,91805,19,,,1,70,,91822,19,,,1,30,,91806,19,,,1,70,,91823,19,,,1,30,,91807,19,,,1,70,,91824,19,,,1,30,,91808,19,,,1,70,,91825,19,,,1,30,,91809,19,,,1,70,,91826,19,,,1
901,'20261122',828,,91843,19,,,1,30,,91827,19,,,1,70,,91844,19,,,1,30,,91828,19,,,1,70,,91845,19,,,1,30,,91829,19,,,1,70,,91846,19,,,1,30,,91830,19,,,1,70,,91847,19,,,1,30,,91831,19,,,1,70,,91848,19,,,1,30,,91832,19,,,1,70,,91849,19,,,1,30,,91833,19,,,1,70,,91850,19,,,1,30,,91834,19,,,1,70,,91851,19,,,1,30,,91835,19,,,1,70,,91852,19,,,1,30,,91836,19,,,1,70,,91853,19,,,1,30,,91837,19,,,1,70,,91854,19,,,1,30,,91838,19,,,1,70,,91855,19,,,1,30,,91839,19,,,1,70,,91856,19,,,1,30,,91840,19,,,1,70,,91857,19,,,1,30,,91841,19,,,1,70,,91858,19,,,1,30,,91842,19,,,1
901,'20261123',551,,91859,19,,,1,70,,91880,19,,,1,37,,91860,19,,,1,55,,91878,19,,,1,10,,91881,19,,,1,10,,91901,15,,,1,10,,91898,19,,,1,10,,91861,19,,,1,50,,91900,15,,,1,10,,91879,19,,,1,10,,91882,19,,,1,10,,91902,15,,,1,10,,91899,19,,,1,15,,91862,19,,,1,70,,91883,19,,,1,30,,91863,19,,,1,70,,91884,19,,,1,30,,91864,19,,,1,70,,91885,19,,,1,30,,91865,19,,,1,70,,91886,19,,,1,30,,91866,19,,,1,70,,91887,19,,,1,30,,91867,19,,,1,70,,91888,19,,,1,30,,91868,19,,,1,70,,91889,19,,,1,30,,91869,19,,,1,70,,91890,19,,,1,30,,91870,19,,,1,70,,91891,19,,,1,30,,91871,19,,,1,70,,91892,19,,,1,30,,91872,19,,,1,70,,91893,19,,,1,30,,91873,19,,,1,70,,91894,19,,,1,30,,91874,19,,,1,70,,91895,19,,,1,30,,91875,19,,,1,70,,91896,19,,,1,30,,91876,19,,,1,70,,91897,19,,,1,30,,91877,19,,,1
901,'20261124',551,,91903,19,,,1,70,,91924,19,,,1,37,,91904,19,,,1,55,,91922,19,,,1,10,,91925,19,,,1,10,,91945,15,,,1,10,,91942,19,,,1,10,,91905,19,,,1,50,,91944,15,,,1,10,,91923,19,,,1,10,,91926,19,,,1,10,,91946,15,,,1,10,,91943,19,,,1,15,,91906,19,,,1,70,,91927,19,,,1,30,,91907,19,,,1,70,,91928,19,,,1,30,,91908,19,,,1,70,,91929,19,,,1,30,,91909,19,,,1,70,,91930,19,,,1,30,,91910,19,,,1,70,,91931,19,,,1,30,,91911,19,,,1,70,,91932,19,,,1,30,,91912,19,,,1,70,,91933,19,,,1,30,,91913,19,,,1,70,,91934,19,,,1,30,,91914,19,,,1,70,,91935,19,,,1,30,,91915,19,,,1,70,,91936,19,,,1,30,,91916,19,,,1,70,,91937,19,,,1,30,,91917,19,,,1,70,,91938,19,,,1,30,,91918,19,,,1,70,,91939,19,,,1,30,,91919,19,,,1,70,,91940,19,,,1,30,,91920,19,,,1,70,,91941,19,,,1,30,,91921,19,,,1
901,'20261125',551,,91947,19,,,1,70,,91968,19,,,1,37,,91948,19,,,1,55,,91966,19,,,1,10,,91969,19,,,1,10,,91989,15,,,1,10,,91986,19,,,1,10,,91949,19,,,1,50,,91988,15,,,1,10,,91967,19,,,1,10,,91970,19,,,1,10,,91990,15,,,1,10,,91987,19,,,1,15,,91950,19,,,1,70,,91971,19,,,1,30,,91951,19,,,1,70,,91972,19,,,1,30,,91952,19,,,1,70,,91973,19,,,1,30,,91953,19,,,1,70,,91974,19,,,1,30,,91954,19,,,1,70,,91975,19,,,1,30,,91955,19,,,1,70,,91976,19,,,1,30,,91956,19,,,1,70,,91977,19,,,1,30,,91957,19,,,1,70,,91978,19,,,1,30,,91958,19,,,1,70,,91979,19,,,1,30,,91959,19,,,1,70,,91980,19,,,1,30,,91960,19,,,1,70,,91981,19,,,1,30,,91961,19,,,1,70,,91982,19,,,1,30,,91962,19,,,1,70,,91983,19,,,1,30,,91963,19,,,1,70,,91984,19,,,1,30,,91964,19,,,1,70,,91985,19,,,1,30,,91965,19,,,1
901,'20261126',551,,91991,19,,,1,70,,92012,19,,,1,37,,91992,19,,,1,55,,92010,19,,,1,10,,92013,19,,,1,10,,92033,15,,,1,10,,92030,19,,,1,10,,91993,19,,,1,50,,92032,15,,,1,10,,92011,19,,,1,10,,92014,19,,,1,10,,92034,15,,,1,10,,92031,19,,,1,15,,91994,19,,,1,70,,92015,19,,,1,30,,91995,19,,,1,70,,92016,19,,,1,30,,91996,19,,,1,70,,92017,19,,,1,30,,91997,19,,,1,70,,92018,19,,,1,30,,91998,19,,,1,70,,92019,19,,,1,30,,91999,19,,,1,70,,92020,19,,,1,30,,92000,19,,,1,70,,92021,19,,,1,30,,92001,19,,,1,70,,92022,19,,,1,30,,92002,19,,,1,70,,92023,19,,,1,30,,92003,19,,,1,70,,92024,19,,,1,30,,92004,19,,,1,70,,92025,19,,,1,30,,92005,19,,,1,70,,92026,19,,,1,30,,92006,19,,,1,70,,92027,19,,,1,30,,92007,19,,,1,70,,92028,19,,,1,30,,92008,19,,,1,70,,92029,19,,,1,30,,92009,19,,,1
901,'20261127',551,,92035,19,,,1,70,,92056,19,,,1,37,,92036,19,,,1,55,,92054,19,,,1,10,,92057,19,,,1,10,,92078,15,,,1,10,,92075,19,,,1,10,,92037,19,,,1,50,,92077,15,,,1,10,,92055,19,,,1,10,,92058,19,,,1,10,,92079,15,,,1,10,,92076,19,,,1,15,,92038,19,,,1,70,,92059,19,,,1,30,,92039,19,,,1,70,,92060,19,,,1,30,,92040,19,,,1,70,,92061,19,,,1,30,,92041,19,,,1,70,,92062,19,,,1,30,,92042,19,,,1,70,,92063,19,,,1,30,,92043,19,,,1,70,,92064,19,,,1,30,,92044,19,,,1,70,,92065,19,,,1,30,,92045,19,,,1,70,,92066,19,,,1,30,,92046,19,,,1,70,,92067,19,,,1,30,,92047,19,,,1,70,,92068,19,,,1,30,,92048,19,,,1,70,,92069,19,,,1,30,,92049,19,,,1,70,,92070,19,,,1,30,,92050,19,,,1,70,,92071,19,,,1,30,,92051,19,,,1,70,,92072,19,,,1,30,,92052,19,,,1,70,,92073,19,,,1,30,,92053,19,,,1,70,,92074,19,,,1
