300,'20260831',644,,64983,8,0,7,1,70,,64968,8,0,7,1,30,,64984,8,0,7,1,70,,64969,8,0,7,1,30,,64985,8,0,7,1,15,,64996,8,0,35,1,55,,64970,8,0,7,1,30,,64992,8,0,35,1,70,,64971,8,0,7,1,30,,45665,8,0,23 26,1,70,,64972,8,0,7,1,30,,45666,8,0,23 26,1,70,,64973,8,0,7,1,30,,64993,8,0,35,1,70,,64974,8,0,7,1,30,,45667,8,0,23 26,1,70,,64975,8,0,7,1,30,,45668,8,0,23 26,1,70,,64976,8,0,7,1,30,,64994,8,0,35,1,70,,64977,8,0,7,1,30,,64987,8,0,27,1,70,,64988,8,0,27,1,30,,64986,8,0,7,1,70,,64978,8,0,7,1,30,,45669,8,0,23 26,1,70,,64979,8,0,7,1,30,,45670,8,0,23 26,1,70,,64980,8,0,7,1,30,,45671,8,0,23 26,1,70,,64981,8,0,7,1,30,,64995,8,0,35,1,70,,64982,8,0,7,1,30,,45682,8,0,35,1,100,,45672,8,0,23 26,1
300,'20260901',644,,45701,8,0,7,1,70,,45686,8,0,7,1,30,,45702,8,0,7,1,70,,45687,8,0,7,1,30,,45703,8,0,7,1,15,,45723,8,0,35,1,55,,45688,8,0,7,1,30,,45718,8,0,35,1,70,,45689,8,0,7,1,30,,45705,8,0,23 26,1,70,,45690,8,0,7,1,30,,45706,8,0,23 26,1,70,,45691,8,0,7,1,30,,45719,8,0,35,1,70,,45692,8,0,7,1,30,,45707,8,0,23 26,1,70,,45693,8,0,7,1,30,,45708,8,0,23 26,1,70,,45694,8,0,7,1,30,,45720,8,0,35,1,70,,45695,8,0,7,1,30,,45713,8,0,27,1,70,,45714,8,0,27,1,30,,45704,8,0,7,1,70,,45696,8,0,7,1,30,,45709,8,0,23 26,1,70,,45697,8,0,7,1,30,,45710,8,0,23 26,1,70,,45698,8,0,7,1,30,,45711,8,0,23 26,1,70,,45699,8,0,7,1,30,,45721,8,0,35,1,70,,45700,8,0,7,1,30,,45722,8,0,35,1,100,,45712,8,0,23 26,1
300,'20260902',644,,45741,8,0,7,1,70,,45726,8,0,7,1,30,,45742,8,0,7,1,70,,45727,8,0,7,1,30,,45743,8,0,7,1,15,,45763,8,0,35,1,55,,45728,8,0,7,1,30,,45758,8,0,35,1,70,,45729,8,0,7,1,30,,45745,8,0,23 26,1,70,,45730,8,0,7,1,30,,45746,8,0,23 26,1,70,,45731,8,0,7,1,30,,45759,8,0,35,1,70,,45732,8,0,7,1,30,,45747,8,0,23 26,1,70,,45733,8,0,7,1,30,,45748,8,0,23 26,1,70,,45734,8,0,7,1,30,,45760,8,0,35,1,70,,45735,8,0,7,1,30,,45753,8,0,27,1,70,,45754,8,0,27,1,30,,45744,8,0,7,1,70,,45736,8,0,7,1,30,,45749,8,0,23 26,1,70,,45737,8,0,7,1,30,,45750,8,0,23 26,1,70,,45738,8,0,7,1,30,,45751,8,0,23 26,1,70,,45739,8,0,7,1,30,,45761,8,0,35,1,70,,45740,8,0,7,1,30,,45762,8,0,35,1,100,,45752,8,0,23 26,1
300,'20260903',644,,45781,8,0,7,1,70,,45766,8,0,7,1,30,,45782,8,0,7,1,70,,45767,8,0,7,1,30,,45783,8,0,7,1,15,,45803,8,0,35,1,55,,45768,8,0,7,1,30,,45798,8,0,35,1,70,,45769,8,0,7,1,30,,45785,8,0,23 26,1,70,,45770,8,0,7,1,30,,45786,8,0,23 26,1,70,,45771,8,0,7,1,30,,45799,8,0,35,1,70,,45772,8,0,7,1,30,,45787,8,0,23 26,1,70,,45773,8,0,7,1,30,,45788,8,0,23 26,1,70,,45774,8,0,7,1,30,,45800,8,0,35,1,70,,45775,8,0,7,1,30,,45793,8,0,27,1,70,,45794,8,0,27,1,30,,45784,8,0,7,1,70,,45776,8,0,7,1,30,,45789,8,0,23 26,1,70,,45777,8,0,7,1,30,,45790,8,0,23 26,1,70,,45778,8,0,7,1,30,,45791,8,0,23 26,1,70,,45779,8,0,7,1,30,,45801,8,0,35,1,70,,45780,8,0,7,1,30,,45802,8,0,35,1,100,,45792,8,0,23 26,1
300,'20260904',644,,45821,8,0,7,1,70,,45806,8,0,7,1,30,,45822,8,0,7,1,70,,45807,8,0,7,1,30,,45823,8,0,7,1,15,,45843,8,0,35,1,55,,45808,8,0,7,1,30,,45838,8,0,35,1,70,,45809,8,0,7,1,30,,45825,8,0,23 26,1,70,,45810,8,0,7,1,30,,45826,8,0,23 26,1,70,,45811,8,0,7,1,30,,45839,8,0,35,1,70,,45812,8,0,7,1,30,,45827,8,0,23 26,1,70,,45813,8,0,7,1,30,,45828,8,0,23 26,1,70,,45814,8,0,7,1,30,,45840,8,0,35,1,70,,45815,8,0,7,1,30,,45833,8,0,27,1,70,,45834,8,0,27,1,30,,45824,8,0,7,1,70,,45816,8,0,7,1,30,,45829,8,0,23 26,1,70,,45817,8,0,7,1,30,,45830,8,0,23 26,1,70,,45818,8,0,7,1,30,,45831,8,0,23 26,1,70,,45819,8,0,7,1,30,,45841,8,0,35,1,70,,45820,8,0,7,1,30,,45842,8,0,35,1,100,,45832,8,0,23 26,1
300,'20260905',844,,74266,8,0,23 26,1,15,,74282,8,,,1,99,,74267,8,0,23 26,1,100,,74268,8,0,23 26,1,100,,74269,8,0,23 26,1,100,,74270,8,0,23 26,1,100,,74271,8,0,23 26,1,100,,74272,8,0,23 26,1,70,,74257,8,0,7,1,30,,74273,8,0,23 26,1,70,,74258,8,0,7,1,30,,74280,8,0,35,1,70,,74259,8,0,7,1,30,,74274,8,0,23 26,1,70,,74260,8,0,7,1,30,,74275,8,0,23 26,1,70,,74261,8,0,7,1,30,,74276,8,0,23 26,1,70,,74262,8,0,7,1,30,,74277,8,0,23 26,1,70,,74263,8,0,7,1,30,,74278,8,0,23 26,1,70,,74264,8,0,7,1,30,,74281,8,0,35,1,70,,74265,8,0,7,1,30,,74279,8,0,23 26,1
300,'20260906',844,,74292,8,0,23 26,1,15,,74308,8,,,1,99,,74293,8,0,23 26,1,100,,74294,8,0,23 26,1,100,,74295,8,0,23 26,1,100,,74296,8,0,23 26,1,100,,74297,8,0,23 26,1,100,,74298,8,0,23 26,1,70,,74283,8,0,7,1,30,,74299,8,0,23 26,1,70,,74284,8,0,7,1,30,,74306,8,0,35,1,70,,74285,8,0,7,1,30,,74300,8,0,23 26,1,70,,74286,8,0,7,1,30,,74301,8,0,23 26,1,70,,74287,8,0,7,1,30,,74302,8,0,23 26,1,70,,74288,8,0,7,1,30,,74303,8,0,23 26,1,70,,74289,8,0,7,1,30,,74304,8,0,23 26,1,70,,74290,8,0,7,1,30,,74307,8,0,35,1,70,,74291,8,0,7,1,30,,74305,8,0,23 26,1
300,'20260907',844,,74318,8,0,23 26,1,15,,74334,8,,,1,99,,74319,8,0,23 26,1,100,,74320,8,0,23 26,1,100,,74321,8,0,23 26,1,100,,74322,8,0,23 26,1,100,,74323,8,0,23 26,1,100,,74324,8,0,23 26,1,70,,74309,8,0,7,1,30,,74325,8,0,23 26,1,70,,74310,8,0,7,1,30,,74332,8,0,35,1,70,,74311,8,0,7,1,30,,74326,8,0,23 26,1,70,,74312,8,0,7,1,30,,74327,8,0,23 26,1,70,,74313,8,0,7,1,30,,74328,8,0,23 26,1,70,,74314,8,0,7,1,30,,74329,8,0,23 26,1,70,,74315,8,0,7,1,30,,74330,8,0,23 26,1,70,,74316,8,0,7,1,30,,74333,8,0,35,1,70,,74317,8,0,7,1,30,,74331,8,0,23 26,1
300,'20260908',644,,74350,8,0,7,1,70,,74335,8,0,7,1,30,,74351,8,0,7,1,70,,74336,8,0,7,1,30,,74352,8,0,7,1,15,,74372,8,0,35,1,55,,74337,8,0,7,1,30,,74367,8,0,35,1,70,,74338,8,0,7,1,30,,74354,8,0,23 26,1,70,,74339,8,0,7,1,30,,74355,8,0,23 26,1,70,,74340,8,0,7,1,30,,74368,8,0,35,1,70,,74341,8,0,7,1,30,,74356,8,0,23 26,1,70,,74342,8,0,7,1,30,,74357,8,0,23 26,1,70,,74343,8,0,7,1,30,,74369,8,0,35,1,70,,74344,8,0,7,1,30,,74362,8,0,27,1,70,,74363,8,0,27,1,30,,74353,8,0,7,1,70,,74345,8,0,7,1,30,,74358,8,0,23 26,1,70,,74346,8,0,7,1,30,,74359,8,0,23 26,1,70,,74347,8,0,7,1,30,,74360,8,0,23 26,1,70,,74348,8,0,7,1,30,,74370,8,0,35,1,70,,74349,8,0,7,1,30,,74371,8,0,35,1,100,,74361,8,0,23 26,1
300,'20260909',644,,74390,8,0,7,1,70,,74375,8,0,7,1,30,,74391,8,0,7,1,70,,74376,8,0,7,1,30,,74392,8,0,7,1,15,,74412,8,0,35,1,55,,74377,8,0,7,1,30,,74407,8,0,35,1,70,,74378,8,0,7,1,30,,74394,8,0,23 26,1,70,,74379,8,0,7,1,30,,74395,8,0,23 26,1,70,,74380,8,0,7,1,30,,74408,8,0,35,1,70,,74381,8,0,7,1,30,,74396,8,0,23 26,1,70,,74382,8,0,7,1,30,,74397,8,0,23 26,1,70,,74383,8,0,7,1,30,,74409,8,0,35,1,70,,74384,8,0,7,1,30,,74402,8,0,27,1,70,,74403,8,0,27,1,30,,74393,8,0,7,1,70,,74385,8,0,7,1,30,,74398,8,0,23 26,1,70,,74386,8,0,7,1,30,,74399,8,0,23 26,1,70,,74387,8,0,7,1,30,,74400,8,0,23 26,1,70,,74388,8,0,7,1,30,,74410,8,0,35,1,70,,74389,8,0,7,1,30,,74411,8,0,35,1,100,,74401,8,0,23 26,1
300,'20260910',644,,74430,8,0,7,1,70,,74415,8,0,7,1,30,,74431,8,0,7,1,70,,74416,8,0,7,1,30,,74432,8,0,7,1,15,,74452,8,0,35,1,55,,74417,8,0,7,1,30,,74447,8,0,35,1,70,,74418,8,0,7,1,30,,74434,8,0,23 26,1,70,,74419,8,0,7,1,30,,74435,8,0,23 26,1,70,,74420,8,0,7,1,30,,74448,8,0,35,1,70,,74421,8,0,7,1,30,,74436,8,0,23 26,1,70,,74422,8,0,7,1,30,,74437,8,0,23 26,1,70,,74423,8,0,7,1,30,,74449,8,0,35,1,70,,74424,8,0,7,1,30,,74442,8,0,27,1,70,,74443,8,0,27,1,30,,74433,8,0,7,1,70,,74425,8,0,7,1,30,,74438,8,0,23 26,1,70,,74426,8,0,7,1,30,,74439,8,0,23 26,1,70,,74427,8,0,7,1,30,,74440,8,0,23 26,1,70,,74428,8,0,7,1,30,,74450,8,0,35,1,70,,74429,8,0,7,1,30,,74451,8,0,35,1,100,,74441,8,0,23 26,1
300,'20260911',644,,74470,8,0,7,1,70,,74455,8,0,7,1,30,,74471,8,0,7,1,70,,74456,8,0,7,1,30,,74472,8,0,7,1,15,,74491,8,0,35,1,55,,74457,8,0,7,1,30,,74486,8,0,35,1,70,,74458,8,0,7,1,30,,74474,8,0,23 26,1,70,,74459,8,0,7,1,30,,74475,8,0,23 26,1,70,,74460,8,0,7,1,30,,74487,8,0,35,1,70,,74461,8,0,7,1,30,,74476,8,0,23 26,1,70,,74462,8,0,7,1,30,,74477,8,0,23 26,1,70,,74463,8,0,7,1,30,,74488,8,0,35,1,70,,74464,8,0,7,1,30,,74481,8,0,27,1,70,,74482,8,0,27,1,30,,74473,8,0,7,1,70,,74465,8,0,7,1,30,,74478,8,0,23 26,1,70,,74466,8,0,7,1,30,,74479,8,0,23 26,1,70,,74467,8,0,7,1,30,,74480,8,0,23 26,1,70,,74468,8,0,7,1,30,,74489,8,0,27,1,70,,74469,8,0,7,1,30,,74490,8,0,35,1
300,'20260914',645,,74541,8,0,7,1,70,,74526,8,0,7,1,30,,74542,8,0,7,1,70,,74527,8,0,7,1,30,,74543,8,0,7,1,56,,74563,8,0,35,1,14,,74528,8,0,7,1,30,,74558,8,0,35,1,70,,74529,8,0,7,1,30,,74545,8,0,23 26,1,70,,74530,8,0,7,1,30,,74546,8,0,23 26,1,70,,74531,8,0,7,1,19,,74559,8,0,35,1,81,,74532,8,0,7,1,30,,74547,8,0,23 26,1,70,,74533,8,0,7,1,30,,74548,8,0,23 26,1,71,,74534,8,0,7,1,29,,74560,8,0,35,1,71,,74535,8,0,7,1,30,,74553,8,0,27,1,70,,74554,8,0,27,1,29,,74544,8,0,7,1,70,,74536,8,0,7,1,30,,74549,8,0,23 26,1,70,,74537,8,0,7,1,30,,74550,8,0,23 26,1,70,,74538,8,0,7,1,30,,74551,8,0,23 26,1,70,,74539,8,0,7,1,30,,74561,8,0,35,1,70,,74540,8,0,7,1,32,,74562,8,0,35,1,98,,74552,8,0,23 26,1
300,'20260915',645,,74581,8,0,7,1,70,,74566,8,0,7,1,30,,74582,8,0,7,1,70,,74567,8,0,7,1,30,,74583,8,0,7,1,56,,74603,8,0,35,1,14,,74568,8,0,7,1,30,,74598,8,0,35,1,70,,74569,8,0,7,1,30,,74585,8,0,23 26,1,70,,74570,8,0,7,1,30,,74586,8,0,23 26,1,70,,74571,8,0,7,1,19,,74599,8,0,35,1,81,,74572,8,0,7,1,30,,74587,8,0,23 26,1,70,,74573,8,0,7,1,30,,74588,8,0,23 26,1,71,,74574,8,0,7,1,29,,74600,8,0,35,1,71,,74575,8,0,7,1,30,,74593,8,0,27,1,70,,74594,8,0,27,1,29,,74584,8,0,7,1,70,,74576,8,0,7,1,30,,74589,8,0,23 26,1,70,,74577,8,0,7,1,30,,74590,8,0,23 26,1,70,,74578,8,0,7,1,30,,74591,8,0,23 26,1,70,,74579,8,0,7,1,30,,74601,8,0,35,1,70,,74580,8,0,7,1,32,,74602,8,0,35,1,98,,74592,8,0,23 26,1
300,'20260916',645,,74621,8,0,7,1,70,,74606,8,0,7,1,30,,74622,8,0,7,1,70,,74607,8,0,7,1,30,,74623,8,0,7,1,56,,74643,8,0,35,1,14,,74608,8,0,7,1,30,,74638,8,0,35,1,70,,74609,8,0,7,1,30,,74625,8,0,23 26,1,70,,74610,8,0,7,1,30,,74626,8,0,23 26,1,70,,74611,8,0,7,1,31,,74639,8,0,35,1,69,,74612,8,0,7,1,30,,74627,8,0,23 26,1,70,,74613,8,0,7,1,30,,74628,8,0,23 26,1,71,,74614,8,0,7,1,29,,74640,8,0,35,1,71,,74615,8,0,7,1,30,,74633,8,0,27,1,70,,74634,8,0,27,1,29,,74624,8,0,7,1,70,,74616,8,0,7,1,30,,74629,8,0,23 26,1,70,,74617,8,0,7,1,30,,74630,8,0,23 26,1,70,,74618,8,0,7,1,30,,74631,8,0,23 26,1,70,,74619,8,0,7,1,30,,74641,8,0,35,1,70,,74620,8,0,7,1,32,,74642,8,0,35,1,98,,74632,8,0,23 26,1
300,'20260917',645,,74661,8,0,7,1,70,,74646,8,0,7,1,30,,74662,8,0,7,1,70,,74647,8,0,7,1,30,,74663,8,0,7,1,56,,74683,8,0,35,1,14,,74648,8,0,7,1,30,,74678,8,0,35,1,70,,74649,8,0,7,1,30,,74665,8,0,23 26,1,70,,74650,8,0,7,1,30,,74666,8,0,23 26,1,70,,74651,8,0,7,1,31,,74679,8,0,35,1,69,,74652,8,0,7,1,30,,74667,8,0,23 26,1,70,,74653,8,0,7,1,30,,74668,8,0,23 26,1,71,,74654,8,0,7,1,29,,74680,8,0,35,1,71,,74655,8,0,7,1,30,,74673,8,0,27,1,70,,74674,8,0,27,1,29,,74664,8,0,7,1,70,,74656,8,0,7,1,30,,74669,8,0,23 26,1,70,,74657,8,0,7,1,30,,74670,8,0,23 26,1,70,,74658,8,0,7,1,30,,74671,8,0,23 26,1,70,,74659,8,0,7,1,30,,74681,8,0,35,1,70,,74660,8,0,7,1,32,,74682,8,0,35,1,98,,74672,8,0,23 26,1
300,'20260918',644,,74701,8,0,7,1,70,,74686,8,0,7,1,30,,74702,8,0,7,1,70,,74687,8,0,7,1,30,,74703,8,0,7,1,15,,74723,8,0,35,1,55,,74688,8,0,7,1,30,,74718,8,0,35,1,70,,74689,8,0,7,1,30,,74705,8,0,23 26,1,70,,74690,8,0,7,1,30,,74706,8,0,23 26,1,70,,74691,8,0,7,1,30,,74719,8,0,35,1,70,,74692,8,0,7,1,30,,74707,8,0,23 26,1,70,,74693,8,0,7,1,30,,74708,8,0,23 26,1,70,,74694,8,0,7,1,30,,74720,8,0,35,1,70,,74695,8,0,7,1,30,,74713,8,0,27,1,70,,74714,8,0,27,1,30,,74704,8,0,7,1,70,,74696,8,0,7,1,30,,74709,8,0,23 26,1,70,,74697,8,0,7,1,30,,74710,8,0,23 26,1,70,,74698,8,0,7,1,30,,74711,8,0,23 26,1,70,,74699,8,0,7,1,30,,74721,8,0,35,1,70,,74700,8,0,7,1,30,,74722,8,0,35,1,100,,74712,8,0,23 26,1
300,'20260919',844,,74735,8,0,23 26,1,15,,74751,8,,,1,99,,74736,8,0,23 26,1,100,,74737,8,0,23 26,1,100,,74738,8,0,23 26,1,100,,74739,8,0,23 26,1,100,,74740,8,0,23 26,1,100,,74741,8,0,23 26,1,70,,74726,8,0,7,1,30,,74742,8,0,23 26,1,70,,74727,8,0,7,1,30,,74749,8,0,35,1,70,,74728,8,0,7,1,30,,74743,8,0,23 26,1,70,,74729,8,0,7,1,30,,74744,8,0,23 26,1,70,,74730,8,0,7,1,30,,74745,8,0,23 26,1,70,,74731,8,0,7,1,30,,74746,8,0,23 26,1,70,,74732,8,0,7,1,30,,74747,8,0,23 26,1,70,,74733,8,0,7,1,30,,74750,8,0,35,1,70,,74734,8,0,7,1,30,,74748,8,0,23 26,1
300,'20260920',844,,74761,8,0,23 26,1,15,,74777,8,,,1,99,,74762,8,0,23 26,1,100,,74763,8,0,23 26,1,100,,74764,8,0,23 26,1,100,,74765,8,0,23 26,1,100,,74766,8,0,23 26,1,100,,74767,8,0,23 26,1,70,,74752,8,0,7,1,30,,74768,8,0,23 26,1,70,,74753,8,0,7,1,30,,74775,8,0,35,1,70,,74754,8,0,7,1,30,,74769,8,0,23 26,1,70,,74755,8,0,7,1,30,,74770,8,0,23 26,1,70,,74756,8,0,7,1,30,,74771,8,0,23 26,1,70,,74757,8,0,7,1,30,,74772,8,0,23 26,1,70,,74758,8,0,7,1,30,,74773,8,0,23 26,1,70,,74759,8,0,7,1,30,,74776,8,0,35,1,70,,74760,8,0,7,1,30,,74774,8,0,23 26,1
300,'20260921',644,,74793,8,0,7,1,70,,74778,8,0,7,1,30,,74794,8,0,7,1,70,,74779,8,0,7,1,30,,74795,8,0,7,1,15,,74815,8,0,35,1,55,,74780,8,0,7,1,30,,74810,8,0,35,1,70,,74781,8,0,7,1,30,,74797,8,0,23 26,1,70,,74782,8,0,7,1,30,,74798,8,0,23 26,1,70,,74783,8,0,7,1,30,,74811,8,0,35,1,70,,74784,8,0,7,1,30,,74799,8,0,23 26,1,70,,74785,8,0,7,1,30,,74800,8,0,23 26,1,70,,74786,8,0,7,1,30,,74812,8,0,35,1,70,,74787,8,0,7,1,30,,74805,8,0,27,1,70,,74806,8,0,27,1,30,,74796,8,0,7,1,70,,74788,8,0,7,1,30,,74801,8,0,23 26,1,70,,74789,8,0,7,1,30,,74802,8,0,23 26,1,70,,74790,8,0,7,1,30,,74803,8,0,23 26,1,70,,74791,8,0,7,1,30,,74813,8,0,35,1,70,,74792,8,0,7,1,30,,74814,8,0,35,1,100,,74804,8,0,23 26,1
300,'20260922',644,,74833,8,0,7,1,70,,74818,8,0,7,1,30,,74834,8,0,7,1,70,,74819,8,0,7,1,30,,74835,8,0,7,1,15,,74855,8,0,35,1,55,,74820,8,0,7,1,30,,74850,8,0,35,1,70,,74821,8,0,7,1,30,,74837,8,0,23 26,1,70,,74822,8,0,7,1,30,,74838,8,0,23 26,1,70,,74823,8,0,7,1,30,,74851,8,0,35,1,70,,74824,8,0,7,1,30,,74839,8,0,23 26,1,70,,74825,8,0,7,1,30,,74840,8,0,23 26,1,70,,74826,8,0,7,1,30,,74852,8,0,35,1,70,,74827,8,0,7,1,30,,74845,8,0,27,1,70,,74846,8,0,27,1,30,,74836,8,0,7,1,70,,74828,8,0,7,1,30,,74841,8,0,23 26,1,70,,74829,8,0,7,1,30,,74842,8,0,23 26,1,70,,74830,8,0,7,1,30,,74843,8,0,23 26,1,70,,74831,8,0,7,1,30,,74853,8,0,35,1,70,,74832,8,0,7,1,30,,74854,8,0,35,1,100,,74844,8,0,23 26,1
300,'20260923',644,,74873,8,0,7,1,70,,74858,8,0,7,1,30,,74874,8,0,7,1,70,,74859,8,0,7,1,30,,74875,8,0,7,1,15,,74895,8,0,35,1,55,,74860,8,0,7,1,30,,74890,8,0,35,1,70,,74861,8,0,7,1,30,,74877,8,0,23 26,1,70,,74862,8,0,7,1,30,,74878,8,0,23 26,1,70,,74863,8,0,7,1,30,,74891,8,0,35,1,70,,74864,8,0,7,1,30,,74879,8,0,23 26,1,70,,74865,8,0,7,1,30,,74880,8,0,23 26,1,70,,74866,8,0,7,1,30,,74892,8,0,35,1,70,,74867,8,0,7,1,30,,74885,8,0,27,1,70,,74886,8,0,27,1,30,,74876,8,0,7,1,70,,74868,8,0,7,1,30,,74881,8,0,23 26,1,70,,74869,8,0,7,1,30,,74882,8,0,23 26,1,70,,74870,8,0,7,1,30,,74883,8,0,23 26,1,70,,74871,8,0,7,1,30,,74893,8,0,35,1,70,,74872,8,0,7,1,30,,74894,8,0,35,1,100,,74884,8,0,23 26,1
300,'20260924',644,,74913,8,0,7,1,70,,74898,8,0,7,1,30,,74914,8,0,7,1,70,,74899,8,0,7,1,30,,74915,8,0,7,1,15,,74935,8,0,35,1,55,,74900,8,0,7,1,30,,74930,8,0,35,1,70,,74901,8,0,7,1,30,,74917,8,0,23 26,1,70,,74902,8,0,7,1,30,,74918,8,0,23 26,1,70,,74903,8,0,7,1,30,,74931,8,0,35,1,70,,74904,8,0,7,1,30,,74919,8,0,23 26,1,70,,74905,8,0,7,1,30,,74920,8,0,23 26,1,70,,74906,8,0,7,1,30,,74932,8,0,35,1,70,,74907,8,0,7,1,30,,74925,8,0,27,1,70,,74926,8,0,27,1,30,,74916,8,0,7,1,70,,74908,8,0,7,1,30,,74921,8,0,23 26,1,70,,74909,8,0,7,1,30,,74922,8,0,23 26,1,70,,74910,8,0,7,1,30,,74923,8,0,23 26,1,70,,74911,8,0,7,1,30,,74933,8,0,35,1,70,,74912,8,0,7,1,30,,74934,8,0,35,1,100,,74924,8,0,23 26,1
300,'20260925',644,,74953,8,0,7,1,70,,74938,8,0,7,1,30,,74954,8,0,7,1,70,,74939,8,0,7,1,30,,74955,8,0,7,1,15,,74975,8,0,35,1,55,,74940,8,0,7,1,30,,74970,8,0,35,1,70,,74941,8,0,7,1,30,,74957,8,0,23 26,1,70,,74942,8,0,7,1,30,,74958,8,0,23 26,1,70,,74943,8,0,7,1,30,,74971,8,0,35,1,70,,74944,8,0,7,1,30,,74959,8,0,23 26,1,70,,74945,8,0,7,1,30,,74960,8,0,23 26,1,70,,74946,8,0,7,1,30,,74972,8,0,35,1,70,,74947,8,0,7,1,30,,74965,8,0,27,1,70,,74966,8,0,27,1,30,,74956,8,0,7,1,70,,74948,8,0,7,1,30,,74961,8,0,23 26,1,70,,74949,8,0,7,1,30,,74962,8,0,23 26,1,70,,74950,8,0,7,1,30,,74963,8,0,23 26,1,70,,74951,8,0,7,1,30,,74973,8,0,35,1,70,,74952,8,0,7,1,30,,74974,8,0,35,1,100,,74964,8,0,23 26,1
300,'20260926',844,,74987,8,0,23 26,1,15,,75003,8,,,1,99,,74988,8,0,23 26,1,100,,74989,8,0,23 26,1,100,,74990,8,0,23 26,1,100,,74991,8,0,23 26,1,100,,74992,8,0,23 26,1,100,,74993,8,0,23 26,1,70,,74978,8,0,7,1,30,,74994,8,0,23 26,1,70,,74979,8,0,7,1,30,,75001,8,0,35,1,70,,74980,8,0,7,1,30,,74995,8,0,23 26,1,70,,74981,8,0,7,1,30,,74996,8,0,23 26,1,70,,74982,8,0,7,1,30,,74997,8,0,23 26,1,70,,74983,8,0,7,1,30,,74998,8,0,23 26,1,70,,74984,8,0,7,1,30,,74999,8,0,23 26,1,70,,74985,8,0,7,1,30,,75002,8,0,35,1,70,,74986,8,0,7,1,30,,75000,8,0,23 26,1
300,'20260927',844,,75013,8,0,23 26,1,15,,75029,8,,,1,99,,75014,8,0,23 26,1,100,,75015,8,0,23 26,1,100,,75016,8,0,23 26,1,100,,75017,8,0,23 26,1,100,,75018,8,0,23 26,1,100,,75019,8,0,23 26,1,70,,75004,8,0,7,1,30,,75020,8,0,23 26,1,70,,75005,8,0,7,1,30,,75027,8,0,35,1,70,,75006,8,0,7,1,30,,75021,8,0,23 26,1,70,,75007,8,0,7,1,30,,75022,8,0,23 26,1,70,,75008,8,0,7,1,30,,75023,8,0,23 26,1,70,,75009,8,0,7,1,30,,75024,8,0,23 26,1,70,,75010,8,0,7,1,30,,75025,8,0,23 26,1,70,,75011,8,0,7,1,30,,75028,8,0,35,1,70,,75012,8,0,7,1,30,,75026,8,0,23 26,1
300,'20260928',644,,75045,8,0,7,1,70,,75030,8,0,7,1,30,,75046,8,0,7,1,70,,75031,8,0,7,1,30,,75047,8,0,7,1,15,,75067,8,0,35,1,55,,75032,8,0,7,1,30,,75062,8,0,35,1,70,,75033,8,0,7,1,30,,75049,8,0,23 26,1,70,,75034,8,0,7,1,30,,75050,8,0,23 26,1,70,,75035,8,0,7,1,30,,75063,8,0,35,1,70,,75036,8,0,7,1,30,,75051,8,0,23 26,1,70,,75037,8,0,7,1,30,,75052,8,0,23 26,1,70,,75038,8,0,7,1,30,,75064,8,0,35,1,70,,75039,8,0,7,1,30,,75057,8,0,27,1,70,,75058,8,0,27,1,30,,75048,8,0,7,1,70,,75040,8,0,7,1,30,,75053,8,0,23 26,1,70,,75041,8,0,7,1,30,,75054,8,0,23 26,1,70,,75042,8,0,7,1,30,,75055,8,0,23 26,1,70,,75043,8,0,7,1,30,,75065,8,0,35,1,70,,75044,8,0,7,1,30,,75066,8,0,35,1,100,,75056,8,0,23 26,1
300,'20260929',644,,75085,8,0,7,1,70,,75070,8,0,7,1,30,,75086,8,0,7,1,70,,75071,8,0,7,1,30,,75087,8,0,7,1,15,,75107,8,0,35,1,55,,75072,8,0,7,1,30,,75102,8,0,35,1,70,,75073,8,0,7,1,30,,75089,8,0,23 26,1,70,,75074,8,0,7,1,30,,75090,8,0,23 26,1,70,,75075,8,0,7,1,30,,75103,8,0,35,1,70,,75076,8,0,7,1,30,,75091,8,0,23 26,1,70,,75077,8,0,7,1,30,,75092,8,0,23 26,1,70,,75078,8,0,7,1,30,,75104,8,0,35,1,70,,75079,8,0,7,1,30,,75097,8,0,27,1,70,,75098,8,0,27,1,30,,75088,8,0,7,1,70,,75080,8,0,7,1,30,,75093,8,0,23 26,1,70,,75081,8,0,7,1,30,,75094,8,0,23 26,1,70,,75082,8,0,7,1,30,,75095,8,0,23 26,1,70,,75083,8,0,7,1,30,,75105,8,0,35,1,70,,75084,8,0,7,1,30,,75106,8,0,35,1,100,,75096,8,0,23 26,1
300,'20260930',644,,75125,8,0,7,1,70,,75110,8,0,7,1,30,,75126,8,0,7,1,70,,75111,8,0,7,1,30,,75127,8,0,7,1,15,,75147,8,0,35,1,55,,75112,8,0,7,1,30,,75142,8,0,35,1,70,,75113,8,0,7,1,30,,75129,8,0,23 26,1,70,,75114,8,0,7,1,30,,75130,8,0,23 26,1,70,,75115,8,0,7,1,30,,75143,8,0,35,1,70,,75116,8,0,7,1,30,,75131,8,0,23 26,1,70,,75117,8,0,7,1,30,,75132,8,0,23 26,1,70,,75118,8,0,7,1,30,,75144,8,0,35,1,70,,75119,8,0,7,1,30,,75137,8,0,27,1,70,,75138,8,0,27,1,30,,75128,8,0,7,1,70,,75120,8,0,7,1,30,,75133,8,0,23 26,1,70,,75121,8,0,7,1,30,,75134,8,0,23 26,1,70,,75122,8,0,7,1,30,,75135,8,0,23 26,1,70,,75123,8,0,7,1,30,,75145,8,0,35,1,70,,75124,8,0,7,1,30,,75146,8,0,35,1,100,,75136,8,0,23 26,1
300,'20261001',644,,75165,8,0,7,1,70,,75150,8,0,7,1,30,,75166,8,0,7,1,70,,75151,8,0,7,1,30,,75167,8,0,7,1,15,,75187,8,0,35,1,55,,75152,8,0,7,1,30,,75182,8,0,35,1,70,,75153,8,0,7,1,30,,75169,8,0,23 26,1,70,,75154,8,0,7,1,30,,75170,8,0,23 26,1,70,,75155,8,0,7,1,30,,75183,8,0,35,1,70,,75156,8,0,7,1,30,,75171,8,0,23 26,1,70,,75157,8,0,7,1,30,,75172,8,0,23 26,1,70,,75158,8,0,7,1,30,,75184,8,0,35,1,70,,75159,8,0,7,1,30,,75177,8,0,27,1,70,,75178,8,0,27,1,30,,75168,8,0,7,1,70,,75160,8,0,7,1,30,,75173,8,0,23 26,1,70,,75161,8,0,7,1,30,,75174,8,0,23 26,1,70,,75162,8,0,7,1,30,,75175,8,0,23 26,1,70,,75163,8,0,7,1,30,,75185,8,0,35,1,70,,75164,8,0,7,1,30,,75186,8,0,35,1,100,,75176,8,0,23 26,1
300,'20261002',644,,75205,8,0,7,1,70,,75190,8,0,7,1,30,,75206,8,0,7,1,70,,75191,8,0,7,1,30,,75207,8,0,7,1,15,,75227,8,0,35,1,55,,75192,8,0,7,1,30,,75222,8,0,35,1,70,,75193,8,0,7,1,30,,75209,8,0,23 26,1,70,,75194,8,0,7,1,30,,75210,8,0,23 26,1,70,,75195,8,0,7,1,30,,75223,8,0,35,1,70,,75196,8,0,7,1,30,,75211,8,0,23 26,1,70,,75197,8,0,7,1,30,,75212,8,0,23 26,1,70,,75198,8,0,7,1,30,,75224,8,0,35,1,70,,75199,8,0,7,1,30,,75217,8,0,27,1,70,,75218,8,0,27,1,30,,75208,8,0,7,1,70,,75200,8,0,7,1,30,,75213,8,0,23 26,1,70,,75201,8,0,7,1,30,,75214,8,0,23 26,1,70,,75202,8,0,7,1,30,,75215,8,0,23 26,1,70,,75203,8,0,7,1,30,,75225,8,0,35,1,70,,75204,8,0,7,1,30,,75226,8,0,35,1,100,,75216,8,0,23 26,1
300,'20261003',844,,75239,8,0,23 26,1,15,,75255,8,,,1,99,,75240,8,0,23 26,1,100,,75241,8,0,23 26,1,100,,75242,8,0,23 26,1,100,,75243,8,0,23 26,1,100,,75244,8,0,23 26,1,100,,75245,8,0,23 26,1,70,,75230,8,0,7,1,30,,75246,8,0,23 26,1,70,,75231,8,0,7,1,30,,75253,8,0,35,1,70,,75232,8,0,7,1,30,,75247,8,0,23 26,1,70,,75233,8,0,7,1,30,,75248,8,0,23 26,1,70,,75234,8,0,7,1,30,,75249,8,0,23 26,1,70,,75235,8,0,7,1,30,,75250,8,0,23 26,1,70,,75236,8,0,7,1,30,,75251,8,0,23 26,1,70,,75237,8,0,7,1,30,,75254,8,0,35,1,70,,75238,8,0,7,1,30,,75252,8,0,23 26,1
300,'20261004',844,,75265,8,0,23 26,1,15,,75281,8,,,1,99,,75266,8,0,23 26,1,100,,75267,8,0,23 26,1,100,,75268,8,0,23 26,1,100,,75269,8,0,23 26,1,100,,75270,8,0,23 26,1,100,,75271,8,0,23 26,1,70,,75256,8,0,7,1,30,,75272,8,0,23 26,1,70,,75257,8,0,7,1,30,,75279,8,0,35,1,70,,75258,8,0,7,1,30,,75273,8,0,23 26,1,70,,75259,8,0,7,1,30,,75274,8,0,23 26,1,70,,75260,8,0,7,1,30,,75275,8,0,23 26,1,70,,75261,8,0,7,1,30,,75276,8,0,23 26,1,70,,75262,8,0,7,1,30,,75277,8,0,23 26,1,70,,75263,8,0,7,1,30,,75280,8,0,35,1,70,,75264,8,0,7,1,30,,75278,8,0,23 26,1
300,'20261005',644,,75297,8,0,7,1,70,,75282,8,0,7,1,30,,75298,8,0,7,1,70,,75283,8,0,7,1,30,,75299,8,0,7,1,15,,75319,8,0,35,1,55,,75284,8,0,7,1,30,,75314,8,0,35,1,70,,75285,8,0,7,1,30,,75301,8,0,23 26,1,70,,75286,8,0,7,1,30,,75302,8,0,23 26,1,70,,75287,8,0,7,1,30,,75315,8,0,35,1,70,,75288,8,0,7,1,30,,75303,8,0,23 26,1,70,,75289,8,0,7,1,30,,75304,8,0,23 26,1,70,,75290,8,0,7,1,30,,75316,8,0,35,1,70,,75291,8,0,7,1,30,,75309,8,0,27,1,70,,75310,8,0,27,1,30,,75300,8,0,7,1,70,,75292,8,0,7,1,30,,75305,8,0,23 26,1,70,,75293,8,0,7,1,30,,75306,8,0,23 26,1,70,,75294,8,0,7,1,30,,75307,8,0,23 26,1,70,,75295,8,0,7,1,30,,75317,8,0,35,1,70,,75296,8,0,7,1,30,,75318,8,0,35,1,100,,75308,8,0,23 26,1
300,'20261006',644,,75337,8,0,7,1,70,,75322,8,0,7,1,30,,75338,8,0,7,1,70,,75323,8,0,7,1,30,,75339,8,0,7,1,15,,75359,8,0,35,1,55,,75324,8,0,7,1,30,,75354,8,0,35,1,70,,75325,8,0,7,1,30,,75341,8,0,23 26,1,70,,75326,8,0,7,1,30,,75342,8,0,23 26,1,70,,75327,8,0,7,1,30,,75355,8,0,35,1,70,,75328,8,0,7,1,30,,75343,8,0,23 26,1,70,,75329,8,0,7,1,30,,75344,8,0,23 26,1,70,,75330,8,0,7,1,30,,75356,8,0,35,1,70,,75331,8,0,7,1,30,,75349,8,0,27,1,70,,75350,8,0,27,1,30,,75340,8,0,7,1,70,,75332,8,0,7,1,30,,75345,8,0,23 26,1,70,,75333,8,0,7,1,30,,75346,8,0,23 26,1,70,,75334,8,0,7,1,30,,75347,8,0,23 26,1,70,,75335,8,0,7,1,30,,75357,8,0,35,1,70,,75336,8,0,7,1,30,,75358,8,0,35,1,100,,75348,8,0,23 26,1
300,'20261007',644,,75377,8,0,7,1,70,,75362,8,0,7,1,30,,75378,8,0,7,1,70,,75363,8,0,7,1,30,,75379,8,0,7,1,15,,75399,8,0,35,1,55,,75364,8,0,7,1,30,,75394,8,0,35,1,70,,75365,8,0,7,1,30,,75381,8,0,23 26,1,70,,75366,8,0,7,1,30,,75382,8,0,23 26,1,70,,75367,8,0,7,1,30,,75395,8,0,35,1,70,,75368,8,0,7,1,30,,75383,8,0,23 26,1,70,,75369,8,0,7,1,30,,75384,8,0,23 26,1,70,,75370,8,0,7,1,30,,75396,8,0,35,1,70,,75371,8,0,7,1,30,,75389,8,0,27,1,70,,75390,8,0,27,1,30,,75380,8,0,7,1,70,,75372,8,0,7,1,30,,75385,8,0,23 26,1,70,,75373,8,0,7,1,30,,75386,8,0,23 26,1,70,,75374,8,0,7,1,30,,75387,8,0,23 26,1,70,,75375,8,0,7,1,30,,75397,8,0,35,1,70,,75376,8,0,7,1,30,,75398,8,0,35,1,100,,75388,8,0,23 26,1
300,'20261008',644,,75417,8,0,7,1,70,,75402,8,0,7,1,30,,75418,8,0,7,1,70,,75403,8,0,7,1,30,,75419,8,0,7,1,15,,75439,8,0,35,1,55,,75404,8,0,7,1,30,,75434,8,0,35,1,70,,75405,8,0,7,1,30,,75421,8,0,23 26,1,70,,75406,8,0,7,1,30,,75422,8,0,23 26,1,70,,75407,8,0,7,1,30,,75435,8,0,35,1,70,,75408,8,0,7,1,30,,75423,8,0,23 26,1,70,,75409,8,0,7,1,30,,75424,8,0,23 26,1,70,,75410,8,0,7,1,30,,75436,8,0,35,1,70,,75411,8,0,7,1,30,,75429,8,0,27,1,70,,75430,8,0,27,1,30,,75420,8,0,7,1,70,,75412,8,0,7,1,30,,75425,8,0,23 26,1,70,,75413,8,0,7,1,30,,75426,8,0,23 26,1,70,,75414,8,0,7,1,30,,75427,8,0,23 26,1,70,,75415,8,0,7,1,30,,75437,8,0,35,1,70,,75416,8,0,7,1,30,,75438,8,0,35,1,100,,75428,8,0,23 26,1
300,'20261009',644,,75457,8,0,7,1,70,,75442,8,0,7,1,30,,75458,8,0,7,1,70,,75443,8,0,7,1,30,,75459,8,0,7,1,15,,75479,8,0,35,1,55,,75444,8,0,7,1,30,,75474,8,0,35,1,70,,75445,8,0,7,1,30,,75461,8,0,23 26,1,70,,75446,8,0,7,1,30,,75462,8,0,23 26,1,70,,75447,8,0,7,1,30,,75475,8,0,35,1,70,,75448,8,0,7,1,30,,75463,8,0,23 26,1,70,,75449,8,0,7,1,30,,75464,8,0,23 26,1,70,,75450,8,0,7,1,30,,75476,8,0,35,1,70,,75451,8,0,7,1,30,,75469,8,0,27,1,70,,75470,8,0,27,1,30,,75460,8,0,7,1,70,,75452,8,0,7,1,30,,75465,8,0,23 26,1,70,,75453,8,0,7,1,30,,75466,8,0,23 26,1,70,,75454,8,0,7,1,30,,75467,8,0,23 26,1,70,,75455,8,0,7,1,30,,75477,8,0,35,1,70,,75456,8,0,7,1,30,,75478,8,0,35,1,100,,75468,8,0,23 26,1
300,'20261010',844,,75491,8,0,23 26,1,15,,75507,8,,,1,99,,75492,8,0,23 26,1,100,,75493,8,0,23 26,1,100,,75494,8,0,23 26,1,100,,75495,8,0,23 26,1,100,,75496,8,0,23 26,1,100,,75497,8,0,23 26,1,70,,75482,8,0,7,1,30,,75498,8,0,23 26,1,70,,75483,8,0,7,1,30,,75505,8,0,35,1,70,,75484,8,0,7,1,30,,75499,8,0,23 26,1,70,,75485,8,0,7,1,30,,75500,8,0,23 26,1,70,,75486,8,0,7,1,30,,75501,8,0,23 26,1,70,,75487,8,0,7,1,30,,75502,8,0,23 26,1,70,,75488,8,0,7,1,30,,75503,8,0,23 26,1,70,,75489,8,0,7,1,30,,75506,8,0,35,1,70,,75490,8,0,7,1,30,,75504,8,0,23 26,1
300,'20261011',844,,75517,8,0,23 26,1,15,,75533,8,,,1,99,,75518,8,0,23 26,1,100,,75519,8,0,23 26,1,100,,75520,8,0,23 26,1,100,,75521,8,0,23 26,1,100,,75522,8,0,23 26,1,100,,75523,8,0,23 26,1,70,,75508,8,0,7,1,30,,75524,8,0,23 26,1,70,,75509,8,0,7,1,30,,75531,8,0,35,1,70,,75510,8,0,7,1,30,,75525,8,0,23 26,1,70,,75511,8,0,7,1,30,,75526,8,0,23 26,1,70,,75512,8,0,7,1,30,,75527,8,0,23 26,1,70,,75513,8,0,7,1,30,,75528,8,0,23 26,1,70,,75514,8,0,7,1,30,,75529,8,0,23 26,1,70,,75515,8,0,7,1,30,,75532,8,0,35,1,70,,75516,8,0,7,1,30,,75530,8,0,23 26,1
300,'20261012',644,,75549,8,0,7,1,70,,75534,8,0,7,1,30,,75550,8,0,7,1,70,,75535,8,0,7,1,30,,75551,8,0,7,1,15,,75571,8,0,35,1,55,,75536,8,0,7,1,30,,75566,8,0,35,1,70,,75537,8,0,7,1,30,,75553,8,0,23 26,1,70,,75538,8,0,7,1,30,,75554,8,0,23 26,1,70,,75539,8,0,7,1,30,,75567,8,0,35,1,70,,75540,8,0,7,1,30,,75555,8,0,23 26,1,70,,75541,8,0,7,1,30,,75556,8,0,23 26,1,70,,75542,8,0,7,1,30,,75568,8,0,35,1,70,,75543,8,0,7,1,30,,75561,8,0,27,1,70,,75562,8,0,27,1,30,,75552,8,0,7,1,70,,75544,8,0,7,1,30,,75557,8,0,23 26,1,70,,75545,8,0,7,1,30,,75558,8,0,23 26,1,70,,75546,8,0,7,1,30,,75559,8,0,23 26,1,70,,75547,8,0,7,1,30,,75569,8,0,35,1,70,,75548,8,0,7,1,30,,75570,8,0,35,1,100,,75560,8,0,23 26,1
300,'20261013',644,,75589,8,0,7,1,70,,75574,8,0,7,1,30,,75590,8,0,7,1,70,,75575,8,0,7,1,30,,75591,8,0,7,1,15,,75611,8,0,35,1,55,,75576,8,0,7,1,30,,75606,8,0,35,1,70,,75577,8,0,7,1,30,,75593,8,0,23 26,1,70,,75578,8,0,7,1,30,,75594,8,0,23 26,1,70,,75579,8,0,7,1,30,,75607,8,0,35,1,70,,75580,8,0,7,1,30,,75595,8,0,23 26,1,70,,75581,8,0,7,1,30,,75596,8,0,23 26,1,70,,75582,8,0,7,1,30,,75608,8,0,35,1,70,,75583,8,0,7,1,30,,75601,8,0,27,1,70,,75602,8,0,27,1,30,,75592,8,0,7,1,70,,75584,8,0,7,1,30,,75597,8,0,23 26,1,70,,75585,8,0,7,1,30,,75598,8,0,23 26,1,70,,75586,8,0,7,1,30,,75599,8,0,23 26,1,70,,75587,8,0,7,1,30,,75609,8,0,35,1,70,,75588,8,0,7,1,30,,75610,8,0,35,1,100,,75600,8,0,23 26,1
300,'20261014',644,,75629,8,0,7,1,70,,75614,8,0,7,1,30,,75630,8,0,7,1,70,,75615,8,0,7,1,30,,75631,8,0,7,1,15,,75651,8,0,35,1,55,,75616,8,0,7,1,30,,75646,8,0,35,1,70,,75617,8,0,7,1,30,,75633,8,0,23 26,1,70,,75618,8,0,7,1,30,,75634,8,0,23 26,1,70,,75619,8,0,7,1,30,,75647,8,0,35,1,70,,75620,8,0,7,1,30,,75635,8,0,23 26,1,70,,75621,8,0,7,1,30,,75636,8,0,23 26,1,70,,75622,8,0,7,1,30,,75648,8,0,35,1,70,,75623,8,0,7,1,30,,75641,8,0,27,1,70,,75642,8,0,27,1,30,,75632,8,0,7,1,70,,75624,8,0,7,1,30,,75637,8,0,23 26,1,70,,75625,8,0,7,1,30,,75638,8,0,23 26,1,70,,75626,8,0,7,1,30,,75639,8,0,23 26,1,70,,75627,8,0,7,1,30,,75649,8,0,35,1,70,,75628,8,0,7,1,30,,75650,8,0,35,1,100,,75640,8,0,23 26,1
300,'20261015',644,,75669,8,0,7,1,70,,75654,8,0,7,1,30,,75670,8,0,7,1,70,,75655,8,0,7,1,30,,75671,8,0,7,1,15,,75691,8,0,35,1,55,,75656,8,0,7,1,30,,75686,8,0,35,1,70,,75657,8,0,7,1,30,,75673,8,0,23 26,1,70,,75658,8,0,7,1,30,,75674,8,0,23 26,1,70,,75659,8,0,7,1,30,,75687,8,0,35,1,70,,75660,8,0,7,1,30,,75675,8,0,23 26,1,70,,75661,8,0,7,1,30,,75676,8,0,23 26,1,70,,75662,8,0,7,1,30,,75688,8,0,35,1,70,,75663,8,0,7,1,30,,75681,8,0,27,1,70,,75682,8,0,27,1,30,,75672,8,0,7,1,70,,75664,8,0,7,1,30,,75677,8,0,23 26,1,70,,75665,8,0,7,1,30,,75678,8,0,23 26,1,70,,75666,8,0,7,1,30,,75679,8,0,23 26,1,70,,75667,8,0,7,1,30,,75689,8,0,35,1,70,,75668,8,0,7,1,30,,75690,8,0,35,1,100,,75680,8,0,23 26,1
300,'20261016',644,,75709,8,0,7,1,70,,75694,8,0,7,1,30,,75710,8,0,7,1,70,,75695,8,0,7,1,30,,75711,8,0,7,1,15,,75731,8,0,35,1,55,,75696,8,0,7,1,30,,75726,8,0,35,1,70,,75697,8,0,7,1,30,,75713,8,0,23 26,1,70,,75698,8,0,7,1,30,,75714,8,0,23 26,1,70,,75699,8,0,7,1,30,,75727,8,0,35,1,70,,75700,8,0,7,1,30,,75715,8,0,23 26,1,70,,75701,8,0,7,1,30,,75716,8,0,23 26,1,70,,75702,8,0,7,1,30,,75728,8,0,35,1,70,,75703,8,0,7,1,30,,75721,8,0,27,1,70,,75722,8,0,27,1,30,,75712,8,0,7,1,70,,75704,8,0,7,1,30,,75717,8,0,23 26,1,70,,75705,8,0,7,1,30,,75718,8,0,23 26,1,70,,75706,8,0,7,1,30,,75719,8,0,23 26,1,70,,75707,8,0,7,1,30,,75729,8,0,35,1,70,,75708,8,0,7,1,30,,75730,8,0,35,1,100,,75720,8,0,23 26,1
300,'20261017',844,,75743,8,0,23 26,1,15,,75759,8,,,1,99,,75744,8,0,23 26,1,100,,75745,8,0,23 26,1,100,,75746,8,0,23 26,1,100,,75747,8,0,23 26,1,100,,75748,8,0,23 26,1,100,,75749,8,0,23 26,1,70,,75734,8,0,7,1,30,,75750,8,0,23 26,1,70,,75735,8,0,7,1,30,,75757,8,0,35,1,70,,75736,8,0,7,1,30,,75751,8,0,23 26,1,70,,75737,8,0,7,1,30,,75752,8,0,23 26,1,70,,75738,8,0,7,1,30,,75753,8,0,23 26,1,70,,75739,8,0,7,1,30,,75754,8,0,23 26,1,70,,75740,8,0,7,1,30,,75755,8,0,23 26,1,70,,75741,8,0,7,1,30,,75758,8,0,35,1,70,,75742,8,0,7,1,30,,75756,8,0,23 26,1
300,'20261018',844,,75769,8,0,23 26,1,15,,75785,8,,,1,99,,75770,8,0,23 26,1,100,,75771,8,0,23 26,1,100,,75772,8,0,23 26,1,100,,75773,8,0,23 26,1,100,,75774,8,0,23 26,1,100,,75775,8,0,23 26,1,70,,75760,8,0,7,1,30,,75776,8,0,23 26,1,70,,75761,8,0,7,1,30,,75783,8,0,35,1,70,,75762,8,0,7,1,30,,75777,8,0,23 26,1,70,,75763,8,0,7,1,30,,75778,8,0,23 26,1,70,,75764,8,0,7,1,30,,75779,8,0,23 26,1,70,,75765,8,0,7,1,30,,75780,8,0,23 26,1,70,,75766,8,0,7,1,30,,75781,8,0,23 26,1,70,,75767,8,0,7,1,30,,75784,8,0,35,1,70,,75768,8,0,7,1,30,,75782,8,0,23 26,1
300,'20261019',644,,75801,8,0,7,1,70,,75786,8,0,7,1,30,,75802,8,0,7,1,70,,75787,8,0,7,1,30,,75803,8,0,7,1,15,,75823,8,0,35,1,55,,75788,8,0,7,1,30,,75818,8,0,35,1,70,,75789,8,0,7,1,30,,75805,8,0,23 26,1,70,,75790,8,0,7,1,30,,75806,8,0,23 26,1,70,,75791,8,0,7,1,30,,75819,8,0,35,1,70,,75792,8,0,7,1,30,,75807,8,0,23 26,1,70,,75793,8,0,7,1,30,,75808,8,0,23 26,1,70,,75794,8,0,7,1,30,,75820,8,0,35,1,70,,75795,8,0,7,1,30,,75813,8,0,27,1,70,,75814,8,0,27,1,30,,75804,8,0,7,1,70,,75796,8,0,7,1,30,,75809,8,0,23 26,1,70,,75797,8,0,7,1,30,,75810,8,0,23 26,1,70,,75798,8,0,7,1,30,,75811,8,0,23 26,1,70,,75799,8,0,7,1,30,,75821,8,0,35,1,70,,75800,8,0,7,1,30,,75822,8,0,35,1,100,,75812,8,0,23 26,1
300,'20261020',644,,75841,8,0,7,1,70,,75826,8,0,7,1,30,,75842,8,0,7,1,70,,75827,8,0,7,1,30,,75843,8,0,7,1,15,,75863,8,0,35,1,55,,75828,8,0,7,1,30,,75858,8,0,35,1,70,,75829,8,0,7,1,30,,75845,8,0,23 26,1,70,,75830,8,0,7,1,30,,75846,8,0,23 26,1,70,,75831,8,0,7,1,30,,75859,8,0,35,1,70,,75832,8,0,7,1,30,,75847,8,0,23 26,1,70,,75833,8,0,7,1,30,,75848,8,0,23 26,1,70,,75834,8,0,7,1,30,,75860,8,0,35,1,70,,75835,8,0,7,1,30,,75853,8,0,27,1,70,,75854,8,0,27,1,30,,75844,8,0,7,1,70,,75836,8,0,7,1,30,,75849,8,0,23 26,1,70,,75837,8,0,7,1,30,,75850,8,0,23 26,1,70,,75838,8,0,7,1,30,,75851,8,0,23 26,1,70,,75839,8,0,7,1,30,,75861,8,0,35,1,70,,75840,8,0,7,1,30,,75862,8,0,35,1,100,,75852,8,0,23 26,1
300,'20261021',644,,75881,8,0,7,1,70,,75866,8,0,7,1,30,,75882,8,0,7,1,70,,75867,8,0,7,1,30,,75883,8,0,7,1,15,,75903,8,0,35,1,55,,75868,8,0,7,1,30,,75898,8,0,35,1,70,,75869,8,0,7,1,30,,75885,8,0,23 26,1,70,,75870,8,0,7,1,30,,75886,8,0,23 26,1,70,,75871,8,0,7,1,30,,75899,8,0,35,1,70,,75872,8,0,7,1,30,,75887,8,0,23 26,1,70,,75873,8,0,7,1,30,,75888,8,0,23 26,1,70,,75874,8,0,7,1,30,,75900,8,0,35,1,70,,75875,8,0,7,1,30,,75893,8,0,27,1,70,,75894,8,0,27,1,30,,75884,8,0,7,1,70,,75876,8,0,7,1,30,,75889,8,0,23 26,1,70,,75877,8,0,7,1,30,,75890,8,0,23 26,1,70,,75878,8,0,7,1,30,,75891,8,0,23 26,1,70,,75879,8,0,7,1,30,,75901,8,0,35,1,70,,75880,8,0,7,1,30,,75902,8,0,35,1,100,,75892,8,0,23 26,1
300,'20261022',644,,75921,8,0,7,1,70,,75906,8,0,7,1,30,,75922,8,0,7,1,70,,75907,8,0,7,1,30,,75923,8,0,7,1,15,,75943,8,0,35,1,55,,75908,8,0,7,1,30,,75938,8,0,35,1,70,,75909,8,0,7,1,30,,75925,8,0,23 26,1,70,,75910,8,0,7,1,30,,75926,8,0,23 26,1,70,,75911,8,0,7,1,30,,75939,8,0,35,1,70,,75912,8,0,7,1,30,,75927,8,0,23 26,1,70,,75913,8,0,7,1,30,,75928,8,0,23 26,1,70,,75914,8,0,7,1,30,,75940,8,0,35,1,70,,75915,8,0,7,1,30,,75933,8,0,27,1,70,,75934,8,0,27,1,30,,75924,8,0,7,1,70,,75916,8,0,7,1,30,,75929,8,0,23 26,1,70,,75917,8,0,7,1,30,,75930,8,0,23 26,1,70,,75918,8,0,7,1,30,,75931,8,0,23 26,1,70,,75919,8,0,7,1,30,,75941,8,0,35,1,70,,75920,8,0,7,1,30,,75942,8,0,35,1,100,,75932,8,0,23 26,1
300,'20261023',644,,75961,8,0,7,1,70,,75946,8,0,7,1,30,,75962,8,0,7,1,70,,75947,8,0,7,1,30,,75963,8,0,7,1,15,,75983,8,0,35,1,55,,75948,8,0,7,1,30,,75978,8,0,35,1,70,,75949,8,0,7,1,30,,75965,8,0,23 26,1,70,,75950,8,0,7,1,30,,75966,8,0,23 26,1,70,,75951,8,0,7,1,30,,75979,8,0,35,1,70,,75952,8,0,7,1,30,,75967,8,0,23 26,1,70,,75953,8,0,7,1,30,,75968,8,0,23 26,1,70,,75954,8,0,7,1,30,,75980,8,0,35,1,70,,75955,8,0,7,1,30,,75973,8,0,27,1,70,,75974,8,0,27,1,30,,75964,8,0,7,1,70,,75956,8,0,7,1,30,,75969,8,0,23 26,1,70,,75957,8,0,7,1,30,,75970,8,0,23 26,1,70,,75958,8,0,7,1,30,,75971,8,0,23 26,1,70,,75959,8,0,7,1,30,,75981,8,0,35,1,70,,75960,8,0,7,1,30,,75982,8,0,35,1,100,,75972,8,0,23 26,1
300,'20261024',844,,75995,8,0,23 26,1,15,,76011,8,,,1,99,,75996,8,0,23 26,1,100,,75997,8,0,23 26,1,100,,75998,8,0,23 26,1,100,,75999,8,0,23 26,1,100,,76000,8,0,23 26,1,100,,76001,8,0,23 26,1,70,,75986,8,0,7,1,30,,76002,8,0,23 26,1,70,,75987,8,0,7,1,30,,76009,8,0,35,1,70,,75988,8,0,7,1,30,,76003,8,0,23 26,1,70,,75989,8,0,7,1,30,,76004,8,0,23 26,1,70,,75990,8,0,7,1,30,,76005,8,0,23 26,1,70,,75991,8,0,7,1,30,,76006,8,0,23 26,1,70,,75992,8,0,7,1,30,,76007,8,0,23 26,1,70,,75993,8,0,7,1,30,,76010,8,0,35,1,70,,75994,8,0,7,1,30,,76008,8,0,23 26,1
300,'20261025',844,,76021,8,0,23 26,1,15,,76037,8,,,1,99,,76022,8,0,23 26,1,100,,76023,8,0,23 26,1,100,,76024,8,0,23 26,1,100,,76025,8,0,23 26,1,100,,76026,8,0,23 26,1,100,,76027,8,0,23 26,1,70,,76012,8,0,7,1,30,,76028,8,0,23 26,1,70,,76013,8,0,7,1,30,,76035,8,0,35,1,70,,76014,8,0,7,1,30,,76029,8,0,23 26,1,70,,76015,8,0,7,1,30,,76030,8,0,23 26,1,70,,76016,8,0,7,1,30,,76031,8,0,23 26,1,70,,76017,8,0,7,1,30,,76032,8,0,23 26,1,70,,76018,8,0,7,1,30,,76033,8,0,23 26,1,70,,76019,8,0,7,1,30,,76036,8,0,35,1,70,,76020,8,0,7,1,30,,76034,8,0,23 26,1
300,'20261026',644,,76053,8,0,7,1,70,,76038,8,0,7,1,30,,76054,8,0,7,1,70,,76039,8,0,7,1,30,,76055,8,0,7,1,15,,76075,8,0,35,1,55,,76040,8,0,7,1,30,,76070,8,0,35,1,70,,76041,8,0,7,1,30,,76057,8,0,23 26,1,70,,76042,8,0,7,1,30,,76058,8,0,23 26,1,70,,76043,8,0,7,1,30,,76071,8,0,35,1,70,,76044,8,0,7,1,30,,76059,8,0,23 26,1,70,,76045,8,0,7,1,30,,76060,8,0,23 26,1,70,,76046,8,0,7,1,30,,76072,8,0,35,1,70,,76047,8,0,7,1,30,,76065,8,0,27,1,70,,76066,8,0,27,1,30,,76056,8,0,7,1,70,,76048,8,0,7,1,30,,76061,8,0,23 26,1,70,,76049,8,0,7,1,30,,76062,8,0,23 26,1,70,,76050,8,0,7,1,30,,76063,8,0,23 26,1,70,,76051,8,0,7,1,30,,76073,8,0,35,1,70,,76052,8,0,7,1,30,,76074,8,0,35,1,100,,76064,8,0,23 26,1
300,'20261027',644,,76093,8,0,7,1,70,,76078,8,0,7,1,30,,76094,8,0,7,1,70,,76079,8,0,7,1,30,,76095,8,0,7,1,15,,76115,8,0,35,1,55,,76080,8,0,7,1,30,,76110,8,0,35,1,70,,76081,8,0,7,1,30,,76097,8,0,23 26,1,70,,76082,8,0,7,1,30,,76098,8,0,23 26,1,70,,76083,8,0,7,1,30,,76111,8,0,35,1,70,,76084,8,0,7,1,30,,76099,8,0,23 26,1,70,,76085,8,0,7,1,30,,76100,8,0,23 26,1,70,,76086,8,0,7,1,30,,76112,8,0,35,1,70,,76087,8,0,7,1,30,,76105,8,0,27,1,70,,76106,8,0,27,1,30,,76096,8,0,7,1,70,,76088,8,0,7,1,30,,76101,8,0,23 26,1,70,,76089,8,0,7,1,30,,76102,8,0,23 26,1,70,,76090,8,0,7,1,30,,76103,8,0,23 26,1,70,,76091,8,0,7,1,30,,76113,8,0,35,1,70,,76092,8,0,7,1,30,,76114,8,0,35,1,100,,76104,8,0,23 26,1
300,'20261028',644,,76133,8,0,7,1,70,,76118,8,0,7,1,30,,76134,8,0,7,1,70,,76119,8,0,7,1,30,,76135,8,0,7,1,15,,76155,8,0,35,1,55,,76120,8,0,7,1,30,,76150,8,0,35,1,70,,76121,8,0,7,1,30,,76137,8,0,23 26,1,70,,76122,8,0,7,1,30,,76138,8,0,23 26,1,70,,76123,8,0,7,1,30,,76151,8,0,35,1,70,,76124,8,0,7,1,30,,76139,8,0,23 26,1,70,,76125,8,0,7,1,30,,76140,8,0,23 26,1,70,,76126,8,0,7,1,30,,76152,8,0,35,1,70,,76127,8,0,7,1,30,,76145,8,0,27,1,70,,76146,8,0,27,1,30,,76136,8,0,7,1,70,,76128,8,0,7,1,30,,76141,8,0,23 26,1,70,,76129,8,0,7,1,30,,76142,8,0,23 26,1,70,,76130,8,0,7,1,30,,76143,8,0,23 26,1,70,,76131,8,0,7,1,30,,76153,8,0,35,1,70,,76132,8,0,7,1,30,,76154,8,0,35,1,100,,76144,8,0,23 26,1
300,'20261029',644,,76173,8,0,7,1,70,,76158,8,0,7,1,30,,76174,8,0,7,1,70,,76159,8,0,7,1,30,,76175,8,0,7,1,15,,76195,8,0,35,1,55,,76160,8,0,7,1,30,,76190,8,0,35,1,70,,76161,8,0,7,1,30,,76177,8,0,23 26,1,70,,76162,8,0,7,1,30,,76178,8,0,23 26,1,70,,76163,8,0,7,1,30,,76191,8,0,35,1,70,,76164,8,0,7,1,30,,76179,8,0,23 26,1,70,,76165,8,0,7,1,30,,76180,8,0,23 26,1,70,,76166,8,0,7,1,30,,76192,8,0,35,1,70,,76167,8,0,7,1,30,,76185,8,0,27,1,70,,76186,8,0,27,1,30,,76176,8,0,7,1,70,,76168,8,0,7,1,30,,76181,8,0,23 26,1,70,,76169,8,0,7,1,30,,76182,8,0,23 26,1,70,,76170,8,0,7,1,30,,76183,8,0,23 26,1,70,,76171,8,0,7,1,30,,76193,8,0,35,1,70,,76172,8,0,7,1,30,,76194,8,0,35,1,100,,76184,8,0,23 26,1
300,'20261030',644,,76213,8,0,7,1,70,,76198,8,0,7,1,30,,76214,8,0,7,1,70,,76199,8,0,7,1,30,,76215,8,0,7,1,15,,76235,8,0,35,1,55,,76200,8,0,7,1,30,,76230,8,0,35,1,70,,76201,8,0,7,1,30,,76217,8,0,23 26,1,70,,76202,8,0,7,1,30,,76218,8,0,23 26,1,70,,76203,8,0,7,1,30,,76231,8,0,35,1,70,,76204,8,0,7,1,30,,76219,8,0,23 26,1,70,,76205,8,0,7,1,30,,76220,8,0,23 26,1,70,,76206,8,0,7,1,30,,76232,8,0,35,1,70,,76207,8,0,7,1,30,,76225,8,0,27,1,70,,76226,8,0,27,1,30,,76216,8,0,7,1,70,,76208,8,0,7,1,30,,76221,8,0,23 26,1,70,,76209,8,0,7,1,30,,76222,8,0,23 26,1,70,,76210,8,0,7,1,30,,76223,8,0,23 26,1,70,,76211,8,0,7,1,30,,76233,8,0,35,1,70,,76212,8,0,7,1,30,,76234,8,0,35,1,100,,76224,8,0,23 26,1
300,'20261031',844,,76247,8,0,23 26,1,15,,76263,8,,,1,99,,76248,8,0,23 26,1,100,,76249,8,0,23 26,1,100,,76250,8,0,23 26,1,100,,76251,8,0,23 26,1,100,,76252,8,0,23 26,1,100,,76253,8,0,23 26,1,70,,76238,8,0,7,1,30,,76254,8,0,23 26,1,70,,76239,8,0,7,1,30,,76261,8,0,35,1,70,,76240,8,0,7,1,30,,76255,8,0,23 26,1,70,,76241,8,0,7,1,30,,76256,8,0,23 26,1,70,,76242,8,0,7,1,30,,76257,8,0,23 26,1,70,,76243,8,0,7,1,30,,76258,8,0,23 26,1,70,,76244,8,0,7,1,30,,76259,8,0,23 26,1,70,,76245,8,0,7,1,30,,76262,8,0,35,1,70,,76246,8,0,7,1,30,,76260,8,0,23 26,1
300,'20261101',844,,76273,8,0,23 26,1,15,,76289,8,,,1,99,,76274,8,0,23 26,1,100,,76275,8,0,23 26,1,100,,76276,8,0,23 26,1,100,,76277,8,0,23 26,1,100,,76278,8,0,23 26,1,100,,76279,8,0,23 26,1,70,,76264,8,0,7,1,30,,76280,8,0,23 26,1,70,,76265,8,0,7,1,30,,76287,8,0,35,1,70,,76266,8,0,7,1,30,,76281,8,0,23 26,1,70,,76267,8,0,7,1,30,,76282,8,0,23 26,1,70,,76268,8,0,7,1,30,,76283,8,0,23 26,1,70,,76269,8,0,7,1,30,,76284,8,0,23 26,1,70,,76270,8,0,7,1,30,,76285,8,0,23 26,1,70,,76271,8,0,7,1,30,,76288,8,0,35,1,70,,76272,8,0,7,1,30,,76286,8,0,23 26,1
300,'20261102',644,,76305,8,0,7,1,70,,76290,8,0,7,1,30,,76306,8,0,7,1,70,,76291,8,0,7,1,30,,76307,8,0,7,1,15,,76327,8,0,35,1,55,,76292,8,0,7,1,30,,76322,8,0,35,1,70,,76293,8,0,7,1,30,,76309,8,0,23 26,1,70,,76294,8,0,7,1,30,,76310,8,0,23 26,1,70,,76295,8,0,7,1,30,,76323,8,0,35,1,70,,76296,8,0,7,1,30,,76311,8,0,23 26,1,70,,76297,8,0,7,1,30,,76312,8,0,23 26,1,70,,76298,8,0,7,1,30,,76324,8,0,35,1,70,,76299,8,0,7,1,30,,76317,8,0,27,1,70,,76318,8,0,27,1,30,,76308,8,0,7,1,70,,76300,8,0,7,1,30,,76313,8,0,23 26,1,70,,76301,8,0,7,1,30,,76314,8,0,23 26,1,70,,76302,8,0,7,1,30,,76315,8,0,23 26,1,70,,76303,8,0,7,1,30,,76325,8,0,35,1,70,,76304,8,0,7,1,30,,76326,8,0,35,1,100,,76316,8,0,23 26,1
300,'20261103',644,,76345,8,0,7,1,70,,76330,8,0,7,1,30,,76346,8,0,7,1,70,,76331,8,0,7,1,30,,76347,8,0,7,1,15,,76367,8,0,35,1,55,,76332,8,0,7,1,30,,76362,8,0,35,1,70,,76333,8,0,7,1,30,,76349,8,0,23 26,1,70,,76334,8,0,7,1,30,,76350,8,0,23 26,1,70,,76335,8,0,7,1,30,,76363,8,0,35,1,70,,76336,8,0,7,1,30,,76351,8,0,23 26,1,70,,76337,8,0,7,1,30,,76352,8,0,23 26,1,70,,76338,8,0,7,1,30,,76364,8,0,35,1,70,,76339,8,0,7,1,30,,76357,8,0,27,1,70,,76358,8,0,27,1,30,,76348,8,0,7,1,70,,76340,8,0,7,1,30,,76353,8,0,23 26,1,70,,76341,8,0,7,1,30,,76354,8,0,23 26,1,70,,76342,8,0,7,1,30,,76355,8,0,23 26,1,70,,76343,8,0,7,1,30,,76365,8,0,35,1,70,,76344,8,0,7,1,30,,76366,8,0,35,1,100,,76356,8,0,23 26,1
300,'20261104',644,,76385,8,0,7,1,70,,76370,8,0,7,1,30,,76386,8,0,7,1,70,,76371,8,0,7,1,30,,76387,8,0,7,1,15,,76407,8,0,35,1,55,,76372,8,0,7,1,30,,76402,8,0,35,1,70,,76373,8,0,7,1,30,,76389,8,0,23 26,1,70,,76374,8,0,7,1,30,,76390,8,0,23 26,1,70,,76375,8,0,7,1,30,,76403,8,0,35,1,70,,76376,8,0,7,1,30,,76391,8,0,23 26,1,70,,76377,8,0,7,1,30,,76392,8,0,23 26,1,70,,76378,8,0,7,1,30,,76404,8,0,35,1,70,,76379,8,0,7,1,30,,76397,8,0,27,1,70,,76398,8,0,27,1,30,,76388,8,0,7,1,70,,76380,8,0,7,1,30,,76393,8,0,23 26,1,70,,76381,8,0,7,1,30,,76394,8,0,23 26,1,70,,76382,8,0,7,1,30,,76395,8,0,23 26,1,70,,76383,8,0,7,1,30,,76405,8,0,35,1,70,,76384,8,0,7,1,30,,76406,8,0,35,1,100,,76396,8,0,23 26,1
300,'20261105',644,,76425,8,0,7,1,70,,76410,8,0,7,1,30,,76426,8,0,7,1,70,,76411,8,0,7,1,30,,76427,8,0,7,1,15,,76447,8,0,35,1,55,,76412,8,0,7,1,30,,76442,8,0,35,1,70,,76413,8,0,7,1,30,,76429,8,0,23 26,1,70,,76414,8,0,7,1,30,,76430,8,0,23 26,1,70,,76415,8,0,7,1,30,,76443,8,0,35,1,70,,76416,8,0,7,1,30,,76431,8,0,23 26,1,70,,76417,8,0,7,1,30,,76432,8,0,23 26,1,70,,76418,8,0,7,1,30,,76444,8,0,35,1,70,,76419,8,0,7,1,30,,76437,8,0,27,1,70,,76438,8,0,27,1,30,,76428,8,0,7,1,70,,76420,8,0,7,1,30,,76433,8,0,23 26,1,70,,76421,8,0,7,1,30,,76434,8,0,23 26,1,70,,76422,8,0,7,1,30,,76435,8,0,23 26,1,70,,76423,8,0,7,1,30,,76445,8,0,35,1,70,,76424,8,0,7,1,30,,76446,8,0,35,1,100,,76436,8,0,23 26,1
300,'20261106',644,,76465,8,0,7,1,70,,76450,8,0,7,1,30,,76466,8,0,7,1,70,,76451,8,0,7,1,30,,76467,8,0,7,1,15,,76487,8,0,35,1,55,,76452,8,0,7,1,30,,76482,8,0,35,1,70,,76453,8,0,7,1,30,,76469,8,0,23 26,1,70,,76454,8,0,7,1,30,,76470,8,0,23 26,1,70,,76455,8,0,7,1,30,,76483,8,0,35,1,70,,76456,8,0,7,1,30,,76471,8,0,23 26,1,70,,76457,8,0,7,1,30,,76472,8,0,23 26,1,70,,76458,8,0,7,1,30,,76484,8,0,35,1,70,,76459,8,0,7,1,30,,76477,8,0,27,1,70,,76478,8,0,27,1,30,,76468,8,0,7,1,70,,76460,8,0,7,1,30,,76473,8,0,23 26,1,70,,76461,8,0,7,1,30,,76474,8,0,23 26,1,70,,76462,8,0,7,1,30,,76475,8,0,23 26,1,70,,76463,8,0,7,1,30,,76485,8,0,35,1,70,,76464,8,0,7,1,30,,76486,8,0,35,1,100,,76476,8,0,23 26,1
300,'20261107',844,,76499,8,0,23 26,1,15,,76515,8,,,1,99,,76500,8,0,23 26,1,100,,76501,8,0,23 26,1,100,,76502,8,0,23 26,1,100,,76503,8,0,23 26,1,100,,76504,8,0,23 26,1,100,,76505,8,0,23 26,1,70,,76490,8,0,7,1,30,,76506,8,0,23 26,1,70,,76491,8,0,7,1,30,,76513,8,0,35,1,70,,76492,8,0,7,1,30,,76507,8,0,23 26,1,70,,76493,8,0,7,1,30,,76508,8,0,23 26,1,70,,76494,8,0,7,1,30,,76509,8,0,23 26,1,70,,76495,8,0,7,1,30,,76510,8,0,23 26,1,70,,76496,8,0,7,1,30,,76511,8,0,23 26,1,70,,76497,8,0,7,1,30,,76514,8,0,35,1,70,,76498,8,0,7,1,30,,76512,8,0,23 26,1
300,'20261108',844,,76525,8,0,23 26,1,15,,76541,8,,,1,99,,76526,8,0,23 26,1,100,,76527,8,0,23 26,1,100,,76528,8,0,23 26,1,100,,76529,8,0,23 26,1,100,,76530,8,0,23 26,1,100,,76531,8,0,23 26,1,70,,76516,8,0,7,1,30,,76532,8,0,23 26,1,70,,76517,8,0,7,1,30,,76539,8,0,35,1,70,,76518,8,0,7,1,30,,76533,8,0,23 26,1,70,,76519,8,0,7,1,30,,76534,8,0,23 26,1,70,,76520,8,0,7,1,30,,76535,8,0,23 26,1,70,,76521,8,0,7,1,30,,76536,8,0,23 26,1,70,,76522,8,0,7,1,30,,76537,8,0,23 26,1,70,,76523,8,0,7,1,30,,76540,8,0,35,1,70,,76524,8,0,7,1,30,,76538,8,0,23 26,1
300,'20261109',644,,76557,8,0,7,1,70,,76542,8,0,7,1,30,,76558,8,0,7,1,70,,76543,8,0,7,1,30,,76559,8,0,7,1,15,,76579,8,0,35,1,55,,76544,8,0,7,1,30,,76574,8,0,35,1,70,,76545,8,0,7,1,30,,76561,8,0,23 26,1,70,,76546,8,0,7,1,30,,76562,8,0,23 26,1,70,,76547,8,0,7,1,30,,76575,8,0,35,1,70,,76548,8,0,7,1,30,,76563,8,0,23 26,1,70,,76549,8,0,7,1,30,,76564,8,0,23 26,1,70,,76550,8,0,7,1,30,,76576,8,0,35,1,70,,76551,8,0,7,1,30,,76569,8,0,27,1,70,,76570,8,0,27,1,30,,76560,8,0,7,1,70,,76552,8,0,7,1,30,,76565,8,0,23 26,1,70,,76553,8,0,7,1,30,,76566,8,0,23 26,1,70,,76554,8,0,7,1,30,,76567,8,0,23 26,1,70,,76555,8,0,7,1,30,,76577,8,0,35,1,70,,76556,8,0,7,1,30,,76578,8,0,35,1,100,,76568,8,0,23 26,1
300,'20261110',644,,76597,8,0,7,1,70,,76582,8,0,7,1,30,,76598,8,0,7,1,70,,76583,8,0,7,1,30,,76599,8,0,7,1,15,,76619,8,0,35,1,55,,76584,8,0,7,1,30,,76614,8,0,35,1,70,,76585,8,0,7,1,30,,76601,8,0,23 26,1,70,,76586,8,0,7,1,30,,76602,8,0,23 26,1,70,,76587,8,0,7,1,30,,76615,8,0,35,1,70,,76588,8,0,7,1,30,,76603,8,0,23 26,1,70,,76589,8,0,7,1,30,,76604,8,0,23 26,1,70,,76590,8,0,7,1,30,,76616,8,0,35,1,70,,76591,8,0,7,1,30,,76609,8,0,27,1,70,,76610,8,0,27,1,30,,76600,8,0,7,1,70,,76592,8,0,7,1,30,,76605,8,0,23 26,1,70,,76593,8,0,7,1,30,,76606,8,0,23 26,1,70,,76594,8,0,7,1,30,,76607,8,0,23 26,1,70,,76595,8,0,7,1,30,,76617,8,0,35,1,70,,76596,8,0,7,1,30,,76618,8,0,35,1,100,,76608,8,0,23 26,1
300,'20261111',644,,76637,8,0,7,1,70,,76622,8,0,7,1,30,,76638,8,0,7,1,70,,76623,8,0,7,1,30,,76639,8,0,7,1,15,,76659,8,0,35,1,55,,76624,8,0,7,1,30,,76654,8,0,35,1,70,,76625,8,0,7,1,30,,76641,8,0,23 26,1,70,,76626,8,0,7,1,30,,76642,8,0,23 26,1,70,,76627,8,0,7,1,30,,76655,8,0,35,1,70,,76628,8,0,7,1,30,,76643,8,0,23 26,1,70,,76629,8,0,7,1,30,,76644,8,0,23 26,1,70,,76630,8,0,7,1,30,,76656,8,0,35,1,70,,76631,8,0,7,1,30,,76649,8,0,27,1,70,,76650,8,0,27,1,30,,76640,8,0,7,1,70,,76632,8,0,7,1,30,,76645,8,0,23 26,1,70,,76633,8,0,7,1,30,,76646,8,0,23 26,1,70,,76634,8,0,7,1,30,,76647,8,0,23 26,1,70,,76635,8,0,7,1,30,,76657,8,0,35,1,70,,76636,8,0,7,1,30,,76658,8,0,35,1,100,,76648,8,0,23 26,1
300,'20261112',644,,76677,8,0,7,1,70,,76662,8,0,7,1,30,,76678,8,0,7,1,70,,76663,8,0,7,1,30,,76679,8,0,7,1,15,,76699,8,0,35,1,55,,76664,8,0,7,1,30,,76694,8,0,35,1,70,,76665,8,0,7,1,30,,76681,8,0,23 26,1,70,,76666,8,0,7,1,30,,76682,8,0,23 26,1,70,,76667,8,0,7,1,30,,76695,8,0,35,1,70,,76668,8,0,7,1,30,,76683,8,0,23 26,1,70,,76669,8,0,7,1,30,,76684,8,0,23 26,1,70,,76670,8,0,7,1,30,,76696,8,0,35,1,70,,76671,8,0,7,1,30,,76689,8,0,27,1,70,,76690,8,0,27,1,30,,76680,8,0,7,1,70,,76672,8,0,7,1,30,,76685,8,0,23 26,1,70,,76673,8,0,7,1,30,,76686,8,0,23 26,1,70,,76674,8,0,7,1,30,,76687,8,0,23 26,1,70,,76675,8,0,7,1,30,,76697,8,0,35,1,70,,76676,8,0,7,1,30,,76698,8,0,35,1,100,,76688,8,0,23 26,1
300,'20261113',644,,76717,8,0,7,1,70,,76702,8,0,7,1,30,,76718,8,0,7,1,70,,76703,8,0,7,1,30,,76719,8,0,7,1,15,,76739,8,0,35,1,55,,76704,8,0,7,1,30,,76734,8,0,35,1,70,,76705,8,0,7,1,30,,76721,8,0,23 26,1,70,,76706,8,0,7,1,30,,76722,8,0,23 26,1,70,,76707,8,0,7,1,30,,76735,8,0,35,1,70,,76708,8,0,7,1,30,,76723,8,0,23 26,1,70,,76709,8,0,7,1,30,,76724,8,0,23 26,1,70,,76710,8,0,7,1,30,,76736,8,0,35,1,70,,76711,8,0,7,1,30,,76729,8,0,27,1,70,,76730,8,0,27,1,30,,76720,8,0,7,1,70,,76712,8,0,7,1,30,,76725,8,0,23 26,1,70,,76713,8,0,7,1,30,,76726,8,0,23 26,1,70,,76714,8,0,7,1,30,,76727,8,0,23 26,1,70,,76715,8,0,7,1,30,,76737,8,0,35,1,70,,76716,8,0,7,1,30,,76738,8,0,35,1,100,,76728,8,0,23 26,1
300,'20261114',844,,76751,8,0,23 26,1,15,,76767,8,,,1,99,,76752,8,0,23 26,1,100,,76753,8,0,23 26,1,100,,76754,8,0,23 26,1,100,,76755,8,0,23 26,1,100,,76756,8,0,23 26,1,100,,76757,8,0,23 26,1,70,,76742,8,0,7,1,30,,76758,8,0,23 26,1,70,,76743,8,0,7,1,30,,76765,8,0,35,1,70,,76744,8,0,7,1,30,,76759,8,0,23 26,1,70,,76745,8,0,7,1,30,,76760,8,0,23 26,1,70,,76746,8,0,7,1,30,,76761,8,0,23 26,1,70,,76747,8,0,7,1,30,,76762,8,0,23 26,1,70,,76748,8,0,7,1,30,,76763,8,0,23 26,1,70,,76749,8,0,7,1,30,,76766,8,0,35,1,70,,76750,8,0,7,1,30,,76764,8,0,23 26,1
300,'20261115',844,,76777,8,0,23 26,1,15,,76793,8,,,1,99,,76778,8,0,23 26,1,100,,76779,8,0,23 26,1,100,,76780,8,0,23 26,1,100,,76781,8,0,23 26,1,100,,76782,8,0,23 26,1,100,,76783,8,0,23 26,1,70,,76768,8,0,7,1,30,,76784,8,0,23 26,1,70,,76769,8,0,7,1,30,,76791,8,0,35,1,70,,76770,8,0,7,1,30,,76785,8,0,23 26,1,70,,76771,8,0,7,1,30,,76786,8,0,23 26,1,70,,76772,8,0,7,1,30,,76787,8,0,23 26,1,70,,76773,8,0,7,1,30,,76788,8,0,23 26,1,70,,76774,8,0,7,1,30,,76789,8,0,23 26,1,70,,76775,8,0,7,1,30,,76792,8,0,35,1,70,,76776,8,0,7,1,30,,76790,8,0,23 26,1
300,'20261116',644,,76809,8,0,7,1,70,,76794,8,0,7,1,30,,76810,8,0,7,1,70,,76795,8,0,7,1,30,,76811,8,0,7,1,15,,76831,8,0,35,1,55,,76796,8,0,7,1,30,,76826,8,0,35,1,70,,76797,8,0,7,1,30,,76813,8,0,23 26,1,70,,76798,8,0,7,1,30,,76814,8,0,23 26,1,70,,76799,8,0,7,1,30,,76827,8,0,35,1,70,,76800,8,0,7,1,30,,76815,8,0,23 26,1,70,,76801,8,0,7,1,30,,76816,8,0,23 26,1,70,,76802,8,0,7,1,30,,76828,8,0,35,1,70,,76803,8,0,7,1,30,,76821,8,0,27,1,70,,76822,8,0,27,1,30,,76812,8,0,7,1,70,,76804,8,0,7,1,30,,76817,8,0,23 26,1,70,,76805,8,0,7,1,30,,76818,8,0,23 26,1,70,,76806,8,0,7,1,30,,76819,8,0,23 26,1,70,,76807,8,0,7,1,30,,76829,8,0,35,1,70,,76808,8,0,7,1,30,,76830,8,0,35,1,100,,76820,8,0,23 26,1
300,'20261117',644,,76849,8,0,7,1,70,,76834,8,0,7,1,30,,76850,8,0,7,1,70,,76835,8,0,7,1,30,,76851,8,0,7,1,15,,76871,8,0,35,1,55,,76836,8,0,7,1,30,,76866,8,0,35,1,70,,76837,8,0,7,1,30,,76853,8,0,23 26,1,70,,76838,8,0,7,1,30,,76854,8,0,23 26,1,70,,76839,8,0,7,1,30,,76867,8,0,35,1,70,,76840,8,0,7,1,30,,76855,8,0,23 26,1,70,,76841,8,0,7,1,30,,76856,8,0,23 26,1,70,,76842,8,0,7,1,30,,76868,8,0,35,1,70,,76843,8,0,7,1,30,,76861,8,0,27,1,70,,76862,8,0,27,1,30,,76852,8,0,7,1,70,,76844,8,0,7,1,30,,76857,8,0,23 26,1,70,,76845,8,0,7,1,30,,76858,8,0,23 26,1,70,,76846,8,0,7,1,30,,76859,8,0,23 26,1,70,,76847,8,0,7,1,30,,76869,8,0,35,1,70,,76848,8,0,7,1,30,,76870,8,0,35,1,100,,76860,8,0,23 26,1
300,'20261118',644,,76889,8,0,7,1,70,,76874,8,0,7,1,30,,76890,8,0,7,1,70,,76875,8,0,7,1,30,,76891,8,0,7,1,15,,76911,8,0,35,1,55,,76876,8,0,7,1,30,,76906,8,0,35,1,70,,76877,8,0,7,1,30,,76893,8,0,23 26,1,70,,76878,8,0,7,1,30,,76894,8,0,23 26,1,70,,76879,8,0,7,1,30,,76907,8,0,35,1,70,,76880,8,0,7,1,30,,76895,8,0,23 26,1,70,,76881,8,0,7,1,30,,76896,8,0,23 26,1,70,,76882,8,0,7,1,30,,76908,8,0,35,1,70,,76883,8,0,7,1,30,,76901,8,0,27,1,70,,76902,8,0,27,1,30,,76892,8,0,7,1,70,,76884,8,0,7,1,30,,76897,8,0,23 26,1,70,,76885,8,0,7,1,30,,76898,8,0,23 26,1,70,,76886,8,0,7,1,30,,76899,8,0,23 26,1,70,,76887,8,0,7,1,30,,76909,8,0,35,1,70,,76888,8,0,7,1,30,,76910,8,0,35,1,100,,76900,8,0,23 26,1
300,'20261119',644,,76929,8,0,7,1,70,,76914,8,0,7,1,30,,76930,8,0,7,1,70,,76915,8,0,7,1,30,,76931,8,0,7,1,15,,76951,8,0,35,1,55,,76916,8,0,7,1,30,,76946,8,0,35,1,70,,76917,8,0,7,1,30,,76933,8,0,23 26,1,70,,76918,8,0,7,1,30,,76934,8,0,23 26,1,70,,76919,8,0,7,1,30,,76947,8,0,35,1,70,,76920,8,0,7,1,30,,76935,8,0,23 26,1,70,,76921,8,0,7,1,30,,76936,8,0,23 26,1,70,,76922,8,0,7,1,30,,76948,8,0,35,1,70,,76923,8,0,7,1,30,,76941,8,0,27,1,70,,76942,8,0,27,1,30,,76932,8,0,7,1,70,,76924,8,0,7,1,30,,76937,8,0,23 26,1,70,,76925,8,0,7,1,30,,76938,8,0,23 26,1,70,,76926,8,0,7,1,30,,76939,8,0,23 26,1,70,,76927,8,0,7,1,30,,76949,8,0,35,1,70,,76928,8,0,7,1,30,,76950,8,0,35,1,100,,76940,8,0,23 26,1
300,'20261120',644,,76969,8,0,7,1,70,,76954,8,0,7,1,30,,76970,8,0,7,1,70,,76955,8,0,7,1,30,,76971,8,0,7,1,15,,76991,8,0,35,1,55,,76956,8,0,7,1,30,,76986,8,0,35,1,70,,76957,8,0,7,1,30,,76973,8,0,23 26,1,70,,76958,8,0,7,1,30,,76974,8,0,23 26,1,70,,76959,8,0,7,1,30,,76987,8,0,35,1,70,,76960,8,0,7,1,30,,76975,8,0,23 26,1,70,,76961,8,0,7,1,30,,76976,8,0,23 26,1,70,,76962,8,0,7,1,30,,76988,8,0,35,1,70,,76963,8,0,7,1,30,,76981,8,0,27,1,70,,76982,8,0,27,1,30,,76972,8,0,7,1,70,,76964,8,0,7,1,30,,76977,8,0,23 26,1,70,,76965,8,0,7,1,30,,76978,8,0,23 26,1,70,,76966,8,0,7,1,30,,76979,8,0,23 26,1,70,,76967,8,0,7,1,30,,76989,8,0,35,1,70,,76968,8,0,7,1,30,,76990,8,0,35,1,100,,76980,8,0,23 26,1
300,'20261121',844,,77003,8,0,23 26,1,15,,77019,8,,,1,99,,77004,8,0,23 26,1,100,,77005,8,0,23 26,1,100,,77006,8,0,23 26,1,100,,77007,8,0,23 26,1,100,,77008,8,0,23 26,1,100,,77009,8,0,23 26,1,70,,76994,8,0,7,1,30,,77010,8,0,23 26,1,70,,76995,8,0,7,1,30,,77017,8,0,35,1,70,,76996,8,0,7,1,30,,77011,8,0,23 26,1,70,,76997,8,0,7,1,30,,77012,8,0,23 26,1,70,,76998,8,0,7,1,30,,77013,8,0,23 26,1,70,,76999,8,0,7,1,30,,77014,8,0,23 26,1,70,,77000,8,0,7,1,30,,77015,8,0,23 26,1,70,,77001,8,0,7,1,30,,77018,8,0,35,1,70,,77002,8,0,7,1,30,,77016,8,0,23 26,1
300,'20261122',844,,77029,8,0,23 26,1,15,,77045,8,,,1,99,,77030,8,0,23 26,1,100,,77031,8,0,23 26,1,100,,77032,8,0,23 26,1,100,,77033,8,0,23 26,1,100,,77034,8,0,23 26,1,100,,77035,8,0,23 26,1,70,,77020,8,0,7,1,30,,77036,8,0,23 26,1,70,,77021,8,0,7,1,30,,77043,8,0,35,1,70,,77022,8,0,7,1,30,,77037,8,0,23 26,1,70,,77023,8,0,7,1,30,,77038,8,0,23 26,1,70,,77024,8,0,7,1,30,,77039,8,0,23 26,1,70,,77025,8,0,7,1,30,,77040,8,0,23 26,1,70,,77026,8,0,7,1,30,,77041,8,0,23 26,1,70,,77027,8,0,7,1,30,,77044,8,0,35,1,70,,77028,8,0,7,1,30,,77042,8,0,23 26,1
300,'20261123',644,,77061,8,0,7,1,70,,77046,8,0,7,1,30,,77062,8,0,7,1,70,,77047,8,0,7,1,30,,77063,8,0,7,1,15,,77083,8,0,35,1,55,,77048,8,0,7,1,30,,77078,8,0,35,1,70,,77049,8,0,7,1,30,,77065,8,0,23 26,1,70,,77050,8,0,7,1,30,,77066,8,0,23 26,1,70,,77051,8,0,7,1,30,,77079,8,0,35,1,70,,77052,8,0,7,1,30,,77067,8,0,23 26,1,70,,77053,8,0,7,1,30,,77068,8,0,23 26,1,70,,77054,8,0,7,1,30,,77080,8,0,35,1,70,,77055,8,0,7,1,30,,77073,8,0,27,1,70,,77074,8,0,27,1,30,,77064,8,0,7,1,70,,77056,8,0,7,1,30,,77069,8,0,23 26,1,70,,77057,8,0,7,1,30,,77070,8,0,23 26,1,70,,77058,8,0,7,1,30,,77071,8,0,23 26,1,70,,77059,8,0,7,1,30,,77081,8,0,35,1,70,,77060,8,0,7,1,30,,77082,8,0,35,1,100,,77072,8,0,23 26,1
300,'20261124',644,,77101,8,0,7,1,70,,77086,8,0,7,1,30,,77102,8,0,7,1,70,,77087,8,0,7,1,30,,77103,8,0,7,1,15,,77123,8,0,35,1,55,,77088,8,0,7,1,30,,77118,8,0,35,1,70,,77089,8,0,7,1,30,,77105,8,0,23 26,1,70,,77090,8,0,7,1,30,,77106,8,0,23 26,1,70,,77091,8,0,7,1,30,,77119,8,0,35,1,70,,77092,8,0,7,1,30,,77107,8,0,23 26,1,70,,77093,8,0,7,1,30,,77108,8,0,23 26,1,70,,77094,8,0,7,1,30,,77120,8,0,35,1,70,,77095,8,0,7,1,30,,77113,8,0,27,1,70,,77114,8,0,27,1,30,,77104,8,0,7,1,70,,77096,8,0,7,1,30,,77109,8,0,23 26,1,70,,77097,8,0,7,1,30,,77110,8,0,23 26,1,70,,77098,8,0,7,1,30,,77111,8,0,23 26,1,70,,77099,8,0,7,1,30,,77121,8,0,35,1,70,,77100,8,0,7,1,30,,77122,8,0,35,1,100,,77112,8,0,23 26,1
300,'20261125',644,,77141,8,0,7,1,70,,77126,8,0,7,1,30,,77142,8,0,7,1,70,,77127,8,0,7,1,30,,77143,8,0,7,1,15,,77163,8,0,35,1,55,,77128,8,0,7,1,30,,77158,8,0,35,1,70,,77129,8,0,7,1,30,,77145,8,0,23 26,1,70,,77130,8,0,7,1,30,,77146,8,0,23 26,1,70,,77131,8,0,7,1,30,,77159,8,0,35,1,70,,77132,8,0,7,1,30,,77147,8,0,23 26,1,70,,77133,8,0,7,1,30,,77148,8,0,23 26,1,70,,77134,8,0,7,1,30,,77160,8,0,35,1,70,,77135,8,0,7,1,30,,77153,8,0,27,1,70,,77154,8,0,27,1,30,,77144,8,0,7,1,70,,77136,8,0,7,1,30,,77149,8,0,23 26,1,70,,77137,8,0,7,1,30,,77150,8,0,23 26,1,70,,77138,8,0,7,1,30,,77151,8,0,23 26,1,70,,77139,8,0,7,1,30,,77161,8,0,35,1,70,,77140,8,0,7,1,30,,77162,8,0,35,1,100,,77152,8,0,23 26,1
300,'20261126',644,,77181,8,0,7,1,70,,77166,8,0,7,1,30,,77182,8,0,7,1,70,,77167,8,0,7,1,30,,77183,8,0,7,1,15,,77203,8,0,35,1,55,,77168,8,0,7,1,30,,77198,8,0,35,1,70,,77169,8,0,7,1,30,,77185,8,0,23 26,1,70,,77170,8,0,7,1,30,,77186,8,0,23 26,1,70,,77171,8,0,7,1,30,,77199,8,0,35,1,70,,77172,8,0,7,1,30,,77187,8,0,23 26,1,70,,77173,8,0,7,1,30,,77188,8,0,23 26,1,70,,77174,8,0,7,1,30,,77200,8,0,35,1,70,,77175,8,0,7,1,30,,77193,8,0,27,1,70,,77194,8,0,27,1,30,,77184,8,0,7,1,70,,77176,8,0,7,1,30,,77189,8,0,23 26,1,70,,77177,8,0,7,1,30,,77190,8,0,23 26,1,70,,77178,8,0,7,1,30,,77191,8,0,23 26,1,70,,77179,8,0,7,1,30,,77201,8,0,35,1,70,,77180,8,0,7,1,30,,77202,8,0,35,1,100,,77192,8,0,23 26,1
300,'20261127',644,,77221,8,0,7,1,70,,77206,8,0,7,1,30,,77222,8,0,7,1,70,,77207,8,0,7,1,30,,77223,8,0,7,1,15,,77243,8,0,35,1,55,,77208,8,0,7,1,30,,77238,8,0,35,1,70,,77209,8,0,7,1,30,,77225,8,0,23 26,1,70,,77210,8,0,7,1,30,,77226,8,0,23 26,1,70,,77211,8,0,7,1,30,,77239,8,0,35,1,70,,77212,8,0,7,1,30,,77227,8,0,23 26,1,70,,77213,8,0,7,1,30,,77228,8,0,23 26,1,70,,77214,8,0,7,1,30,,77240,8,0,35,1,70,,77215,8,0,7,1,30,,77233,8,0,27,1,70,,77234,8,0,27,1,30,,77224,8,0,7,1,70,,77216,8,0,7,1,30,,77229,8,0,23 26,1,70,,77217,8,0,7,1,30,,77230,8,0,23 26,1,70,,77218,8,0,7,1,30,,77231,8,0,23 26,1,70,,77219,8,0,7,1,30,,77241,8,0,35,1,70,,77220,8,0,7,1,30,,77242,8,0,35,1,100,,77232,8,0,23 26,1
301,'20260831',624,,65114,22,,,1,30,,65116,35,,,1,70,,65103,11,,,1,30,,65095,11,,,1,70,,65104,11,,,1,30,,65096,11,,,1,70,,65105,11,,,1,30,,65097,11,,,1,70,,65106,11,,,1,30,,65098,11,,,1,70,,65108,17,,,1,30,,65099,11,,,1,70,,65109,17,,,1,30,,65100,11,,,1,70,,65120,35,,,1,30,,65101,11,,,1,70,,65110,17,,,1,30,,48638,11,,,1,70,,65111,17,,,1,30,,48639,11,,,1,70,,65121,35,,,1,30,,48640,11,,,1,51,,65119,33,,,1,49,,48641,11,,,1,100,,48642,11,,,1,70,,65107,11,,,1,100,,65112,17,,,1,30,,48643,11,,,1,70,,65113,17,,,1,30,,48644,11,,,1,70,,65122,35,,,1,30,,48645,11,,,1,100,,65102,11,,,1
301,'20260901',624,,48698,22,,,1,30,,48700,35,,,1,70,,48687,11,,,1,30,,48671,11,,,1,70,,48688,11,,,1,30,,48672,11,,,1,70,,48689,11,,,1,30,,48673,11,,,1,70,,48690,11,,,1,30,,48674,11,,,1,70,,48692,17,,,1,30,,48675,11,,,1,70,,48693,17,,,1,30,,48676,11,,,1,70,,48704,35,,,1,30,,48677,11,,,1,70,,48694,17,,,1,30,,48678,11,,,1,70,,48695,17,,,1,30,,48679,11,,,1,70,,48705,35,,,1,30,,48680,11,,,1,51,,48703,33,,,1,49,,48681,11,,,1,100,,48682,11,,,1,70,,48691,11,,,1,100,,48696,17,,,1,30,,48683,11,,,1,70,,48697,17,,,1,30,,48684,11,,,1,70,,48706,35,,,1,30,,48685,11,,,1,100,,48686,11,,,1
301,'20260902',624,,48738,22,,,1,30,,48740,35,,,1,70,,48727,11,,,1,30,,48711,11,,,1,70,,48728,11,,,1,30,,48712,11,,,1,70,,48729,11,,,1,30,,48713,11,,,1,70,,48730,11,,,1,30,,48714,11,,,1,70,,48732,17,,,1,30,,48715,11,,,1,70,,48733,17,,,1,30,,48716,11,,,1,70,,48744,35,,,1,30,,48717,11,,,1,70,,48734,17,,,1,30,,48718,11,,,1,70,,48735,17,,,1,30,,48719,11,,,1,70,,48745,35,,,1,30,,48720,11,,,1,51,,48743,33,,,1,49,,48721,11,,,1,100,,48722,11,,,1,70,,48731,11,,,1,100,,48736,17,,,1,30,,48723,11,,,1,70,,48737,17,,,1,30,,48724,11,,,1,70,,48746,35,,,1,30,,48725,11,,,1,100,,48726,11,,,1
301,'20260903',624,,48778,22,,,1,30,,48780,35,,,1,70,,48767,11,,,1,30,,48751,11,,,1,70,,48768,11,,,1,30,,48752,11,,,1,70,,48769,11,,,1,30,,48753,11,,,1,70,,48770,11,,,1,30,,48754,11,,,1,70,,48772,17,,,1,30,,48755,11,,,1,70,,48773,17,,,1,30,,48756,11,,,1,70,,48784,35,,,1,30,,48757,11,,,1,70,,48774,17,,,1,30,,48758,11,,,1,70,,48775,17,,,1,30,,48759,11,,,1,70,,48785,35,,,1,30,,48760,11,,,1,51,,48783,33,,,1,49,,48761,11,,,1,100,,48762,11,,,1,70,,48771,11,,,1,100,,48776,17,,,1,30,,48763,11,,,1,70,,48777,17,,,1,30,,48764,11,,,1,70,,48786,35,,,1,30,,48765,11,,,1,100,,48766,11,,,1
301,'20260904',624,,48818,22,,,1,30,,48820,35,,,1,70,,48807,11,,,1,30,,48791,11,,,1,70,,48808,11,,,1,30,,48792,11,,,1,70,,48809,11,,,1,30,,48793,11,,,1,70,,48810,11,,,1,30,,48794,11,,,1,70,,48812,17,,,1,30,,48795,11,,,1,70,,48813,17,,,1,30,,48796,11,,,1,70,,48824,35,,,1,30,,48797,11,,,1,70,,48814,17,,,1,30,,48798,11,,,1,70,,48815,17,,,1,30,,48799,11,,,1,70,,48825,35,,,1,30,,48800,11,,,1,51,,48823,33,,,1,49,,48801,11,,,1,100,,48802,11,,,1,70,,48811,11,,,1,100,,48816,17,,,1,30,,48803,11,,,1,70,,48817,17,,,1,30,,48804,11,,,1,70,,48826,35,,,1,30,,48805,11,,,1,100,,48806,11,,,1
301,'20260905',824,,77255,17,,,1,100,,77269,35,,,1,100,,77256,17,,,1,100,,77257,17,,,1,100,,77258,17,,,1,100,,77259,17,,,1,100,,77260,17,,,1,30,,77246,11,,,1,70,,77261,17,,,1,30,,77247,11,,,1,70,,77262,17,,,1,30,,77248,11,,,1,70,,77270,35,,,1,30,,77249,11,,,1,70,,77263,17,,,1,30,,77250,11,,,1,70,,77264,17,,,1,30,,77251,11,,,1,70,,77265,17,,,1,9,,77271,42,,,1,21,,77252,11,,,1,70,,77266,17,,,1,30,,77253,11,,,1,70,,77267,17,,,1,30,,77254,11,,,1,70,,77268,17,,,1
301,'20260906',824,,77281,17,,,1,100,,77295,35,,,1,100,,77282,17,,,1,100,,77283,17,,,1,100,,77284,17,,,1,100,,77285,17,,,1,100,,77286,17,,,1,30,,77272,11,,,1,70,,77287,17,,,1,30,,77273,11,,,1,70,,77288,17,,,1,30,,77274,11,,,1,70,,77296,35,,,1,30,,77275,11,,,1,70,,77289,17,,,1,30,,77276,11,,,1,70,,77290,17,,,1,30,,77277,11,,,1,70,,77291,17,,,1,9,,77297,42,,,1,21,,77278,11,,,1,70,,77292,17,,,1,30,,77279,11,,,1,70,,77293,17,,,1,30,,77280,11,,,1,70,,77294,17,,,1
301,'20260907',824,,77307,17,,,1,100,,77321,35,,,1,100,,77308,17,,,1,100,,77309,17,,,1,100,,77310,17,,,1,100,,77311,17,,,1,100,,77312,17,,,1,30,,77298,11,,,1,70,,77313,17,,,1,30,,77299,11,,,1,70,,77314,17,,,1,30,,77300,11,,,1,70,,77322,35,,,1,30,,77301,11,,,1,70,,77315,17,,,1,30,,77302,11,,,1,70,,77316,17,,,1,30,,77303,11,,,1,70,,77317,17,,,1,9,,77323,42,,,1,21,,77304,11,,,1,70,,77318,17,,,1,30,,77305,11,,,1,70,,77319,17,,,1,30,,77306,11,,,1,70,,77320,17,,,1
301,'20260908',624,,77351,22,,,1,30,,77353,35,,,1,70,,77340,11,,,1,30,,77324,11,,,1,70,,77341,11,,,1,30,,77325,11,,,1,70,,77342,11,,,1,30,,77326,11,,,1,70,,77343,11,,,1,30,,77327,11,,,1,70,,77345,17,,,1,30,,77328,11,,,1,70,,77346,17,,,1,30,,77329,11,,,1,70,,77357,35,,,1,30,,77330,11,,,1,70,,77347,17,,,1,30,,77331,11,,,1,70,,77348,17,,,1,30,,77332,11,,,1,70,,77358,35,,,1,30,,77333,11,,,1,51,,77356,33,,,1,49,,77334,11,,,1,100,,77335,11,,,1,70,,77344,11,,,1,100,,77349,17,,,1,30,,77336,11,,,1,70,,77350,17,,,1,30,,77337,11,,,1,70,,77359,35,,,1,30,,77338,11,,,1,100,,77339,11,,,1
301,'20260909',624,,77391,22,,,1,30,,77393,35,,,1,70,,77380,11,,,1,30,,77364,11,,,1,70,,77381,11,,,1,30,,77365,11,,,1,70,,77382,11,,,1,30,,77366,11,,,1,70,,77383,11,,,1,30,,77367,11,,,1,70,,77385,17,,,1,30,,77368,11,,,1,70,,77386,17,,,1,30,,77369,11,,,1,70,,77397,35,,,1,30,,77370,11,,,1,70,,77387,17,,,1,30,,77371,11,,,1,70,,77388,17,,,1,30,,77372,11,,,1,70,,77398,35,,,1,30,,77373,11,,,1,51,,77396,33,,,1,49,,77374,11,,,1,100,,77375,11,,,1,70,,77384,11,,,1,100,,77389,17,,,1,30,,77376,11,,,1,70,,77390,17,,,1,30,,77377,11,,,1,70,,77399,35,,,1,30,,77378,11,,,1,100,,77379,11,,,1
301,'20260910',624,,77431,22,,,1,30,,77433,35,,,1,70,,77420,11,,,1,30,,77404,11,,,1,70,,77421,11,,,1,30,,77405,11,,,1,70,,77422,11,,,1,30,,77406,11,,,1,70,,77423,11,,,1,30,,77407,11,,,1,70,,77425,17,,,1,30,,77408,11,,,1,70,,77426,17,,,1,30,,77409,11,,,1,70,,77437,35,,,1,30,,77410,11,,,1,70,,77427,17,,,1,30,,77411,11,,,1,70,,77428,17,,,1,30,,77412,11,,,1,70,,77438,35,,,1,30,,77413,11,,,1,51,,77436,33,,,1,49,,77414,11,,,1,100,,77415,11,,,1,70,,77424,11,,,1,100,,77429,17,,,1,30,,77416,11,,,1,70,,77430,17,,,1,30,,77417,11,,,1,70,,77439,35,,,1,30,,77418,11,,,1,100,,77419,11,,,1
301,'20260911',624,,77471,22,,,1,30,,77473,35,,,1,70,,77460,11,,,1,30,,77444,11,,,1,70,,77461,11,,,1,30,,77445,11,,,1,70,,77462,11,,,1,30,,77446,11,,,1,70,,77463,11,,,1,30,,77447,11,,,1,70,,77465,17,,,1,30,,77448,11,,,1,70,,77466,17,,,1,30,,77449,11,,,1,70,,77477,35,,,1,30,,77450,11,,,1,70,,77467,17,,,1,30,,77451,11,,,1,70,,77468,17,,,1,30,,77452,11,,,1,70,,77478,35,,,1,30,,77453,11,,,1,51,,77476,33,,,1,49,,77454,11,,,1,100,,77455,11,,,1,70,,77464,11,,,1,100,,77469,17,,,1,30,,77456,11,,,1,70,,77470,17,,,1,30,,77457,11,,,1,70,,77479,35,,,1,30,,77458,11,,,1,100,,77459,11,,,1
301,'20260914',622,,77543,22,,,1,30,,77545,35,,,1,70,,77532,11,,,1,30,,77516,11,,,1,70,,77533,11,,,1,30,,77517,11,,,1,70,,77534,11,,,1,30,,77518,11,,,1,70,,77535,11,,,1,30,,77519,11,,,1,70,,77537,17,,,1,30,,77520,11,,,1,70,,77538,17,,,1,30,,77521,11,,,1,80,,77549,35,,,1,20,,77522,11,,,1,70,,77539,17,,,1,30,,77523,11,,,1,70,,77540,17,,,1,30,,77524,11,,,1,70,,77550,35,,,1,30,,77525,11,,,1,53,,77548,33,,,1,47,,77526,11,,,1,100,,77527,11,,,1,70,,77536,11,,,1,100,,77541,17,,,1,30,,77528,11,,,1,70,,77542,17,,,1,30,,77529,11,,,1,70,,77551,35,,,1,30,,77530,11,,,1,100,,77531,11,,,1
301,'20260915',622,,77583,22,,,1,30,,77585,35,,,1,70,,77572,11,,,1,30,,77556,11,,,1,70,,77573,11,,,1,30,,77557,11,,,1,70,,77574,11,,,1,30,,77558,11,,,1,70,,77575,11,,,1,30,,77559,11,,,1,70,,77577,17,,,1,30,,77560,11,,,1,70,,77578,17,,,1,30,,77561,11,,,1,80,,77589,35,,,1,20,,77562,11,,,1,70,,77579,17,,,1,30,,77563,11,,,1,70,,77580,17,,,1,30,,77564,11,,,1,70,,77590,35,,,1,30,,77565,11,,,1,53,,77588,33,,,1,47,,77566,11,,,1,100,,77567,11,,,1,70,,77576,11,,,1,100,,77581,17,,,1,30,,77568,11,,,1,70,,77582,17,,,1,30,,77569,11,,,1,70,,77591,35,,,1,30,,77570,11,,,1,100,,77571,11,,,1
301,'20260916',622,,77623,22,,,1,30,,77625,35,,,1,70,,77612,11,,,1,30,,77596,11,,,1,70,,77613,11,,,1,30,,77597,11,,,1,70,,77614,11,,,1,30,,77598,11,,,1,70,,77615,11,,,1,30,,77599,11,,,1,70,,77617,17,,,1,30,,77600,11,,,1,70,,77618,17,,,1,30,,77601,11,,,1,70,,77629,35,,,1,30,,77602,11,,,1,70,,77619,17,,,1,30,,77603,11,,,1,70,,77620,17,,,1,30,,77604,11,,,1,70,,77630,35,,,1,30,,77605,11,,,1,53,,77628,33,,,1,47,,77606,11,,,1,100,,77607,11,,,1,70,,77616,11,,,1,100,,77621,17,,,1,30,,77608,11,,,1,70,,77622,17,,,1,30,,77609,11,,,1,70,,77631,35,,,1,30,,77610,11,,,1,100,,77611,11,,,1
301,'20260917',622,,77663,22,,,1,30,,77665,35,,,1,70,,77652,11,,,1,30,,77636,11,,,1,70,,77653,11,,,1,30,,77637,11,,,1,70,,77654,11,,,1,30,,77638,11,,,1,70,,77655,11,,,1,30,,77639,11,,,1,70,,77657,17,,,1,30,,77640,11,,,1,70,,77658,17,,,1,30,,77641,11,,,1,70,,77669,35,,,1,30,,77642,11,,,1,70,,77659,17,,,1,30,,77643,11,,,1,70,,77660,17,,,1,30,,77644,11,,,1,70,,77670,35,,,1,30,,77645,11,,,1,53,,77668,33,,,1,47,,77646,11,,,1,100,,77647,11,,,1,70,,77656,11,,,1,100,,77661,17,,,1,30,,77648,11,,,1,70,,77662,17,,,1,30,,77649,11,,,1,70,,77671,35,,,1,30,,77650,11,,,1,100,,77651,11,,,1
301,'20260918',624,,77703,22,,,1,30,,77705,35,,,1,70,,77692,11,,,1,30,,77676,11,,,1,70,,77693,11,,,1,30,,77677,11,,,1,70,,77694,11,,,1,30,,77678,11,,,1,70,,77695,11,,,1,30,,77679,11,,,1,70,,77697,17,,,1,30,,77680,11,,,1,70,,77698,17,,,1,30,,77681,11,,,1,70,,77709,35,,,1,30,,77682,11,,,1,70,,77699,17,,,1,30,,77683,11,,,1,70,,77700,17,,,1,30,,77684,11,,,1,70,,77710,35,,,1,30,,77685,11,,,1,51,,77708,33,,,1,49,,77686,11,,,1,100,,77687,11,,,1,70,,77696,11,,,1,100,,77701,17,,,1,30,,77688,11,,,1,70,,77702,17,,,1,30,,77689,11,,,1,70,,77711,35,,,1,30,,77690,11,,,1,100,,77691,11,,,1
301,'20260919',824,,77725,17,,,1,100,,77739,35,,,1,100,,77726,17,,,1,100,,77727,17,,,1,100,,77728,17,,,1,100,,77729,17,,,1,100,,77730,17,,,1,30,,77716,11,,,1,70,,77731,17,,,1,30,,77717,11,,,1,70,,77732,17,,,1,30,,77718,11,,,1,70,,77740,35,,,1,30,,77719,11,,,1,70,,77733,17,,,1,30,,77720,11,,,1,70,,77734,17,,,1,30,,77721,11,,,1,70,,77735,17,,,1,9,,77741,42,,,1,21,,77722,11,,,1,70,,77736,17,,,1,30,,77723,11,,,1,70,,77737,17,,,1,30,,77724,11,,,1,70,,77738,17,,,1
301,'20260920',824,,77751,17,,,1,100,,77765,35,,,1,100,,77752,17,,,1,100,,77753,17,,,1,100,,77754,17,,,1,100,,77755,17,,,1,100,,77756,17,,,1,30,,77742,11,,,1,70,,77757,17,,,1,30,,77743,11,,,1,70,,77758,17,,,1,30,,77744,11,,,1,70,,77766,35,,,1,30,,77745,11,,,1,70,,77759,17,,,1,30,,77746,11,,,1,70,,77760,17,,,1,30,,77747,11,,,1,70,,77761,17,,,1,9,,77767,42,,,1,21,,77748,11,,,1,70,,77762,17,,,1,30,,77749,11,,,1,70,,77763,17,,,1,30,,77750,11,,,1,70,,77764,17,,,1
301,'20260921',624,,77795,22,,,1,30,,77797,35,,,1,70,,77784,11,,,1,30,,77768,11,,,1,70,,77785,11,,,1,30,,77769,11,,,1,70,,77786,11,,,1,30,,77770,11,,,1,70,,77787,11,,,1,30,,77771,11,,,1,70,,77789,17,,,1,30,,77772,11,,,1,70,,77790,17,,,1,30,,77773,11,,,1,70,,77801,35,,,1,30,,77774,11,,,1,70,,77791,17,,,1,30,,77775,11,,,1,70,,77792,17,,,1,30,,77776,11,,,1,70,,77802,35,,,1,30,,77777,11,,,1,51,,77800,33,,,1,49,,77778,11,,,1,100,,77779,11,,,1,70,,77788,11,,,1,100,,77793,17,,,1,30,,77780,11,,,1,70,,77794,17,,,1,30,,77781,11,,,1,70,,77803,35,,,1,30,,77782,11,,,1,100,,77783,11,,,1
301,'20260922',624,,77835,22,,,1,30,,77837,35,,,1,70,,77824,11,,,1,30,,77808,11,,,1,70,,77825,11,,,1,30,,77809,11,,,1,70,,77826,11,,,1,30,,77810,11,,,1,70,,77827,11,,,1,30,,77811,11,,,1,70,,77829,17,,,1,30,,77812,11,,,1,70,,77830,17,,,1,30,,77813,11,,,1,70,,77841,35,,,1,30,,77814,11,,,1,70,,77831,17,,,1,30,,77815,11,,,1,70,,77832,17,,,1,30,,77816,11,,,1,70,,77842,35,,,1,30,,77817,11,,,1,51,,77840,33,,,1,49,,77818,11,,,1,100,,77819,11,,,1,70,,77828,11,,,1,100,,77833,17,,,1,30,,77820,11,,,1,70,,77834,17,,,1,30,,77821,11,,,1,70,,77843,35,,,1,30,,77822,11,,,1,100,,77823,11,,,1
301,'20260923',624,,77875,22,,,1,30,,77877,35,,,1,70,,77864,11,,,1,30,,77848,11,,,1,70,,77865,11,,,1,30,,77849,11,,,1,70,,77866,11,,,1,30,,77850,11,,,1,70,,77867,11,,,1,30,,77851,11,,,1,70,,77869,17,,,1,30,,77852,11,,,1,70,,77870,17,,,1,30,,77853,11,,,1,70,,77881,35,,,1,30,,77854,11,,,1,70,,77871,17,,,1,30,,77855,11,,,1,70,,77872,17,,,1,30,,77856,11,,,1,70,,77882,35,,,1,30,,77857,11,,,1,51,,77880,33,,,1,49,,77858,11,,,1,100,,77859,11,,,1,70,,77868,11,,,1,100,,77873,17,,,1,30,,77860,11,,,1,70,,77874,17,,,1,30,,77861,11,,,1,70,,77883,35,,,1,30,,77862,11,,,1,100,,77863,11,,,1
301,'20260924',624,,77915,22,,,1,30,,77917,35,,,1,70,,77904,11,,,1,30,,77888,11,,,1,70,,77905,11,,,1,30,,77889,11,,,1,70,,77906,11,,,1,30,,77890,11,,,1,70,,77907,11,,,1,30,,77891,11,,,1,70,,77909,17,,,1,30,,77892,11,,,1,70,,77910,17,,,1,30,,77893,11,,,1,70,,77921,35,,,1,30,,77894,11,,,1,70,,77911,17,,,1,30,,77895,11,,,1,70,,77912,17,,,1,30,,77896,11,,,1,70,,77922,35,,,1,30,,77897,11,,,1,51,,77920,33,,,1,49,,77898,11,,,1,100,,77899,11,,,1,70,,77908,11,,,1,100,,77913,17,,,1,30,,77900,11,,,1,70,,77914,17,,,1,30,,77901,11,,,1,70,,77923,35,,,1,30,,77902,11,,,1,100,,77903,11,,,1
301,'20260925',624,,77955,22,,,1,30,,77957,35,,,1,70,,77944,11,,,1,30,,77928,11,,,1,70,,77945,11,,,1,30,,77929,11,,,1,70,,77946,11,,,1,30,,77930,11,,,1,70,,77947,11,,,1,30,,77931,11,,,1,70,,77949,17,,,1,30,,77932,11,,,1,70,,77950,17,,,1,30,,77933,11,,,1,70,,77961,35,,,1,30,,77934,11,,,1,70,,77951,17,,,1,30,,77935,11,,,1,70,,77952,17,,,1,30,,77936,11,,,1,70,,77962,35,,,1,30,,77937,11,,,1,51,,77960,33,,,1,49,,77938,11,,,1,100,,77939,11,,,1,70,,77948,11,,,1,100,,77953,17,,,1,30,,77940,11,,,1,70,,77954,17,,,1,30,,77941,11,,,1,70,,77963,35,,,1,30,,77942,11,,,1,100,,77943,11,,,1
301,'20260926',824,,77977,17,,,1,100,,77991,35,,,1,100,,77978,17,,,1,100,,77979,17,,,1,100,,77980,17,,,1,100,,77981,17,,,1,100,,77982,17,,,1,30,,77968,11,,,1,70,,77983,17,,,1,30,,77969,11,,,1,70,,77984,17,,,1,30,,77970,11,,,1,70,,77992,35,,,1,30,,77971,11,,,1,70,,77985,17,,,1,30,,77972,11,,,1,70,,77986,17,,,1,30,,77973,11,,,1,70,,77987,17,,,1,9,,77993,42,,,1,21,,77974,11,,,1,70,,77988,17,,,1,30,,77975,11,,,1,70,,77989,17,,,1,30,,77976,11,,,1,70,,77990,17,,,1
301,'20260927',824,,78003,17,,,1,100,,78017,35,,,1,100,,78004,17,,,1,100,,78005,17,,,1,100,,78006,17,,,1,100,,78007,17,,,1,100,,78008,17,,,1,30,,77994,11,,,1,70,,78009,17,,,1,30,,77995,11,,,1,70,,78010,17,,,1,30,,77996,11,,,1,70,,78018,35,,,1,30,,77997,11,,,1,70,,78011,17,,,1,30,,77998,11,,,1,70,,78012,17,,,1,30,,77999,11,,,1,70,,78013,17,,,1,9,,78019,42,,,1,21,,78000,11,,,1,70,,78014,17,,,1,30,,78001,11,,,1,70,,78015,17,,,1,30,,78002,11,,,1,70,,78016,17,,,1
301,'20260928',624,,78047,22,,,1,30,,78049,35,,,1,70,,78036,11,,,1,30,,78020,11,,,1,70,,78037,11,,,1,30,,78021,11,,,1,70,,78038,11,,,1,30,,78022,11,,,1,70,,78039,11,,,1,30,,78023,11,,,1,70,,78041,17,,,1,30,,78024,11,,,1,70,,78042,17,,,1,30,,78025,11,,,1,70,,78053,35,,,1,30,,78026,11,,,1,70,,78043,17,,,1,30,,78027,11,,,1,70,,78044,17,,,1,30,,78028,11,,,1,70,,78054,35,,,1,30,,78029,11,,,1,51,,78052,33,,,1,49,,78030,11,,,1,100,,78031,11,,,1,70,,78040,11,,,1,100,,78045,17,,,1,30,,78032,11,,,1,70,,78046,17,,,1,30,,78033,11,,,1,70,,78055,35,,,1,30,,78034,11,,,1,100,,78035,11,,,1
301,'20260929',624,,78087,22,,,1,30,,78089,35,,,1,70,,78076,11,,,1,30,,78060,11,,,1,70,,78077,11,,,1,30,,78061,11,,,1,70,,78078,11,,,1,30,,78062,11,,,1,70,,78079,11,,,1,30,,78063,11,,,1,70,,78081,17,,,1,30,,78064,11,,,1,70,,78082,17,,,1,30,,78065,11,,,1,70,,78093,35,,,1,30,,78066,11,,,1,70,,78083,17,,,1,30,,78067,11,,,1,70,,78084,17,,,1,30,,78068,11,,,1,70,,78094,35,,,1,30,,78069,11,,,1,51,,78092,33,,,1,49,,78070,11,,,1,100,,78071,11,,,1,70,,78080,11,,,1,100,,78085,17,,,1,30,,78072,11,,,1,70,,78086,17,,,1,30,,78073,11,,,1,70,,78095,35,,,1,30,,78074,11,,,1,100,,78075,11,,,1
301,'20260930',624,,78127,22,,,1,30,,78129,35,,,1,70,,78116,11,,,1,30,,78100,11,,,1,70,,78117,11,,,1,30,,78101,11,,,1,70,,78118,11,,,1,30,,78102,11,,,1,70,,78119,11,,,1,30,,78103,11,,,1,70,,78121,17,,,1,30,,78104,11,,,1,70,,78122,17,,,1,30,,78105,11,,,1,70,,78133,35,,,1,30,,78106,11,,,1,70,,78123,17,,,1,30,,78107,11,,,1,70,,78124,17,,,1,30,,78108,11,,,1,70,,78134,35,,,1,30,,78109,11,,,1,51,,78132,33,,,1,49,,78110,11,,,1,100,,78111,11,,,1,70,,78120,11,,,1,100,,78125,17,,,1,30,,78112,11,,,1,70,,78126,17,,,1,30,,78113,11,,,1,70,,78135,35,,,1,30,,78114,11,,,1,100,,78115,11,,,1
301,'20261001',624,,78167,22,,,1,30,,78169,35,,,1,70,,78156,11,,,1,30,,78140,11,,,1,70,,78157,11,,,1,30,,78141,11,,,1,70,,78158,11,,,1,30,,78142,11,,,1,70,,78159,11,,,1,30,,78143,11,,,1,70,,78161,17,,,1,30,,78144,11,,,1,70,,78162,17,,,1,30,,78145,11,,,1,70,,78173,35,,,1,30,,78146,11,,,1,70,,78163,17,,,1,30,,78147,11,,,1,70,,78164,17,,,1,30,,78148,11,,,1,70,,78174,35,,,1,30,,78149,11,,,1,51,,78172,33,,,1,49,,78150,11,,,1,100,,78151,11,,,1,70,,78160,11,,,1,100,,78165,17,,,1,30,,78152,11,,,1,70,,78166,17,,,1,30,,78153,11,,,1,70,,78175,35,,,1,30,,78154,11,,,1,100,,78155,11,,,1
301,'20261002',624,,78207,22,,,1,30,,78209,35,,,1,70,,78196,11,,,1,30,,78180,11,,,1,70,,78197,11,,,1,30,,78181,11,,,1,70,,78198,11,,,1,30,,78182,11,,,1,70,,78199,11,,,1,30,,78183,11,,,1,70,,78201,17,,,1,30,,78184,11,,,1,70,,78202,17,,,1,30,,78185,11,,,1,70,,78213,35,,,1,30,,78186,11,,,1,70,,78203,17,,,1,30,,78187,11,,,1,70,,78204,17,,,1,30,,78188,11,,,1,70,,78214,35,,,1,30,,78189,11,,,1,51,,78212,33,,,1,49,,78190,11,,,1,100,,78191,11,,,1,70,,78200,11,,,1,100,,78205,17,,,1,30,,78192,11,,,1,70,,78206,17,,,1,30,,78193,11,,,1,70,,78215,35,,,1,30,,78194,11,,,1,100,,78195,11,,,1
301,'20261003',824,,78229,17,,,1,100,,78243,35,,,1,100,,78230,17,,,1,100,,78231,17,,,1,100,,78232,17,,,1,100,,78233,17,,,1,100,,78234,17,,,1,30,,78220,11,,,1,70,,78235,17,,,1,30,,78221,11,,,1,70,,78236,17,,,1,30,,78222,11,,,1,70,,78244,35,,,1,30,,78223,11,,,1,70,,78237,17,,,1,30,,78224,11,,,1,70,,78238,17,,,1,30,,78225,11,,,1,70,,78239,17,,,1,9,,78245,42,,,1,21,,78226,11,,,1,70,,78240,17,,,1,30,,78227,11,,,1,70,,78241,17,,,1,30,,78228,11,,,1,70,,78242,17,,,1
301,'20261004',824,,78255,17,,,1,100,,78269,35,,,1,100,,78256,17,,,1,100,,78257,17,,,1,100,,78258,17,,,1,100,,78259,17,,,1,100,,78260,17,,,1,30,,78246,11,,,1,70,,78261,17,,,1,30,,78247,11,,,1,70,,78262,17,,,1,30,,78248,11,,,1,70,,78270,35,,,1,30,,78249,11,,,1,70,,78263,17,,,1,30,,78250,11,,,1,70,,78264,17,,,1,30,,78251,11,,,1,70,,78265,17,,,1,9,,78271,42,,,1,21,,78252,11,,,1,70,,78266,17,,,1,30,,78253,11,,,1,70,,78267,17,,,1,30,,78254,11,,,1,70,,78268,17,,,1
301,'20261005',624,,78299,22,,,1,30,,78301,35,,,1,70,,78288,11,,,1,30,,78272,11,,,1,70,,78289,11,,,1,30,,78273,11,,,1,70,,78290,11,,,1,30,,78274,11,,,1,70,,78291,11,,,1,30,,78275,11,,,1,70,,78293,17,,,1,30,,78276,11,,,1,70,,78294,17,,,1,30,,78277,11,,,1,70,,78305,35,,,1,30,,78278,11,,,1,70,,78295,17,,,1,30,,78279,11,,,1,70,,78296,17,,,1,30,,78280,11,,,1,70,,78306,35,,,1,30,,78281,11,,,1,51,,78304,33,,,1,49,,78282,11,,,1,100,,78283,11,,,1,70,,78292,11,,,1,100,,78297,17,,,1,30,,78284,11,,,1,70,,78298,17,,,1,30,,78285,11,,,1,70,,78307,35,,,1,30,,78286,11,,,1,100,,78287,11,,,1
301,'20261006',624,,78339,22,,,1,30,,78341,35,,,1,70,,78328,11,,,1,30,,78312,11,,,1,70,,78329,11,,,1,30,,78313,11,,,1,70,,78330,11,,,1,30,,78314,11,,,1,70,,78331,11,,,1,30,,78315,11,,,1,70,,78333,17,,,1,30,,78316,11,,,1,70,,78334,17,,,1,30,,78317,11,,,1,70,,78345,35,,,1,30,,78318,11,,,1,70,,78335,17,,,1,30,,78319,11,,,1,70,,78336,17,,,1,30,,78320,11,,,1,70,,78346,35,,,1,30,,78321,11,,,1,51,,78344,33,,,1,49,,78322,11,,,1,100,,78323,11,,,1,70,,78332,11,,,1,100,,78337,17,,,1,30,,78324,11,,,1,70,,78338,17,,,1,30,,78325,11,,,1,70,,78347,35,,,1,30,,78326,11,,,1,100,,78327,11,,,1
301,'20261007',624,,78379,22,,,1,30,,78381,35,,,1,70,,78368,11,,,1,30,,78352,11,,,1,70,,78369,11,,,1,30,,78353,11,,,1,70,,78370,11,,,1,30,,78354,11,,,1,70,,78371,11,,,1,30,,78355,11,,,1,70,,78373,17,,,1,30,,78356,11,,,1,70,,78374,17,,,1,30,,78357,11,,,1,70,,78385,35,,,1,30,,78358,11,,,1,70,,78375,17,,,1,30,,78359,11,,,1,70,,78376,17,,,1,30,,78360,11,,,1,70,,78386,35,,,1,30,,78361,11,,,1,51,,78384,33,,,1,49,,78362,11,,,1,100,,78363,11,,,1,70,,78372,11,,,1,100,,78377,17,,,1,30,,78364,11,,,1,70,,78378,17,,,1,30,,78365,11,,,1,70,,78387,35,,,1,30,,78366,11,,,1,100,,78367,11,,,1
301,'20261008',624,,78419,22,,,1,30,,78421,35,,,1,70,,78408,11,,,1,30,,78392,11,,,1,70,,78409,11,,,1,30,,78393,11,,,1,70,,78410,11,,,1,30,,78394,11,,,1,70,,78411,11,,,1,30,,78395,11,,,1,70,,78413,17,,,1,30,,78396,11,,,1,70,,78414,17,,,1,30,,78397,11,,,1,70,,78425,35,,,1,30,,78398,11,,,1,70,,78415,17,,,1,30,,78399,11,,,1,70,,78416,17,,,1,30,,78400,11,,,1,70,,78426,35,,,1,30,,78401,11,,,1,51,,78424,33,,,1,49,,78402,11,,,1,100,,78403,11,,,1,70,,78412,11,,,1,100,,78417,17,,,1,30,,78404,11,,,1,70,,78418,17,,,1,30,,78405,11,,,1,70,,78427,35,,,1,30,,78406,11,,,1,100,,78407,11,,,1
301,'20261009',624,,78459,22,,,1,30,,78461,35,,,1,70,,78448,11,,,1,30,,78432,11,,,1,70,,78449,11,,,1,30,,78433,11,,,1,70,,78450,11,,,1,30,,78434,11,,,1,70,,78451,11,,,1,30,,78435,11,,,1,70,,78453,17,,,1,30,,78436,11,,,1,70,,78454,17,,,1,30,,78437,11,,,1,70,,78465,35,,,1,30,,78438,11,,,1,70,,78455,17,,,1,30,,78439,11,,,1,70,,78456,17,,,1,30,,78440,11,,,1,70,,78466,35,,,1,30,,78441,11,,,1,51,,78464,33,,,1,49,,78442,11,,,1,100,,78443,11,,,1,70,,78452,11,,,1,100,,78457,17,,,1,30,,78444,11,,,1,70,,78458,17,,,1,30,,78445,11,,,1,70,,78467,35,,,1,30,,78446,11,,,1,100,,78447,11,,,1
301,'20261010',824,,78481,17,,,1,100,,78495,35,,,1,100,,78482,17,,,1,100,,78483,17,,,1,100,,78484,17,,,1,100,,78485,17,,,1,100,,78486,17,,,1,30,,78472,11,,,1,70,,78487,17,,,1,30,,78473,11,,,1,70,,78488,17,,,1,30,,78474,11,,,1,70,,78496,35,,,1,30,,78475,11,,,1,70,,78489,17,,,1,30,,78476,11,,,1,70,,78490,17,,,1,30,,78477,11,,,1,70,,78491,17,,,1,9,,78497,42,,,1,21,,78478,11,,,1,70,,78492,17,,,1,30,,78479,11,,,1,70,,78493,17,,,1,30,,78480,11,,,1,70,,78494,17,,,1
301,'20261011',824,,78507,17,,,1,100,,78521,35,,,1,100,,78508,17,,,1,100,,78509,17,,,1,100,,78510,17,,,1,100,,78511,17,,,1,100,,78512,17,,,1,30,,78498,11,,,1,70,,78513,17,,,1,30,,78499,11,,,1,70,,78514,17,,,1,30,,78500,11,,,1,70,,78522,35,,,1,30,,78501,11,,,1,70,,78515,17,,,1,30,,78502,11,,,1,70,,78516,17,,,1,30,,78503,11,,,1,70,,78517,17,,,1,9,,78523,42,,,1,21,,78504,11,,,1,70,,78518,17,,,1,30,,78505,11,,,1,70,,78519,17,,,1,30,,78506,11,,,1,70,,78520,17,,,1
301,'20261012',624,,78551,22,,,1,30,,78553,35,,,1,70,,78540,11,,,1,30,,78524,11,,,1,70,,78541,11,,,1,30,,78525,11,,,1,70,,78542,11,,,1,30,,78526,11,,,1,70,,78543,11,,,1,30,,78527,11,,,1,70,,78545,17,,,1,30,,78528,11,,,1,70,,78546,17,,,1,30,,78529,11,,,1,70,,78557,35,,,1,30,,78530,11,,,1,70,,78547,17,,,1,30,,78531,11,,,1,70,,78548,17,,,1,30,,78532,11,,,1,70,,78558,35,,,1,30,,78533,11,,,1,51,,78556,33,,,1,49,,78534,11,,,1,100,,78535,11,,,1,70,,78544,11,,,1,100,,78549,17,,,1,30,,78536,11,,,1,70,,78550,17,,,1,30,,78537,11,,,1,70,,78559,35,,,1,30,,78538,11,,,1,100,,78539,11,,,1
301,'20261013',624,,78591,22,,,1,30,,78593,35,,,1,70,,78580,11,,,1,30,,78564,11,,,1,70,,78581,11,,,1,30,,78565,11,,,1,70,,78582,11,,,1,30,,78566,11,,,1,70,,78583,11,,,1,30,,78567,11,,,1,70,,78585,17,,,1,30,,78568,11,,,1,70,,78586,17,,,1,30,,78569,11,,,1,70,,78597,35,,,1,30,,78570,11,,,1,70,,78587,17,,,1,30,,78571,11,,,1,70,,78588,17,,,1,30,,78572,11,,,1,70,,78598,35,,,1,30,,78573,11,,,1,51,,78596,33,,,1,49,,78574,11,,,1,100,,78575,11,,,1,70,,78584,11,,,1,100,,78589,17,,,1,30,,78576,11,,,1,70,,78590,17,,,1,30,,78577,11,,,1,70,,78599,35,,,1,30,,78578,11,,,1,100,,78579,11,,,1
301,'20261014',624,,78631,22,,,1,30,,78633,35,,,1,70,,78620,11,,,1,30,,78604,11,,,1,70,,78621,11,,,1,30,,78605,11,,,1,70,,78622,11,,,1,30,,78606,11,,,1,70,,78623,11,,,1,30,,78607,11,,,1,70,,78625,17,,,1,30,,78608,11,,,1,70,,78626,17,,,1,30,,78609,11,,,1,70,,78637,35,,,1,30,,78610,11,,,1,70,,78627,17,,,1,30,,78611,11,,,1,70,,78628,17,,,1,30,,78612,11,,,1,70,,78638,35,,,1,30,,78613,11,,,1,51,,78636,33,,,1,49,,78614,11,,,1,100,,78615,11,,,1,70,,78624,11,,,1,100,,78629,17,,,1,30,,78616,11,,,1,70,,78630,17,,,1,30,,78617,11,,,1,70,,78639,35,,,1,30,,78618,11,,,1,100,,78619,11,,,1
301,'20261015',624,,78671,22,,,1,30,,78673,35,,,1,70,,78660,11,,,1,30,,78644,11,,,1,70,,78661,11,,,1,30,,78645,11,,,1,70,,78662,11,,,1,30,,78646,11,,,1,70,,78663,11,,,1,30,,78647,11,,,1,70,,78665,17,,,1,30,,78648,11,,,1,70,,78666,17,,,1,30,,78649,11,,,1,70,,78677,35,,,1,30,,78650,11,,,1,70,,78667,17,,,1,30,,78651,11,,,1,70,,78668,17,,,1,30,,78652,11,,,1,70,,78678,35,,,1,30,,78653,11,,,1,51,,78676,33,,,1,49,,78654,11,,,1,100,,78655,11,,,1,70,,78664,11,,,1,100,,78669,17,,,1,30,,78656,11,,,1,70,,78670,17,,,1,30,,78657,11,,,1,70,,78679,35,,,1,30,,78658,11,,,1,100,,78659,11,,,1
301,'20261016',624,,78711,22,,,1,30,,78713,35,,,1,70,,78700,11,,,1,30,,78684,11,,,1,70,,78701,11,,,1,30,,78685,11,,,1,70,,78702,11,,,1,30,,78686,11,,,1,70,,78703,11,,,1,30,,78687,11,,,1,70,,78705,17,,,1,30,,78688,11,,,1,70,,78706,17,,,1,30,,78689,11,,,1,70,,78717,35,,,1,30,,78690,11,,,1,70,,78707,17,,,1,30,,78691,11,,,1,70,,78708,17,,,1,30,,78692,11,,,1,70,,78718,35,,,1,30,,78693,11,,,1,51,,78716,33,,,1,49,,78694,11,,,1,100,,78695,11,,,1,70,,78704,11,,,1,100,,78709,17,,,1,30,,78696,11,,,1,70,,78710,17,,,1,30,,78697,11,,,1,70,,78719,35,,,1,30,,78698,11,,,1,100,,78699,11,,,1
301,'20261017',824,,78733,17,,,1,100,,78747,35,,,1,100,,78734,17,,,1,100,,78735,17,,,1,100,,78736,17,,,1,100,,78737,17,,,1,100,,78738,17,,,1,30,,78724,11,,,1,70,,78739,17,,,1,30,,78725,11,,,1,70,,78740,17,,,1,30,,78726,11,,,1,70,,78748,35,,,1,30,,78727,11,,,1,70,,78741,17,,,1,30,,78728,11,,,1,70,,78742,17,,,1,30,,78729,11,,,1,70,,78743,17,,,1,9,,78749,42,,,1,21,,78730,11,,,1,70,,78744,17,,,1,30,,78731,11,,,1,70,,78745,17,,,1,30,,78732,11,,,1,70,,78746,17,,,1
301,'20261018',824,,78759,17,,,1,100,,78773,35,,,1,100,,78760,17,,,1,100,,78761,17,,,1,100,,78762,17,,,1,100,,78763,17,,,1,100,,78764,17,,,1,30,,78750,11,,,1,70,,78765,17,,,1,30,,78751,11,,,1,70,,78766,17,,,1,30,,78752,11,,,1,70,,78774,35,,,1,30,,78753,11,,,1,70,,78767,17,,,1,30,,78754,11,,,1,70,,78768,17,,,1,30,,78755,11,,,1,70,,78769,17,,,1,9,,78775,42,,,1,21,,78756,11,,,1,70,,78770,17,,,1,30,,78757,11,,,1,70,,78771,17,,,1,30,,78758,11,,,1,70,,78772,17,,,1
301,'20261019',624,,78803,22,,,1,30,,78805,35,,,1,70,,78792,11,,,1,30,,78776,11,,,1,70,,78793,11,,,1,30,,78777,11,,,1,70,,78794,11,,,1,30,,78778,11,,,1,70,,78795,11,,,1,30,,78779,11,,,1,70,,78797,17,,,1,30,,78780,11,,,1,70,,78798,17,,,1,30,,78781,11,,,1,70,,78809,35,,,1,30,,78782,11,,,1,70,,78799,17,,,1,30,,78783,11,,,1,70,,78800,17,,,1,30,,78784,11,,,1,70,,78810,35,,,1,30,,78785,11,,,1,51,,78808,33,,,1,49,,78786,11,,,1,100,,78787,11,,,1,70,,78796,11,,,1,100,,78801,17,,,1,30,,78788,11,,,1,70,,78802,17,,,1,30,,78789,11,,,1,70,,78811,35,,,1,30,,78790,11,,,1,100,,78791,11,,,1
301,'20261020',624,,78843,22,,,1,30,,78845,35,,,1,70,,78832,11,,,1,30,,78816,11,,,1,70,,78833,11,,,1,30,,78817,11,,,1,70,,78834,11,,,1,30,,78818,11,,,1,70,,78835,11,,,1,30,,78819,11,,,1,70,,78837,17,,,1,30,,78820,11,,,1,70,,78838,17,,,1,30,,78821,11,,,1,70,,78849,35,,,1,30,,78822,11,,,1,70,,78839,17,,,1,30,,78823,11,,,1,70,,78840,17,,,1,30,,78824,11,,,1,70,,78850,35,,,1,30,,78825,11,,,1,51,,78848,33,,,1,49,,78826,11,,,1,100,,78827,11,,,1,70,,78836,11,,,1,100,,78841,17,,,1,30,,78828,11,,,1,70,,78842,17,,,1,30,,78829,11,,,1,70,,78851,35,,,1,30,,78830,11,,,1,100,,78831,11,,,1
301,'20261021',624,,78883,22,,,1,30,,78885,35,,,1,70,,78872,11,,,1,30,,78856,11,,,1,70,,78873,11,,,1,30,,78857,11,,,1,70,,78874,11,,,1,30,,78858,11,,,1,70,,78875,11,,,1,30,,78859,11,,,1,70,,78877,17,,,1,30,,78860,11,,,1,70,,78878,17,,,1,30,,78861,11,,,1,70,,78889,35,,,1,30,,78862,11,,,1,70,,78879,17,,,1,30,,78863,11,,,1,70,,78880,17,,,1,30,,78864,11,,,1,70,,78890,35,,,1,30,,78865,11,,,1,51,,78888,33,,,1,49,,78866,11,,,1,100,,78867,11,,,1,70,,78876,11,,,1,100,,78881,17,,,1,30,,78868,11,,,1,70,,78882,17,,,1,30,,78869,11,,,1,70,,78891,35,,,1,30,,78870,11,,,1,100,,78871,11,,,1
301,'20261022',624,,78923,22,,,1,30,,78925,35,,,1,70,,78912,11,,,1,30,,78896,11,,,1,70,,78913,11,,,1,30,,78897,11,,,1,70,,78914,11,,,1,30,,78898,11,,,1,70,,78915,11,,,1,30,,78899,11,,,1,70,,78917,17,,,1,30,,78900,11,,,1,70,,78918,17,,,1,30,,78901,11,,,1,70,,78929,35,,,1,30,,78902,11,,,1,70,,78919,17,,,1,30,,78903,11,,,1,70,,78920,17,,,1,30,,78904,11,,,1,70,,78930,35,,,1,30,,78905,11,,,1,51,,78928,33,,,1,49,,78906,11,,,1,100,,78907,11,,,1,70,,78916,11,,,1,100,,78921,17,,,1,30,,78908,11,,,1,70,,78922,17,,,1,30,,78909,11,,,1,70,,78931,35,,,1,30,,78910,11,,,1,100,,78911,11,,,1
301,'20261023',624,,78963,22,,,1,30,,78965,35,,,1,70,,78952,11,,,1,30,,78936,11,,,1,70,,78953,11,,,1,30,,78937,11,,,1,70,,78954,11,,,1,30,,78938,11,,,1,70,,78955,11,,,1,30,,78939,11,,,1,70,,78957,17,,,1,30,,78940,11,,,1,70,,78958,17,,,1,30,,78941,11,,,1,70,,78969,35,,,1,30,,78942,11,,,1,70,,78959,17,,,1,30,,78943,11,,,1,70,,78960,17,,,1,30,,78944,11,,,1,70,,78970,35,,,1,30,,78945,11,,,1,51,,78968,33,,,1,49,,78946,11,,,1,100,,78947,11,,,1,70,,78956,11,,,1,100,,78961,17,,,1,30,,78948,11,,,1,70,,78962,17,,,1,30,,78949,11,,,1,70,,78971,35,,,1,30,,78950,11,,,1,100,,78951,11,,,1
301,'20261024',824,,78985,17,,,1,100,,78999,35,,,1,100,,78986,17,,,1,100,,78987,17,,,1,100,,78988,17,,,1,100,,78989,17,,,1,100,,78990,17,,,1,30,,78976,11,,,1,70,,78991,17,,,1,30,,78977,11,,,1,70,,78992,17,,,1,30,,78978,11,,,1,70,,79000,35,,,1,30,,78979,11,,,1,70,,78993,17,,,1,30,,78980,11,,,1,70,,78994,17,,,1,30,,78981,11,,,1,70,,78995,17,,,1,9,,79001,42,,,1,21,,78982,11,,,1,70,,78996,17,,,1,30,,78983,11,,,1,70,,78997,17,,,1,30,,78984,11,,,1,70,,78998,17,,,1
301,'20261025',824,,79011,17,,,1,100,,79025,35,,,1,100,,79012,17,,,1,100,,79013,17,,,1,100,,79014,17,,,1,100,,79015,17,,,1,100,,79016,17,,,1,30,,79002,11,,,1,70,,79017,17,,,1,30,,79003,11,,,1,70,,79018,17,,,1,30,,79004,11,,,1,70,,79026,35,,,1,30,,79005,11,,,1,70,,79019,17,,,1,30,,79006,11,,,1,70,,79020,17,,,1,30,,79007,11,,,1,70,,79021,17,,,1,9,,79027,42,,,1,21,,79008,11,,,1,70,,79022,17,,,1,30,,79009,11,,,1,70,,79023,17,,,1,30,,79010,11,,,1,70,,79024,17,,,1
301,'20261026',624,,79055,22,,,1,30,,79057,35,,,1,70,,79044,11,,,1,30,,79028,11,,,1,70,,79045,11,,,1,30,,79029,11,,,1,70,,79046,11,,,1,30,,79030,11,,,1,70,,79047,11,,,1,30,,79031,11,,,1,70,,79049,17,,,1,30,,79032,11,,,1,70,,79050,17,,,1,30,,79033,11,,,1,70,,79061,35,,,1,30,,79034,11,,,1,70,,79051,17,,,1,30,,79035,11,,,1,70,,79052,17,,,1,30,,79036,11,,,1,70,,79062,35,,,1,30,,79037,11,,,1,51,,79060,33,,,1,49,,79038,11,,,1,100,,79039,11,,,1,70,,79048,11,,,1,100,,79053,17,,,1,30,,79040,11,,,1,70,,79054,17,,,1,30,,79041,11,,,1,70,,79063,35,,,1,30,,79042,11,,,1,100,,79043,11,,,1
301,'20261027',624,,79095,22,,,1,30,,79097,35,,,1,70,,79084,11,,,1,30,,79068,11,,,1,70,,79085,11,,,1,30,,79069,11,,,1,70,,79086,11,,,1,30,,79070,11,,,1,70,,79087,11,,,1,30,,79071,11,,,1,70,,79089,17,,,1,30,,79072,11,,,1,70,,79090,17,,,1,30,,79073,11,,,1,70,,79101,35,,,1,30,,79074,11,,,1,70,,79091,17,,,1,30,,79075,11,,,1,70,,79092,17,,,1,30,,79076,11,,,1,70,,79102,35,,,1,30,,79077,11,,,1,51,,79100,33,,,1,49,,79078,11,,,1,100,,79079,11,,,1,70,,79088,11,,,1,100,,79093,17,,,1,30,,79080,11,,,1,70,,79094,17,,,1,30,,79081,11,,,1,70,,79103,35,,,1,30,,79082,11,,,1,100,,79083,11,,,1
301,'20261028',624,,79135,22,,,1,30,,79137,35,,,1,70,,79124,11,,,1,30,,79108,11,,,1,70,,79125,11,,,1,30,,79109,11,,,1,70,,79126,11,,,1,30,,79110,11,,,1,70,,79127,11,,,1,30,,79111,11,,,1,70,,79129,17,,,1,30,,79112,11,,,1,70,,79130,17,,,1,30,,79113,11,,,1,70,,79141,35,,,1,30,,79114,11,,,1,70,,79131,17,,,1,30,,79115,11,,,1,70,,79132,17,,,1,30,,79116,11,,,1,70,,79142,35,,,1,30,,79117,11,,,1,51,,79140,33,,,1,49,,79118,11,,,1,100,,79119,11,,,1,70,,79128,11,,,1,100,,79133,17,,,1,30,,79120,11,,,1,70,,79134,17,,,1,30,,79121,11,,,1,70,,79143,35,,,1,30,,79122,11,,,1,100,,79123,11,,,1
301,'20261029',624,,79175,22,,,1,30,,79177,35,,,1,70,,79164,11,,,1,30,,79148,11,,,1,70,,79165,11,,,1,30,,79149,11,,,1,70,,79166,11,,,1,30,,79150,11,,,1,70,,79167,11,,,1,30,,79151,11,,,1,70,,79169,17,,,1,30,,79152,11,,,1,70,,79170,17,,,1,30,,79153,11,,,1,70,,79181,35,,,1,30,,79154,11,,,1,70,,79171,17,,,1,30,,79155,11,,,1,70,,79172,17,,,1,30,,79156,11,,,1,70,,79182,35,,,1,30,,79157,11,,,1,51,,79180,33,,,1,49,,79158,11,,,1,100,,79159,11,,,1,70,,79168,11,,,1,100,,79173,17,,,1,30,,79160,11,,,1,70,,79174,17,,,1,30,,79161,11,,,1,70,,79183,35,,,1,30,,79162,11,,,1,100,,79163,11,,,1
301,'20261030',624,,79215,22,,,1,30,,79217,35,,,1,70,,79204,11,,,1,30,,79188,11,,,1,70,,79205,11,,,1,30,,79189,11,,,1,70,,79206,11,,,1,30,,79190,11,,,1,70,,79207,11,,,1,30,,79191,11,,,1,70,,79209,17,,,1,30,,79192,11,,,1,70,,79210,17,,,1,30,,79193,11,,,1,70,,79221,35,,,1,30,,79194,11,,,1,70,,79211,17,,,1,30,,79195,11,,,1,70,,79212,17,,,1,30,,79196,11,,,1,70,,79222,35,,,1,30,,79197,11,,,1,51,,79220,33,,,1,49,,79198,11,,,1,100,,79199,11,,,1,70,,79208,11,,,1,100,,79213,17,,,1,30,,79200,11,,,1,70,,79214,17,,,1,30,,79201,11,,,1,70,,79223,35,,,1,30,,79202,11,,,1,100,,79203,11,,,1
301,'20261031',824,,79237,17,,,1,100,,79251,35,,,1,100,,79238,17,,,1,100,,79239,17,,,1,100,,79240,17,,,1,100,,79241,17,,,1,100,,79242,17,,,1,30,,79228,11,,,1,70,,79243,17,,,1,30,,79229,11,,,1,70,,79244,17,,,1,30,,79230,11,,,1,70,,79252,35,,,1,30,,79231,11,,,1,70,,79245,17,,,1,30,,79232,11,,,1,70,,79246,17,,,1,30,,79233,11,,,1,70,,79247,17,,,1,9,,79253,42,,,1,21,,79234,11,,,1,70,,79248,17,,,1,30,,79235,11,,,1,70,,79249,17,,,1,30,,79236,11,,,1,70,,79250,17,,,1
301,'20261101',824,,79263,17,,,1,100,,79277,35,,,1,100,,79264,17,,,1,100,,79265,17,,,1,100,,79266,17,,,1,100,,79267,17,,,1,100,,79268,17,,,1,30,,79254,11,,,1,70,,79269,17,,,1,30,,79255,11,,,1,70,,79270,17,,,1,30,,79256,11,,,1,70,,79278,35,,,1,30,,79257,11,,,1,70,,79271,17,,,1,30,,79258,11,,,1,70,,79272,17,,,1,30,,79259,11,,,1,70,,79273,17,,,1,9,,79279,42,,,1,21,,79260,11,,,1,70,,79274,17,,,1,30,,79261,11,,,1,70,,79275,17,,,1,30,,79262,11,,,1,70,,79276,17,,,1
301,'20261102',624,,79307,22,,,1,30,,79309,35,,,1,70,,79296,11,,,1,30,,79280,11,,,1,70,,79297,11,,,1,30,,79281,11,,,1,70,,79298,11,,,1,30,,79282,11,,,1,70,,79299,11,,,1,30,,79283,11,,,1,70,,79301,17,,,1,30,,79284,11,,,1,70,,79302,17,,,1,30,,79285,11,,,1,70,,79313,35,,,1,30,,79286,11,,,1,70,,79303,17,,,1,30,,79287,11,,,1,70,,79304,17,,,1,30,,79288,11,,,1,70,,79314,35,,,1,30,,79289,11,,,1,51,,79312,33,,,1,49,,79290,11,,,1,100,,79291,11,,,1,70,,79300,11,,,1,100,,79305,17,,,1,30,,79292,11,,,1,70,,79306,17,,,1,30,,79293,11,,,1,70,,79315,35,,,1,30,,79294,11,,,1,100,,79295,11,,,1
301,'20261103',624,,79347,22,,,1,30,,79349,35,,,1,70,,79336,11,,,1,30,,79320,11,,,1,70,,79337,11,,,1,30,,79321,11,,,1,70,,79338,11,,,1,30,,79322,11,,,1,70,,79339,11,,,1,30,,79323,11,,,1,70,,79341,17,,,1,30,,79324,11,,,1,70,,79342,17,,,1,30,,79325,11,,,1,70,,79353,35,,,1,30,,79326,11,,,1,70,,79343,17,,,1,30,,79327,11,,,1,70,,79344,17,,,1,30,,79328,11,,,1,70,,79354,35,,,1,30,,79329,11,,,1,51,,79352,33,,,1,49,,79330,11,,,1,100,,79331,11,,,1,70,,79340,11,,,1,100,,79345,17,,,1,30,,79332,11,,,1,70,,79346,17,,,1,30,,79333,11,,,1,70,,79355,35,,,1,30,,79334,11,,,1,100,,79335,11,,,1
301,'20261104',624,,79387,22,,,1,30,,79389,35,,,1,70,,79376,11,,,1,30,,79360,11,,,1,70,,79377,11,,,1,30,,79361,11,,,1,70,,79378,11,,,1,30,,79362,11,,,1,70,,79379,11,,,1,30,,79363,11,,,1,70,,79381,17,,,1,30,,79364,11,,,1,70,,79382,17,,,1,30,,79365,11,,,1,70,,79393,35,,,1,30,,79366,11,,,1,70,,79383,17,,,1,30,,79367,11,,,1,70,,79384,17,,,1,30,,79368,11,,,1,70,,79394,35,,,1,30,,79369,11,,,1,51,,79392,33,,,1,49,,79370,11,,,1,100,,79371,11,,,1,70,,79380,11,,,1,100,,79385,17,,,1,30,,79372,11,,,1,70,,79386,17,,,1,30,,79373,11,,,1,70,,79395,35,,,1,30,,79374,11,,,1,100,,79375,11,,,1
301,'20261105',624,,79427,22,,,1,30,,79429,35,,,1,70,,79416,11,,,1,30,,79400,11,,,1,70,,79417,11,,,1,30,,79401,11,,,1,70,,79418,11,,,1,30,,79402,11,,,1,70,,79419,11,,,1,30,,79403,11,,,1,70,,79421,17,,,1,30,,79404,11,,,1,70,,79422,17,,,1,30,,79405,11,,,1,70,,79433,35,,,1,30,,79406,11,,,1,70,,79423,17,,,1,30,,79407,11,,,1,70,,79424,17,,,1,30,,79408,11,,,1,70,,79434,35,,,1,30,,79409,11,,,1,51,,79432,33,,,1,49,,79410,11,,,1,100,,79411,11,,,1,70,,79420,11,,,1,100,,79425,17,,,1,30,,79412,11,,,1,70,,79426,17,,,1,30,,79413,11,,,1,70,,79435,35,,,1,30,,79414,11,,,1,100,,79415,11,,,1
301,'20261106',624,,79467,22,,,1,30,,79469,35,,,1,70,,79456,11,,,1,30,,79440,11,,,1,70,,79457,11,,,1,30,,79441,11,,,1,70,,79458,11,,,1,30,,79442,11,,,1,70,,79459,11,,,1,30,,79443,11,,,1,70,,79461,17,,,1,30,,79444,11,,,1,70,,79462,17,,,1,30,,79445,11,,,1,70,,79473,35,,,1,30,,79446,11,,,1,70,,79463,17,,,1,30,,79447,11,,,1,70,,79464,17,,,1,30,,79448,11,,,1,70,,79474,35,,,1,30,,79449,11,,,1,51,,79472,33,,,1,49,,79450,11,,,1,100,,79451,11,,,1,70,,79460,11,,,1,100,,79465,17,,,1,30,,79452,11,,,1,70,,79466,17,,,1,30,,79453,11,,,1,70,,79475,35,,,1,30,,79454,11,,,1,100,,79455,11,,,1
301,'20261107',824,,79489,17,,,1,100,,79503,35,,,1,100,,79490,17,,,1,100,,79491,17,,,1,100,,79492,17,,,1,100,,79493,17,,,1,100,,79494,17,,,1,30,,79480,11,,,1,70,,79495,17,,,1,30,,79481,11,,,1,70,,79496,17,,,1,30,,79482,11,,,1,70,,79504,35,,,1,30,,79483,11,,,1,70,,79497,17,,,1,30,,79484,11,,,1,70,,79498,17,,,1,30,,79485,11,,,1,70,,79499,17,,,1,9,,79505,42,,,1,21,,79486,11,,,1,70,,79500,17,,,1,30,,79487,11,,,1,70,,79501,17,,,1,30,,79488,11,,,1,70,,79502,17,,,1
301,'20261108',824,,79515,17,,,1,100,,79529,35,,,1,100,,79516,17,,,1,100,,79517,17,,,1,100,,79518,17,,,1,100,,79519,17,,,1,100,,79520,17,,,1,30,,79506,11,,,1,70,,79521,17,,,1,30,,79507,11,,,1,70,,79522,17,,,1,30,,79508,11,,,1,70,,79530,35,,,1,30,,79509,11,,,1,70,,79523,17,,,1,30,,79510,11,,,1,70,,79524,17,,,1,30,,79511,11,,,1,70,,79525,17,,,1,9,,79531,42,,,1,21,,79512,11,,,1,70,,79526,17,,,1,30,,79513,11,,,1,70,,79527,17,,,1,30,,79514,11,,,1,70,,79528,17,,,1
301,'20261109',624,,79559,22,,,1,30,,79561,35,,,1,70,,79548,11,,,1,30,,79532,11,,,1,70,,79549,11,,,1,30,,79533,11,,,1,70,,79550,11,,,1,30,,79534,11,,,1,70,,79551,11,,,1,30,,79535,11,,,1,70,,79553,17,,,1,30,,79536,11,,,1,70,,79554,17,,,1,30,,79537,11,,,1,70,,79565,35,,,1,30,,79538,11,,,1,70,,79555,17,,,1,30,,79539,11,,,1,70,,79556,17,,,1,30,,79540,11,,,1,70,,79566,35,,,1,30,,79541,11,,,1,51,,79564,33,,,1,49,,79542,11,,,1,100,,79543,11,,,1,70,,79552,11,,,1,100,,79557,17,,,1,30,,79544,11,,,1,70,,79558,17,,,1,30,,79545,11,,,1,70,,79567,35,,,1,30,,79546,11,,,1,100,,79547,11,,,1
301,'20261110',624,,79599,22,,,1,30,,79601,35,,,1,70,,79588,11,,,1,30,,79572,11,,,1,70,,79589,11,,,1,30,,79573,11,,,1,70,,79590,11,,,1,30,,79574,11,,,1,70,,79591,11,,,1,30,,79575,11,,,1,70,,79593,17,,,1,30,,79576,11,,,1,70,,79594,17,,,1,30,,79577,11,,,1,70,,79605,35,,,1,30,,79578,11,,,1,70,,79595,17,,,1,30,,79579,11,,,1,70,,79596,17,,,1,30,,79580,11,,,1,70,,79606,35,,,1,30,,79581,11,,,1,51,,79604,33,,,1,49,,79582,11,,,1,100,,79583,11,,,1,70,,79592,11,,,1,100,,79597,17,,,1,30,,79584,11,,,1,70,,79598,17,,,1,30,,79585,11,,,1,70,,79607,35,,,1,30,,79586,11,,,1,100,,79587,11,,,1
301,'20261111',624,,79639,22,,,1,30,,79641,35,,,1,70,,79628,11,,,1,30,,79612,11,,,1,70,,79629,11,,,1,30,,79613,11,,,1,70,,79630,11,,,1,30,,79614,11,,,1,70,,79631,11,,,1,30,,79615,11,,,1,70,,79633,17,,,1,30,,79616,11,,,1,70,,79634,17,,,1,30,,79617,11,,,1,70,,79645,35,,,1,30,,79618,11,,,1,70,,79635,17,,,1,30,,79619,11,,,1,70,,79636,17,,,1,30,,79620,11,,,1,70,,79646,35,,,1,30,,79621,11,,,1,51,,79644,33,,,1,49,,79622,11,,,1,100,,79623,11,,,1,70,,79632,11,,,1,100,,79637,17,,,1,30,,79624,11,,,1,70,,79638,17,,,1,30,,79625,11,,,1,70,,79647,35,,,1,30,,79626,11,,,1,100,,79627,11,,,1
301,'20261112',624,,79679,22,,,1,30,,79681,35,,,1,70,,79668,11,,,1,30,,79652,11,,,1,70,,79669,11,,,1,30,,79653,11,,,1,70,,79670,11,,,1,30,,79654,11,,,1,70,,79671,11,,,1,30,,79655,11,,,1,70,,79673,17,,,1,30,,79656,11,,,1,70,,79674,17,,,1,30,,79657,11,,,1,70,,79685,35,,,1,30,,79658,11,,,1,70,,79675,17,,,1,30,,79659,11,,,1,70,,79676,17,,,1,30,,79660,11,,,1,70,,79686,35,,,1,30,,79661,11,,,1,51,,79684,33,,,1,49,,79662,11,,,1,100,,79663,11,,,1,70,,79672,11,,,1,100,,79677,17,,,1,30,,79664,11,,,1,70,,79678,17,,,1,30,,79665,11,,,1,70,,79687,35,,,1,30,,79666,11,,,1,100,,79667,11,,,1
301,'20261113',624,,79719,22,,,1,30,,79721,35,,,1,70,,79708,11,,,1,30,,79692,11,,,1,70,,79709,11,,,1,30,,79693,11,,,1,70,,79710,11,,,1,30,,79694,11,,,1,70,,79711,11,,,1,30,,79695,11,,,1,70,,79713,17,,,1,30,,79696,11,,,1,70,,79714,17,,,1,30,,79697,11,,,1,70,,79725,35,,,1,30,,79698,11,,,1,70,,79715,17,,,1,30,,79699,11,,,1,70,,79716,17,,,1,30,,79700,11,,,1,70,,79726,35,,,1,30,,79701,11,,,1,51,,79724,33,,,1,49,,79702,11,,,1,100,,79703,11,,,1,70,,79712,11,,,1,100,,79717,17,,,1,30,,79704,11,,,1,70,,79718,17,,,1,30,,79705,11,,,1,70,,79727,35,,,1,30,,79706,11,,,1,100,,79707,11,,,1
301,'20261114',824,,79741,17,,,1,100,,79755,35,,,1,100,,79742,17,,,1,100,,79743,17,,,1,100,,79744,17,,,1,100,,79745,17,,,1,100,,79746,17,,,1,30,,79732,11,,,1,70,,79747,17,,,1,30,,79733,11,,,1,70,,79748,17,,,1,30,,79734,11,,,1,70,,79756,35,,,1,30,,79735,11,,,1,70,,79749,17,,,1,30,,79736,11,,,1,70,,79750,17,,,1,30,,79737,11,,,1,70,,79751,17,,,1,9,,79757,42,,,1,21,,79738,11,,,1,70,,79752,17,,,1,30,,79739,11,,,1,70,,79753,17,,,1,30,,79740,11,,,1,70,,79754,17,,,1
301,'20261115',824,,79767,17,,,1,100,,79781,35,,,1,100,,79768,17,,,1,100,,79769,17,,,1,100,,79770,17,,,1,100,,79771,17,,,1,100,,79772,17,,,1,30,,79758,11,,,1,70,,79773,17,,,1,30,,79759,11,,,1,70,,79774,17,,,1,30,,79760,11,,,1,70,,79782,35,,,1,30,,79761,11,,,1,70,,79775,17,,,1,30,,79762,11,,,1,70,,79776,17,,,1,30,,79763,11,,,1,70,,79777,17,,,1,9,,79783,42,,,1,21,,79764,11,,,1,70,,79778,17,,,1,30,,79765,11,,,1,70,,79779,17,,,1,30,,79766,11,,,1,70,,79780,17,,,1
301,'20261116',624,,79811,22,,,1,30,,79813,35,,,1,70,,79800,11,,,1,30,,79784,11,,,1,70,,79801,11,,,1,30,,79785,11,,,1,70,,79802,11,,,1,30,,79786,11,,,1,70,,79803,11,,,1,30,,79787,11,,,1,70,,79805,17,,,1,30,,79788,11,,,1,70,,79806,17,,,1,30,,79789,11,,,1,70,,79817,35,,,1,30,,79790,11,,,1,70,,79807,17,,,1,30,,79791,11,,,1,70,,79808,17,,,1,30,,79792,11,,,1,70,,79818,35,,,1,30,,79793,11,,,1,51,,79816,33,,,1,49,,79794,11,,,1,100,,79795,11,,,1,70,,79804,11,,,1,100,,79809,17,,,1,30,,79796,11,,,1,70,,79810,17,,,1,30,,79797,11,,,1,70,,79819,35,,,1,30,,79798,11,,,1,100,,79799,11,,,1
301,'20261117',624,,79851,22,,,1,30,,79853,35,,,1,70,,79840,11,,,1,30,,79824,11,,,1,70,,79841,11,,,1,30,,79825,11,,,1,70,,79842,11,,,1,30,,79826,11,,,1,70,,79843,11,,,1,30,,79827,11,,,1,70,,79845,17,,,1,30,,79828,11,,,1,70,,79846,17,,,1,30,,79829,11,,,1,70,,79857,35,,,1,30,,79830,11,,,1,70,,79847,17,,,1,30,,79831,11,,,1,70,,79848,17,,,1,30,,79832,11,,,1,70,,79858,35,,,1,30,,79833,11,,,1,51,,79856,33,,,1,49,,79834,11,,,1,100,,79835,11,,,1,70,,79844,11,,,1,100,,79849,17,,,1,30,,79836,11,,,1,70,,79850,17,,,1,30,,79837,11,,,1,70,,79859,35,,,1,30,,79838,11,,,1,100,,79839,11,,,1
301,'20261118',624,,79891,22,,,1,30,,79893,35,,,1,70,,79880,11,,,1,30,,79864,11,,,1,70,,79881,11,,,1,30,,79865,11,,,1,70,,79882,11,,,1,30,,79866,11,,,1,70,,79883,11,,,1,30,,79867,11,,,1,70,,79885,17,,,1,30,,79868,11,,,1,70,,79886,17,,,1,30,,79869,11,,,1,70,,79897,35,,,1,30,,79870,11,,,1,70,,79887,17,,,1,30,,79871,11,,,1,70,,79888,17,,,1,30,,79872,11,,,1,70,,79898,35,,,1,30,,79873,11,,,1,51,,79896,33,,,1,49,,79874,11,,,1,100,,79875,11,,,1,70,,79884,11,,,1,100,,79889,17,,,1,30,,79876,11,,,1,70,,79890,17,,,1,30,,79877,11,,,1,70,,79899,35,,,1,30,,79878,11,,,1,100,,79879,11,,,1
301,'20261119',624,,79931,22,,,1,30,,79933,35,,,1,70,,79920,11,,,1,30,,79904,11,,,1,70,,79921,11,,,1,30,,79905,11,,,1,70,,79922,11,,,1,30,,79906,11,,,1,70,,79923,11,,,1,30,,79907,11,,,1,70,,79925,17,,,1,30,,79908,11,,,1,70,,79926,17,,,1,30,,79909,11,,,1,70,,79937,35,,,1,30,,79910,11,,,1,70,,79927,17,,,1,30,,79911,11,,,1,70,,79928,17,,,1,30,,79912,11,,,1,70,,79938,35,,,1,30,,79913,11,,,1,51,,79936,33,,,1,49,,79914,11,,,1,100,,79915,11,,,1,70,,79924,11,,,1,100,,79929,17,,,1,30,,79916,11,,,1,70,,79930,17,,,1,30,,79917,11,,,1,70,,79939,35,,,1,30,,79918,11,,,1,100,,79919,11,,,1
301,'20261120',624,,79971,22,,,1,30,,79973,35,,,1,70,,79960,11,,,1,30,,79944,11,,,1,70,,79961,11,,,1,30,,79945,11,,,1,70,,79962,11,,,1,30,,79946,11,,,1,70,,79963,11,,,1,30,,79947,11,,,1,70,,79965,17,,,1,30,,79948,11,,,1,70,,79966,17,,,1,30,,79949,11,,,1,70,,79977,35,,,1,30,,79950,11,,,1,70,,79967,17,,,1,30,,79951,11,,,1,70,,79968,17,,,1,30,,79952,11,,,1,70,,79978,35,,,1,30,,79953,11,,,1,51,,79976,33,,,1,49,,79954,11,,,1,100,,79955,11,,,1,70,,79964,11,,,1,100,,79969,17,,,1,30,,79956,11,,,1,70,,79970,17,,,1,30,,79957,11,,,1,70,,79979,35,,,1,30,,79958,11,,,1,100,,79959,11,,,1
301,'20261121',824,,79993,17,,,1,100,,80007,35,,,1,100,,79994,17,,,1,100,,79995,17,,,1,100,,79996,17,,,1,100,,79997,17,,,1,100,,79998,17,,,1,30,,79984,11,,,1,70,,79999,17,,,1,30,,79985,11,,,1,70,,80000,17,,,1,30,,79986,11,,,1,70,,80008,35,,,1,30,,79987,11,,,1,70,,80001,17,,,1,30,,79988,11,,,1,70,,80002,17,,,1,30,,79989,11,,,1,70,,80003,17,,,1,9,,80009,42,,,1,21,,79990,11,,,1,70,,80004,17,,,1,30,,79991,11,,,1,70,,80005,17,,,1,30,,79992,11,,,1,70,,80006,17,,,1
301,'20261122',824,,80019,17,,,1,100,,80033,35,,,1,100,,80020,17,,,1,100,,80021,17,,,1,100,,80022,17,,,1,100,,80023,17,,,1,100,,80024,17,,,1,30,,80010,11,,,1,70,,80025,17,,,1,30,,80011,11,,,1,70,,80026,17,,,1,30,,80012,11,,,1,70,,80034,35,,,1,30,,80013,11,,,1,70,,80027,17,,,1,30,,80014,11,,,1,70,,80028,17,,,1,30,,80015,11,,,1,70,,80029,17,,,1,9,,80035,42,,,1,21,,80016,11,,,1,70,,80030,17,,,1,30,,80017,11,,,1,70,,80031,17,,,1,30,,80018,11,,,1,70,,80032,17,,,1
301,'20261123',624,,80063,22,,,1,30,,80065,35,,,1,70,,80052,11,,,1,30,,80036,11,,,1,70,,80053,11,,,1,30,,80037,11,,,1,70,,80054,11,,,1,30,,80038,11,,,1,70,,80055,11,,,1,30,,80039,11,,,1,70,,80057,17,,,1,30,,80040,11,,,1,70,,80058,17,,,1,30,,80041,11,,,1,70,,80069,35,,,1,30,,80042,11,,,1,70,,80059,17,,,1,30,,80043,11,,,1,70,,80060,17,,,1,30,,80044,11,,,1,70,,80070,35,,,1,30,,80045,11,,,1,51,,80068,33,,,1,49,,80046,11,,,1,100,,80047,11,,,1,70,,80056,11,,,1,100,,80061,17,,,1,30,,80048,11,,,1,70,,80062,17,,,1,30,,80049,11,,,1,70,,80071,35,,,1,30,,80050,11,,,1,100,,80051,11,,,1
301,'20261124',624,,80103,22,,,1,30,,80105,35,,,1,70,,80092,11,,,1,30,,80076,11,,,1,70,,80093,11,,,1,30,,80077,11,,,1,70,,80094,11,,,1,30,,80078,11,,,1,70,,80095,11,,,1,30,,80079,11,,,1,70,,80097,17,,,1,30,,80080,11,,,1,70,,80098,17,,,1,30,,80081,11,,,1,70,,80109,35,,,1,30,,80082,11,,,1,70,,80099,17,,,1,30,,80083,11,,,1,70,,80100,17,,,1,30,,80084,11,,,1,70,,80110,35,,,1,30,,80085,11,,,1,51,,80108,33,,,1,49,,80086,11,,,1,100,,80087,11,,,1,70,,80096,11,,,1,100,,80101,17,,,1,30,,80088,11,,,1,70,,80102,17,,,1,30,,80089,11,,,1,70,,80111,35,,,1,30,,80090,11,,,1,100,,80091,11,,,1
301,'20261125',624,,80143,22,,,1,30,,80145,35,,,1,70,,80132,11,,,1,30,,80116,11,,,1,70,,80133,11,,,1,30,,80117,11,,,1,70,,80134,11,,,1,30,,80118,11,,,1,70,,80135,11,,,1,30,,80119,11,,,1,70,,80137,17,,,1,30,,80120,11,,,1,70,,80138,17,,,1,30,,80121,11,,,1,70,,80149,35,,,1,30,,80122,11,,,1,70,,80139,17,,,1,30,,80123,11,,,1,70,,80140,17,,,1,30,,80124,11,,,1,70,,80150,35,,,1,30,,80125,11,,,1,51,,80148,33,,,1,49,,80126,11,,,1,100,,80127,11,,,1,70,,80136,11,,,1,100,,80141,17,,,1,30,,80128,11,,,1,70,,80142,17,,,1,30,,80129,11,,,1,70,,80151,35,,,1,30,,80130,11,,,1,100,,80131,11,,,1
301,'20261126',624,,80183,22,,,1,30,,80185,35,,,1,70,,80172,11,,,1,30,,80156,11,,,1,70,,80173,11,,,1,30,,80157,11,,,1,70,,80174,11,,,1,30,,80158,11,,,1,70,,80175,11,,,1,30,,80159,11,,,1,70,,80177,17,,,1,30,,80160,11,,,1,70,,80178,17,,,1,30,,80161,11,,,1,70,,80189,35,,,1,30,,80162,11,,,1,70,,80179,17,,,1,30,,80163,11,,,1,70,,80180,17,,,1,30,,80164,11,,,1,70,,80190,35,,,1,30,,80165,11,,,1,51,,80188,33,,,1,49,,80166,11,,,1,100,,80167,11,,,1,70,,80176,11,,,1,100,,80181,17,,,1,30,,80168,11,,,1,70,,80182,17,,,1,30,,80169,11,,,1,70,,80191,35,,,1,30,,80170,11,,,1,100,,80171,11,,,1
301,'20261127',624,,80223,22,,,1,30,,80225,35,,,1,70,,80212,11,,,1,30,,80196,11,,,1,70,,80213,11,,,1,30,,80197,11,,,1,70,,80214,11,,,1,30,,80198,11,,,1,70,,80215,11,,,1,30,,80199,11,,,1,70,,80217,17,,,1,30,,80200,11,,,1,70,,80218,17,,,1,30,,80201,11,,,1,70,,80229,35,,,1,30,,80202,11,,,1,70,,80219,17,,,1,30,,80203,11,,,1,70,,80220,17,,,1,30,,80204,11,,,1,70,,80230,35,,,1,30,,80205,11,,,1,51,,80228,33,,,1,49,,80206,11,,,1,100,,80207,11,,,1,70,,80216,11,,,1,100,,80221,17,,,1,30,,80208,11,,,1,70,,80222,17,,,1,30,,80209,11,,,1,70,,80231,35,,,1,30,,80210,11,,,1,100,,80211,11,,,1
