300,'20260831',712,,64983,18,4,,1,30,,64968,18,4,,1,70,,64984,18,4,,1,30,,64969,18,4,,1,70,,64985,18,4,,1,8,,64996,18,0,35,1,22,,64970,18,4,,1,69,,64992,18,0,35,1,31,,64971,18,4,,1,69,,45665,18,0,23 26,1,31,,64972,18,4,,1,69,,45666,18,0,23 26,1,31,,64973,18,4,,1,69,,64993,18,0,35,1,31,,64974,18,4,,1,69,,45667,18,0,23 26,1,31,,64975,18,4,,1,69,,45668,18,0,23 26,1,31,,64976,18,4,,1,69,,64994,18,0,35,1,31,,64977,18,4,,1,7,,64989,18,0,35,1,62,,64987,18,0,27,1,9,,64998,18,,,1,21,,64988,18,0,27,1,9,,64990,18,0,35,1,62,,64986,18,4,,1,9,,64997,18,0,35,1,21,,64978,18,4,,1,6,,64991,18,0,35,1,63,,45669,18,0,23 26,1,31,,64979,18,4,,1,69,,45670,18,0,23 26,1,31,,64980,18,4,,1,69,,45671,18,0,23 26,1,31,,64981,18,4,,1,69,,64995,18,0,35,1,31,,64982,18,4,,1,69,,45682,18,0,35,1,100,,45672,18,0,23 26,1
300,'20260901',712,,45701,18,4,,1,30,,45686,18,4,,1,70,,45702,18,4,,1,30,,45687,18,4,,1,70,,45703,18,4,,1,8,,45723,18,0,35,1,22,,45688,18,4,,1,69,,45718,18,0,35,1,31,,45689,18,4,,1,69,,45705,18,0,23 26,1,31,,45690,18,4,,1,69,,45706,18,0,23 26,1,31,,45691,18,4,,1,69,,45719,18,0,35,1,31,,45692,18,4,,1,69,,45707,18,0,23 26,1,31,,45693,18,4,,1,69,,45708,18,0,23 26,1,31,,45694,18,4,,1,69,,45720,18,0,35,1,31,,45695,18,4,,1,7,,45715,18,0,35,1,62,,45713,18,0,27,1,9,,63825,18,,,1,21,,45714,18,0,27,1,9,,45716,18,0,35,1,62,,45704,18,4,,1,9,,45725,18,0,35,1,21,,45696,18,4,,1,6,,45717,18,0,35,1,63,,45709,18,0,23 26,1,31,,45697,18,4,,1,69,,45710,18,0,23 26,1,31,,45698,18,4,,1,69,,45711,18,0,23 26,1,31,,45699,18,4,,1,69,,45721,18,0,35,1,31,,45700,18,4,,1,69,,45722,18,0,35,1,100,,45712,18,0,23 26,1
300,'20260902',712,,45741,18,4,,1,30,,45726,18,4,,1,70,,45742,18,4,,1,30,,45727,18,4,,1,70,,45743,18,4,,1,8,,45763,18,0,35,1,22,,45728,18,4,,1,69,,45758,18,0,35,1,31,,45729,18,4,,1,69,,45745,18,0,23 26,1,31,,45730,18,4,,1,69,,45746,18,0,23 26,1,31,,45731,18,4,,1,69,,45759,18,0,35,1,31,,45732,18,4,,1,69,,45747,18,0,23 26,1,31,,45733,18,4,,1,69,,45748,18,0,23 26,1,31,,45734,18,4,,1,69,,45760,18,0,35,1,31,,45735,18,4,,1,7,,45755,18,0,35,1,62,,45753,18,0,27,1,9,,63826,18,,,1,21,,45754,18,0,27,1,9,,45756,18,0,35,1,62,,45744,18,4,,1,9,,45765,18,0,35,1,21,,45736,18,4,,1,6,,45757,18,0,35,1,63,,45749,18,0,23 26,1,31,,45737,18,4,,1,69,,45750,18,0,23 26,1,31,,45738,18,4,,1,69,,45751,18,0,23 26,1,31,,45739,18,4,,1,69,,45761,18,0,35,1,31,,45740,18,4,,1,69,,45762,18,0,35,1,100,,45752,18,0,23 26,1
300,'20260903',712,,45781,18,4,,1,30,,45766,18,4,,1,70,,45782,18,4,,1,30,,45767,18,4,,1,70,,45783,18,4,,1,8,,45803,18,0,35,1,22,,45768,18,4,,1,69,,45798,18,0,35,1,31,,45769,18,4,,1,69,,45785,18,0,23 26,1,31,,45770,18,4,,1,69,,45786,18,0,23 26,1,31,,45771,18,4,,1,69,,45799,18,0,35,1,31,,45772,18,4,,1,69,,45787,18,0,23 26,1,31,,45773,18,4,,1,69,,45788,18,0,23 26,1,31,,45774,18,4,,1,69,,45800,18,0,35,1,31,,45775,18,4,,1,7,,45795,18,0,35,1,62,,45793,18,0,27,1,9,,63827,18,,,1,21,,45794,18,0,27,1,9,,45796,18,0,35,1,62,,45784,18,4,,1,9,,45805,18,0,35,1,21,,45776,18,4,,1,6,,45797,18,0,35,1,63,,45789,18,0,23 26,1,31,,45777,18,4,,1,69,,45790,18,0,23 26,1,31,,45778,18,4,,1,69,,45791,18,0,23 26,1,31,,45779,18,4,,1,69,,45801,18,0,35,1,31,,45780,18,4,,1,69,,45802,18,0,35,1,100,,45792,18,0,23 26,1
300,'20260904',712,,45821,18,4,,1,30,,45806,18,4,,1,70,,45822,18,4,,1,30,,45807,18,4,,1,70,,45823,18,4,,1,8,,45843,18,0,35,1,22,,45808,18,4,,1,69,,45838,18,0,35,1,31,,45809,18,4,,1,69,,45825,18,0,23 26,1,31,,45810,18,4,,1,69,,45826,18,0,23 26,1,31,,45811,18,4,,1,69,,45839,18,0,35,1,31,,45812,18,4,,1,69,,45827,18,0,23 26,1,31,,45813,18,4,,1,69,,45828,18,0,23 26,1,31,,45814,18,4,,1,69,,45840,18,0,35,1,31,,45815,18,4,,1,7,,45835,18,0,35,1,62,,45833,18,0,27,1,9,,63828,18,,,1,21,,45834,18,0,27,1,9,,45836,18,0,35,1,62,,45824,18,4,,1,9,,45845,18,0,35,1,21,,45816,18,4,,1,6,,45837,18,0,35,1,63,,45829,18,0,23 26,1,31,,45817,18,4,,1,69,,45830,18,0,23 26,1,31,,45818,18,4,,1,69,,45831,18,0,23 26,1,31,,45819,18,4,,1,69,,45841,18,0,35,1,31,,45820,18,4,,1,69,,45842,18,0,35,1,100,,45832,18,0,23 26,1
300,'20260905',909,,74266,18,0,23 26,1,11,,74282,18,,,1,103,,74267,18,0,23 26,1,100,,74268,18,0,23 26,1,100,,74269,18,0,23 26,1,100,,74270,18,0,23 26,1,100,,74271,18,0,23 26,1,100,,74272,18,0,23 26,1,31,,74257,18,4,,1,69,,74273,18,0,23 26,1,31,,74258,18,4,,1,69,,74280,18,0,35,1,31,,74259,18,4,,1,69,,74274,18,0,23 26,1,31,,74260,18,4,,1,69,,74275,18,0,23 26,1,31,,74261,18,4,,1,69,,74276,18,0,23 26,1,31,,74262,18,4,,1,69,,74277,18,0,23 26,1,31,,74263,18,4,,1,69,,74278,18,0,23 26,1,31,,74264,18,4,,1,69,,74281,18,0,35,1,31,,74265,18,4,,1,69,,74279,18,0,23 26,1
300,'20260906',909,,74292,18,0,23 26,1,11,,74308,18,,,1,103,,74293,18,0,23 26,1,100,,74294,18,0,23 26,1,100,,74295,18,0,23 26,1,100,,74296,18,0,23 26,1,100,,74297,18,0,23 26,1,100,,74298,18,0,23 26,1,31,,74283,18,4,,1,69,,74299,18,0,23 26,1,31,,74284,18,4,,1,69,,74306,18,0,35,1,31,,74285,18,4,,1,69,,74300,18,0,23 26,1,31,,74286,18,4,,1,69,,74301,18,0,23 26,1,31,,74287,18,4,,1,69,,74302,18,0,23 26,1,31,,74288,18,4,,1,69,,74303,18,0,23 26,1,31,,74289,18,4,,1,69,,74304,18,0,23 26,1,31,,74290,18,4,,1,69,,74307,18,0,35,1,31,,74291,18,4,,1,69,,74305,18,0,23 26,1
300,'20260907',909,,74318,18,0,23 26,1,11,,74334,18,,,1,103,,74319,18,0,23 26,1,100,,74320,18,0,23 26,1,100,,74321,18,0,23 26,1,100,,74322,18,0,23 26,1,100,,74323,18,0,23 26,1,100,,74324,18,0,23 26,1,31,,74309,18,4,,1,69,,74325,18,0,23 26,1,31,,74310,18,4,,1,69,,74332,18,0,35,1,31,,74311,18,4,,1,69,,74326,18,0,23 26,1,31,,74312,18,4,,1,69,,74327,18,0,23 26,1,31,,74313,18,4,,1,69,,74328,18,0,23 26,1,31,,74314,18,4,,1,69,,74329,18,0,23 26,1,31,,74315,18,4,,1,69,,74330,18,0,23 26,1,31,,74316,18,4,,1,69,,74333,18,0,35,1,31,,74317,18,4,,1,69,,74331,18,0,23 26,1
300,'20260908',712,,74350,18,4,,1,30,,74335,18,4,,1,70,,74351,18,4,,1,30,,74336,18,4,,1,70,,74352,18,4,,1,8,,74372,18,0,35,1,22,,74337,18,4,,1,69,,74367,18,0,35,1,31,,74338,18,4,,1,69,,74354,18,0,23 26,1,31,,74339,18,4,,1,69,,74355,18,0,23 26,1,31,,74340,18,4,,1,69,,74368,18,0,35,1,31,,74341,18,4,,1,69,,74356,18,0,23 26,1,31,,74342,18,4,,1,69,,74357,18,0,23 26,1,31,,74343,18,4,,1,69,,74369,18,0,35,1,31,,74344,18,4,,1,7,,74364,18,0,35,1,62,,74362,18,0,27,1,9,,74374,18,,,1,21,,74363,18,0,27,1,9,,74365,18,0,35,1,62,,74353,18,4,,1,9,,74373,18,0,35,1,21,,74345,18,4,,1,6,,74366,18,0,35,1,63,,74358,18,0,23 26,1,31,,74346,18,4,,1,69,,74359,18,0,23 26,1,31,,74347,18,4,,1,69,,74360,18,0,23 26,1,31,,74348,18,4,,1,69,,74370,18,0,35,1,31,,74349,18,4,,1,69,,74371,18,0,35,1,100,,74361,18,0,23 26,1
300,'20260909',712,,74390,18,4,,1,30,,74375,18,4,,1,70,,74391,18,4,,1,30,,74376,18,4,,1,70,,74392,18,4,,1,8,,74412,18,0,35,1,22,,74377,18,4,,1,69,,74407,18,0,35,1,31,,74378,18,4,,1,69,,74394,18,0,23 26,1,31,,74379,18,4,,1,69,,74395,18,0,23 26,1,31,,74380,18,4,,1,69,,74408,18,0,35,1,31,,74381,18,4,,1,69,,74396,18,0,23 26,1,31,,74382,18,4,,1,69,,74397,18,0,23 26,1,31,,74383,18,4,,1,69,,74409,18,0,35,1,31,,74384,18,4,,1,7,,74404,18,0,35,1,62,,74402,18,0,27,1,9,,74414,18,,,1,21,,74403,18,0,27,1,9,,74405,18,0,35,1,62,,74393,18,4,,1,9,,74413,18,0,35,1,21,,74385,18,4,,1,6,,74406,18,0,35,1,63,,74398,18,0,23 26,1,31,,74386,18,4,,1,69,,74399,18,0,23 26,1,31,,74387,18,4,,1,69,,74400,18,0,23 26,1,31,,74388,18,4,,1,69,,74410,18,0,35,1,31,,74389,18,4,,1,69,,74411,18,0,35,1,100,,74401,18,0,23 26,1
300,'20260910',712,,74430,18,4,,1,30,,74415,18,4,,1,70,,74431,18,4,,1,30,,74416,18,4,,1,70,,74432,18,4,,1,8,,74452,18,0,35,1,22,,74417,18,4,,1,69,,74447,18,0,35,1,31,,74418,18,4,,1,69,,74434,18,0,23 26,1,31,,74419,18,4,,1,69,,74435,18,0,23 26,1,31,,74420,18,4,,1,69,,74448,18,0,35,1,31,,74421,18,4,,1,69,,74436,18,0,23 26,1,31,,74422,18,4,,1,69,,74437,18,0,23 26,1,31,,74423,18,4,,1,69,,74449,18,0,35,1,31,,74424,18,4,,1,7,,74444,18,0,35,1,62,,74442,18,0,27,1,9,,74454,18,,,1,21,,74443,18,0,27,1,9,,74445,18,0,35,1,62,,74433,18,4,,1,9,,74453,18,0,35,1,21,,74425,18,4,,1,6,,74446,18,0,35,1,63,,74438,18,0,23 26,1,31,,74426,18,4,,1,69,,74439,18,0,23 26,1,31,,74427,18,4,,1,69,,74440,18,0,23 26,1,31,,74428,18,4,,1,69,,74450,18,0,35,1,31,,74429,18,4,,1,69,,74451,18,0,35,1,100,,74441,18,0,23 26,1
300,'20260911',712,,74470,18,4,,1,30,,74455,18,4,,1,70,,74471,18,4,,1,30,,74456,18,4,,1,70,,74472,18,4,,1,8,,74491,18,0,35,1,22,,74457,18,4,,1,69,,74486,18,0,35,1,31,,74458,18,4,,1,69,,74474,18,0,23 26,1,31,,74459,18,4,,1,69,,74475,18,0,23 26,1,31,,74460,18,4,,1,69,,74487,18,0,35,1,31,,74461,18,4,,1,69,,74476,18,0,23 26,1,31,,74462,18,4,,1,69,,74477,18,0,23 26,1,31,,74463,18,4,,1,69,,74488,18,0,35,1,31,,74464,18,4,,1,7,,74483,18,0,35,1,62,,74481,18,0,27,1,9,,74493,18,,,1,21,,74482,18,0,27,1,9,,74484,18,0,35,1,62,,74473,18,4,,1,9,,74492,18,0,35,1,21,,74465,18,4,,1,6,,74485,18,0,35,1,63,,74478,18,0,23 26,1,31,,74466,18,4,,1,69,,74479,18,0,23 26,1,31,,74467,18,4,,1,69,,74480,18,0,23 26,1,31,,74468,18,4,,1,69,,74489,18,0,27,1,31,,74469,18,4,,1,69,,74490,18,0,35,1
300,'20260912',909,,74494,10,0,23 26,1,114,,74495,10,0,23 26,1,100,,74496,10,0,23 26,1,100,,74497,10,0,23 26,1,100,,74498,10,0,23 26,1,100,,74499,10,0,23 26,1,100,,74500,10,0,23 26,1,100,,74501,10,0,23 26,1,100,,74508,10,0,23 26,1,100,,74502,10,0,23 26,1,100,,74503,10,0,23 26,1,100,,74504,10,0,23 26,1,100,,74505,10,0,23 26,1,100,,74506,10,0,23 26,1,100,,74509,10,0,23 26,1,100,,74507,10,0,23 26,1
300,'20260913',909,,74510,10,0,23 26,1,114,,74511,10,0,23 26,1,100,,74512,10,0,23 26,1,100,,74513,10,0,23 26,1,100,,74514,10,0,23 26,1,100,,74515,10,0,23 26,1,100,,74516,10,0,23 26,1,100,,74517,10,0,23 26,1,100,,74524,10,0,23 26,1,100,,74518,10,0,23 26,1,100,,74519,10,0,23 26,1,100,,74520,10,0,23 26,1,100,,74521,10,0,23 26,1,100,,74522,10,0,23 26,1,100,,74525,10,0,23 26,1,100,,74523,10,0,23 26,1
300,'20260914',713,,74541,18,4,,1,30,,74526,18,4,,1,70,,74542,18,4,,1,30,,74527,18,4,,1,70,,74543,18,4,,1,9,,74563,18,0,35,1,21,,74528,18,4,,1,68,,74558,18,0,35,1,32,,74529,18,4,,1,69,,74545,18,0,23 26,1,31,,74530,18,4,,1,69,,74546,18,0,23 26,1,31,,74531,18,4,,1,59,,74559,18,0,35,1,41,,74532,18,4,,1,69,,74547,18,0,23 26,1,31,,74533,18,4,,1,69,,74548,18,0,23 26,1,32,,74534,18,4,,1,68,,74560,18,0,35,1,32,,74535,18,4,,1,8,,74555,18,0,35,1,61,,74553,18,0,27,1,8,,74565,18,,,1,22,,74554,18,0,27,1,9,,74556,18,0,35,1,61,,74544,18,4,,1,10,,74564,18,0,35,1,20,,74536,18,4,,1,6,,74557,18,0,35,1,63,,74549,18,0,23 26,1,31,,74537,18,4,,1,69,,74550,18,0,23 26,1,31,,74538,18,4,,1,69,,74551,18,0,23 26,1,31,,74539,18,4,,1,69,,74561,18,0,35,1,31,,74540,18,4,,1,71,,74562,18,0,35,1,98,,74552,18,0,23 26,1
300,'20260915',713,,74581,18,4,,1,30,,74566,18,4,,1,70,,74582,18,4,,1,30,,74567,18,4,,1,70,,74583,18,4,,1,9,,74603,18,0,35,1,21,,74568,18,4,,1,68,,74598,18,0,35,1,32,,74569,18,4,,1,69,,74585,18,0,23 26,1,31,,74570,18,4,,1,69,,74586,18,0,23 26,1,31,,74571,18,4,,1,59,,74599,18,0,35,1,41,,74572,18,4,,1,69,,74587,18,0,23 26,1,31,,74573,18,4,,1,69,,74588,18,0,23 26,1,32,,74574,18,4,,1,68,,74600,18,0,35,1,32,,74575,18,4,,1,8,,74595,18,0,35,1,61,,74593,18,0,27,1,8,,74605,18,,,1,22,,74594,18,0,27,1,9,,74596,18,0,35,1,61,,74584,18,4,,1,10,,74604,18,0,35,1,20,,74576,18,4,,1,6,,74597,18,0,35,1,63,,74589,18,0,23 26,1,31,,74577,18,4,,1,69,,74590,18,0,23 26,1,31,,74578,18,4,,1,69,,74591,18,0,23 26,1,31,,74579,18,4,,1,69,,74601,18,0,35,1,31,,74580,18,4,,1,71,,74602,18,0,35,1,98,,74592,18,0,23 26,1
300,'20260916',713,,74621,18,4,,1,30,,74606,18,4,,1,70,,74622,18,4,,1,30,,74607,18,4,,1,70,,74623,18,4,,1,9,,74643,18,0,35,1,21,,74608,18,4,,1,68,,74638,18,0,35,1,32,,74609,18,4,,1,69,,74625,18,0,23 26,1,31,,74610,18,4,,1,69,,74626,18,0,23 26,1,31,,74611,18,4,,1,71,,74639,18,0,35,1,29,,74612,18,4,,1,69,,74627,18,0,23 26,1,31,,74613,18,4,,1,69,,74628,18,0,23 26,1,32,,74614,18,4,,1,68,,74640,18,0,35,1,32,,74615,18,4,,1,8,,74635,18,0,35,1,61,,74633,18,0,27,1,8,,74645,18,,,1,22,,74634,18,0,27,1,9,,74636,18,0,35,1,61,,74624,18,4,,1,10,,74644,18,0,35,1,20,,74616,18,4,,1,6,,74637,18,0,35,1,63,,74629,18,0,23 26,1,31,,74617,18,4,,1,69,,74630,18,0,23 26,1,31,,74618,18,4,,1,69,,74631,18,0,23 26,1,31,,74619,18,4,,1,69,,74641,18,0,35,1,31,,74620,18,4,,1,71,,74642,18,0,35,1,98,,74632,18,0,23 26,1
300,'20260917',713,,74661,18,4,,1,30,,74646,18,4,,1,70,,74662,18,4,,1,30,,74647,18,4,,1,70,,74663,18,4,,1,9,,74683,18,0,35,1,21,,74648,18,4,,1,68,,74678,18,0,35,1,32,,74649,18,4,,1,69,,74665,18,0,23 26,1,31,,74650,18,4,,1,69,,74666,18,0,23 26,1,31,,74651,18,4,,1,71,,74679,18,0,35,1,29,,74652,18,4,,1,69,,74667,18,0,23 26,1,31,,74653,18,4,,1,69,,74668,18,0,23 26,1,32,,74654,18,4,,1,68,,74680,18,0,35,1,32,,74655,18,4,,1,8,,74675,18,0,35,1,61,,74673,18,0,27,1,8,,74685,18,,,1,22,,74674,18,0,27,1,9,,74676,18,0,35,1,61,,74664,18,4,,1,10,,74684,18,0,35,1,20,,74656,18,4,,1,6,,74677,18,0,35,1,63,,74669,18,0,23 26,1,31,,74657,18,4,,1,69,,74670,18,0,23 26,1,31,,74658,18,4,,1,69,,74671,18,0,23 26,1,31,,74659,18,4,,1,69,,74681,18,0,35,1,31,,74660,18,4,,1,71,,74682,18,0,35,1,98,,74672,18,0,23 26,1
300,'20260918',712,,74701,18,4,,1,30,,74686,18,4,,1,70,,74702,18,4,,1,30,,74687,18,4,,1,70,,74703,18,4,,1,8,,74723,18,0,35,1,22,,74688,18,4,,1,69,,74718,18,0,35,1,31,,74689,18,4,,1,69,,74705,18,0,23 26,1,31,,74690,18,4,,1,69,,74706,18,0,23 26,1,31,,74691,18,4,,1,69,,74719,18,0,35,1,31,,74692,18,4,,1,69,,74707,18,0,23 26,1,31,,74693,18,4,,1,69,,74708,18,0,23 26,1,31,,74694,18,4,,1,69,,74720,18,0,35,1,31,,74695,18,4,,1,7,,74715,18,0,35,1,62,,74713,18,0,27,1,9,,74725,18,,,1,21,,74714,18,0,27,1,9,,74716,18,0,35,1,62,,74704,18,4,,1,9,,74724,18,0,35,1,21,,74696,18,4,,1,6,,74717,18,0,35,1,63,,74709,18,0,23 26,1,31,,74697,18,4,,1,69,,74710,18,0,23 26,1,31,,74698,18,4,,1,69,,74711,18,0,23 26,1,31,,74699,18,4,,1,69,,74721,18,0,35,1,31,,74700,18,4,,1,69,,74722,18,0,35,1,100,,74712,18,0,23 26,1
300,'20260919',909,,74735,18,0,23 26,1,11,,74751,18,,,1,103,,74736,18,0,23 26,1,100,,74737,18,0,23 26,1,100,,74738,18,0,23 26,1,100,,74739,18,0,23 26,1,100,,74740,18,0,23 26,1,100,,74741,18,0,23 26,1,31,,74726,18,4,,1,69,,74742,18,0,23 26,1,31,,74727,18,4,,1,69,,74749,18,0,35,1,31,,74728,18,4,,1,69,,74743,18,0,23 26,1,31,,74729,18,4,,1,69,,74744,18,0,23 26,1,31,,74730,18,4,,1,69,,74745,18,0,23 26,1,31,,74731,18,4,,1,69,,74746,18,0,23 26,1,31,,74732,18,4,,1,69,,74747,18,0,23 26,1,31,,74733,18,4,,1,69,,74750,18,0,35,1,31,,74734,18,4,,1,69,,74748,18,0,23 26,1
300,'20260920',909,,74761,18,0,23 26,1,11,,74777,18,,,1,103,,74762,18,0,23 26,1,100,,74763,18,0,23 26,1,100,,74764,18,0,23 26,1,100,,74765,18,0,23 26,1,100,,74766,18,0,23 26,1,100,,74767,18,0,23 26,1,31,,74752,18,4,,1,69,,74768,18,0,23 26,1,31,,74753,18,4,,1,69,,74775,18,0,35,1,31,,74754,18,4,,1,69,,74769,18,0,23 26,1,31,,74755,18,4,,1,69,,74770,18,0,23 26,1,31,,74756,18,4,,1,69,,74771,18,0,23 26,1,31,,74757,18,4,,1,69,,74772,18,0,23 26,1,31,,74758,18,4,,1,69,,74773,18,0,23 26,1,31,,74759,18,4,,1,69,,74776,18,0,35,1,31,,74760,18,4,,1,69,,74774,18,0,23 26,1
300,'20260921',712,,74793,18,4,,1,30,,74778,18,4,,1,70,,74794,18,4,,1,30,,74779,18,4,,1,70,,74795,18,4,,1,8,,74815,18,0,35,1,22,,74780,18,4,,1,69,,74810,18,0,35,1,31,,74781,18,4,,1,69,,74797,18,0,23 26,1,31,,74782,18,4,,1,69,,74798,18,0,23 26,1,31,,74783,18,4,,1,69,,74811,18,0,35,1,31,,74784,18,4,,1,69,,74799,18,0,23 26,1,31,,74785,18,4,,1,69,,74800,18,0,23 26,1,31,,74786,18,4,,1,69,,74812,18,0,35,1,31,,74787,18,4,,1,7,,74807,18,0,35,1,62,,74805,18,0,27,1,9,,74817,18,,,1,21,,74806,18,0,27,1,9,,74808,18,0,35,1,62,,74796,18,4,,1,9,,74816,18,0,35,1,21,,74788,18,4,,1,6,,74809,18,0,35,1,63,,74801,18,0,23 26,1,31,,74789,18,4,,1,69,,74802,18,0,23 26,1,31,,74790,18,4,,1,69,,74803,18,0,23 26,1,31,,74791,18,4,,1,69,,74813,18,0,35,1,31,,74792,18,4,,1,69,,74814,18,0,35,1,100,,74804,18,0,23 26,1
300,'20260922',712,,74833,18,4,,1,30,,74818,18,4,,1,70,,74834,18,4,,1,30,,74819,18,4,,1,70,,74835,18,4,,1,8,,74855,18,0,35,1,22,,74820,18,4,,1,69,,74850,18,0,35,1,31,,74821,18,4,,1,69,,74837,18,0,23 26,1,31,,74822,18,4,,1,69,,74838,18,0,23 26,1,31,,74823,18,4,,1,69,,74851,18,0,35,1,31,,74824,18,4,,1,69,,74839,18,0,23 26,1,31,,74825,18,4,,1,69,,74840,18,0,23 26,1,31,,74826,18,4,,1,69,,74852,18,0,35,1,31,,74827,18,4,,1,7,,74847,18,0,35,1,62,,74845,18,0,27,1,9,,74857,18,,,1,21,,74846,18,0,27,1,9,,74848,18,0,35,1,62,,74836,18,4,,1,9,,74856,18,0,35,1,21,,74828,18,4,,1,6,,74849,18,0,35,1,63,,74841,18,0,23 26,1,31,,74829,18,4,,1,69,,74842,18,0,23 26,1,31,,74830,18,4,,1,69,,74843,18,0,23 26,1,31,,74831,18,4,,1,69,,74853,18,0,35,1,31,,74832,18,4,,1,69,,74854,18,0,35,1,100,,74844,18,0,23 26,1
300,'20260923',712,,74873,18,4,,1,30,,74858,18,4,,1,70,,74874,18,4,,1,30,,74859,18,4,,1,70,,74875,18,4,,1,8,,74895,18,0,35,1,22,,74860,18,4,,1,69,,74890,18,0,35,1,31,,74861,18,4,,1,69,,74877,18,0,23 26,1,31,,74862,18,4,,1,69,,74878,18,0,23 26,1,31,,74863,18,4,,1,69,,74891,18,0,35,1,31,,74864,18,4,,1,69,,74879,18,0,23 26,1,31,,74865,18,4,,1,69,,74880,18,0,23 26,1,31,,74866,18,4,,1,69,,74892,18,0,35,1,31,,74867,18,4,,1,7,,74887,18,0,35,1,62,,74885,18,0,27,1,9,,74897,18,,,1,21,,74886,18,0,27,1,9,,74888,18,0,35,1,62,,74876,18,4,,1,9,,74896,18,0,35,1,21,,74868,18,4,,1,6,,74889,18,0,35,1,63,,74881,18,0,23 26,1,31,,74869,18,4,,1,69,,74882,18,0,23 26,1,31,,74870,18,4,,1,69,,74883,18,0,23 26,1,31,,74871,18,4,,1,69,,74893,18,0,35,1,31,,74872,18,4,,1,69,,74894,18,0,35,1,100,,74884,18,0,23 26,1
300,'20260924',712,,74913,18,4,,1,30,,74898,18,4,,1,70,,74914,18,4,,1,30,,74899,18,4,,1,70,,74915,18,4,,1,8,,74935,18,0,35,1,22,,74900,18,4,,1,69,,74930,18,0,35,1,31,,74901,18,4,,1,69,,74917,18,0,23 26,1,31,,74902,18,4,,1,69,,74918,18,0,23 26,1,31,,74903,18,4,,1,69,,74931,18,0,35,1,31,,74904,18,4,,1,69,,74919,18,0,23 26,1,31,,74905,18,4,,1,69,,74920,18,0,23 26,1,31,,74906,18,4,,1,69,,74932,18,0,35,1,31,,74907,18,4,,1,7,,74927,18,0,35,1,62,,74925,18,0,27,1,9,,74937,18,,,1,21,,74926,18,0,27,1,9,,74928,18,0,35,1,62,,74916,18,4,,1,9,,74936,18,0,35,1,21,,74908,18,4,,1,6,,74929,18,0,35,1,63,,74921,18,0,23 26,1,31,,74909,18,4,,1,69,,74922,18,0,23 26,1,31,,74910,18,4,,1,69,,74923,18,0,23 26,1,31,,74911,18,4,,1,69,,74933,18,0,35,1,31,,74912,18,4,,1,69,,74934,18,0,35,1,100,,74924,18,0,23 26,1
300,'20260925',712,,74953,18,4,,1,30,,74938,18,4,,1,70,,74954,18,4,,1,30,,74939,18,4,,1,70,,74955,18,4,,1,8,,74975,18,0,35,1,22,,74940,18,4,,1,69,,74970,18,0,35,1,31,,74941,18,4,,1,69,,74957,18,0,23 26,1,31,,74942,18,4,,1,69,,74958,18,0,23 26,1,31,,74943,18,4,,1,69,,74971,18,0,35,1,31,,74944,18,4,,1,69,,74959,18,0,23 26,1,31,,74945,18,4,,1,69,,74960,18,0,23 26,1,31,,74946,18,4,,1,69,,74972,18,0,35,1,31,,74947,18,4,,1,7,,74967,18,0,35,1,62,,74965,18,0,27,1,9,,74977,18,,,1,21,,74966,18,0,27,1,9,,74968,18,0,35,1,62,,74956,18,4,,1,9,,74976,18,0,35,1,21,,74948,18,4,,1,6,,74969,18,0,35,1,63,,74961,18,0,23 26,1,31,,74949,18,4,,1,69,,74962,18,0,23 26,1,31,,74950,18,4,,1,69,,74963,18,0,23 26,1,31,,74951,18,4,,1,69,,74973,18,0,35,1,31,,74952,18,4,,1,69,,74974,18,0,35,1,100,,74964,18,0,23 26,1
300,'20260926',909,,74987,18,0,23 26,1,11,,75003,18,,,1,103,,74988,18,0,23 26,1,100,,74989,18,0,23 26,1,100,,74990,18,0,23 26,1,100,,74991,18,0,23 26,1,100,,74992,18,0,23 26,1,100,,74993,18,0,23 26,1,31,,74978,18,4,,1,69,,74994,18,0,23 26,1,31,,74979,18,4,,1,69,,75001,18,0,35,1,31,,74980,18,4,,1,69,,74995,18,0,23 26,1,31,,74981,18,4,,1,69,,74996,18,0,23 26,1,31,,74982,18,4,,1,69,,74997,18,0,23 26,1,31,,74983,18,4,,1,69,,74998,18,0,23 26,1,31,,74984,18,4,,1,69,,74999,18,0,23 26,1,31,,74985,18,4,,1,69,,75002,18,0,35,1,31,,74986,18,4,,1,69,,75000,18,0,23 26,1
300,'20260927',909,,75013,18,0,23 26,1,11,,75029,18,,,1,103,,75014,18,0,23 26,1,100,,75015,18,0,23 26,1,100,,75016,18,0,23 26,1,100,,75017,18,0,23 26,1,100,,75018,18,0,23 26,1,100,,75019,18,0,23 26,1,31,,75004,18,4,,1,69,,75020,18,0,23 26,1,31,,75005,18,4,,1,69,,75027,18,0,35,1,31,,75006,18,4,,1,69,,75021,18,0,23 26,1,31,,75007,18,4,,1,69,,75022,18,0,23 26,1,31,,75008,18,4,,1,69,,75023,18,0,23 26,1,31,,75009,18,4,,1,69,,75024,18,0,23 26,1,31,,75010,18,4,,1,69,,75025,18,0,23 26,1,31,,75011,18,4,,1,69,,75028,18,0,35,1,31,,75012,18,4,,1,69,,75026,18,0,23 26,1
300,'20260928',712,,75045,18,4,,1,30,,75030,18,4,,1,70,,75046,18,4,,1,30,,75031,18,4,,1,70,,75047,18,4,,1,8,,75067,18,0,35,1,22,,75032,18,4,,1,69,,75062,18,0,35,1,31,,75033,18,4,,1,69,,75049,18,0,23 26,1,31,,75034,18,4,,1,69,,75050,18,0,23 26,1,31,,75035,18,4,,1,69,,75063,18,0,35,1,31,,75036,18,4,,1,69,,75051,18,0,23 26,1,31,,75037,18,4,,1,69,,75052,18,0,23 26,1,31,,75038,18,4,,1,69,,75064,18,0,35,1,31,,75039,18,4,,1,7,,75059,18,0,35,1,62,,75057,18,0,27,1,9,,75069,18,,,1,21,,75058,18,0,27,1,9,,75060,18,0,35,1,62,,75048,18,4,,1,9,,75068,18,0,35,1,21,,75040,18,4,,1,6,,75061,18,0,35,1,63,,75053,18,0,23 26,1,31,,75041,18,4,,1,69,,75054,18,0,23 26,1,31,,75042,18,4,,1,69,,75055,18,0,23 26,1,31,,75043,18,4,,1,69,,75065,18,0,35,1,31,,75044,18,4,,1,69,,75066,18,0,35,1,100,,75056,18,0,23 26,1
300,'20260929',712,,75085,18,4,,1,30,,75070,18,4,,1,70,,75086,18,4,,1,30,,75071,18,4,,1,70,,75087,18,4,,1,8,,75107,18,0,35,1,22,,75072,18,4,,1,69,,75102,18,0,35,1,31,,75073,18,4,,1,69,,75089,18,0,23 26,1,31,,75074,18,4,,1,69,,75090,18,0,23 26,1,31,,75075,18,4,,1,69,,75103,18,0,35,1,31,,75076,18,4,,1,69,,75091,18,0,23 26,1,31,,75077,18,4,,1,69,,75092,18,0,23 26,1,31,,75078,18,4,,1,69,,75104,18,0,35,1,31,,75079,18,4,,1,7,,75099,18,0,35,1,62,,75097,18,0,27,1,9,,75109,18,,,1,21,,75098,18,0,27,1,9,,75100,18,0,35,1,62,,75088,18,4,,1,9,,75108,18,0,35,1,21,,75080,18,4,,1,6,,75101,18,0,35,1,63,,75093,18,0,23 26,1,31,,75081,18,4,,1,69,,75094,18,0,23 26,1,31,,75082,18,4,,1,69,,75095,18,0,23 26,1,31,,75083,18,4,,1,69,,75105,18,0,35,1,31,,75084,18,4,,1,69,,75106,18,0,35,1,100,,75096,18,0,23 26,1
300,'20260930',712,,75125,18,4,,1,30,,75110,18,4,,1,70,,75126,18,4,,1,30,,75111,18,4,,1,70,,75127,18,4,,1,8,,75147,18,0,35,1,22,,75112,18,4,,1,69,,75142,18,0,35,1,31,,75113,18,4,,1,69,,75129,18,0,23 26,1,31,,75114,18,4,,1,69,,75130,18,0,23 26,1,31,,75115,18,4,,1,69,,75143,18,0,35,1,31,,75116,18,4,,1,69,,75131,18,0,23 26,1,31,,75117,18,4,,1,69,,75132,18,0,23 26,1,31,,75118,18,4,,1,69,,75144,18,0,35,1,31,,75119,18,4,,1,7,,75139,18,0,35,1,62,,75137,18,0,27,1,9,,75149,18,,,1,21,,75138,18,0,27,1,9,,75140,18,0,35,1,62,,75128,18,4,,1,9,,75148,18,0,35,1,21,,75120,18,4,,1,6,,75141,18,0,35,1,63,,75133,18,0,23 26,1,31,,75121,18,4,,1,69,,75134,18,0,23 26,1,31,,75122,18,4,,1,69,,75135,18,0,23 26,1,31,,75123,18,4,,1,69,,75145,18,0,35,1,31,,75124,18,4,,1,69,,75146,18,0,35,1,100,,75136,18,0,23 26,1
300,'20261001',712,,75165,18,4,,1,30,,75150,18,4,,1,70,,75166,18,4,,1,30,,75151,18,4,,1,70,,75167,18,4,,1,8,,75187,18,0,35,1,22,,75152,18,4,,1,69,,75182,18,0,35,1,31,,75153,18,4,,1,69,,75169,18,0,23 26,1,31,,75154,18,4,,1,69,,75170,18,0,23 26,1,31,,75155,18,4,,1,69,,75183,18,0,35,1,31,,75156,18,4,,1,69,,75171,18,0,23 26,1,31,,75157,18,4,,1,69,,75172,18,0,23 26,1,31,,75158,18,4,,1,69,,75184,18,0,35,1,31,,75159,18,4,,1,7,,75179,18,0,35,1,62,,75177,18,0,27,1,9,,75189,18,,,1,21,,75178,18,0,27,1,9,,75180,18,0,35,1,62,,75168,18,4,,1,9,,75188,18,0,35,1,21,,75160,18,4,,1,6,,75181,18,0,35,1,63,,75173,18,0,23 26,1,31,,75161,18,4,,1,69,,75174,18,0,23 26,1,31,,75162,18,4,,1,69,,75175,18,0,23 26,1,31,,75163,18,4,,1,69,,75185,18,0,35,1,31,,75164,18,4,,1,69,,75186,18,0,35,1,100,,75176,18,0,23 26,1
300,'20261002',712,,75205,18,4,,1,30,,75190,18,4,,1,70,,75206,18,4,,1,30,,75191,18,4,,1,70,,75207,18,4,,1,8,,75227,18,0,35,1,22,,75192,18,4,,1,69,,75222,18,0,35,1,31,,75193,18,4,,1,69,,75209,18,0,23 26,1,31,,75194,18,4,,1,69,,75210,18,0,23 26,1,31,,75195,18,4,,1,69,,75223,18,0,35,1,31,,75196,18,4,,1,69,,75211,18,0,23 26,1,31,,75197,18,4,,1,69,,75212,18,0,23 26,1,31,,75198,18,4,,1,69,,75224,18,0,35,1,31,,75199,18,4,,1,7,,75219,18,0,35,1,62,,75217,18,0,27,1,9,,75229,18,,,1,21,,75218,18,0,27,1,9,,75220,18,0,35,1,62,,75208,18,4,,1,9,,75228,18,0,35,1,21,,75200,18,4,,1,6,,75221,18,0,35,1,63,,75213,18,0,23 26,1,31,,75201,18,4,,1,69,,75214,18,0,23 26,1,31,,75202,18,4,,1,69,,75215,18,0,23 26,1,31,,75203,18,4,,1,69,,75225,18,0,35,1,31,,75204,18,4,,1,69,,75226,18,0,35,1,100,,75216,18,0,23 26,1
300,'20261003',909,,75239,18,0,23 26,1,11,,75255,18,,,1,103,,75240,18,0,23 26,1,100,,75241,18,0,23 26,1,100,,75242,18,0,23 26,1,100,,75243,18,0,23 26,1,100,,75244,18,0,23 26,1,100,,75245,18,0,23 26,1,31,,75230,18,4,,1,69,,75246,18,0,23 26,1,31,,75231,18,4,,1,69,,75253,18,0,35,1,31,,75232,18,4,,1,69,,75247,18,0,23 26,1,31,,75233,18,4,,1,69,,75248,18,0,23 26,1,31,,75234,18,4,,1,69,,75249,18,0,23 26,1,31,,75235,18,4,,1,69,,75250,18,0,23 26,1,31,,75236,18,4,,1,69,,75251,18,0,23 26,1,31,,75237,18,4,,1,69,,75254,18,0,35,1,31,,75238,18,4,,1,69,,75252,18,0,23 26,1
300,'20261004',909,,75265,18,0,23 26,1,11,,75281,18,,,1,103,,75266,18,0,23 26,1,100,,75267,18,0,23 26,1,100,,75268,18,0,23 26,1,100,,75269,18,0,23 26,1,100,,75270,18,0,23 26,1,100,,75271,18,0,23 26,1,31,,75256,18,4,,1,69,,75272,18,0,23 26,1,31,,75257,18,4,,1,69,,75279,18,0,35,1,31,,75258,18,4,,1,69,,75273,18,0,23 26,1,31,,75259,18,4,,1,69,,75274,18,0,23 26,1,31,,75260,18,4,,1,69,,75275,18,0,23 26,1,31,,75261,18,4,,1,69,,75276,18,0,23 26,1,31,,75262,18,4,,1,69,,75277,18,0,23 26,1,31,,75263,18,4,,1,69,,75280,18,0,35,1,31,,75264,18,4,,1,69,,75278,18,0,23 26,1
300,'20261005',712,,75297,18,4,,1,30,,75282,18,4,,1,70,,75298,18,4,,1,30,,75283,18,4,,1,70,,75299,18,4,,1,8,,75319,18,0,35,1,22,,75284,18,4,,1,69,,75314,18,0,35,1,31,,75285,18,4,,1,69,,75301,18,0,23 26,1,31,,75286,18,4,,1,69,,75302,18,0,23 26,1,31,,75287,18,4,,1,69,,75315,18,0,35,1,31,,75288,18,4,,1,69,,75303,18,0,23 26,1,31,,75289,18,4,,1,69,,75304,18,0,23 26,1,31,,75290,18,4,,1,69,,75316,18,0,35,1,31,,75291,18,4,,1,7,,75311,18,0,35,1,62,,75309,18,0,27,1,9,,75321,18,,,1,21,,75310,18,0,27,1,9,,75312,18,0,35,1,62,,75300,18,4,,1,9,,75320,18,0,35,1,21,,75292,18,4,,1,6,,75313,18,0,35,1,63,,75305,18,0,23 26,1,31,,75293,18,4,,1,69,,75306,18,0,23 26,1,31,,75294,18,4,,1,69,,75307,18,0,23 26,1,31,,75295,18,4,,1,69,,75317,18,0,35,1,31,,75296,18,4,,1,69,,75318,18,0,35,1,100,,75308,18,0,23 26,1
300,'20261006',712,,75337,18,4,,1,30,,75322,18,4,,1,70,,75338,18,4,,1,30,,75323,18,4,,1,70,,75339,18,4,,1,8,,75359,18,0,35,1,22,,75324,18,4,,1,69,,75354,18,0,35,1,31,,75325,18,4,,1,69,,75341,18,0,23 26,1,31,,75326,18,4,,1,69,,75342,18,0,23 26,1,31,,75327,18,4,,1,69,,75355,18,0,35,1,31,,75328,18,4,,1,69,,75343,18,0,23 26,1,31,,75329,18,4,,1,69,,75344,18,0,23 26,1,31,,75330,18,4,,1,69,,75356,18,0,35,1,31,,75331,18,4,,1,7,,75351,18,0,35,1,62,,75349,18,0,27,1,9,,75361,18,,,1,21,,75350,18,0,27,1,9,,75352,18,0,35,1,62,,75340,18,4,,1,9,,75360,18,0,35,1,21,,75332,18,4,,1,6,,75353,18,0,35,1,63,,75345,18,0,23 26,1,31,,75333,18,4,,1,69,,75346,18,0,23 26,1,31,,75334,18,4,,1,69,,75347,18,0,23 26,1,31,,75335,18,4,,1,69,,75357,18,0,35,1,31,,75336,18,4,,1,69,,75358,18,0,35,1,100,,75348,18,0,23 26,1
300,'20261007',712,,75377,18,4,,1,30,,75362,18,4,,1,70,,75378,18,4,,1,30,,75363,18,4,,1,70,,75379,18,4,,1,8,,75399,18,0,35,1,22,,75364,18,4,,1,69,,75394,18,0,35,1,31,,75365,18,4,,1,69,,75381,18,0,23 26,1,31,,75366,18,4,,1,69,,75382,18,0,23 26,1,31,,75367,18,4,,1,69,,75395,18,0,35,1,31,,75368,18,4,,1,69,,75383,18,0,23 26,1,31,,75369,18,4,,1,69,,75384,18,0,23 26,1,31,,75370,18,4,,1,69,,75396,18,0,35,1,31,,75371,18,4,,1,7,,75391,18,0,35,1,62,,75389,18,0,27,1,9,,75401,18,,,1,21,,75390,18,0,27,1,9,,75392,18,0,35,1,62,,75380,18,4,,1,9,,75400,18,0,35,1,21,,75372,18,4,,1,6,,75393,18,0,35,1,63,,75385,18,0,23 26,1,31,,75373,18,4,,1,69,,75386,18,0,23 26,1,31,,75374,18,4,,1,69,,75387,18,0,23 26,1,31,,75375,18,4,,1,69,,75397,18,0,35,1,31,,75376,18,4,,1,69,,75398,18,0,35,1,100,,75388,18,0,23 26,1
300,'20261008',712,,75417,18,4,,1,30,,75402,18,4,,1,70,,75418,18,4,,1,30,,75403,18,4,,1,70,,75419,18,4,,1,8,,75439,18,0,35,1,22,,75404,18,4,,1,69,,75434,18,0,35,1,31,,75405,18,4,,1,69,,75421,18,0,23 26,1,31,,75406,18,4,,1,69,,75422,18,0,23 26,1,31,,75407,18,4,,1,69,,75435,18,0,35,1,31,,75408,18,4,,1,69,,75423,18,0,23 26,1,31,,75409,18,4,,1,69,,75424,18,0,23 26,1,31,,75410,18,4,,1,69,,75436,18,0,35,1,31,,75411,18,4,,1,7,,75431,18,0,35,1,62,,75429,18,0,27,1,9,,75441,18,,,1,21,,75430,18,0,27,1,9,,75432,18,0,35,1,62,,75420,18,4,,1,9,,75440,18,0,35,1,21,,75412,18,4,,1,6,,75433,18,0,35,1,63,,75425,18,0,23 26,1,31,,75413,18,4,,1,69,,75426,18,0,23 26,1,31,,75414,18,4,,1,69,,75427,18,0,23 26,1,31,,75415,18,4,,1,69,,75437,18,0,35,1,31,,75416,18,4,,1,69,,75438,18,0,35,1,100,,75428,18,0,23 26,1
300,'20261009',712,,75457,18,4,,1,30,,75442,18,4,,1,70,,75458,18,4,,1,30,,75443,18,4,,1,70,,75459,18,4,,1,8,,75479,18,0,35,1,22,,75444,18,4,,1,69,,75474,18,0,35,1,31,,75445,18,4,,1,69,,75461,18,0,23 26,1,31,,75446,18,4,,1,69,,75462,18,0,23 26,1,31,,75447,18,4,,1,69,,75475,18,0,35,1,31,,75448,18,4,,1,69,,75463,18,0,23 26,1,31,,75449,18,4,,1,69,,75464,18,0,23 26,1,31,,75450,18,4,,1,69,,75476,18,0,35,1,31,,75451,18,4,,1,7,,75471,18,0,35,1,62,,75469,18,0,27,1,9,,75481,18,,,1,21,,75470,18,0,27,1,9,,75472,18,0,35,1,62,,75460,18,4,,1,9,,75480,18,0,35,1,21,,75452,18,4,,1,6,,75473,18,0,35,1,63,,75465,18,0,23 26,1,31,,75453,18,4,,1,69,,75466,18,0,23 26,1,31,,75454,18,4,,1,69,,75467,18,0,23 26,1,31,,75455,18,4,,1,69,,75477,18,0,35,1,31,,75456,18,4,,1,69,,75478,18,0,35,1,100,,75468,18,0,23 26,1
300,'20261010',909,,75491,18,0,23 26,1,11,,75507,18,,,1,103,,75492,18,0,23 26,1,100,,75493,18,0,23 26,1,100,,75494,18,0,23 26,1,100,,75495,18,0,23 26,1,100,,75496,18,0,23 26,1,100,,75497,18,0,23 26,1,31,,75482,18,4,,1,69,,75498,18,0,23 26,1,31,,75483,18,4,,1,69,,75505,18,0,35,1,31,,75484,18,4,,1,69,,75499,18,0,23 26,1,31,,75485,18,4,,1,69,,75500,18,0,23 26,1,31,,75486,18,4,,1,69,,75501,18,0,23 26,1,31,,75487,18,4,,1,69,,75502,18,0,23 26,1,31,,75488,18,4,,1,69,,75503,18,0,23 26,1,31,,75489,18,4,,1,69,,75506,18,0,35,1,31,,75490,18,4,,1,69,,75504,18,0,23 26,1
300,'20261011',909,,75517,18,0,23 26,1,11,,75533,18,,,1,103,,75518,18,0,23 26,1,100,,75519,18,0,23 26,1,100,,75520,18,0,23 26,1,100,,75521,18,0,23 26,1,100,,75522,18,0,23 26,1,100,,75523,18,0,23 26,1,31,,75508,18,4,,1,69,,75524,18,0,23 26,1,31,,75509,18,4,,1,69,,75531,18,0,35,1,31,,75510,18,4,,1,69,,75525,18,0,23 26,1,31,,75511,18,4,,1,69,,75526,18,0,23 26,1,31,,75512,18,4,,1,69,,75527,18,0,23 26,1,31,,75513,18,4,,1,69,,75528,18,0,23 26,1,31,,75514,18,4,,1,69,,75529,18,0,23 26,1,31,,75515,18,4,,1,69,,75532,18,0,35,1,31,,75516,18,4,,1,69,,75530,18,0,23 26,1
300,'20261012',712,,75549,18,4,,1,30,,75534,18,4,,1,70,,75550,18,4,,1,30,,75535,18,4,,1,70,,75551,18,4,,1,8,,75571,18,0,35,1,22,,75536,18,4,,1,69,,75566,18,0,35,1,31,,75537,18,4,,1,69,,75553,18,0,23 26,1,31,,75538,18,4,,1,69,,75554,18,0,23 26,1,31,,75539,18,4,,1,69,,75567,18,0,35,1,31,,75540,18,4,,1,69,,75555,18,0,23 26,1,31,,75541,18,4,,1,69,,75556,18,0,23 26,1,31,,75542,18,4,,1,69,,75568,18,0,35,1,31,,75543,18,4,,1,7,,75563,18,0,35,1,62,,75561,18,0,27,1,9,,75573,18,,,1,21,,75562,18,0,27,1,9,,75564,18,0,35,1,62,,75552,18,4,,1,9,,75572,18,0,35,1,21,,75544,18,4,,1,6,,75565,18,0,35,1,63,,75557,18,0,23 26,1,31,,75545,18,4,,1,69,,75558,18,0,23 26,1,31,,75546,18,4,,1,69,,75559,18,0,23 26,1,31,,75547,18,4,,1,69,,75569,18,0,35,1,31,,75548,18,4,,1,69,,75570,18,0,35,1,100,,75560,18,0,23 26,1
300,'20261013',712,,75589,18,4,,1,30,,75574,18,4,,1,70,,75590,18,4,,1,30,,75575,18,4,,1,70,,75591,18,4,,1,8,,75611,18,0,35,1,22,,75576,18,4,,1,69,,75606,18,0,35,1,31,,75577,18,4,,1,69,,75593,18,0,23 26,1,31,,75578,18,4,,1,69,,75594,18,0,23 26,1,31,,75579,18,4,,1,69,,75607,18,0,35,1,31,,75580,18,4,,1,69,,75595,18,0,23 26,1,31,,75581,18,4,,1,69,,75596,18,0,23 26,1,31,,75582,18,4,,1,69,,75608,18,0,35,1,31,,75583,18,4,,1,7,,75603,18,0,35,1,62,,75601,18,0,27,1,9,,75613,18,,,1,21,,75602,18,0,27,1,9,,75604,18,0,35,1,62,,75592,18,4,,1,9,,75612,18,0,35,1,21,,75584,18,4,,1,6,,75605,18,0,35,1,63,,75597,18,0,23 26,1,31,,75585,18,4,,1,69,,75598,18,0,23 26,1,31,,75586,18,4,,1,69,,75599,18,0,23 26,1,31,,75587,18,4,,1,69,,75609,18,0,35,1,31,,75588,18,4,,1,69,,75610,18,0,35,1,100,,75600,18,0,23 26,1
300,'20261014',712,,75629,18,4,,1,30,,75614,18,4,,1,70,,75630,18,4,,1,30,,75615,18,4,,1,70,,75631,18,4,,1,8,,75651,18,0,35,1,22,,75616,18,4,,1,69,,75646,18,0,35,1,31,,75617,18,4,,1,69,,75633,18,0,23 26,1,31,,75618,18,4,,1,69,,75634,18,0,23 26,1,31,,75619,18,4,,1,69,,75647,18,0,35,1,31,,75620,18,4,,1,69,,75635,18,0,23 26,1,31,,75621,18,4,,1,69,,75636,18,0,23 26,1,31,,75622,18,4,,1,69,,75648,18,0,35,1,31,,75623,18,4,,1,7,,75643,18,0,35,1,62,,75641,18,0,27,1,9,,75653,18,,,1,21,,75642,18,0,27,1,9,,75644,18,0,35,1,62,,75632,18,4,,1,9,,75652,18,0,35,1,21,,75624,18,4,,1,6,,75645,18,0,35,1,63,,75637,18,0,23 26,1,31,,75625,18,4,,1,69,,75638,18,0,23 26,1,31,,75626,18,4,,1,69,,75639,18,0,23 26,1,31,,75627,18,4,,1,69,,75649,18,0,35,1,31,,75628,18,4,,1,69,,75650,18,0,35,1,100,,75640,18,0,23 26,1
300,'20261015',712,,75669,18,4,,1,30,,75654,18,4,,1,70,,75670,18,4,,1,30,,75655,18,4,,1,70,,75671,18,4,,1,8,,75691,18,0,35,1,22,,75656,18,4,,1,69,,75686,18,0,35,1,31,,75657,18,4,,1,69,,75673,18,0,23 26,1,31,,75658,18,4,,1,69,,75674,18,0,23 26,1,31,,75659,18,4,,1,69,,75687,18,0,35,1,31,,75660,18,4,,1,69,,75675,18,0,23 26,1,31,,75661,18,4,,1,69,,75676,18,0,23 26,1,31,,75662,18,4,,1,69,,75688,18,0,35,1,31,,75663,18,4,,1,7,,75683,18,0,35,1,62,,75681,18,0,27,1,9,,75693,18,,,1,21,,75682,18,0,27,1,9,,75684,18,0,35,1,62,,75672,18,4,,1,9,,75692,18,0,35,1,21,,75664,18,4,,1,6,,75685,18,0,35,1,63,,75677,18,0,23 26,1,31,,75665,18,4,,1,69,,75678,18,0,23 26,1,31,,75666,18,4,,1,69,,75679,18,0,23 26,1,31,,75667,18,4,,1,69,,75689,18,0,35,1,31,,75668,18,4,,1,69,,75690,18,0,35,1,100,,75680,18,0,23 26,1
300,'20261016',712,,75709,18,4,,1,30,,75694,18,4,,1,70,,75710,18,4,,1,30,,75695,18,4,,1,70,,75711,18,4,,1,8,,75731,18,0,35,1,22,,75696,18,4,,1,69,,75726,18,0,35,1,31,,75697,18,4,,1,69,,75713,18,0,23 26,1,31,,75698,18,4,,1,69,,75714,18,0,23 26,1,31,,75699,18,4,,1,69,,75727,18,0,35,1,31,,75700,18,4,,1,69,,75715,18,0,23 26,1,31,,75701,18,4,,1,69,,75716,18,0,23 26,1,31,,75702,18,4,,1,69,,75728,18,0,35,1,31,,75703,18,4,,1,7,,75723,18,0,35,1,62,,75721,18,0,27,1,9,,75733,18,,,1,21,,75722,18,0,27,1,9,,75724,18,0,35,1,62,,75712,18,4,,1,9,,75732,18,0,35,1,21,,75704,18,4,,1,6,,75725,18,0,35,1,63,,75717,18,0,23 26,1,31,,75705,18,4,,1,69,,75718,18,0,23 26,1,31,,75706,18,4,,1,69,,75719,18,0,23 26,1,31,,75707,18,4,,1,69,,75729,18,0,35,1,31,,75708,18,4,,1,69,,75730,18,0,35,1,100,,75720,18,0,23 26,1
300,'20261017',909,,75743,18,0,23 26,1,11,,75759,18,,,1,103,,75744,18,0,23 26,1,100,,75745,18,0,23 26,1,100,,75746,18,0,23 26,1,100,,75747,18,0,23 26,1,100,,75748,18,0,23 26,1,100,,75749,18,0,23 26,1,31,,75734,18,4,,1,69,,75750,18,0,23 26,1,31,,75735,18,4,,1,69,,75757,18,0,35,1,31,,75736,18,4,,1,69,,75751,18,0,23 26,1,31,,75737,18,4,,1,69,,75752,18,0,23 26,1,31,,75738,18,4,,1,69,,75753,18,0,23 26,1,31,,75739,18,4,,1,69,,75754,18,0,23 26,1,31,,75740,18,4,,1,69,,75755,18,0,23 26,1,31,,75741,18,4,,1,69,,75758,18,0,35,1,31,,75742,18,4,,1,69,,75756,18,0,23 26,1
300,'20261018',909,,75769,18,0,23 26,1,11,,75785,18,,,1,103,,75770,18,0,23 26,1,100,,75771,18,0,23 26,1,100,,75772,18,0,23 26,1,100,,75773,18,0,23 26,1,100,,75774,18,0,23 26,1,100,,75775,18,0,23 26,1,31,,75760,18,4,,1,69,,75776,18,0,23 26,1,31,,75761,18,4,,1,69,,75783,18,0,35,1,31,,75762,18,4,,1,69,,75777,18,0,23 26,1,31,,75763,18,4,,1,69,,75778,18,0,23 26,1,31,,75764,18,4,,1,69,,75779,18,0,23 26,1,31,,75765,18,4,,1,69,,75780,18,0,23 26,1,31,,75766,18,4,,1,69,,75781,18,0,23 26,1,31,,75767,18,4,,1,69,,75784,18,0,35,1,31,,75768,18,4,,1,69,,75782,18,0,23 26,1
300,'20261019',712,,75801,18,4,,1,30,,75786,18,4,,1,70,,75802,18,4,,1,30,,75787,18,4,,1,70,,75803,18,4,,1,8,,75823,18,0,35,1,22,,75788,18,4,,1,69,,75818,18,0,35,1,31,,75789,18,4,,1,69,,75805,18,0,23 26,1,31,,75790,18,4,,1,69,,75806,18,0,23 26,1,31,,75791,18,4,,1,69,,75819,18,0,35,1,31,,75792,18,4,,1,69,,75807,18,0,23 26,1,31,,75793,18,4,,1,69,,75808,18,0,23 26,1,31,,75794,18,4,,1,69,,75820,18,0,35,1,31,,75795,18,4,,1,7,,75815,18,0,35,1,62,,75813,18,0,27,1,9,,75825,18,,,1,21,,75814,18,0,27,1,9,,75816,18,0,35,1,62,,75804,18,4,,1,9,,75824,18,0,35,1,21,,75796,18,4,,1,6,,75817,18,0,35,1,63,,75809,18,0,23 26,1,31,,75797,18,4,,1,69,,75810,18,0,23 26,1,31,,75798,18,4,,1,69,,75811,18,0,23 26,1,31,,75799,18,4,,1,69,,75821,18,0,35,1,31,,75800,18,4,,1,69,,75822,18,0,35,1,100,,75812,18,0,23 26,1
300,'20261020',712,,75841,18,4,,1,30,,75826,18,4,,1,70,,75842,18,4,,1,30,,75827,18,4,,1,70,,75843,18,4,,1,8,,75863,18,0,35,1,22,,75828,18,4,,1,69,,75858,18,0,35,1,31,,75829,18,4,,1,69,,75845,18,0,23 26,1,31,,75830,18,4,,1,69,,75846,18,0,23 26,1,31,,75831,18,4,,1,69,,75859,18,0,35,1,31,,75832,18,4,,1,69,,75847,18,0,23 26,1,31,,75833,18,4,,1,69,,75848,18,0,23 26,1,31,,75834,18,4,,1,69,,75860,18,0,35,1,31,,75835,18,4,,1,7,,75855,18,0,35,1,62,,75853,18,0,27,1,9,,75865,18,,,1,21,,75854,18,0,27,1,9,,75856,18,0,35,1,62,,75844,18,4,,1,9,,75864,18,0,35,1,21,,75836,18,4,,1,6,,75857,18,0,35,1,63,,75849,18,0,23 26,1,31,,75837,18,4,,1,69,,75850,18,0,23 26,1,31,,75838,18,4,,1,69,,75851,18,0,23 26,1,31,,75839,18,4,,1,69,,75861,18,0,35,1,31,,75840,18,4,,1,69,,75862,18,0,35,1,100,,75852,18,0,23 26,1
300,'20261021',712,,75881,18,4,,1,30,,75866,18,4,,1,70,,75882,18,4,,1,30,,75867,18,4,,1,70,,75883,18,4,,1,8,,75903,18,0,35,1,22,,75868,18,4,,1,69,,75898,18,0,35,1,31,,75869,18,4,,1,69,,75885,18,0,23 26,1,31,,75870,18,4,,1,69,,75886,18,0,23 26,1,31,,75871,18,4,,1,69,,75899,18,0,35,1,31,,75872,18,4,,1,69,,75887,18,0,23 26,1,31,,75873,18,4,,1,69,,75888,18,0,23 26,1,31,,75874,18,4,,1,69,,75900,18,0,35,1,31,,75875,18,4,,1,7,,75895,18,0,35,1,62,,75893,18,0,27,1,9,,75905,18,,,1,21,,75894,18,0,27,1,9,,75896,18,0,35,1,62,,75884,18,4,,1,9,,75904,18,0,35,1,21,,75876,18,4,,1,6,,75897,18,0,35,1,63,,75889,18,0,23 26,1,31,,75877,18,4,,1,69,,75890,18,0,23 26,1,31,,75878,18,4,,1,69,,75891,18,0,23 26,1,31,,75879,18,4,,1,69,,75901,18,0,35,1,31,,75880,18,4,,1,69,,75902,18,0,35,1,100,,75892,18,0,23 26,1
300,'20261022',712,,75921,18,4,,1,30,,75906,18,4,,1,70,,75922,18,4,,1,30,,75907,18,4,,1,70,,75923,18,4,,1,8,,75943,18,0,35,1,22,,75908,18,4,,1,69,,75938,18,0,35,1,31,,75909,18,4,,1,69,,75925,18,0,23 26,1,31,,75910,18,4,,1,69,,75926,18,0,23 26,1,31,,75911,18,4,,1,69,,75939,18,0,35,1,31,,75912,18,4,,1,69,,75927,18,0,23 26,1,31,,75913,18,4,,1,69,,75928,18,0,23 26,1,31,,75914,18,4,,1,69,,75940,18,0,35,1,31,,75915,18,4,,1,7,,75935,18,0,35,1,62,,75933,18,0,27,1,9,,75945,18,,,1,21,,75934,18,0,27,1,9,,75936,18,0,35,1,62,,75924,18,4,,1,9,,75944,18,0,35,1,21,,75916,18,4,,1,6,,75937,18,0,35,1,63,,75929,18,0,23 26,1,31,,75917,18,4,,1,69,,75930,18,0,23 26,1,31,,75918,18,4,,1,69,,75931,18,0,23 26,1,31,,75919,18,4,,1,69,,75941,18,0,35,1,31,,75920,18,4,,1,69,,75942,18,0,35,1,100,,75932,18,0,23 26,1
300,'20261023',712,,75961,18,4,,1,30,,75946,18,4,,1,70,,75962,18,4,,1,30,,75947,18,4,,1,70,,75963,18,4,,1,8,,75983,18,0,35,1,22,,75948,18,4,,1,69,,75978,18,0,35,1,31,,75949,18,4,,1,69,,75965,18,0,23 26,1,31,,75950,18,4,,1,69,,75966,18,0,23 26,1,31,,75951,18,4,,1,69,,75979,18,0,35,1,31,,75952,18,4,,1,69,,75967,18,0,23 26,1,31,,75953,18,4,,1,69,,75968,18,0,23 26,1,31,,75954,18,4,,1,69,,75980,18,0,35,1,31,,75955,18,4,,1,7,,75975,18,0,35,1,62,,75973,18,0,27,1,9,,75985,18,,,1,21,,75974,18,0,27,1,9,,75976,18,0,35,1,62,,75964,18,4,,1,9,,75984,18,0,35,1,21,,75956,18,4,,1,6,,75977,18,0,35,1,63,,75969,18,0,23 26,1,31,,75957,18,4,,1,69,,75970,18,0,23 26,1,31,,75958,18,4,,1,69,,75971,18,0,23 26,1,31,,75959,18,4,,1,69,,75981,18,0,35,1,31,,75960,18,4,,1,69,,75982,18,0,35,1,100,,75972,18,0,23 26,1
300,'20261024',909,,75995,18,0,23 26,1,11,,76011,18,,,1,103,,75996,18,0,23 26,1,100,,75997,18,0,23 26,1,100,,75998,18,0,23 26,1,100,,75999,18,0,23 26,1,100,,76000,18,0,23 26,1,100,,76001,18,0,23 26,1,31,,75986,18,4,,1,69,,76002,18,0,23 26,1,31,,75987,18,4,,1,69,,76009,18,0,35,1,31,,75988,18,4,,1,69,,76003,18,0,23 26,1,31,,75989,18,4,,1,69,,76004,18,0,23 26,1,31,,75990,18,4,,1,69,,76005,18,0,23 26,1,31,,75991,18,4,,1,69,,76006,18,0,23 26,1,31,,75992,18,4,,1,69,,76007,18,0,23 26,1,31,,75993,18,4,,1,69,,76010,18,0,35,1,31,,75994,18,4,,1,69,,76008,18,0,23 26,1
300,'20261025',909,,76021,18,0,23 26,1,11,,76037,18,,,1,103,,76022,18,0,23 26,1,100,,76023,18,0,23 26,1,100,,76024,18,0,23 26,1,100,,76025,18,0,23 26,1,100,,76026,18,0,23 26,1,100,,76027,18,0,23 26,1,31,,76012,18,4,,1,69,,76028,18,0,23 26,1,31,,76013,18,4,,1,69,,76035,18,0,35,1,31,,76014,18,4,,1,69,,76029,18,0,23 26,1,31,,76015,18,4,,1,69,,76030,18,0,23 26,1,31,,76016,18,4,,1,69,,76031,18,0,23 26,1,31,,76017,18,4,,1,69,,76032,18,0,23 26,1,31,,76018,18,4,,1,69,,76033,18,0,23 26,1,31,,76019,18,4,,1,69,,76036,18,0,35,1,31,,76020,18,4,,1,69,,76034,18,0,23 26,1
300,'20261026',712,,76053,18,4,,1,30,,76038,18,4,,1,70,,76054,18,4,,1,30,,76039,18,4,,1,70,,76055,18,4,,1,8,,76075,18,0,35,1,22,,76040,18,4,,1,69,,76070,18,0,35,1,31,,76041,18,4,,1,69,,76057,18,0,23 26,1,31,,76042,18,4,,1,69,,76058,18,0,23 26,1,31,,76043,18,4,,1,69,,76071,18,0,35,1,31,,76044,18,4,,1,69,,76059,18,0,23 26,1,31,,76045,18,4,,1,69,,76060,18,0,23 26,1,31,,76046,18,4,,1,69,,76072,18,0,35,1,31,,76047,18,4,,1,7,,76067,18,0,35,1,62,,76065,18,0,27,1,9,,76077,18,,,1,21,,76066,18,0,27,1,9,,76068,18,0,35,1,62,,76056,18,4,,1,9,,76076,18,0,35,1,21,,76048,18,4,,1,6,,76069,18,0,35,1,63,,76061,18,0,23 26,1,31,,76049,18,4,,1,69,,76062,18,0,23 26,1,31,,76050,18,4,,1,69,,76063,18,0,23 26,1,31,,76051,18,4,,1,69,,76073,18,0,35,1,31,,76052,18,4,,1,69,,76074,18,0,35,1,100,,76064,18,0,23 26,1
300,'20261027',712,,76093,18,4,,1,30,,76078,18,4,,1,70,,76094,18,4,,1,30,,76079,18,4,,1,70,,76095,18,4,,1,8,,76115,18,0,35,1,22,,76080,18,4,,1,69,,76110,18,0,35,1,31,,76081,18,4,,1,69,,76097,18,0,23 26,1,31,,76082,18,4,,1,69,,76098,18,0,23 26,1,31,,76083,18,4,,1,69,,76111,18,0,35,1,31,,76084,18,4,,1,69,,76099,18,0,23 26,1,31,,76085,18,4,,1,69,,76100,18,0,23 26,1,31,,76086,18,4,,1,69,,76112,18,0,35,1,31,,76087,18,4,,1,7,,76107,18,0,35,1,62,,76105,18,0,27,1,9,,76117,18,,,1,21,,76106,18,0,27,1,9,,76108,18,0,35,1,62,,76096,18,4,,1,9,,76116,18,0,35,1,21,,76088,18,4,,1,6,,76109,18,0,35,1,63,,76101,18,0,23 26,1,31,,76089,18,4,,1,69,,76102,18,0,23 26,1,31,,76090,18,4,,1,69,,76103,18,0,23 26,1,31,,76091,18,4,,1,69,,76113,18,0,35,1,31,,76092,18,4,,1,69,,76114,18,0,35,1,100,,76104,18,0,23 26,1
300,'20261028',712,,76133,18,4,,1,30,,76118,18,4,,1,70,,76134,18,4,,1,30,,76119,18,4,,1,70,,76135,18,4,,1,8,,76155,18,0,35,1,22,,76120,18,4,,1,69,,76150,18,0,35,1,31,,76121,18,4,,1,69,,76137,18,0,23 26,1,31,,76122,18,4,,1,69,,76138,18,0,23 26,1,31,,76123,18,4,,1,69,,76151,18,0,35,1,31,,76124,18,4,,1,69,,76139,18,0,23 26,1,31,,76125,18,4,,1,69,,76140,18,0,23 26,1,31,,76126,18,4,,1,69,,76152,18,0,35,1,31,,76127,18,4,,1,7,,76147,18,0,35,1,62,,76145,18,0,27,1,9,,76157,18,,,1,21,,76146,18,0,27,1,9,,76148,18,0,35,1,62,,76136,18,4,,1,9,,76156,18,0,35,1,21,,76128,18,4,,1,6,,76149,18,0,35,1,63,,76141,18,0,23 26,1,31,,76129,18,4,,1,69,,76142,18,0,23 26,1,31,,76130,18,4,,1,69,,76143,18,0,23 26,1,31,,76131,18,4,,1,69,,76153,18,0,35,1,31,,76132,18,4,,1,69,,76154,18,0,35,1,100,,76144,18,0,23 26,1
300,'20261029',712,,76173,18,4,,1,30,,76158,18,4,,1,70,,76174,18,4,,1,30,,76159,18,4,,1,70,,76175,18,4,,1,8,,76195,18,0,35,1,22,,76160,18,4,,1,69,,76190,18,0,35,1,31,,76161,18,4,,1,69,,76177,18,0,23 26,1,31,,76162,18,4,,1,69,,76178,18,0,23 26,1,31,,76163,18,4,,1,69,,76191,18,0,35,1,31,,76164,18,4,,1,69,,76179,18,0,23 26,1,31,,76165,18,4,,1,69,,76180,18,0,23 26,1,31,,76166,18,4,,1,69,,76192,18,0,35,1,31,,76167,18,4,,1,7,,76187,18,0,35,1,62,,76185,18,0,27,1,9,,76197,18,,,1,21,,76186,18,0,27,1,9,,76188,18,0,35,1,62,,76176,18,4,,1,9,,76196,18,0,35,1,21,,76168,18,4,,1,6,,76189,18,0,35,1,63,,76181,18,0,23 26,1,31,,76169,18,4,,1,69,,76182,18,0,23 26,1,31,,76170,18,4,,1,69,,76183,18,0,23 26,1,31,,76171,18,4,,1,69,,76193,18,0,35,1,31,,76172,18,4,,1,69,,76194,18,0,35,1,100,,76184,18,0,23 26,1
300,'20261030',712,,76213,18,4,,1,30,,76198,18,4,,1,70,,76214,18,4,,1,30,,76199,18,4,,1,70,,76215,18,4,,1,8,,76235,18,0,35,1,22,,76200,18,4,,1,69,,76230,18,0,35,1,31,,76201,18,4,,1,69,,76217,18,0,23 26,1,31,,76202,18,4,,1,69,,76218,18,0,23 26,1,31,,76203,18,4,,1,69,,76231,18,0,35,1,31,,76204,18,4,,1,69,,76219,18,0,23 26,1,31,,76205,18,4,,1,69,,76220,18,0,23 26,1,31,,76206,18,4,,1,69,,76232,18,0,35,1,31,,76207,18,4,,1,7,,76227,18,0,35,1,62,,76225,18,0,27,1,9,,76237,18,,,1,21,,76226,18,0,27,1,9,,76228,18,0,35,1,62,,76216,18,4,,1,9,,76236,18,0,35,1,21,,76208,18,4,,1,6,,76229,18,0,35,1,63,,76221,18,0,23 26,1,31,,76209,18,4,,1,69,,76222,18,0,23 26,1,31,,76210,18,4,,1,69,,76223,18,0,23 26,1,31,,76211,18,4,,1,69,,76233,18,0,35,1,31,,76212,18,4,,1,69,,76234,18,0,35,1,100,,76224,18,0,23 26,1
300,'20261031',909,,76247,18,0,23 26,1,11,,76263,18,,,1,103,,76248,18,0,23 26,1,100,,76249,18,0,23 26,1,100,,76250,18,0,23 26,1,100,,76251,18,0,23 26,1,100,,76252,18,0,23 26,1,100,,76253,18,0,23 26,1,31,,76238,18,4,,1,69,,76254,18,0,23 26,1,31,,76239,18,4,,1,69,,76261,18,0,35,1,31,,76240,18,4,,1,69,,76255,18,0,23 26,1,31,,76241,18,4,,1,69,,76256,18,0,23 26,1,31,,76242,18,4,,1,69,,76257,18,0,23 26,1,31,,76243,18,4,,1,69,,76258,18,0,23 26,1,31,,76244,18,4,,1,69,,76259,18,0,23 26,1,31,,76245,18,4,,1,69,,76262,18,0,35,1,31,,76246,18,4,,1,69,,76260,18,0,23 26,1
300,'20261101',909,,76273,18,0,23 26,1,11,,76289,18,,,1,103,,76274,18,0,23 26,1,100,,76275,18,0,23 26,1,100,,76276,18,0,23 26,1,100,,76277,18,0,23 26,1,100,,76278,18,0,23 26,1,100,,76279,18,0,23 26,1,31,,76264,18,4,,1,69,,76280,18,0,23 26,1,31,,76265,18,4,,1,69,,76287,18,0,35,1,31,,76266,18,4,,1,69,,76281,18,0,23 26,1,31,,76267,18,4,,1,69,,76282,18,0,23 26,1,31,,76268,18,4,,1,69,,76283,18,0,23 26,1,31,,76269,18,4,,1,69,,76284,18,0,23 26,1,31,,76270,18,4,,1,69,,76285,18,0,23 26,1,31,,76271,18,4,,1,69,,76288,18,0,35,1,31,,76272,18,4,,1,69,,76286,18,0,23 26,1
300,'20261102',712,,76305,18,4,,1,30,,76290,18,4,,1,70,,76306,18,4,,1,30,,76291,18,4,,1,70,,76307,18,4,,1,8,,76327,18,0,35,1,22,,76292,18,4,,1,69,,76322,18,0,35,1,31,,76293,18,4,,1,69,,76309,18,0,23 26,1,31,,76294,18,4,,1,69,,76310,18,0,23 26,1,31,,76295,18,4,,1,69,,76323,18,0,35,1,31,,76296,18,4,,1,69,,76311,18,0,23 26,1,31,,76297,18,4,,1,69,,76312,18,0,23 26,1,31,,76298,18,4,,1,69,,76324,18,0,35,1,31,,76299,18,4,,1,7,,76319,18,0,35,1,62,,76317,18,0,27,1,9,,76329,18,,,1,21,,76318,18,0,27,1,9,,76320,18,0,35,1,62,,76308,18,4,,1,9,,76328,18,0,35,1,21,,76300,18,4,,1,6,,76321,18,0,35,1,63,,76313,18,0,23 26,1,31,,76301,18,4,,1,69,,76314,18,0,23 26,1,31,,76302,18,4,,1,69,,76315,18,0,23 26,1,31,,76303,18,4,,1,69,,76325,18,0,35,1,31,,76304,18,4,,1,69,,76326,18,0,35,1,100,,76316,18,0,23 26,1
300,'20261103',712,,76345,18,4,,1,30,,76330,18,4,,1,70,,76346,18,4,,1,30,,76331,18,4,,1,70,,76347,18,4,,1,8,,76367,18,0,35,1,22,,76332,18,4,,1,69,,76362,18,0,35,1,31,,76333,18,4,,1,69,,76349,18,0,23 26,1,31,,76334,18,4,,1,69,,76350,18,0,23 26,1,31,,76335,18,4,,1,69,,76363,18,0,35,1,31,,76336,18,4,,1,69,,76351,18,0,23 26,1,31,,76337,18,4,,1,69,,76352,18,0,23 26,1,31,,76338,18,4,,1,69,,76364,18,0,35,1,31,,76339,18,4,,1,7,,76359,18,0,35,1,62,,76357,18,0,27,1,9,,76369,18,,,1,21,,76358,18,0,27,1,9,,76360,18,0,35,1,62,,76348,18,4,,1,9,,76368,18,0,35,1,21,,76340,18,4,,1,6,,76361,18,0,35,1,63,,76353,18,0,23 26,1,31,,76341,18,4,,1,69,,76354,18,0,23 26,1,31,,76342,18,4,,1,69,,76355,18,0,23 26,1,31,,76343,18,4,,1,69,,76365,18,0,35,1,31,,76344,18,4,,1,69,,76366,18,0,35,1,100,,76356,18,0,23 26,1
300,'20261104',712,,76385,18,4,,1,30,,76370,18,4,,1,70,,76386,18,4,,1,30,,76371,18,4,,1,70,,76387,18,4,,1,8,,76407,18,0,35,1,22,,76372,18,4,,1,69,,76402,18,0,35,1,31,,76373,18,4,,1,69,,76389,18,0,23 26,1,31,,76374,18,4,,1,69,,76390,18,0,23 26,1,31,,76375,18,4,,1,69,,76403,18,0,35,1,31,,76376,18,4,,1,69,,76391,18,0,23 26,1,31,,76377,18,4,,1,69,,76392,18,0,23 26,1,31,,76378,18,4,,1,69,,76404,18,0,35,1,31,,76379,18,4,,1,7,,76399,18,0,35,1,62,,76397,18,0,27,1,9,,76409,18,,,1,21,,76398,18,0,27,1,9,,76400,18,0,35,1,62,,76388,18,4,,1,9,,76408,18,0,35,1,21,,76380,18,4,,1,6,,76401,18,0,35,1,63,,76393,18,0,23 26,1,31,,76381,18,4,,1,69,,76394,18,0,23 26,1,31,,76382,18,4,,1,69,,76395,18,0,23 26,1,31,,76383,18,4,,1,69,,76405,18,0,35,1,31,,76384,18,4,,1,69,,76406,18,0,35,1,100,,76396,18,0,23 26,1
300,'20261105',712,,76425,18,4,,1,30,,76410,18,4,,1,70,,76426,18,4,,1,30,,76411,18,4,,1,70,,76427,18,4,,1,8,,76447,18,0,35,1,22,,76412,18,4,,1,69,,76442,18,0,35,1,31,,76413,18,4,,1,69,,76429,18,0,23 26,1,31,,76414,18,4,,1,69,,76430,18,0,23 26,1,31,,76415,18,4,,1,69,,76443,18,0,35,1,31,,76416,18,4,,1,69,,76431,18,0,23 26,1,31,,76417,18,4,,1,69,,76432,18,0,23 26,1,31,,76418,18,4,,1,69,,76444,18,0,35,1,31,,76419,18,4,,1,7,,76439,18,0,35,1,62,,76437,18,0,27,1,9,,76449,18,,,1,21,,76438,18,0,27,1,9,,76440,18,0,35,1,62,,76428,18,4,,1,9,,76448,18,0,35,1,21,,76420,18,4,,1,6,,76441,18,0,35,1,63,,76433,18,0,23 26,1,31,,76421,18,4,,1,69,,76434,18,0,23 26,1,31,,76422,18,4,,1,69,,76435,18,0,23 26,1,31,,76423,18,4,,1,69,,76445,18,0,35,1,31,,76424,18,4,,1,69,,76446,18,0,35,1,100,,76436,18,0,23 26,1
300,'20261106',712,,76465,18,4,,1,30,,76450,18,4,,1,70,,76466,18,4,,1,30,,76451,18,4,,1,70,,76467,18,4,,1,8,,76487,18,0,35,1,22,,76452,18,4,,1,69,,76482,18,0,35,1,31,,76453,18,4,,1,69,,76469,18,0,23 26,1,31,,76454,18,4,,1,69,,76470,18,0,23 26,1,31,,76455,18,4,,1,69,,76483,18,0,35,1,31,,76456,18,4,,1,69,,76471,18,0,23 26,1,31,,76457,18,4,,1,69,,76472,18,0,23 26,1,31,,76458,18,4,,1,69,,76484,18,0,35,1,31,,76459,18,4,,1,7,,76479,18,0,35,1,62,,76477,18,0,27,1,9,,76489,18,,,1,21,,76478,18,0,27,1,9,,76480,18,0,35,1,62,,76468,18,4,,1,9,,76488,18,0,35,1,21,,76460,18,4,,1,6,,76481,18,0,35,1,63,,76473,18,0,23 26,1,31,,76461,18,4,,1,69,,76474,18,0,23 26,1,31,,76462,18,4,,1,69,,76475,18,0,23 26,1,31,,76463,18,4,,1,69,,76485,18,0,35,1,31,,76464,18,4,,1,69,,76486,18,0,35,1,100,,76476,18,0,23 26,1
300,'20261107',909,,76499,18,0,23 26,1,11,,76515,18,,,1,103,,76500,18,0,23 26,1,100,,76501,18,0,23 26,1,100,,76502,18,0,23 26,1,100,,76503,18,0,23 26,1,100,,76504,18,0,23 26,1,100,,76505,18,0,23 26,1,31,,76490,18,4,,1,69,,76506,18,0,23 26,1,31,,76491,18,4,,1,69,,76513,18,0,35,1,31,,76492,18,4,,1,69,,76507,18,0,23 26,1,31,,76493,18,4,,1,69,,76508,18,0,23 26,1,31,,76494,18,4,,1,69,,76509,18,0,23 26,1,31,,76495,18,4,,1,69,,76510,18,0,23 26,1,31,,76496,18,4,,1,69,,76511,18,0,23 26,1,31,,76497,18,4,,1,69,,76514,18,0,35,1,31,,76498,18,4,,1,69,,76512,18,0,23 26,1
300,'20261108',909,,76525,18,0,23 26,1,11,,76541,18,,,1,103,,76526,18,0,23 26,1,100,,76527,18,0,23 26,1,100,,76528,18,0,23 26,1,100,,76529,18,0,23 26,1,100,,76530,18,0,23 26,1,100,,76531,18,0,23 26,1,31,,76516,18,4,,1,69,,76532,18,0,23 26,1,31,,76517,18,4,,1,69,,76539,18,0,35,1,31,,76518,18,4,,1,69,,76533,18,0,23 26,1,31,,76519,18,4,,1,69,,76534,18,0,23 26,1,31,,76520,18,4,,1,69,,76535,18,0,23 26,1,31,,76521,18,4,,1,69,,76536,18,0,23 26,1,31,,76522,18,4,,1,69,,76537,18,0,23 26,1,31,,76523,18,4,,1,69,,76540,18,0,35,1,31,,76524,18,4,,1,69,,76538,18,0,23 26,1
300,'20261109',712,,76557,18,4,,1,30,,76542,18,4,,1,70,,76558,18,4,,1,30,,76543,18,4,,1,70,,76559,18,4,,1,8,,76579,18,0,35,1,22,,76544,18,4,,1,69,,76574,18,0,35,1,31,,76545,18,4,,1,69,,76561,18,0,23 26,1,31,,76546,18,4,,1,69,,76562,18,0,23 26,1,31,,76547,18,4,,1,69,,76575,18,0,35,1,31,,76548,18,4,,1,69,,76563,18,0,23 26,1,31,,76549,18,4,,1,69,,76564,18,0,23 26,1,31,,76550,18,4,,1,69,,76576,18,0,35,1,31,,76551,18,4,,1,7,,76571,18,0,35,1,62,,76569,18,0,27,1,9,,76581,18,,,1,21,,76570,18,0,27,1,9,,76572,18,0,35,1,62,,76560,18,4,,1,9,,76580,18,0,35,1,21,,76552,18,4,,1,6,,76573,18,0,35,1,63,,76565,18,0,23 26,1,31,,76553,18,4,,1,69,,76566,18,0,23 26,1,31,,76554,18,4,,1,69,,76567,18,0,23 26,1,31,,76555,18,4,,1,69,,76577,18,0,35,1,31,,76556,18,4,,1,69,,76578,18,0,35,1,100,,76568,18,0,23 26,1
300,'20261110',712,,76597,18,4,,1,30,,76582,18,4,,1,70,,76598,18,4,,1,30,,76583,18,4,,1,70,,76599,18,4,,1,8,,76619,18,0,35,1,22,,76584,18,4,,1,69,,76614,18,0,35,1,31,,76585,18,4,,1,69,,76601,18,0,23 26,1,31,,76586,18,4,,1,69,,76602,18,0,23 26,1,31,,76587,18,4,,1,69,,76615,18,0,35,1,31,,76588,18,4,,1,69,,76603,18,0,23 26,1,31,,76589,18,4,,1,69,,76604,18,0,23 26,1,31,,76590,18,4,,1,69,,76616,18,0,35,1,31,,76591,18,4,,1,7,,76611,18,0,35,1,62,,76609,18,0,27,1,9,,76621,18,,,1,21,,76610,18,0,27,1,9,,76612,18,0,35,1,62,,76600,18,4,,1,9,,76620,18,0,35,1,21,,76592,18,4,,1,6,,76613,18,0,35,1,63,,76605,18,0,23 26,1,31,,76593,18,4,,1,69,,76606,18,0,23 26,1,31,,76594,18,4,,1,69,,76607,18,0,23 26,1,31,,76595,18,4,,1,69,,76617,18,0,35,1,31,,76596,18,4,,1,69,,76618,18,0,35,1,100,,76608,18,0,23 26,1
300,'20261111',712,,76637,18,4,,1,30,,76622,18,4,,1,70,,76638,18,4,,1,30,,76623,18,4,,1,70,,76639,18,4,,1,8,,76659,18,0,35,1,22,,76624,18,4,,1,69,,76654,18,0,35,1,31,,76625,18,4,,1,69,,76641,18,0,23 26,1,31,,76626,18,4,,1,69,,76642,18,0,23 26,1,31,,76627,18,4,,1,69,,76655,18,0,35,1,31,,76628,18,4,,1,69,,76643,18,0,23 26,1,31,,76629,18,4,,1,69,,76644,18,0,23 26,1,31,,76630,18,4,,1,69,,76656,18,0,35,1,31,,76631,18,4,,1,7,,76651,18,0,35,1,62,,76649,18,0,27,1,9,,76661,18,,,1,21,,76650,18,0,27,1,9,,76652,18,0,35,1,62,,76640,18,4,,1,9,,76660,18,0,35,1,21,,76632,18,4,,1,6,,76653,18,0,35,1,63,,76645,18,0,23 26,1,31,,76633,18,4,,1,69,,76646,18,0,23 26,1,31,,76634,18,4,,1,69,,76647,18,0,23 26,1,31,,76635,18,4,,1,69,,76657,18,0,35,1,31,,76636,18,4,,1,69,,76658,18,0,35,1,100,,76648,18,0,23 26,1
300,'20261112',712,,76677,18,4,,1,30,,76662,18,4,,1,70,,76678,18,4,,1,30,,76663,18,4,,1,70,,76679,18,4,,1,8,,76699,18,0,35,1,22,,76664,18,4,,1,69,,76694,18,0,35,1,31,,76665,18,4,,1,69,,76681,18,0,23 26,1,31,,76666,18,4,,1,69,,76682,18,0,23 26,1,31,,76667,18,4,,1,69,,76695,18,0,35,1,31,,76668,18,4,,1,69,,76683,18,0,23 26,1,31,,76669,18,4,,1,69,,76684,18,0,23 26,1,31,,76670,18,4,,1,69,,76696,18,0,35,1,31,,76671,18,4,,1,7,,76691,18,0,35,1,62,,76689,18,0,27,1,9,,76701,18,,,1,21,,76690,18,0,27,1,9,,76692,18,0,35,1,62,,76680,18,4,,1,9,,76700,18,0,35,1,21,,76672,18,4,,1,6,,76693,18,0,35,1,63,,76685,18,0,23 26,1,31,,76673,18,4,,1,69,,76686,18,0,23 26,1,31,,76674,18,4,,1,69,,76687,18,0,23 26,1,31,,76675,18,4,,1,69,,76697,18,0,35,1,31,,76676,18,4,,1,69,,76698,18,0,35,1,100,,76688,18,0,23 26,1
300,'20261113',712,,76717,18,4,,1,30,,76702,18,4,,1,70,,76718,18,4,,1,30,,76703,18,4,,1,70,,76719,18,4,,1,8,,76739,18,0,35,1,22,,76704,18,4,,1,69,,76734,18,0,35,1,31,,76705,18,4,,1,69,,76721,18,0,23 26,1,31,,76706,18,4,,1,69,,76722,18,0,23 26,1,31,,76707,18,4,,1,69,,76735,18,0,35,1,31,,76708,18,4,,1,69,,76723,18,0,23 26,1,31,,76709,18,4,,1,69,,76724,18,0,23 26,1,31,,76710,18,4,,1,69,,76736,18,0,35,1,31,,76711,18,4,,1,7,,76731,18,0,35,1,62,,76729,18,0,27,1,9,,76741,18,,,1,21,,76730,18,0,27,1,9,,76732,18,0,35,1,62,,76720,18,4,,1,9,,76740,18,0,35,1,21,,76712,18,4,,1,6,,76733,18,0,35,1,63,,76725,18,0,23 26,1,31,,76713,18,4,,1,69,,76726,18,0,23 26,1,31,,76714,18,4,,1,69,,76727,18,0,23 26,1,31,,76715,18,4,,1,69,,76737,18,0,35,1,31,,76716,18,4,,1,69,,76738,18,0,35,1,100,,76728,18,0,23 26,1
300,'20261114',909,,76751,18,0,23 26,1,11,,76767,18,,,1,103,,76752,18,0,23 26,1,100,,76753,18,0,23 26,1,100,,76754,18,0,23 26,1,100,,76755,18,0,23 26,1,100,,76756,18,0,23 26,1,100,,76757,18,0,23 26,1,31,,76742,18,4,,1,69,,76758,18,0,23 26,1,31,,76743,18,4,,1,69,,76765,18,0,35,1,31,,76744,18,4,,1,69,,76759,18,0,23 26,1,31,,76745,18,4,,1,69,,76760,18,0,23 26,1,31,,76746,18,4,,1,69,,76761,18,0,23 26,1,31,,76747,18,4,,1,69,,76762,18,0,23 26,1,31,,76748,18,4,,1,69,,76763,18,0,23 26,1,31,,76749,18,4,,1,69,,76766,18,0,35,1,31,,76750,18,4,,1,69,,76764,18,0,23 26,1
300,'20261115',909,,76777,18,0,23 26,1,11,,76793,18,,,1,103,,76778,18,0,23 26,1,100,,76779,18,0,23 26,1,100,,76780,18,0,23 26,1,100,,76781,18,0,23 26,1,100,,76782,18,0,23 26,1,100,,76783,18,0,23 26,1,31,,76768,18,4,,1,69,,76784,18,0,23 26,1,31,,76769,18,4,,1,69,,76791,18,0,35,1,31,,76770,18,4,,1,69,,76785,18,0,23 26,1,31,,76771,18,4,,1,69,,76786,18,0,23 26,1,31,,76772,18,4,,1,69,,76787,18,0,23 26,1,31,,76773,18,4,,1,69,,76788,18,0,23 26,1,31,,76774,18,4,,1,69,,76789,18,0,23 26,1,31,,76775,18,4,,1,69,,76792,18,0,35,1,31,,76776,18,4,,1,69,,76790,18,0,23 26,1
300,'20261116',712,,76809,18,4,,1,30,,76794,18,4,,1,70,,76810,18,4,,1,30,,76795,18,4,,1,70,,76811,18,4,,1,8,,76831,18,0,35,1,22,,76796,18,4,,1,69,,76826,18,0,35,1,31,,76797,18,4,,1,69,,76813,18,0,23 26,1,31,,76798,18,4,,1,69,,76814,18,0,23 26,1,31,,76799,18,4,,1,69,,76827,18,0,35,1,31,,76800,18,4,,1,69,,76815,18,0,23 26,1,31,,76801,18,4,,1,69,,76816,18,0,23 26,1,31,,76802,18,4,,1,69,,76828,18,0,35,1,31,,76803,18,4,,1,7,,76823,18,0,35,1,62,,76821,18,0,27,1,9,,76833,18,,,1,21,,76822,18,0,27,1,9,,76824,18,0,35,1,62,,76812,18,4,,1,9,,76832,18,0,35,1,21,,76804,18,4,,1,6,,76825,18,0,35,1,63,,76817,18,0,23 26,1,31,,76805,18,4,,1,69,,76818,18,0,23 26,1,31,,76806,18,4,,1,69,,76819,18,0,23 26,1,31,,76807,18,4,,1,69,,76829,18,0,35,1,31,,76808,18,4,,1,69,,76830,18,0,35,1,100,,76820,18,0,23 26,1
300,'20261117',712,,76849,18,4,,1,30,,76834,18,4,,1,70,,76850,18,4,,1,30,,76835,18,4,,1,70,,76851,18,4,,1,8,,76871,18,0,35,1,22,,76836,18,4,,1,69,,76866,18,0,35,1,31,,76837,18,4,,1,69,,76853,18,0,23 26,1,31,,76838,18,4,,1,69,,76854,18,0,23 26,1,31,,76839,18,4,,1,69,,76867,18,0,35,1,31,,76840,18,4,,1,69,,76855,18,0,23 26,1,31,,76841,18,4,,1,69,,76856,18,0,23 26,1,31,,76842,18,4,,1,69,,76868,18,0,35,1,31,,76843,18,4,,1,7,,76863,18,0,35,1,62,,76861,18,0,27,1,9,,76873,18,,,1,21,,76862,18,0,27,1,9,,76864,18,0,35,1,62,,76852,18,4,,1,9,,76872,18,0,35,1,21,,76844,18,4,,1,6,,76865,18,0,35,1,63,,76857,18,0,23 26,1,31,,76845,18,4,,1,69,,76858,18,0,23 26,1,31,,76846,18,4,,1,69,,76859,18,0,23 26,1,31,,76847,18,4,,1,69,,76869,18,0,35,1,31,,76848,18,4,,1,69,,76870,18,0,35,1,100,,76860,18,0,23 26,1
300,'20261118',712,,76889,18,4,,1,30,,76874,18,4,,1,70,,76890,18,4,,1,30,,76875,18,4,,1,70,,76891,18,4,,1,8,,76911,18,0,35,1,22,,76876,18,4,,1,69,,76906,18,0,35,1,31,,76877,18,4,,1,69,,76893,18,0,23 26,1,31,,76878,18,4,,1,69,,76894,18,0,23 26,1,31,,76879,18,4,,1,69,,76907,18,0,35,1,31,,76880,18,4,,1,69,,76895,18,0,23 26,1,31,,76881,18,4,,1,69,,76896,18,0,23 26,1,31,,76882,18,4,,1,69,,76908,18,0,35,1,31,,76883,18,4,,1,7,,76903,18,0,35,1,62,,76901,18,0,27,1,9,,76913,18,,,1,21,,76902,18,0,27,1,9,,76904,18,0,35,1,62,,76892,18,4,,1,9,,76912,18,0,35,1,21,,76884,18,4,,1,6,,76905,18,0,35,1,63,,76897,18,0,23 26,1,31,,76885,18,4,,1,69,,76898,18,0,23 26,1,31,,76886,18,4,,1,69,,76899,18,0,23 26,1,31,,76887,18,4,,1,69,,76909,18,0,35,1,31,,76888,18,4,,1,69,,76910,18,0,35,1,100,,76900,18,0,23 26,1
300,'20261119',712,,76929,18,4,,1,30,,76914,18,4,,1,70,,76930,18,4,,1,30,,76915,18,4,,1,70,,76931,18,4,,1,8,,76951,18,0,35,1,22,,76916,18,4,,1,69,,76946,18,0,35,1,31,,76917,18,4,,1,69,,76933,18,0,23 26,1,31,,76918,18,4,,1,69,,76934,18,0,23 26,1,31,,76919,18,4,,1,69,,76947,18,0,35,1,31,,76920,18,4,,1,69,,76935,18,0,23 26,1,31,,76921,18,4,,1,69,,76936,18,0,23 26,1,31,,76922,18,4,,1,69,,76948,18,0,35,1,31,,76923,18,4,,1,7,,76943,18,0,35,1,62,,76941,18,0,27,1,9,,76953,18,,,1,21,,76942,18,0,27,1,9,,76944,18,0,35,1,62,,76932,18,4,,1,9,,76952,18,0,35,1,21,,76924,18,4,,1,6,,76945,18,0,35,1,63,,76937,18,0,23 26,1,31,,76925,18,4,,1,69,,76938,18,0,23 26,1,31,,76926,18,4,,1,69,,76939,18,0,23 26,1,31,,76927,18,4,,1,69,,76949,18,0,35,1,31,,76928,18,4,,1,69,,76950,18,0,35,1,100,,76940,18,0,23 26,1
300,'20261120',712,,76969,18,4,,1,30,,76954,18,4,,1,70,,76970,18,4,,1,30,,76955,18,4,,1,70,,76971,18,4,,1,8,,76991,18,0,35,1,22,,76956,18,4,,1,69,,76986,18,0,35,1,31,,76957,18,4,,1,69,,76973,18,0,23 26,1,31,,76958,18,4,,1,69,,76974,18,0,23 26,1,31,,76959,18,4,,1,69,,76987,18,0,35,1,31,,76960,18,4,,1,69,,76975,18,0,23 26,1,31,,76961,18,4,,1,69,,76976,18,0,23 26,1,31,,76962,18,4,,1,69,,76988,18,0,35,1,31,,76963,18,4,,1,7,,76983,18,0,35,1,62,,76981,18,0,27,1,9,,76993,18,,,1,21,,76982,18,0,27,1,9,,76984,18,0,35,1,62,,76972,18,4,,1,9,,76992,18,0,35,1,21,,76964,18,4,,1,6,,76985,18,0,35,1,63,,76977,18,0,23 26,1,31,,76965,18,4,,1,69,,76978,18,0,23 26,1,31,,76966,18,4,,1,69,,76979,18,0,23 26,1,31,,76967,18,4,,1,69,,76989,18,0,35,1,31,,76968,18,4,,1,69,,76990,18,0,35,1,100,,76980,18,0,23 26,1
300,'20261121',909,,77003,18,0,23 26,1,11,,77019,18,,,1,103,,77004,18,0,23 26,1,100,,77005,18,0,23 26,1,100,,77006,18,0,23 26,1,100,,77007,18,0,23 26,1,100,,77008,18,0,23 26,1,100,,77009,18,0,23 26,1,31,,76994,18,4,,1,69,,77010,18,0,23 26,1,31,,76995,18,4,,1,69,,77017,18,0,35,1,31,,76996,18,4,,1,69,,77011,18,0,23 26,1,31,,76997,18,4,,1,69,,77012,18,0,23 26,1,31,,76998,18,4,,1,69,,77013,18,0,23 26,1,31,,76999,18,4,,1,69,,77014,18,0,23 26,1,31,,77000,18,4,,1,69,,77015,18,0,23 26,1,31,,77001,18,4,,1,69,,77018,18,0,35,1,31,,77002,18,4,,1,69,,77016,18,0,23 26,1
300,'20261122',909,,77029,18,0,23 26,1,11,,77045,18,,,1,103,,77030,18,0,23 26,1,100,,77031,18,0,23 26,1,100,,77032,18,0,23 26,1,100,,77033,18,0,23 26,1,100,,77034,18,0,23 26,1,100,,77035,18,0,23 26,1,31,,77020,18,4,,1,69,,77036,18,0,23 26,1,31,,77021,18,4,,1,69,,77043,18,0,35,1,31,,77022,18,4,,1,69,,77037,18,0,23 26,1,31,,77023,18,4,,1,69,,77038,18,0,23 26,1,31,,77024,18,4,,1,69,,77039,18,0,23 26,1,31,,77025,18,4,,1,69,,77040,18,0,23 26,1,31,,77026,18,4,,1,69,,77041,18,0,23 26,1,31,,77027,18,4,,1,69,,77044,18,0,35,1,31,,77028,18,4,,1,69,,77042,18,0,23 26,1
300,'20261123',712,,77061,18,4,,1,30,,77046,18,4,,1,70,,77062,18,4,,1,30,,77047,18,4,,1,70,,77063,18,4,,1,8,,77083,18,0,35,1,22,,77048,18,4,,1,69,,77078,18,0,35,1,31,,77049,18,4,,1,69,,77065,18,0,23 26,1,31,,77050,18,4,,1,69,,77066,18,0,23 26,1,31,,77051,18,4,,1,69,,77079,18,0,35,1,31,,77052,18,4,,1,69,,77067,18,0,23 26,1,31,,77053,18,4,,1,69,,77068,18,0,23 26,1,31,,77054,18,4,,1,69,,77080,18,0,35,1,31,,77055,18,4,,1,7,,77075,18,0,35,1,62,,77073,18,0,27,1,9,,77085,18,,,1,21,,77074,18,0,27,1,9,,77076,18,0,35,1,62,,77064,18,4,,1,9,,77084,18,0,35,1,21,,77056,18,4,,1,6,,77077,18,0,35,1,63,,77069,18,0,23 26,1,31,,77057,18,4,,1,69,,77070,18,0,23 26,1,31,,77058,18,4,,1,69,,77071,18,0,23 26,1,31,,77059,18,4,,1,69,,77081,18,0,35,1,31,,77060,18,4,,1,69,,77082,18,0,35,1,100,,77072,18,0,23 26,1
300,'20261124',712,,77101,18,4,,1,30,,77086,18,4,,1,70,,77102,18,4,,1,30,,77087,18,4,,1,70,,77103,18,4,,1,8,,77123,18,0,35,1,22,,77088,18,4,,1,69,,77118,18,0,35,1,31,,77089,18,4,,1,69,,77105,18,0,23 26,1,31,,77090,18,4,,1,69,,77106,18,0,23 26,1,31,,77091,18,4,,1,69,,77119,18,0,35,1,31,,77092,18,4,,1,69,,77107,18,0,23 26,1,31,,77093,18,4,,1,69,,77108,18,0,23 26,1,31,,77094,18,4,,1,69,,77120,18,0,35,1,31,,77095,18,4,,1,7,,77115,18,0,35,1,62,,77113,18,0,27,1,9,,77125,18,,,1,21,,77114,18,0,27,1,9,,77116,18,0,35,1,62,,77104,18,4,,1,9,,77124,18,0,35,1,21,,77096,18,4,,1,6,,77117,18,0,35,1,63,,77109,18,0,23 26,1,31,,77097,18,4,,1,69,,77110,18,0,23 26,1,31,,77098,18,4,,1,69,,77111,18,0,23 26,1,31,,77099,18,4,,1,69,,77121,18,0,35,1,31,,77100,18,4,,1,69,,77122,18,0,35,1,100,,77112,18,0,23 26,1
300,'20261125',712,,77141,18,4,,1,30,,77126,18,4,,1,70,,77142,18,4,,1,30,,77127,18,4,,1,70,,77143,18,4,,1,8,,77163,18,0,35,1,22,,77128,18,4,,1,69,,77158,18,0,35,1,31,,77129,18,4,,1,69,,77145,18,0,23 26,1,31,,77130,18,4,,1,69,,77146,18,0,23 26,1,31,,77131,18,4,,1,69,,77159,18,0,35,1,31,,77132,18,4,,1,69,,77147,18,0,23 26,1,31,,77133,18,4,,1,69,,77148,18,0,23 26,1,31,,77134,18,4,,1,69,,77160,18,0,35,1,31,,77135,18,4,,1,7,,77155,18,0,35,1,62,,77153,18,0,27,1,9,,77165,18,,,1,21,,77154,18,0,27,1,9,,77156,18,0,35,1,62,,77144,18,4,,1,9,,77164,18,0,35,1,21,,77136,18,4,,1,6,,77157,18,0,35,1,63,,77149,18,0,23 26,1,31,,77137,18,4,,1,69,,77150,18,0,23 26,1,31,,77138,18,4,,1,69,,77151,18,0,23 26,1,31,,77139,18,4,,1,69,,77161,18,0,35,1,31,,77140,18,4,,1,69,,77162,18,0,35,1,100,,77152,18,0,23 26,1
300,'20261126',712,,77181,18,4,,1,30,,77166,18,4,,1,70,,77182,18,4,,1,30,,77167,18,4,,1,70,,77183,18,4,,1,8,,77203,18,0,35,1,22,,77168,18,4,,1,69,,77198,18,0,35,1,31,,77169,18,4,,1,69,,77185,18,0,23 26,1,31,,77170,18,4,,1,69,,77186,18,0,23 26,1,31,,77171,18,4,,1,69,,77199,18,0,35,1,31,,77172,18,4,,1,69,,77187,18,0,23 26,1,31,,77173,18,4,,1,69,,77188,18,0,23 26,1,31,,77174,18,4,,1,69,,77200,18,0,35,1,31,,77175,18,4,,1,7,,77195,18,0,35,1,62,,77193,18,0,27,1,9,,77205,18,,,1,21,,77194,18,0,27,1,9,,77196,18,0,35,1,62,,77184,18,4,,1,9,,77204,18,0,35,1,21,,77176,18,4,,1,6,,77197,18,0,35,1,63,,77189,18,0,23 26,1,31,,77177,18,4,,1,69,,77190,18,0,23 26,1,31,,77178,18,4,,1,69,,77191,18,0,23 26,1,31,,77179,18,4,,1,69,,77201,18,0,35,1,31,,77180,18,4,,1,69,,77202,18,0,35,1,100,,77192,18,0,23 26,1
300,'20261127',712,,77221,18,4,,1,30,,77206,18,4,,1,70,,77222,18,4,,1,30,,77207,18,4,,1,70,,77223,18,4,,1,8,,77243,18,0,35,1,22,,77208,18,4,,1,69,,77238,18,0,35,1,31,,77209,18,4,,1,69,,77225,18,0,23 26,1,31,,77210,18,4,,1,69,,77226,18,0,23 26,1,31,,77211,18,4,,1,69,,77239,18,0,35,1,31,,77212,18,4,,1,69,,77227,18,0,23 26,1,31,,77213,18,4,,1,69,,77228,18,0,23 26,1,31,,77214,18,4,,1,69,,77240,18,0,35,1,31,,77215,18,4,,1,7,,77235,18,0,35,1,62,,77233,18,0,27,1,9,,77245,18,,,1,21,,77234,18,0,27,1,9,,77236,18,0,35,1,62,,77224,18,4,,1,9,,77244,18,0,35,1,21,,77216,18,4,,1,6,,77237,18,0,35,1,63,,77229,18,0,23 26,1,31,,77217,18,4,,1,69,,77230,18,0,23 26,1,31,,77218,18,4,,1,69,,77231,18,0,23 26,1,31,,77219,18,4,,1,69,,77241,18,0,35,1,31,,77220,18,4,,1,69,,77242,18,0,35,1,100,,77232,18,0,23 26,1
301,'20260831',558,,65114,12,,,1,70,,65116,25,,,1,22,,65115,12,,,1,6,,65103,1,,,1,64,,65123,25,,,1,6,,65095,1,,,1,24,,65117,25,,,1,6,,65104,1,,,1,64,,65126,34,,,1,6,,65096,1,,,1,24,,65118,25,,,1,6,,65105,1,,,1,64,,65124,25,,,1,6,,65097,1,,,1,22,,65125,25,,,1,8,,65106,1,,,1,70,,65098,1,,,1,74,,65108,7,,,1,26,,65099,1,,,1,74,,65109,7,,,1,26,,65100,1,,,1,74,,65120,25,,,1,26,,65101,1,,,1,74,,65110,7,,,1,26,,48638,1,,,1,74,,65111,7,,,1,26,,48639,1,,,1,74,,65121,25,,,1,28,,48640,1,,,1,19,,65119,23,,,1,81,,48641,1,,,1,100,,48642,1,,,1,30,,65107,1,,,1,142,,65112,7,,,1,26,,48643,1,,,1,74,,65113,7,,,1,26,,48644,1,,,1,74,,65122,25,,,1,26,,48645,1,,,1,100,,65102,1,,,1
301,'20260901',558,,48698,12,,,1,70,,48700,25,,,1,22,,48699,12,,,1,6,,48687,1,,,1,64,,48707,25,,,1,6,,48671,1,,,1,24,,48701,25,,,1,6,,48688,1,,,1,64,,63886,34,,,1,6,,48672,1,,,1,24,,48702,25,,,1,6,,48689,1,,,1,64,,48709,25,,,1,6,,48673,1,,,1,22,,48710,25,,,1,8,,48690,1,,,1,70,,48674,1,,,1,74,,48692,7,,,1,26,,48675,1,,,1,74,,48693,7,,,1,26,,48676,1,,,1,74,,48704,25,,,1,26,,48677,1,,,1,74,,48694,7,,,1,26,,48678,1,,,1,74,,48695,7,,,1,26,,48679,1,,,1,74,,48705,25,,,1,28,,48680,1,,,1,19,,48703,23,,,1,81,,48681,1,,,1,100,,48682,1,,,1,30,,48691,1,,,1,142,,48696,7,,,1,26,,48683,1,,,1,74,,48697,7,,,1,26,,48684,1,,,1,74,,48706,25,,,1,26,,48685,1,,,1,100,,48686,1,,,1
301,'20260902',558,,48738,12,,,1,70,,48740,25,,,1,22,,48739,12,,,1,6,,48727,1,,,1,64,,48747,25,,,1,6,,48711,1,,,1,24,,48741,25,,,1,6,,48728,1,,,1,64,,63887,34,,,1,6,,48712,1,,,1,24,,48742,25,,,1,6,,48729,1,,,1,64,,48749,25,,,1,6,,48713,1,,,1,22,,48750,25,,,1,8,,48730,1,,,1,70,,48714,1,,,1,74,,48732,7,,,1,26,,48715,1,,,1,74,,48733,7,,,1,26,,48716,1,,,1,74,,48744,25,,,1,26,,48717,1,,,1,74,,48734,7,,,1,26,,48718,1,,,1,74,,48735,7,,,1,26,,48719,1,,,1,74,,48745,25,,,1,28,,48720,1,,,1,19,,48743,23,,,1,81,,48721,1,,,1,100,,48722,1,,,1,30,,48731,1,,,1,142,,48736,7,,,1,26,,48723,1,,,1,74,,48737,7,,,1,26,,48724,1,,,1,74,,48746,25,,,1,26,,48725,1,,,1,100,,48726,1,,,1
301,'20260903',558,,48778,12,,,1,70,,48780,25,,,1,22,,48779,12,,,1,6,,48767,1,,,1,64,,48787,25,,,1,6,,48751,1,,,1,24,,48781,25,,,1,6,,48768,1,,,1,64,,63888,34,,,1,6,,48752,1,,,1,24,,48782,25,,,1,6,,48769,1,,,1,64,,48789,25,,,1,6,,48753,1,,,1,22,,48790,25,,,1,8,,48770,1,,,1,70,,48754,1,,,1,74,,48772,7,,,1,26,,48755,1,,,1,74,,48773,7,,,1,26,,48756,1,,,1,74,,48784,25,,,1,26,,48757,1,,,1,74,,48774,7,,,1,26,,48758,1,,,1,74,,48775,7,,,1,26,,48759,1,,,1,74,,48785,25,,,1,28,,48760,1,,,1,19,,48783,23,,,1,81,,48761,1,,,1,100,,48762,1,,,1,30,,48771,1,,,1,142,,48776,7,,,1,26,,48763,1,,,1,74,,48777,7,,,1,26,,48764,1,,,1,74,,48786,25,,,1,26,,48765,1,,,1,100,,48766,1,,,1
301,'20260904',558,,48818,12,,,1,70,,48820,25,,,1,22,,48819,12,,,1,6,,48807,1,,,1,64,,48827,25,,,1,6,,48791,1,,,1,24,,48821,25,,,1,6,,48808,1,,,1,64,,63889,34,,,1,6,,48792,1,,,1,24,,48822,25,,,1,6,,48809,1,,,1,64,,48829,25,,,1,6,,48793,1,,,1,22,,48830,25,,,1,8,,48810,1,,,1,70,,48794,1,,,1,74,,48812,7,,,1,26,,48795,1,,,1,74,,48813,7,,,1,26,,48796,1,,,1,74,,48824,25,,,1,26,,48797,1,,,1,74,,48814,7,,,1,26,,48798,1,,,1,74,,48815,7,,,1,26,,48799,1,,,1,74,,48825,25,,,1,28,,48800,1,,,1,19,,48823,23,,,1,81,,48801,1,,,1,100,,48802,1,,,1,30,,48811,1,,,1,142,,48816,7,,,1,26,,48803,1,,,1,74,,48817,7,,,1,26,,48804,1,,,1,74,,48826,25,,,1,26,,48805,1,,,1,100,,48806,1,,,1
301,'20260905',800,,77255,7,,,1,100,,77269,25,,,1,100,,77256,7,,,1,100,,77257,7,,,1,100,,77258,7,,,1,100,,77259,7,,,1,100,,77260,7,,,1,28,,77246,1,,,1,72,,77261,7,,,1,28,,77247,1,,,1,72,,77262,7,,,1,28,,77248,1,,,1,72,,77270,25,,,1,28,,77249,1,,,1,72,,77263,7,,,1,28,,77250,1,,,1,72,,77264,7,,,1,28,,77251,1,,,1,72,,77265,7,,,1,14,,77271,32,,,1,14,,77252,1,,,1,72,,77266,7,,,1,28,,77253,1,,,1,72,,77267,7,,,1,28,,77254,1,,,1,72,,77268,7,,,1
301,'20260906',800,,77281,7,,,1,100,,77295,25,,,1,100,,77282,7,,,1,100,,77283,7,,,1,100,,77284,7,,,1,100,,77285,7,,,1,100,,77286,7,,,1,28,,77272,1,,,1,72,,77287,7,,,1,28,,77273,1,,,1,72,,77288,7,,,1,28,,77274,1,,,1,72,,77296,25,,,1,28,,77275,1,,,1,72,,77289,7,,,1,28,,77276,1,,,1,72,,77290,7,,,1,28,,77277,1,,,1,72,,77291,7,,,1,14,,77297,32,,,1,14,,77278,1,,,1,72,,77292,7,,,1,28,,77279,1,,,1,72,,77293,7,,,1,28,,77280,1,,,1,72,,77294,7,,,1
301,'20260907',800,,77307,7,,,1,100,,77321,25,,,1,100,,77308,7,,,1,100,,77309,7,,,1,100,,77310,7,,,1,100,,77311,7,,,1,100,,77312,7,,,1,28,,77298,1,,,1,72,,77313,7,,,1,28,,77299,1,,,1,72,,77314,7,,,1,28,,77300,1,,,1,72,,77322,25,,,1,28,,77301,1,,,1,72,,77315,7,,,1,28,,77302,1,,,1,72,,77316,7,,,1,28,,77303,1,,,1,72,,77317,7,,,1,14,,77323,32,,,1,14,,77304,1,,,1,72,,77318,7,,,1,28,,77305,1,,,1,72,,77319,7,,,1,28,,77306,1,,,1,72,,77320,7,,,1
301,'20260908',558,,77351,12,,,1,70,,77353,25,,,1,22,,77352,12,,,1,6,,77340,1,,,1,64,,77360,25,,,1,6,,77324,1,,,1,24,,77354,25,,,1,6,,77341,1,,,1,64,,77363,34,,,1,6,,77325,1,,,1,24,,77355,25,,,1,6,,77342,1,,,1,64,,77361,25,,,1,6,,77326,1,,,1,22,,77362,25,,,1,8,,77343,1,,,1,70,,77327,1,,,1,74,,77345,7,,,1,26,,77328,1,,,1,74,,77346,7,,,1,26,,77329,1,,,1,74,,77357,25,,,1,26,,77330,1,,,1,74,,77347,7,,,1,26,,77331,1,,,1,74,,77348,7,,,1,26,,77332,1,,,1,74,,77358,25,,,1,28,,77333,1,,,1,19,,77356,23,,,1,81,,77334,1,,,1,100,,77335,1,,,1,30,,77344,1,,,1,142,,77349,7,,,1,26,,77336,1,,,1,74,,77350,7,,,1,26,,77337,1,,,1,74,,77359,25,,,1,26,,77338,1,,,1,100,,77339,1,,,1
301,'20260909',558,,77391,12,,,1,70,,77393,25,,,1,22,,77392,12,,,1,6,,77380,1,,,1,64,,77400,25,,,1,6,,77364,1,,,1,24,,77394,25,,,1,6,,77381,1,,,1,64,,77403,34,,,1,6,,77365,1,,,1,24,,77395,25,,,1,6,,77382,1,,,1,64,,77401,25,,,1,6,,77366,1,,,1,22,,77402,25,,,1,8,,77383,1,,,1,70,,77367,1,,,1,74,,77385,7,,,1,26,,77368,1,,,1,74,,77386,7,,,1,26,,77369,1,,,1,74,,77397,25,,,1,26,,77370,1,,,1,74,,77387,7,,,1,26,,77371,1,,,1,74,,77388,7,,,1,26,,77372,1,,,1,74,,77398,25,,,1,28,,77373,1,,,1,19,,77396,23,,,1,81,,77374,1,,,1,100,,77375,1,,,1,30,,77384,1,,,1,142,,77389,7,,,1,26,,77376,1,,,1,74,,77390,7,,,1,26,,77377,1,,,1,74,,77399,25,,,1,26,,77378,1,,,1,100,,77379,1,,,1
301,'20260910',558,,77431,12,,,1,70,,77433,25,,,1,22,,77432,12,,,1,6,,77420,1,,,1,64,,77440,25,,,1,6,,77404,1,,,1,24,,77434,25,,,1,6,,77421,1,,,1,64,,77443,34,,,1,6,,77405,1,,,1,24,,77435,25,,,1,6,,77422,1,,,1,64,,77441,25,,,1,6,,77406,1,,,1,22,,77442,25,,,1,8,,77423,1,,,1,70,,77407,1,,,1,74,,77425,7,,,1,26,,77408,1,,,1,74,,77426,7,,,1,26,,77409,1,,,1,74,,77437,25,,,1,26,,77410,1,,,1,74,,77427,7,,,1,26,,77411,1,,,1,74,,77428,7,,,1,26,,77412,1,,,1,74,,77438,25,,,1,28,,77413,1,,,1,19,,77436,23,,,1,81,,77414,1,,,1,100,,77415,1,,,1,30,,77424,1,,,1,142,,77429,7,,,1,26,,77416,1,,,1,74,,77430,7,,,1,26,,77417,1,,,1,74,,77439,25,,,1,26,,77418,1,,,1,100,,77419,1,,,1
301,'20260911',558,,77471,12,,,1,70,,77473,25,,,1,22,,77472,12,,,1,6,,77460,1,,,1,64,,77480,25,,,1,6,,77444,1,,,1,24,,77474,25,,,1,6,,77461,1,,,1,64,,77483,34,,,1,6,,77445,1,,,1,24,,77475,25,,,1,6,,77462,1,,,1,64,,77481,25,,,1,6,,77446,1,,,1,22,,77482,25,,,1,8,,77463,1,,,1,70,,77447,1,,,1,74,,77465,7,,,1,26,,77448,1,,,1,74,,77466,7,,,1,26,,77449,1,,,1,74,,77477,25,,,1,26,,77450,1,,,1,74,,77467,7,,,1,26,,77451,1,,,1,74,,77468,7,,,1,26,,77452,1,,,1,74,,77478,25,,,1,28,,77453,1,,,1,19,,77476,23,,,1,81,,77454,1,,,1,100,,77455,1,,,1,30,,77464,1,,,1,142,,77469,7,,,1,26,,77456,1,,,1,74,,77470,7,,,1,26,,77457,1,,,1,74,,77479,25,,,1,26,,77458,1,,,1,100,,77459,1,,,1
301,'20260912',800,,77484,7,0,23 43,1,100,,77498,7,0,23 43,1,100,,77485,7,0,23 43,1,100,,77486,7,0,23 43,1,100,,77487,7,0,23 43,1,100,,77488,7,0,23 43,1,100,,77489,7,0,23 43,1,100,,77490,7,0,23 43,1,100,,77491,7,0,23 43,1,100,,77499,7,0,23 43,1,100,,77492,7,0,23 43,1,100,,77493,7,0,23 43,1,100,,77494,7,0,23 43,1,100,,77495,7,0,23 43,1,100,,77496,7,0,23 43,1,100,,77497,7,0,23 43,1
301,'20260913',800,,77500,7,0,23 43,1,100,,77514,7,0,23 43,1,100,,77501,7,0,23 43,1,100,,77502,7,0,23 43,1,100,,77503,7,0,23 43,1,100,,77504,7,0,23 43,1,100,,77505,7,0,23 43,1,100,,77506,7,0,23 43,1,100,,77507,7,0,23 43,1,100,,77515,7,0,23 43,1,100,,77508,7,0,23 43,1,100,,77509,7,0,23 43,1,100,,77510,7,0,23 43,1,100,,77511,7,0,23 43,1,100,,77512,7,0,23 43,1,100,,77513,7,0,23 43,1
301,'20260914',556,,77543,12,,,1,70,,77545,25,,,1,22,,77544,12,,,1,6,,77532,1,,,1,64,,77552,25,,,1,6,,77516,1,,,1,24,,77546,25,,,1,6,,77533,1,,,1,64,,77555,34,,,1,6,,77517,1,,,1,24,,77547,25,,,1,6,,77534,1,,,1,64,,77553,25,,,1,6,,77518,1,,,1,22,,77554,25,,,1,8,,77535,1,,,1,70,,77519,1,,,1,34,,77537,7,,,1,66,,77520,1,,,1,34,,77538,7,,,1,66,,77521,1,,,1,84,,77549,25,,,1,16,,77522,1,,,1,34,,77539,7,,,1,66,,77523,1,,,1,34,,77540,7,,,1,66,,77524,1,,,1,34,,77550,25,,,1,68,,77525,1,,,1,21,,77548,23,,,1,79,,77526,1,,,1,100,,77527,1,,,1,30,,77536,1,,,1,102,,77541,7,,,1,66,,77528,1,,,1,34,,77542,7,,,1,66,,77529,1,,,1,34,,77551,25,,,1,66,,77530,1,,,1,100,,77531,1,,,1
301,'20260915',556,,77583,12,,,1,70,,77585,25,,,1,22,,77584,12,,,1,6,,77572,1,,,1,64,,77592,25,,,1,6,,77556,1,,,1,24,,77586,25,,,1,6,,77573,1,,,1,64,,77595,34,,,1,6,,77557,1,,,1,24,,77587,25,,,1,6,,77574,1,,,1,64,,77593,25,,,1,6,,77558,1,,,1,22,,77594,25,,,1,8,,77575,1,,,1,70,,77559,1,,,1,34,,77577,7,,,1,66,,77560,1,,,1,34,,77578,7,,,1,66,,77561,1,,,1,84,,77589,25,,,1,16,,77562,1,,,1,34,,77579,7,,,1,66,,77563,1,,,1,34,,77580,7,,,1,66,,77564,1,,,1,34,,77590,25,,,1,68,,77565,1,,,1,21,,77588,23,,,1,79,,77566,1,,,1,100,,77567,1,,,1,30,,77576,1,,,1,102,,77581,7,,,1,66,,77568,1,,,1,34,,77582,7,,,1,66,,77569,1,,,1,34,,77591,25,,,1,66,,77570,1,,,1,100,,77571,1,,,1
301,'20260916',556,,77623,12,,,1,70,,77625,25,,,1,22,,77624,12,,,1,6,,77612,1,,,1,64,,77632,25,,,1,6,,77596,1,,,1,24,,77626,25,,,1,6,,77613,1,,,1,64,,77635,34,,,1,6,,77597,1,,,1,24,,77627,25,,,1,6,,77614,1,,,1,64,,77633,25,,,1,6,,77598,1,,,1,22,,77634,25,,,1,8,,77615,1,,,1,70,,77599,1,,,1,34,,77617,7,,,1,66,,77600,1,,,1,34,,77618,7,,,1,66,,77601,1,,,1,34,,77629,25,,,1,66,,77602,1,,,1,34,,77619,7,,,1,66,,77603,1,,,1,34,,77620,7,,,1,66,,77604,1,,,1,34,,77630,25,,,1,68,,77605,1,,,1,21,,77628,23,,,1,79,,77606,1,,,1,100,,77607,1,,,1,30,,77616,1,,,1,102,,77621,7,,,1,66,,77608,1,,,1,34,,77622,7,,,1,66,,77609,1,,,1,34,,77631,25,,,1,66,,77610,1,,,1,100,,77611,1,,,1
301,'20260917',556,,77663,12,,,1,70,,77665,25,,,1,22,,77664,12,,,1,6,,77652,1,,,1,64,,77672,25,,,1,6,,77636,1,,,1,24,,77666,25,,,1,6,,77653,1,,,1,64,,77675,34,,,1,6,,77637,1,,,1,24,,77667,25,,,1,6,,77654,1,,,1,64,,77673,25,,,1,6,,77638,1,,,1,22,,77674,25,,,1,8,,77655,1,,,1,70,,77639,1,,,1,34,,77657,7,,,1,66,,77640,1,,,1,34,,77658,7,,,1,66,,77641,1,,,1,34,,77669,25,,,1,66,,77642,1,,,1,34,,77659,7,,,1,66,,77643,1,,,1,34,,77660,7,,,1,66,,77644,1,,,1,34,,77670,25,,,1,68,,77645,1,,,1,21,,77668,23,,,1,79,,77646,1,,,1,100,,77647,1,,,1,30,,77656,1,,,1,102,,77661,7,,,1,66,,77648,1,,,1,34,,77662,7,,,1,66,,77649,1,,,1,34,,77671,25,,,1,66,,77650,1,,,1,100,,77651,1,,,1
301,'20260918',558,,77703,12,,,1,70,,77705,25,,,1,22,,77704,12,,,1,6,,77692,1,,,1,64,,77712,25,,,1,6,,77676,1,,,1,24,,77706,25,,,1,6,,77693,1,,,1,64,,77715,34,,,1,6,,77677,1,,,1,24,,77707,25,,,1,6,,77694,1,,,1,64,,77713,25,,,1,6,,77678,1,,,1,22,,77714,25,,,1,8,,77695,1,,,1,70,,77679,1,,,1,74,,77697,7,,,1,26,,77680,1,,,1,74,,77698,7,,,1,26,,77681,1,,,1,74,,77709,25,,,1,26,,77682,1,,,1,74,,77699,7,,,1,26,,77683,1,,,1,74,,77700,7,,,1,26,,77684,1,,,1,74,,77710,25,,,1,28,,77685,1,,,1,19,,77708,23,,,1,81,,77686,1,,,1,100,,77687,1,,,1,30,,77696,1,,,1,142,,77701,7,,,1,26,,77688,1,,,1,74,,77702,7,,,1,26,,77689,1,,,1,74,,77711,25,,,1,26,,77690,1,,,1,100,,77691,1,,,1
301,'20260919',800,,77725,7,,,1,100,,77739,25,,,1,100,,77726,7,,,1,100,,77727,7,,,1,100,,77728,7,,,1,100,,77729,7,,,1,100,,77730,7,,,1,28,,77716,1,,,1,72,,77731,7,,,1,28,,77717,1,,,1,72,,77732,7,,,1,28,,77718,1,,,1,72,,77740,25,,,1,28,,77719,1,,,1,72,,77733,7,,,1,28,,77720,1,,,1,72,,77734,7,,,1,28,,77721,1,,,1,72,,77735,7,,,1,14,,77741,32,,,1,14,,77722,1,,,1,72,,77736,7,,,1,28,,77723,1,,,1,72,,77737,7,,,1,28,,77724,1,,,1,72,,77738,7,,,1
301,'20260920',800,,77751,7,,,1,100,,77765,25,,,1,100,,77752,7,,,1,100,,77753,7,,,1,100,,77754,7,,,1,100,,77755,7,,,1,100,,77756,7,,,1,28,,77742,1,,,1,72,,77757,7,,,1,28,,77743,1,,,1,72,,77758,7,,,1,28,,77744,1,,,1,72,,77766,25,,,1,28,,77745,1,,,1,72,,77759,7,,,1,28,,77746,1,,,1,72,,77760,7,,,1,28,,77747,1,,,1,72,,77761,7,,,1,14,,77767,32,,,1,14,,77748,1,,,1,72,,77762,7,,,1,28,,77749,1,,,1,72,,77763,7,,,1,28,,77750,1,,,1,72,,77764,7,,,1
301,'20260921',558,,77795,12,,,1,70,,77797,25,,,1,22,,77796,12,,,1,6,,77784,1,,,1,64,,77804,25,,,1,6,,77768,1,,,1,24,,77798,25,,,1,6,,77785,1,,,1,64,,77807,34,,,1,6,,77769,1,,,1,24,,77799,25,,,1,6,,77786,1,,,1,64,,77805,25,,,1,6,,77770,1,,,1,22,,77806,25,,,1,8,,77787,1,,,1,70,,77771,1,,,1,74,,77789,7,,,1,26,,77772,1,,,1,74,,77790,7,,,1,26,,77773,1,,,1,74,,77801,25,,,1,26,,77774,1,,,1,74,,77791,7,,,1,26,,77775,1,,,1,74,,77792,7,,,1,26,,77776,1,,,1,74,,77802,25,,,1,28,,77777,1,,,1,19,,77800,23,,,1,81,,77778,1,,,1,100,,77779,1,,,1,30,,77788,1,,,1,142,,77793,7,,,1,26,,77780,1,,,1,74,,77794,7,,,1,26,,77781,1,,,1,74,,77803,25,,,1,26,,77782,1,,,1,100,,77783,1,,,1
301,'20260922',558,,77835,12,,,1,70,,77837,25,,,1,22,,77836,12,,,1,6,,77824,1,,,1,64,,77844,25,,,1,6,,77808,1,,,1,24,,77838,25,,,1,6,,77825,1,,,1,64,,77847,34,,,1,6,,77809,1,,,1,24,,77839,25,,,1,6,,77826,1,,,1,64,,77845,25,,,1,6,,77810,1,,,1,22,,77846,25,,,1,8,,77827,1,,,1,70,,77811,1,,,1,74,,77829,7,,,1,26,,77812,1,,,1,74,,77830,7,,,1,26,,77813,1,,,1,74,,77841,25,,,1,26,,77814,1,,,1,74,,77831,7,,,1,26,,77815,1,,,1,74,,77832,7,,,1,26,,77816,1,,,1,74,,77842,25,,,1,28,,77817,1,,,1,19,,77840,23,,,1,81,,77818,1,,,1,100,,77819,1,,,1,30,,77828,1,,,1,142,,77833,7,,,1,26,,77820,1,,,1,74,,77834,7,,,1,26,,77821,1,,,1,74,,77843,25,,,1,26,,77822,1,,,1,100,,77823,1,,,1
301,'20260923',558,,77875,12,,,1,70,,77877,25,,,1,22,,77876,12,,,1,6,,77864,1,,,1,64,,77884,25,,,1,6,,77848,1,,,1,24,,77878,25,,,1,6,,77865,1,,,1,64,,77887,34,,,1,6,,77849,1,,,1,24,,77879,25,,,1,6,,77866,1,,,1,64,,77885,25,,,1,6,,77850,1,,,1,22,,77886,25,,,1,8,,77867,1,,,1,70,,77851,1,,,1,74,,77869,7,,,1,26,,77852,1,,,1,74,,77870,7,,,1,26,,77853,1,,,1,74,,77881,25,,,1,26,,77854,1,,,1,74,,77871,7,,,1,26,,77855,1,,,1,74,,77872,7,,,1,26,,77856,1,,,1,74,,77882,25,,,1,28,,77857,1,,,1,19,,77880,23,,,1,81,,77858,1,,,1,100,,77859,1,,,1,30,,77868,1,,,1,142,,77873,7,,,1,26,,77860,1,,,1,74,,77874,7,,,1,26,,77861,1,,,1,74,,77883,25,,,1,26,,77862,1,,,1,100,,77863,1,,,1
301,'20260924',558,,77915,12,,,1,70,,77917,25,,,1,22,,77916,12,,,1,6,,77904,1,,,1,64,,77924,25,,,1,6,,77888,1,,,1,24,,77918,25,,,1,6,,77905,1,,,1,64,,77927,34,,,1,6,,77889,1,,,1,24,,77919,25,,,1,6,,77906,1,,,1,64,,77925,25,,,1,6,,77890,1,,,1,22,,77926,25,,,1,8,,77907,1,,,1,70,,77891,1,,,1,74,,77909,7,,,1,26,,77892,1,,,1,74,,77910,7,,,1,26,,77893,1,,,1,74,,77921,25,,,1,26,,77894,1,,,1,74,,77911,7,,,1,26,,77895,1,,,1,74,,77912,7,,,1,26,,77896,1,,,1,74,,77922,25,,,1,28,,77897,1,,,1,19,,77920,23,,,1,81,,77898,1,,,1,100,,77899,1,,,1,30,,77908,1,,,1,142,,77913,7,,,1,26,,77900,1,,,1,74,,77914,7,,,1,26,,77901,1,,,1,74,,77923,25,,,1,26,,77902,1,,,1,100,,77903,1,,,1
301,'20260925',558,,77955,12,,,1,70,,77957,25,,,1,22,,77956,12,,,1,6,,77944,1,,,1,64,,77964,25,,,1,6,,77928,1,,,1,24,,77958,25,,,1,6,,77945,1,,,1,64,,77967,34,,,1,6,,77929,1,,,1,24,,77959,25,,,1,6,,77946,1,,,1,64,,77965,25,,,1,6,,77930,1,,,1,22,,77966,25,,,1,8,,77947,1,,,1,70,,77931,1,,,1,74,,77949,7,,,1,26,,77932,1,,,1,74,,77950,7,,,1,26,,77933,1,,,1,74,,77961,25,,,1,26,,77934,1,,,1,74,,77951,7,,,1,26,,77935,1,,,1,74,,77952,7,,,1,26,,77936,1,,,1,74,,77962,25,,,1,28,,77937,1,,,1,19,,77960,23,,,1,81,,77938,1,,,1,100,,77939,1,,,1,30,,77948,1,,,1,142,,77953,7,,,1,26,,77940,1,,,1,74,,77954,7,,,1,26,,77941,1,,,1,74,,77963,25,,,1,26,,77942,1,,,1,100,,77943,1,,,1
301,'20260926',800,,77977,7,,,1,100,,77991,25,,,1,100,,77978,7,,,1,100,,77979,7,,,1,100,,77980,7,,,1,100,,77981,7,,,1,100,,77982,7,,,1,28,,77968,1,,,1,72,,77983,7,,,1,28,,77969,1,,,1,72,,77984,7,,,1,28,,77970,1,,,1,72,,77992,25,,,1,28,,77971,1,,,1,72,,77985,7,,,1,28,,77972,1,,,1,72,,77986,7,,,1,28,,77973,1,,,1,72,,77987,7,,,1,14,,77993,32,,,1,14,,77974,1,,,1,72,,77988,7,,,1,28,,77975,1,,,1,72,,77989,7,,,1,28,,77976,1,,,1,72,,77990,7,,,1
301,'20260927',800,,78003,7,,,1,100,,78017,25,,,1,100,,78004,7,,,1,100,,78005,7,,,1,100,,78006,7,,,1,100,,78007,7,,,1,100,,78008,7,,,1,28,,77994,1,,,1,72,,78009,7,,,1,28,,77995,1,,,1,72,,78010,7,,,1,28,,77996,1,,,1,72,,78018,25,,,1,28,,77997,1,,,1,72,,78011,7,,,1,28,,77998,1,,,1,72,,78012,7,,,1,28,,77999,1,,,1,72,,78013,7,,,1,14,,78019,32,,,1,14,,78000,1,,,1,72,,78014,7,,,1,28,,78001,1,,,1,72,,78015,7,,,1,28,,78002,1,,,1,72,,78016,7,,,1
301,'20260928',558,,78047,12,,,1,70,,78049,25,,,1,22,,78048,12,,,1,6,,78036,1,,,1,64,,78056,25,,,1,6,,78020,1,,,1,24,,78050,25,,,1,6,,78037,1,,,1,64,,78059,34,,,1,6,,78021,1,,,1,24,,78051,25,,,1,6,,78038,1,,,1,64,,78057,25,,,1,6,,78022,1,,,1,22,,78058,25,,,1,8,,78039,1,,,1,70,,78023,1,,,1,74,,78041,7,,,1,26,,78024,1,,,1,74,,78042,7,,,1,26,,78025,1,,,1,74,,78053,25,,,1,26,,78026,1,,,1,74,,78043,7,,,1,26,,78027,1,,,1,74,,78044,7,,,1,26,,78028,1,,,1,74,,78054,25,,,1,28,,78029,1,,,1,19,,78052,23,,,1,81,,78030,1,,,1,100,,78031,1,,,1,30,,78040,1,,,1,142,,78045,7,,,1,26,,78032,1,,,1,74,,78046,7,,,1,26,,78033,1,,,1,74,,78055,25,,,1,26,,78034,1,,,1,100,,78035,1,,,1
301,'20260929',558,,78087,12,,,1,70,,78089,25,,,1,22,,78088,12,,,1,6,,78076,1,,,1,64,,78096,25,,,1,6,,78060,1,,,1,24,,78090,25,,,1,6,,78077,1,,,1,64,,78099,34,,,1,6,,78061,1,,,1,24,,78091,25,,,1,6,,78078,1,,,1,64,,78097,25,,,1,6,,78062,1,,,1,22,,78098,25,,,1,8,,78079,1,,,1,70,,78063,1,,,1,74,,78081,7,,,1,26,,78064,1,,,1,74,,78082,7,,,1,26,,78065,1,,,1,74,,78093,25,,,1,26,,78066,1,,,1,74,,78083,7,,,1,26,,78067,1,,,1,74,,78084,7,,,1,26,,78068,1,,,1,74,,78094,25,,,1,28,,78069,1,,,1,19,,78092,23,,,1,81,,78070,1,,,1,100,,78071,1,,,1,30,,78080,1,,,1,142,,78085,7,,,1,26,,78072,1,,,1,74,,78086,7,,,1,26,,78073,1,,,1,74,,78095,25,,,1,26,,78074,1,,,1,100,,78075,1,,,1
301,'20260930',558,,78127,12,,,1,70,,78129,25,,,1,22,,78128,12,,,1,6,,78116,1,,,1,64,,78136,25,,,1,6,,78100,1,,,1,24,,78130,25,,,1,6,,78117,1,,,1,64,,78139,34,,,1,6,,78101,1,,,1,24,,78131,25,,,1,6,,78118,1,,,1,64,,78137,25,,,1,6,,78102,1,,,1,22,,78138,25,,,1,8,,78119,1,,,1,70,,78103,1,,,1,74,,78121,7,,,1,26,,78104,1,,,1,74,,78122,7,,,1,26,,78105,1,,,1,74,,78133,25,,,1,26,,78106,1,,,1,74,,78123,7,,,1,26,,78107,1,,,1,74,,78124,7,,,1,26,,78108,1,,,1,74,,78134,25,,,1,28,,78109,1,,,1,19,,78132,23,,,1,81,,78110,1,,,1,100,,78111,1,,,1,30,,78120,1,,,1,142,,78125,7,,,1,26,,78112,1,,,1,74,,78126,7,,,1,26,,78113,1,,,1,74,,78135,25,,,1,26,,78114,1,,,1,100,,78115,1,,,1
301,'20261001',558,,78167,12,,,1,70,,78169,25,,,1,22,,78168,12,,,1,6,,78156,1,,,1,64,,78176,25,,,1,6,,78140,1,,,1,24,,78170,25,,,1,6,,78157,1,,,1,64,,78179,34,,,1,6,,78141,1,,,1,24,,78171,25,,,1,6,,78158,1,,,1,64,,78177,25,,,1,6,,78142,1,,,1,22,,78178,25,,,1,8,,78159,1,,,1,70,,78143,1,,,1,74,,78161,7,,,1,26,,78144,1,,,1,74,,78162,7,,,1,26,,78145,1,,,1,74,,78173,25,,,1,26,,78146,1,,,1,74,,78163,7,,,1,26,,78147,1,,,1,74,,78164,7,,,1,26,,78148,1,,,1,74,,78174,25,,,1,28,,78149,1,,,1,19,,78172,23,,,1,81,,78150,1,,,1,100,,78151,1,,,1,30,,78160,1,,,1,142,,78165,7,,,1,26,,78152,1,,,1,74,,78166,7,,,1,26,,78153,1,,,1,74,,78175,25,,,1,26,,78154,1,,,1,100,,78155,1,,,1
301,'20261002',558,,78207,12,,,1,70,,78209,25,,,1,22,,78208,12,,,1,6,,78196,1,,,1,64,,78216,25,,,1,6,,78180,1,,,1,24,,78210,25,,,1,6,,78197,1,,,1,64,,78219,34,,,1,6,,78181,1,,,1,24,,78211,25,,,1,6,,78198,1,,,1,64,,78217,25,,,1,6,,78182,1,,,1,22,,78218,25,,,1,8,,78199,1,,,1,70,,78183,1,,,1,74,,78201,7,,,1,26,,78184,1,,,1,74,,78202,7,,,1,26,,78185,1,,,1,74,,78213,25,,,1,26,,78186,1,,,1,74,,78203,7,,,1,26,,78187,1,,,1,74,,78204,7,,,1,26,,78188,1,,,1,74,,78214,25,,,1,28,,78189,1,,,1,19,,78212,23,,,1,81,,78190,1,,,1,100,,78191,1,,,1,30,,78200,1,,,1,142,,78205,7,,,1,26,,78192,1,,,1,74,,78206,7,,,1,26,,78193,1,,,1,74,,78215,25,,,1,26,,78194,1,,,1,100,,78195,1,,,1
301,'20261003',800,,78229,7,,,1,100,,78243,25,,,1,100,,78230,7,,,1,100,,78231,7,,,1,100,,78232,7,,,1,100,,78233,7,,,1,100,,78234,7,,,1,28,,78220,1,,,1,72,,78235,7,,,1,28,,78221,1,,,1,72,,78236,7,,,1,28,,78222,1,,,1,72,,78244,25,,,1,28,,78223,1,,,1,72,,78237,7,,,1,28,,78224,1,,,1,72,,78238,7,,,1,28,,78225,1,,,1,72,,78239,7,,,1,14,,78245,32,,,1,14,,78226,1,,,1,72,,78240,7,,,1,28,,78227,1,,,1,72,,78241,7,,,1,28,,78228,1,,,1,72,,78242,7,,,1
301,'20261004',800,,78255,7,,,1,100,,78269,25,,,1,100,,78256,7,,,1,100,,78257,7,,,1,100,,78258,7,,,1,100,,78259,7,,,1,100,,78260,7,,,1,28,,78246,1,,,1,72,,78261,7,,,1,28,,78247,1,,,1,72,,78262,7,,,1,28,,78248,1,,,1,72,,78270,25,,,1,28,,78249,1,,,1,72,,78263,7,,,1,28,,78250,1,,,1,72,,78264,7,,,1,28,,78251,1,,,1,72,,78265,7,,,1,14,,78271,32,,,1,14,,78252,1,,,1,72,,78266,7,,,1,28,,78253,1,,,1,72,,78267,7,,,1,28,,78254,1,,,1,72,,78268,7,,,1
301,'20261005',558,,78299,12,,,1,70,,78301,25,,,1,22,,78300,12,,,1,6,,78288,1,,,1,64,,78308,25,,,1,6,,78272,1,,,1,24,,78302,25,,,1,6,,78289,1,,,1,64,,78311,34,,,1,6,,78273,1,,,1,24,,78303,25,,,1,6,,78290,1,,,1,64,,78309,25,,,1,6,,78274,1,,,1,22,,78310,25,,,1,8,,78291,1,,,1,70,,78275,1,,,1,74,,78293,7,,,1,26,,78276,1,,,1,74,,78294,7,,,1,26,,78277,1,,,1,74,,78305,25,,,1,26,,78278,1,,,1,74,,78295,7,,,1,26,,78279,1,,,1,74,,78296,7,,,1,26,,78280,1,,,1,74,,78306,25,,,1,28,,78281,1,,,1,19,,78304,23,,,1,81,,78282,1,,,1,100,,78283,1,,,1,30,,78292,1,,,1,142,,78297,7,,,1,26,,78284,1,,,1,74,,78298,7,,,1,26,,78285,1,,,1,74,,78307,25,,,1,26,,78286,1,,,1,100,,78287,1,,,1
301,'20261006',558,,78339,12,,,1,70,,78341,25,,,1,22,,78340,12,,,1,6,,78328,1,,,1,64,,78348,25,,,1,6,,78312,1,,,1,24,,78342,25,,,1,6,,78329,1,,,1,64,,78351,34,,,1,6,,78313,1,,,1,24,,78343,25,,,1,6,,78330,1,,,1,64,,78349,25,,,1,6,,78314,1,,,1,22,,78350,25,,,1,8,,78331,1,,,1,70,,78315,1,,,1,74,,78333,7,,,1,26,,78316,1,,,1,74,,78334,7,,,1,26,,78317,1,,,1,74,,78345,25,,,1,26,,78318,1,,,1,74,,78335,7,,,1,26,,78319,1,,,1,74,,78336,7,,,1,26,,78320,1,,,1,74,,78346,25,,,1,28,,78321,1,,,1,19,,78344,23,,,1,81,,78322,1,,,1,100,,78323,1,,,1,30,,78332,1,,,1,142,,78337,7,,,1,26,,78324,1,,,1,74,,78338,7,,,1,26,,78325,1,,,1,74,,78347,25,,,1,26,,78326,1,,,1,100,,78327,1,,,1
301,'20261007',558,,78379,12,,,1,70,,78381,25,,,1,22,,78380,12,,,1,6,,78368,1,,,1,64,,78388,25,,,1,6,,78352,1,,,1,24,,78382,25,,,1,6,,78369,1,,,1,64,,78391,34,,,1,6,,78353,1,,,1,24,,78383,25,,,1,6,,78370,1,,,1,64,,78389,25,,,1,6,,78354,1,,,1,22,,78390,25,,,1,8,,78371,1,,,1,70,,78355,1,,,1,74,,78373,7,,,1,26,,78356,1,,,1,74,,78374,7,,,1,26,,78357,1,,,1,74,,78385,25,,,1,26,,78358,1,,,1,74,,78375,7,,,1,26,,78359,1,,,1,74,,78376,7,,,1,26,,78360,1,,,1,74,,78386,25,,,1,28,,78361,1,,,1,19,,78384,23,,,1,81,,78362,1,,,1,100,,78363,1,,,1,30,,78372,1,,,1,142,,78377,7,,,1,26,,78364,1,,,1,74,,78378,7,,,1,26,,78365,1,,,1,74,,78387,25,,,1,26,,78366,1,,,1,100,,78367,1,,,1
301,'20261008',558,,78419,12,,,1,70,,78421,25,,,1,22,,78420,12,,,1,6,,78408,1,,,1,64,,78428,25,,,1,6,,78392,1,,,1,24,,78422,25,,,1,6,,78409,1,,,1,64,,78431,34,,,1,6,,78393,1,,,1,24,,78423,25,,,1,6,,78410,1,,,1,64,,78429,25,,,1,6,,78394,1,,,1,22,,78430,25,,,1,8,,78411,1,,,1,70,,78395,1,,,1,74,,78413,7,,,1,26,,78396,1,,,1,74,,78414,7,,,1,26,,78397,1,,,1,74,,78425,25,,,1,26,,78398,1,,,1,74,,78415,7,,,1,26,,78399,1,,,1,74,,78416,7,,,1,26,,78400,1,,,1,74,,78426,25,,,1,28,,78401,1,,,1,19,,78424,23,,,1,81,,78402,1,,,1,100,,78403,1,,,1,30,,78412,1,,,1,142,,78417,7,,,1,26,,78404,1,,,1,74,,78418,7,,,1,26,,78405,1,,,1,74,,78427,25,,,1,26,,78406,1,,,1,100,,78407,1,,,1
301,'20261009',558,,78459,12,,,1,70,,78461,25,,,1,22,,78460,12,,,1,6,,78448,1,,,1,64,,78468,25,,,1,6,,78432,1,,,1,24,,78462,25,,,1,6,,78449,1,,,1,64,,78471,34,,,1,6,,78433,1,,,1,24,,78463,25,,,1,6,,78450,1,,,1,64,,78469,25,,,1,6,,78434,1,,,1,22,,78470,25,,,1,8,,78451,1,,,1,70,,78435,1,,,1,74,,78453,7,,,1,26,,78436,1,,,1,74,,78454,7,,,1,26,,78437,1,,,1,74,,78465,25,,,1,26,,78438,1,,,1,74,,78455,7,,,1,26,,78439,1,,,1,74,,78456,7,,,1,26,,78440,1,,,1,74,,78466,25,,,1,28,,78441,1,,,1,19,,78464,23,,,1,81,,78442,1,,,1,100,,78443,1,,,1,30,,78452,1,,,1,142,,78457,7,,,1,26,,78444,1,,,1,74,,78458,7,,,1,26,,78445,1,,,1,74,,78467,25,,,1,26,,78446,1,,,1,100,,78447,1,,,1
301,'20261010',800,,78481,7,,,1,100,,78495,25,,,1,100,,78482,7,,,1,100,,78483,7,,,1,100,,78484,7,,,1,100,,78485,7,,,1,100,,78486,7,,,1,28,,78472,1,,,1,72,,78487,7,,,1,28,,78473,1,,,1,72,,78488,7,,,1,28,,78474,1,,,1,72,,78496,25,,,1,28,,78475,1,,,1,72,,78489,7,,,1,28,,78476,1,,,1,72,,78490,7,,,1,28,,78477,1,,,1,72,,78491,7,,,1,14,,78497,32,,,1,14,,78478,1,,,1,72,,78492,7,,,1,28,,78479,1,,,1,72,,78493,7,,,1,28,,78480,1,,,1,72,,78494,7,,,1
301,'20261011',800,,78507,7,,,1,100,,78521,25,,,1,100,,78508,7,,,1,100,,78509,7,,,1,100,,78510,7,,,1,100,,78511,7,,,1,100,,78512,7,,,1,28,,78498,1,,,1,72,,78513,7,,,1,28,,78499,1,,,1,72,,78514,7,,,1,28,,78500,1,,,1,72,,78522,25,,,1,28,,78501,1,,,1,72,,78515,7,,,1,28,,78502,1,,,1,72,,78516,7,,,1,28,,78503,1,,,1,72,,78517,7,,,1,14,,78523,32,,,1,14,,78504,1,,,1,72,,78518,7,,,1,28,,78505,1,,,1,72,,78519,7,,,1,28,,78506,1,,,1,72,,78520,7,,,1
301,'20261012',558,,78551,12,,,1,70,,78553,25,,,1,22,,78552,12,,,1,6,,78540,1,,,1,64,,78560,25,,,1,6,,78524,1,,,1,24,,78554,25,,,1,6,,78541,1,,,1,64,,78563,34,,,1,6,,78525,1,,,1,24,,78555,25,,,1,6,,78542,1,,,1,64,,78561,25,,,1,6,,78526,1,,,1,22,,78562,25,,,1,8,,78543,1,,,1,70,,78527,1,,,1,74,,78545,7,,,1,26,,78528,1,,,1,74,,78546,7,,,1,26,,78529,1,,,1,74,,78557,25,,,1,26,,78530,1,,,1,74,,78547,7,,,1,26,,78531,1,,,1,74,,78548,7,,,1,26,,78532,1,,,1,74,,78558,25,,,1,28,,78533,1,,,1,19,,78556,23,,,1,81,,78534,1,,,1,100,,78535,1,,,1,30,,78544,1,,,1,142,,78549,7,,,1,26,,78536,1,,,1,74,,78550,7,,,1,26,,78537,1,,,1,74,,78559,25,,,1,26,,78538,1,,,1,100,,78539,1,,,1
301,'20261013',558,,78591,12,,,1,70,,78593,25,,,1,22,,78592,12,,,1,6,,78580,1,,,1,64,,78600,25,,,1,6,,78564,1,,,1,24,,78594,25,,,1,6,,78581,1,,,1,64,,78603,34,,,1,6,,78565,1,,,1,24,,78595,25,,,1,6,,78582,1,,,1,64,,78601,25,,,1,6,,78566,1,,,1,22,,78602,25,,,1,8,,78583,1,,,1,70,,78567,1,,,1,74,,78585,7,,,1,26,,78568,1,,,1,74,,78586,7,,,1,26,,78569,1,,,1,74,,78597,25,,,1,26,,78570,1,,,1,74,,78587,7,,,1,26,,78571,1,,,1,74,,78588,7,,,1,26,,78572,1,,,1,74,,78598,25,,,1,28,,78573,1,,,1,19,,78596,23,,,1,81,,78574,1,,,1,100,,78575,1,,,1,30,,78584,1,,,1,142,,78589,7,,,1,26,,78576,1,,,1,74,,78590,7,,,1,26,,78577,1,,,1,74,,78599,25,,,1,26,,78578,1,,,1,100,,78579,1,,,1
301,'20261014',558,,78631,12,,,1,70,,78633,25,,,1,22,,78632,12,,,1,6,,78620,1,,,1,64,,78640,25,,,1,6,,78604,1,,,1,24,,78634,25,,,1,6,,78621,1,,,1,64,,78643,34,,,1,6,,78605,1,,,1,24,,78635,25,,,1,6,,78622,1,,,1,64,,78641,25,,,1,6,,78606,1,,,1,22,,78642,25,,,1,8,,78623,1,,,1,70,,78607,1,,,1,74,,78625,7,,,1,26,,78608,1,,,1,74,,78626,7,,,1,26,,78609,1,,,1,74,,78637,25,,,1,26,,78610,1,,,1,74,,78627,7,,,1,26,,78611,1,,,1,74,,78628,7,,,1,26,,78612,1,,,1,74,,78638,25,,,1,28,,78613,1,,,1,19,,78636,23,,,1,81,,78614,1,,,1,100,,78615,1,,,1,30,,78624,1,,,1,142,,78629,7,,,1,26,,78616,1,,,1,74,,78630,7,,,1,26,,78617,1,,,1,74,,78639,25,,,1,26,,78618,1,,,1,100,,78619,1,,,1
301,'20261015',558,,78671,12,,,1,70,,78673,25,,,1,22,,78672,12,,,1,6,,78660,1,,,1,64,,78680,25,,,1,6,,78644,1,,,1,24,,78674,25,,,1,6,,78661,1,,,1,64,,78683,34,,,1,6,,78645,1,,,1,24,,78675,25,,,1,6,,78662,1,,,1,64,,78681,25,,,1,6,,78646,1,,,1,22,,78682,25,,,1,8,,78663,1,,,1,70,,78647,1,,,1,74,,78665,7,,,1,26,,78648,1,,,1,74,,78666,7,,,1,26,,78649,1,,,1,74,,78677,25,,,1,26,,78650,1,,,1,74,,78667,7,,,1,26,,78651,1,,,1,74,,78668,7,,,1,26,,78652,1,,,1,74,,78678,25,,,1,28,,78653,1,,,1,19,,78676,23,,,1,81,,78654,1,,,1,100,,78655,1,,,1,30,,78664,1,,,1,142,,78669,7,,,1,26,,78656,1,,,1,74,,78670,7,,,1,26,,78657,1,,,1,74,,78679,25,,,1,26,,78658,1,,,1,100,,78659,1,,,1
301,'20261016',558,,78711,12,,,1,70,,78713,25,,,1,22,,78712,12,,,1,6,,78700,1,,,1,64,,78720,25,,,1,6,,78684,1,,,1,24,,78714,25,,,1,6,,78701,1,,,1,64,,78723,34,,,1,6,,78685,1,,,1,24,,78715,25,,,1,6,,78702,1,,,1,64,,78721,25,,,1,6,,78686,1,,,1,22,,78722,25,,,1,8,,78703,1,,,1,70,,78687,1,,,1,74,,78705,7,,,1,26,,78688,1,,,1,74,,78706,7,,,1,26,,78689,1,,,1,74,,78717,25,,,1,26,,78690,1,,,1,74,,78707,7,,,1,26,,78691,1,,,1,74,,78708,7,,,1,26,,78692,1,,,1,74,,78718,25,,,1,28,,78693,1,,,1,19,,78716,23,,,1,81,,78694,1,,,1,100,,78695,1,,,1,30,,78704,1,,,1,142,,78709,7,,,1,26,,78696,1,,,1,74,,78710,7,,,1,26,,78697,1,,,1,74,,78719,25,,,1,26,,78698,1,,,1,100,,78699,1,,,1
301,'20261017',800,,78733,7,,,1,100,,78747,25,,,1,100,,78734,7,,,1,100,,78735,7,,,1,100,,78736,7,,,1,100,,78737,7,,,1,100,,78738,7,,,1,28,,78724,1,,,1,72,,78739,7,,,1,28,,78725,1,,,1,72,,78740,7,,,1,28,,78726,1,,,1,72,,78748,25,,,1,28,,78727,1,,,1,72,,78741,7,,,1,28,,78728,1,,,1,72,,78742,7,,,1,28,,78729,1,,,1,72,,78743,7,,,1,14,,78749,32,,,1,14,,78730,1,,,1,72,,78744,7,,,1,28,,78731,1,,,1,72,,78745,7,,,1,28,,78732,1,,,1,72,,78746,7,,,1
301,'20261018',800,,78759,7,,,1,100,,78773,25,,,1,100,,78760,7,,,1,100,,78761,7,,,1,100,,78762,7,,,1,100,,78763,7,,,1,100,,78764,7,,,1,28,,78750,1,,,1,72,,78765,7,,,1,28,,78751,1,,,1,72,,78766,7,,,1,28,,78752,1,,,1,72,,78774,25,,,1,28,,78753,1,,,1,72,,78767,7,,,1,28,,78754,1,,,1,72,,78768,7,,,1,28,,78755,1,,,1,72,,78769,7,,,1,14,,78775,32,,,1,14,,78756,1,,,1,72,,78770,7,,,1,28,,78757,1,,,1,72,,78771,7,,,1,28,,78758,1,,,1,72,,78772,7,,,1
301,'20261019',558,,78803,12,,,1,70,,78805,25,,,1,22,,78804,12,,,1,6,,78792,1,,,1,64,,78812,25,,,1,6,,78776,1,,,1,24,,78806,25,,,1,6,,78793,1,,,1,64,,78815,34,,,1,6,,78777,1,,,1,24,,78807,25,,,1,6,,78794,1,,,1,64,,78813,25,,,1,6,,78778,1,,,1,22,,78814,25,,,1,8,,78795,1,,,1,70,,78779,1,,,1,74,,78797,7,,,1,26,,78780,1,,,1,74,,78798,7,,,1,26,,78781,1,,,1,74,,78809,25,,,1,26,,78782,1,,,1,74,,78799,7,,,1,26,,78783,1,,,1,74,,78800,7,,,1,26,,78784,1,,,1,74,,78810,25,,,1,28,,78785,1,,,1,19,,78808,23,,,1,81,,78786,1,,,1,100,,78787,1,,,1,30,,78796,1,,,1,142,,78801,7,,,1,26,,78788,1,,,1,74,,78802,7,,,1,26,,78789,1,,,1,74,,78811,25,,,1,26,,78790,1,,,1,100,,78791,1,,,1
301,'20261020',558,,78843,12,,,1,70,,78845,25,,,1,22,,78844,12,,,1,6,,78832,1,,,1,64,,78852,25,,,1,6,,78816,1,,,1,24,,78846,25,,,1,6,,78833,1,,,1,64,,78855,34,,,1,6,,78817,1,,,1,24,,78847,25,,,1,6,,78834,1,,,1,64,,78853,25,,,1,6,,78818,1,,,1,22,,78854,25,,,1,8,,78835,1,,,1,70,,78819,1,,,1,74,,78837,7,,,1,26,,78820,1,,,1,74,,78838,7,,,1,26,,78821,1,,,1,74,,78849,25,,,1,26,,78822,1,,,1,74,,78839,7,,,1,26,,78823,1,,,1,74,,78840,7,,,1,26,,78824,1,,,1,74,,78850,25,,,1,28,,78825,1,,,1,19,,78848,23,,,1,81,,78826,1,,,1,100,,78827,1,,,1,30,,78836,1,,,1,142,,78841,7,,,1,26,,78828,1,,,1,74,,78842,7,,,1,26,,78829,1,,,1,74,,78851,25,,,1,26,,78830,1,,,1,100,,78831,1,,,1
301,'20261021',558,,78883,12,,,1,70,,78885,25,,,1,22,,78884,12,,,1,6,,78872,1,,,1,64,,78892,25,,,1,6,,78856,1,,,1,24,,78886,25,,,1,6,,78873,1,,,1,64,,78895,34,,,1,6,,78857,1,,,1,24,,78887,25,,,1,6,,78874,1,,,1,64,,78893,25,,,1,6,,78858,1,,,1,22,,78894,25,,,1,8,,78875,1,,,1,70,,78859,1,,,1,74,,78877,7,,,1,26,,78860,1,,,1,74,,78878,7,,,1,26,,78861,1,,,1,74,,78889,25,,,1,26,,78862,1,,,1,74,,78879,7,,,1,26,,78863,1,,,1,74,,78880,7,,,1,26,,78864,1,,,1,74,,78890,25,,,1,28,,78865,1,,,1,19,,78888,23,,,1,81,,78866,1,,,1,100,,78867,1,,,1,30,,78876,1,,,1,142,,78881,7,,,1,26,,78868,1,,,1,74,,78882,7,,,1,26,,78869,1,,,1,74,,78891,25,,,1,26,,78870,1,,,1,100,,78871,1,,,1
301,'20261022',558,,78923,12,,,1,70,,78925,25,,,1,22,,78924,12,,,1,6,,78912,1,,,1,64,,78932,25,,,1,6,,78896,1,,,1,24,,78926,25,,,1,6,,78913,1,,,1,64,,78935,34,,,1,6,,78897,1,,,1,24,,78927,25,,,1,6,,78914,1,,,1,64,,78933,25,,,1,6,,78898,1,,,1,22,,78934,25,,,1,8,,78915,1,,,1,70,,78899,1,,,1,74,,78917,7,,,1,26,,78900,1,,,1,74,,78918,7,,,1,26,,78901,1,,,1,74,,78929,25,,,1,26,,78902,1,,,1,74,,78919,7,,,1,26,,78903,1,,,1,74,,78920,7,,,1,26,,78904,1,,,1,74,,78930,25,,,1,28,,78905,1,,,1,19,,78928,23,,,1,81,,78906,1,,,1,100,,78907,1,,,1,30,,78916,1,,,1,142,,78921,7,,,1,26,,78908,1,,,1,74,,78922,7,,,1,26,,78909,1,,,1,74,,78931,25,,,1,26,,78910,1,,,1,100,,78911,1,,,1
301,'20261023',558,,78963,12,,,1,70,,78965,25,,,1,22,,78964,12,,,1,6,,78952,1,,,1,64,,78972,25,,,1,6,,78936,1,,,1,24,,78966,25,,,1,6,,78953,1,,,1,64,,78975,34,,,1,6,,78937,1,,,1,24,,78967,25,,,1,6,,78954,1,,,1,64,,78973,25,,,1,6,,78938,1,,,1,22,,78974,25,,,1,8,,78955,1,,,1,70,,78939,1,,,1,74,,78957,7,,,1,26,,78940,1,,,1,74,,78958,7,,,1,26,,78941,1,,,1,74,,78969,25,,,1,26,,78942,1,,,1,74,,78959,7,,,1,26,,78943,1,,,1,74,,78960,7,,,1,26,,78944,1,,,1,74,,78970,25,,,1,28,,78945,1,,,1,19,,78968,23,,,1,81,,78946,1,,,1,100,,78947,1,,,1,30,,78956,1,,,1,142,,78961,7,,,1,26,,78948,1,,,1,74,,78962,7,,,1,26,,78949,1,,,1,74,,78971,25,,,1,26,,78950,1,,,1,100,,78951,1,,,1
301,'20261024',800,,78985,7,,,1,100,,78999,25,,,1,100,,78986,7,,,1,100,,78987,7,,,1,100,,78988,7,,,1,100,,78989,7,,,1,100,,78990,7,,,1,28,,78976,1,,,1,72,,78991,7,,,1,28,,78977,1,,,1,72,,78992,7,,,1,28,,78978,1,,,1,72,,79000,25,,,1,28,,78979,1,,,1,72,,78993,7,,,1,28,,78980,1,,,1,72,,78994,7,,,1,28,,78981,1,,,1,72,,78995,7,,,1,14,,79001,32,,,1,14,,78982,1,,,1,72,,78996,7,,,1,28,,78983,1,,,1,72,,78997,7,,,1,28,,78984,1,,,1,72,,78998,7,,,1
301,'20261025',800,,79011,7,,,1,100,,79025,25,,,1,100,,79012,7,,,1,100,,79013,7,,,1,100,,79014,7,,,1,100,,79015,7,,,1,100,,79016,7,,,1,28,,79002,1,,,1,72,,79017,7,,,1,28,,79003,1,,,1,72,,79018,7,,,1,28,,79004,1,,,1,72,,79026,25,,,1,28,,79005,1,,,1,72,,79019,7,,,1,28,,79006,1,,,1,72,,79020,7,,,1,28,,79007,1,,,1,72,,79021,7,,,1,14,,79027,32,,,1,14,,79008,1,,,1,72,,79022,7,,,1,28,,79009,1,,,1,72,,79023,7,,,1,28,,79010,1,,,1,72,,79024,7,,,1
301,'20261026',558,,79055,12,,,1,70,,79057,25,,,1,22,,79056,12,,,1,6,,79044,1,,,1,64,,79064,25,,,1,6,,79028,1,,,1,24,,79058,25,,,1,6,,79045,1,,,1,64,,79067,34,,,1,6,,79029,1,,,1,24,,79059,25,,,1,6,,79046,1,,,1,64,,79065,25,,,1,6,,79030,1,,,1,22,,79066,25,,,1,8,,79047,1,,,1,70,,79031,1,,,1,74,,79049,7,,,1,26,,79032,1,,,1,74,,79050,7,,,1,26,,79033,1,,,1,74,,79061,25,,,1,26,,79034,1,,,1,74,,79051,7,,,1,26,,79035,1,,,1,74,,79052,7,,,1,26,,79036,1,,,1,74,,79062,25,,,1,28,,79037,1,,,1,19,,79060,23,,,1,81,,79038,1,,,1,100,,79039,1,,,1,30,,79048,1,,,1,142,,79053,7,,,1,26,,79040,1,,,1,74,,79054,7,,,1,26,,79041,1,,,1,74,,79063,25,,,1,26,,79042,1,,,1,100,,79043,1,,,1
301,'20261027',558,,79095,12,,,1,70,,79097,25,,,1,22,,79096,12,,,1,6,,79084,1,,,1,64,,79104,25,,,1,6,,79068,1,,,1,24,,79098,25,,,1,6,,79085,1,,,1,64,,79107,34,,,1,6,,79069,1,,,1,24,,79099,25,,,1,6,,79086,1,,,1,64,,79105,25,,,1,6,,79070,1,,,1,22,,79106,25,,,1,8,,79087,1,,,1,70,,79071,1,,,1,74,,79089,7,,,1,26,,79072,1,,,1,74,,79090,7,,,1,26,,79073,1,,,1,74,,79101,25,,,1,26,,79074,1,,,1,74,,79091,7,,,1,26,,79075,1,,,1,74,,79092,7,,,1,26,,79076,1,,,1,74,,79102,25,,,1,28,,79077,1,,,1,19,,79100,23,,,1,81,,79078,1,,,1,100,,79079,1,,,1,30,,79088,1,,,1,142,,79093,7,,,1,26,,79080,1,,,1,74,,79094,7,,,1,26,,79081,1,,,1,74,,79103,25,,,1,26,,79082,1,,,1,100,,79083,1,,,1
301,'20261028',558,,79135,12,,,1,70,,79137,25,,,1,22,,79136,12,,,1,6,,79124,1,,,1,64,,79144,25,,,1,6,,79108,1,,,1,24,,79138,25,,,1,6,,79125,1,,,1,64,,79147,34,,,1,6,,79109,1,,,1,24,,79139,25,,,1,6,,79126,1,,,1,64,,79145,25,,,1,6,,79110,1,,,1,22,,79146,25,,,1,8,,79127,1,,,1,70,,79111,1,,,1,74,,79129,7,,,1,26,,79112,1,,,1,74,,79130,7,,,1,26,,79113,1,,,1,74,,79141,25,,,1,26,,79114,1,,,1,74,,79131,7,,,1,26,,79115,1,,,1,74,,79132,7,,,1,26,,79116,1,,,1,74,,79142,25,,,1,28,,79117,1,,,1,19,,79140,23,,,1,81,,79118,1,,,1,100,,79119,1,,,1,30,,79128,1,,,1,142,,79133,7,,,1,26,,79120,1,,,1,74,,79134,7,,,1,26,,79121,1,,,1,74,,79143,25,,,1,26,,79122,1,,,1,100,,79123,1,,,1
301,'20261029',558,,79175,12,,,1,70,,79177,25,,,1,22,,79176,12,,,1,6,,79164,1,,,1,64,,79184,25,,,1,6,,79148,1,,,1,24,,79178,25,,,1,6,,79165,1,,,1,64,,79187,34,,,1,6,,79149,1,,,1,24,,79179,25,,,1,6,,79166,1,,,1,64,,79185,25,,,1,6,,79150,1,,,1,22,,79186,25,,,1,8,,79167,1,,,1,70,,79151,1,,,1,74,,79169,7,,,1,26,,79152,1,,,1,74,,79170,7,,,1,26,,79153,1,,,1,74,,79181,25,,,1,26,,79154,1,,,1,74,,79171,7,,,1,26,,79155,1,,,1,74,,79172,7,,,1,26,,79156,1,,,1,74,,79182,25,,,1,28,,79157,1,,,1,19,,79180,23,,,1,81,,79158,1,,,1,100,,79159,1,,,1,30,,79168,1,,,1,142,,79173,7,,,1,26,,79160,1,,,1,74,,79174,7,,,1,26,,79161,1,,,1,74,,79183,25,,,1,26,,79162,1,,,1,100,,79163,1,,,1
301,'20261030',558,,79215,12,,,1,70,,79217,25,,,1,22,,79216,12,,,1,6,,79204,1,,,1,64,,79224,25,,,1,6,,79188,1,,,1,24,,79218,25,,,1,6,,79205,1,,,1,64,,79227,34,,,1,6,,79189,1,,,1,24,,79219,25,,,1,6,,79206,1,,,1,64,,79225,25,,,1,6,,79190,1,,,1,22,,79226,25,,,1,8,,79207,1,,,1,70,,79191,1,,,1,74,,79209,7,,,1,26,,79192,1,,,1,74,,79210,7,,,1,26,,79193,1,,,1,74,,79221,25,,,1,26,,79194,1,,,1,74,,79211,7,,,1,26,,79195,1,,,1,74,,79212,7,,,1,26,,79196,1,,,1,74,,79222,25,,,1,28,,79197,1,,,1,19,,79220,23,,,1,81,,79198,1,,,1,100,,79199,1,,,1,30,,79208,1,,,1,142,,79213,7,,,1,26,,79200,1,,,1,74,,79214,7,,,1,26,,79201,1,,,1,74,,79223,25,,,1,26,,79202,1,,,1,100,,79203,1,,,1
301,'20261031',800,,79237,7,,,1,100,,79251,25,,,1,100,,79238,7,,,1,100,,79239,7,,,1,100,,79240,7,,,1,100,,79241,7,,,1,100,,79242,7,,,1,28,,79228,1,,,1,72,,79243,7,,,1,28,,79229,1,,,1,72,,79244,7,,,1,28,,79230,1,,,1,72,,79252,25,,,1,28,,79231,1,,,1,72,,79245,7,,,1,28,,79232,1,,,1,72,,79246,7,,,1,28,,79233,1,,,1,72,,79247,7,,,1,14,,79253,32,,,1,14,,79234,1,,,1,72,,79248,7,,,1,28,,79235,1,,,1,72,,79249,7,,,1,28,,79236,1,,,1,72,,79250,7,,,1
301,'20261101',800,,79263,7,,,1,100,,79277,25,,,1,100,,79264,7,,,1,100,,79265,7,,,1,100,,79266,7,,,1,100,,79267,7,,,1,100,,79268,7,,,1,28,,79254,1,,,1,72,,79269,7,,,1,28,,79255,1,,,1,72,,79270,7,,,1,28,,79256,1,,,1,72,,79278,25,,,1,28,,79257,1,,,1,72,,79271,7,,,1,28,,79258,1,,,1,72,,79272,7,,,1,28,,79259,1,,,1,72,,79273,7,,,1,14,,79279,32,,,1,14,,79260,1,,,1,72,,79274,7,,,1,28,,79261,1,,,1,72,,79275,7,,,1,28,,79262,1,,,1,72,,79276,7,,,1
301,'20261102',558,,79307,12,,,1,70,,79309,25,,,1,22,,79308,12,,,1,6,,79296,1,,,1,64,,79316,25,,,1,6,,79280,1,,,1,24,,79310,25,,,1,6,,79297,1,,,1,64,,79319,34,,,1,6,,79281,1,,,1,24,,79311,25,,,1,6,,79298,1,,,1,64,,79317,25,,,1,6,,79282,1,,,1,22,,79318,25,,,1,8,,79299,1,,,1,70,,79283,1,,,1,74,,79301,7,,,1,26,,79284,1,,,1,74,,79302,7,,,1,26,,79285,1,,,1,74,,79313,25,,,1,26,,79286,1,,,1,74,,79303,7,,,1,26,,79287,1,,,1,74,,79304,7,,,1,26,,79288,1,,,1,74,,79314,25,,,1,28,,79289,1,,,1,19,,79312,23,,,1,81,,79290,1,,,1,100,,79291,1,,,1,30,,79300,1,,,1,142,,79305,7,,,1,26,,79292,1,,,1,74,,79306,7,,,1,26,,79293,1,,,1,74,,79315,25,,,1,26,,79294,1,,,1,100,,79295,1,,,1
301,'20261103',558,,79347,12,,,1,70,,79349,25,,,1,22,,79348,12,,,1,6,,79336,1,,,1,64,,79356,25,,,1,6,,79320,1,,,1,24,,79350,25,,,1,6,,79337,1,,,1,64,,79359,34,,,1,6,,79321,1,,,1,24,,79351,25,,,1,6,,79338,1,,,1,64,,79357,25,,,1,6,,79322,1,,,1,22,,79358,25,,,1,8,,79339,1,,,1,70,,79323,1,,,1,74,,79341,7,,,1,26,,79324,1,,,1,74,,79342,7,,,1,26,,79325,1,,,1,74,,79353,25,,,1,26,,79326,1,,,1,74,,79343,7,,,1,26,,79327,1,,,1,74,,79344,7,,,1,26,,79328,1,,,1,74,,79354,25,,,1,28,,79329,1,,,1,19,,79352,23,,,1,81,,79330,1,,,1,100,,79331,1,,,1,30,,79340,1,,,1,142,,79345,7,,,1,26,,79332,1,,,1,74,,79346,7,,,1,26,,79333,1,,,1,74,,79355,25,,,1,26,,79334,1,,,1,100,,79335,1,,,1
301,'20261104',558,,79387,12,,,1,70,,79389,25,,,1,22,,79388,12,,,1,6,,79376,1,,,1,64,,79396,25,,,1,6,,79360,1,,,1,24,,79390,25,,,1,6,,79377,1,,,1,64,,79399,34,,,1,6,,79361,1,,,1,24,,79391,25,,,1,6,,79378,1,,,1,64,,79397,25,,,1,6,,79362,1,,,1,22,,79398,25,,,1,8,,79379,1,,,1,70,,79363,1,,,1,74,,79381,7,,,1,26,,79364,1,,,1,74,,79382,7,,,1,26,,79365,1,,,1,74,,79393,25,,,1,26,,79366,1,,,1,74,,79383,7,,,1,26,,79367,1,,,1,74,,79384,7,,,1,26,,79368,1,,,1,74,,79394,25,,,1,28,,79369,1,,,1,19,,79392,23,,,1,81,,79370,1,,,1,100,,79371,1,,,1,30,,79380,1,,,1,142,,79385,7,,,1,26,,79372,1,,,1,74,,79386,7,,,1,26,,79373,1,,,1,74,,79395,25,,,1,26,,79374,1,,,1,100,,79375,1,,,1
301,'20261105',558,,79427,12,,,1,70,,79429,25,,,1,22,,79428,12,,,1,6,,79416,1,,,1,64,,79436,25,,,1,6,,79400,1,,,1,24,,79430,25,,,1,6,,79417,1,,,1,64,,79439,34,,,1,6,,79401,1,,,1,24,,79431,25,,,1,6,,79418,1,,,1,64,,79437,25,,,1,6,,79402,1,,,1,22,,79438,25,,,1,8,,79419,1,,,1,70,,79403,1,,,1,74,,79421,7,,,1,26,,79404,1,,,1,74,,79422,7,,,1,26,,79405,1,,,1,74,,79433,25,,,1,26,,79406,1,,,1,74,,79423,7,,,1,26,,79407,1,,,1,74,,79424,7,,,1,26,,79408,1,,,1,74,,79434,25,,,1,28,,79409,1,,,1,19,,79432,23,,,1,81,,79410,1,,,1,100,,79411,1,,,1,30,,79420,1,,,1,142,,79425,7,,,1,26,,79412,1,,,1,74,,79426,7,,,1,26,,79413,1,,,1,74,,79435,25,,,1,26,,79414,1,,,1,100,,79415,1,,,1
301,'20261106',558,,79467,12,,,1,70,,79469,25,,,1,22,,79468,12,,,1,6,,79456,1,,,1,64,,79476,25,,,1,6,,79440,1,,,1,24,,79470,25,,,1,6,,79457,1,,,1,64,,79479,34,,,1,6,,79441,1,,,1,24,,79471,25,,,1,6,,79458,1,,,1,64,,79477,25,,,1,6,,79442,1,,,1,22,,79478,25,,,1,8,,79459,1,,,1,70,,79443,1,,,1,74,,79461,7,,,1,26,,79444,1,,,1,74,,79462,7,,,1,26,,79445,1,,,1,74,,79473,25,,,1,26,,79446,1,,,1,74,,79463,7,,,1,26,,79447,1,,,1,74,,79464,7,,,1,26,,79448,1,,,1,74,,79474,25,,,1,28,,79449,1,,,1,19,,79472,23,,,1,81,,79450,1,,,1,100,,79451,1,,,1,30,,79460,1,,,1,142,,79465,7,,,1,26,,79452,1,,,1,74,,79466,7,,,1,26,,79453,1,,,1,74,,79475,25,,,1,26,,79454,1,,,1,100,,79455,1,,,1
301,'20261107',800,,79489,7,,,1,100,,79503,25,,,1,100,,79490,7,,,1,100,,79491,7,,,1,100,,79492,7,,,1,100,,79493,7,,,1,100,,79494,7,,,1,28,,79480,1,,,1,72,,79495,7,,,1,28,,79481,1,,,1,72,,79496,7,,,1,28,,79482,1,,,1,72,,79504,25,,,1,28,,79483,1,,,1,72,,79497,7,,,1,28,,79484,1,,,1,72,,79498,7,,,1,28,,79485,1,,,1,72,,79499,7,,,1,14,,79505,32,,,1,14,,79486,1,,,1,72,,79500,7,,,1,28,,79487,1,,,1,72,,79501,7,,,1,28,,79488,1,,,1,72,,79502,7,,,1
301,'20261108',800,,79515,7,,,1,100,,79529,25,,,1,100,,79516,7,,,1,100,,79517,7,,,1,100,,79518,7,,,1,100,,79519,7,,,1,100,,79520,7,,,1,28,,79506,1,,,1,72,,79521,7,,,1,28,,79507,1,,,1,72,,79522,7,,,1,28,,79508,1,,,1,72,,79530,25,,,1,28,,79509,1,,,1,72,,79523,7,,,1,28,,79510,1,,,1,72,,79524,7,,,1,28,,79511,1,,,1,72,,79525,7,,,1,14,,79531,32,,,1,14,,79512,1,,,1,72,,79526,7,,,1,28,,79513,1,,,1,72,,79527,7,,,1,28,,79514,1,,,1,72,,79528,7,,,1
301,'20261109',558,,79559,12,,,1,70,,79561,25,,,1,22,,79560,12,,,1,6,,79548,1,,,1,64,,79568,25,,,1,6,,79532,1,,,1,24,,79562,25,,,1,6,,79549,1,,,1,64,,79571,34,,,1,6,,79533,1,,,1,24,,79563,25,,,1,6,,79550,1,,,1,64,,79569,25,,,1,6,,79534,1,,,1,22,,79570,25,,,1,8,,79551,1,,,1,70,,79535,1,,,1,74,,79553,7,,,1,26,,79536,1,,,1,74,,79554,7,,,1,26,,79537,1,,,1,74,,79565,25,,,1,26,,79538,1,,,1,74,,79555,7,,,1,26,,79539,1,,,1,74,,79556,7,,,1,26,,79540,1,,,1,74,,79566,25,,,1,28,,79541,1,,,1,19,,79564,23,,,1,81,,79542,1,,,1,100,,79543,1,,,1,30,,79552,1,,,1,142,,79557,7,,,1,26,,79544,1,,,1,74,,79558,7,,,1,26,,79545,1,,,1,74,,79567,25,,,1,26,,79546,1,,,1,100,,79547,1,,,1
301,'20261110',558,,79599,12,,,1,70,,79601,25,,,1,22,,79600,12,,,1,6,,79588,1,,,1,64,,79608,25,,,1,6,,79572,1,,,1,24,,79602,25,,,1,6,,79589,1,,,1,64,,79611,34,,,1,6,,79573,1,,,1,24,,79603,25,,,1,6,,79590,1,,,1,64,,79609,25,,,1,6,,79574,1,,,1,22,,79610,25,,,1,8,,79591,1,,,1,70,,79575,1,,,1,74,,79593,7,,,1,26,,79576,1,,,1,74,,79594,7,,,1,26,,79577,1,,,1,74,,79605,25,,,1,26,,79578,1,,,1,74,,79595,7,,,1,26,,79579,1,,,1,74,,79596,7,,,1,26,,79580,1,,,1,74,,79606,25,,,1,28,,79581,1,,,1,19,,79604,23,,,1,81,,79582,1,,,1,100,,79583,1,,,1,30,,79592,1,,,1,142,,79597,7,,,1,26,,79584,1,,,1,74,,79598,7,,,1,26,,79585,1,,,1,74,,79607,25,,,1,26,,79586,1,,,1,100,,79587,1,,,1
301,'20261111',558,,79639,12,,,1,70,,79641,25,,,1,22,,79640,12,,,1,6,,79628,1,,,1,64,,79648,25,,,1,6,,79612,1,,,1,24,,79642,25,,,1,6,,79629,1,,,1,64,,79651,34,,,1,6,,79613,1,,,1,24,,79643,25,,,1,6,,79630,1,,,1,64,,79649,25,,,1,6,,79614,1,,,1,22,,79650,25,,,1,8,,79631,1,,,1,70,,79615,1,,,1,74,,79633,7,,,1,26,,79616,1,,,1,74,,79634,7,,,1,26,,79617,1,,,1,74,,79645,25,,,1,26,,79618,1,,,1,74,,79635,7,,,1,26,,79619,1,,,1,74,,79636,7,,,1,26,,79620,1,,,1,74,,79646,25,,,1,28,,79621,1,,,1,19,,79644,23,,,1,81,,79622,1,,,1,100,,79623,1,,,1,30,,79632,1,,,1,142,,79637,7,,,1,26,,79624,1,,,1,74,,79638,7,,,1,26,,79625,1,,,1,74,,79647,25,,,1,26,,79626,1,,,1,100,,79627,1,,,1
301,'20261112',558,,79679,12,,,1,70,,79681,25,,,1,22,,79680,12,,,1,6,,79668,1,,,1,64,,79688,25,,,1,6,,79652,1,,,1,24,,79682,25,,,1,6,,79669,1,,,1,64,,79691,34,,,1,6,,79653,1,,,1,24,,79683,25,,,1,6,,79670,1,,,1,64,,79689,25,,,1,6,,79654,1,,,1,22,,79690,25,,,1,8,,79671,1,,,1,70,,79655,1,,,1,74,,79673,7,,,1,26,,79656,1,,,1,74,,79674,7,,,1,26,,79657,1,,,1,74,,79685,25,,,1,26,,79658,1,,,1,74,,79675,7,,,1,26,,79659,1,,,1,74,,79676,7,,,1,26,,79660,1,,,1,74,,79686,25,,,1,28,,79661,1,,,1,19,,79684,23,,,1,81,,79662,1,,,1,100,,79663,1,,,1,30,,79672,1,,,1,142,,79677,7,,,1,26,,79664,1,,,1,74,,79678,7,,,1,26,,79665,1,,,1,74,,79687,25,,,1,26,,79666,1,,,1,100,,79667,1,,,1
301,'20261113',558,,79719,12,,,1,70,,79721,25,,,1,22,,79720,12,,,1,6,,79708,1,,,1,64,,79728,25,,,1,6,,79692,1,,,1,24,,79722,25,,,1,6,,79709,1,,,1,64,,79731,34,,,1,6,,79693,1,,,1,24,,79723,25,,,1,6,,79710,1,,,1,64,,79729,25,,,1,6,,79694,1,,,1,22,,79730,25,,,1,8,,79711,1,,,1,70,,79695,1,,,1,74,,79713,7,,,1,26,,79696,1,,,1,74,,79714,7,,,1,26,,79697,1,,,1,74,,79725,25,,,1,26,,79698,1,,,1,74,,79715,7,,,1,26,,79699,1,,,1,74,,79716,7,,,1,26,,79700,1,,,1,74,,79726,25,,,1,28,,79701,1,,,1,19,,79724,23,,,1,81,,79702,1,,,1,100,,79703,1,,,1,30,,79712,1,,,1,142,,79717,7,,,1,26,,79704,1,,,1,74,,79718,7,,,1,26,,79705,1,,,1,74,,79727,25,,,1,26,,79706,1,,,1,100,,79707,1,,,1
301,'20261114',800,,79741,7,,,1,100,,79755,25,,,1,100,,79742,7,,,1,100,,79743,7,,,1,100,,79744,7,,,1,100,,79745,7,,,1,100,,79746,7,,,1,28,,79732,1,,,1,72,,79747,7,,,1,28,,79733,1,,,1,72,,79748,7,,,1,28,,79734,1,,,1,72,,79756,25,,,1,28,,79735,1,,,1,72,,79749,7,,,1,28,,79736,1,,,1,72,,79750,7,,,1,28,,79737,1,,,1,72,,79751,7,,,1,14,,79757,32,,,1,14,,79738,1,,,1,72,,79752,7,,,1,28,,79739,1,,,1,72,,79753,7,,,1,28,,79740,1,,,1,72,,79754,7,,,1
301,'20261115',800,,79767,7,,,1,100,,79781,25,,,1,100,,79768,7,,,1,100,,79769,7,,,1,100,,79770,7,,,1,100,,79771,7,,,1,100,,79772,7,,,1,28,,79758,1,,,1,72,,79773,7,,,1,28,,79759,1,,,1,72,,79774,7,,,1,28,,79760,1,,,1,72,,79782,25,,,1,28,,79761,1,,,1,72,,79775,7,,,1,28,,79762,1,,,1,72,,79776,7,,,1,28,,79763,1,,,1,72,,79777,7,,,1,14,,79783,32,,,1,14,,79764,1,,,1,72,,79778,7,,,1,28,,79765,1,,,1,72,,79779,7,,,1,28,,79766,1,,,1,72,,79780,7,,,1
301,'20261116',558,,79811,12,,,1,70,,79813,25,,,1,22,,79812,12,,,1,6,,79800,1,,,1,64,,79820,25,,,1,6,,79784,1,,,1,24,,79814,25,,,1,6,,79801,1,,,1,64,,79823,34,,,1,6,,79785,1,,,1,24,,79815,25,,,1,6,,79802,1,,,1,64,,79821,25,,,1,6,,79786,1,,,1,22,,79822,25,,,1,8,,79803,1,,,1,70,,79787,1,,,1,74,,79805,7,,,1,26,,79788,1,,,1,74,,79806,7,,,1,26,,79789,1,,,1,74,,79817,25,,,1,26,,79790,1,,,1,74,,79807,7,,,1,26,,79791,1,,,1,74,,79808,7,,,1,26,,79792,1,,,1,74,,79818,25,,,1,28,,79793,1,,,1,19,,79816,23,,,1,81,,79794,1,,,1,100,,79795,1,,,1,30,,79804,1,,,1,142,,79809,7,,,1,26,,79796,1,,,1,74,,79810,7,,,1,26,,79797,1,,,1,74,,79819,25,,,1,26,,79798,1,,,1,100,,79799,1,,,1
301,'20261117',558,,79851,12,,,1,70,,79853,25,,,1,22,,79852,12,,,1,6,,79840,1,,,1,64,,79860,25,,,1,6,,79824,1,,,1,24,,79854,25,,,1,6,,79841,1,,,1,64,,79863,34,,,1,6,,79825,1,,,1,24,,79855,25,,,1,6,,79842,1,,,1,64,,79861,25,,,1,6,,79826,1,,,1,22,,79862,25,,,1,8,,79843,1,,,1,70,,79827,1,,,1,74,,79845,7,,,1,26,,79828,1,,,1,74,,79846,7,,,1,26,,79829,1,,,1,74,,79857,25,,,1,26,,79830,1,,,1,74,,79847,7,,,1,26,,79831,1,,,1,74,,79848,7,,,1,26,,79832,1,,,1,74,,79858,25,,,1,28,,79833,1,,,1,19,,79856,23,,,1,81,,79834,1,,,1,100,,79835,1,,,1,30,,79844,1,,,1,142,,79849,7,,,1,26,,79836,1,,,1,74,,79850,7,,,1,26,,79837,1,,,1,74,,79859,25,,,1,26,,79838,1,,,1,100,,79839,1,,,1
301,'20261118',558,,79891,12,,,1,70,,79893,25,,,1,22,,79892,12,,,1,6,,79880,1,,,1,64,,79900,25,,,1,6,,79864,1,,,1,24,,79894,25,,,1,6,,79881,1,,,1,64,,79903,34,,,1,6,,79865,1,,,1,24,,79895,25,,,1,6,,79882,1,,,1,64,,79901,25,,,1,6,,79866,1,,,1,22,,79902,25,,,1,8,,79883,1,,,1,70,,79867,1,,,1,74,,79885,7,,,1,26,,79868,1,,,1,74,,79886,7,,,1,26,,79869,1,,,1,74,,79897,25,,,1,26,,79870,1,,,1,74,,79887,7,,,1,26,,79871,1,,,1,74,,79888,7,,,1,26,,79872,1,,,1,74,,79898,25,,,1,28,,79873,1,,,1,19,,79896,23,,,1,81,,79874,1,,,1,100,,79875,1,,,1,30,,79884,1,,,1,142,,79889,7,,,1,26,,79876,1,,,1,74,,79890,7,,,1,26,,79877,1,,,1,74,,79899,25,,,1,26,,79878,1,,,1,100,,79879,1,,,1
301,'20261119',558,,79931,12,,,1,70,,79933,25,,,1,22,,79932,12,,,1,6,,79920,1,,,1,64,,79940,25,,,1,6,,79904,1,,,1,24,,79934,25,,,1,6,,79921,1,,,1,64,,79943,34,,,1,6,,79905,1,,,1,24,,79935,25,,,1,6,,79922,1,,,1,64,,79941,25,,,1,6,,79906,1,,,1,22,,79942,25,,,1,8,,79923,1,,,1,70,,79907,1,,,1,74,,79925,7,,,1,26,,79908,1,,,1,74,,79926,7,,,1,26,,79909,1,,,1,74,,79937,25,,,1,26,,79910,1,,,1,74,,79927,7,,,1,26,,79911,1,,,1,74,,79928,7,,,1,26,,79912,1,,,1,74,,79938,25,,,1,28,,79913,1,,,1,19,,79936,23,,,1,81,,79914,1,,,1,100,,79915,1,,,1,30,,79924,1,,,1,142,,79929,7,,,1,26,,79916,1,,,1,74,,79930,7,,,1,26,,79917,1,,,1,74,,79939,25,,,1,26,,79918,1,,,1,100,,79919,1,,,1
301,'20261120',558,,79971,12,,,1,70,,79973,25,,,1,22,,79972,12,,,1,6,,79960,1,,,1,64,,79980,25,,,1,6,,79944,1,,,1,24,,79974,25,,,1,6,,79961,1,,,1,64,,79983,34,,,1,6,,79945,1,,,1,24,,79975,25,,,1,6,,79962,1,,,1,64,,79981,25,,,1,6,,79946,1,,,1,22,,79982,25,,,1,8,,79963,1,,,1,70,,79947,1,,,1,74,,79965,7,,,1,26,,79948,1,,,1,74,,79966,7,,,1,26,,79949,1,,,1,74,,79977,25,,,1,26,,79950,1,,,1,74,,79967,7,,,1,26,,79951,1,,,1,74,,79968,7,,,1,26,,79952,1,,,1,74,,79978,25,,,1,28,,79953,1,,,1,19,,79976,23,,,1,81,,79954,1,,,1,100,,79955,1,,,1,30,,79964,1,,,1,142,,79969,7,,,1,26,,79956,1,,,1,74,,79970,7,,,1,26,,79957,1,,,1,74,,79979,25,,,1,26,,79958,1,,,1,100,,79959,1,,,1
301,'20261121',800,,79993,7,,,1,100,,80007,25,,,1,100,,79994,7,,,1,100,,79995,7,,,1,100,,79996,7,,,1,100,,79997,7,,,1,100,,79998,7,,,1,28,,79984,1,,,1,72,,79999,7,,,1,28,,79985,1,,,1,72,,80000,7,,,1,28,,79986,1,,,1,72,,80008,25,,,1,28,,79987,1,,,1,72,,80001,7,,,1,28,,79988,1,,,1,72,,80002,7,,,1,28,,79989,1,,,1,72,,80003,7,,,1,14,,80009,32,,,1,14,,79990,1,,,1,72,,80004,7,,,1,28,,79991,1,,,1,72,,80005,7,,,1,28,,79992,1,,,1,72,,80006,7,,,1
301,'20261122',800,,80019,7,,,1,100,,80033,25,,,1,100,,80020,7,,,1,100,,80021,7,,,1,100,,80022,7,,,1,100,,80023,7,,,1,100,,80024,7,,,1,28,,80010,1,,,1,72,,80025,7,,,1,28,,80011,1,,,1,72,,80026,7,,,1,28,,80012,1,,,1,72,,80034,25,,,1,28,,80013,1,,,1,72,,80027,7,,,1,28,,80014,1,,,1,72,,80028,7,,,1,28,,80015,1,,,1,72,,80029,7,,,1,14,,80035,32,,,1,14,,80016,1,,,1,72,,80030,7,,,1,28,,80017,1,,,1,72,,80031,7,,,1,28,,80018,1,,,1,72,,80032,7,,,1
301,'20261123',558,,80063,12,,,1,70,,80065,25,,,1,22,,80064,12,,,1,6,,80052,1,,,1,64,,80072,25,,,1,6,,80036,1,,,1,24,,80066,25,,,1,6,,80053,1,,,1,64,,80075,34,,,1,6,,80037,1,,,1,24,,80067,25,,,1,6,,80054,1,,,1,64,,80073,25,,,1,6,,80038,1,,,1,22,,80074,25,,,1,8,,80055,1,,,1,70,,80039,1,,,1,74,,80057,7,,,1,26,,80040,1,,,1,74,,80058,7,,,1,26,,80041,1,,,1,74,,80069,25,,,1,26,,80042,1,,,1,74,,80059,7,,,1,26,,80043,1,,,1,74,,80060,7,,,1,26,,80044,1,,,1,74,,80070,25,,,1,28,,80045,1,,,1,19,,80068,23,,,1,81,,80046,1,,,1,100,,80047,1,,,1,30,,80056,1,,,1,142,,80061,7,,,1,26,,80048,1,,,1,74,,80062,7,,,1,26,,80049,1,,,1,74,,80071,25,,,1,26,,80050,1,,,1,100,,80051,1,,,1
301,'20261124',558,,80103,12,,,1,70,,80105,25,,,1,22,,80104,12,,,1,6,,80092,1,,,1,64,,80112,25,,,1,6,,80076,1,,,1,24,,80106,25,,,1,6,,80093,1,,,1,64,,80115,34,,,1,6,,80077,1,,,1,24,,80107,25,,,1,6,,80094,1,,,1,64,,80113,25,,,1,6,,80078,1,,,1,22,,80114,25,,,1,8,,80095,1,,,1,70,,80079,1,,,1,74,,80097,7,,,1,26,,80080,1,,,1,74,,80098,7,,,1,26,,80081,1,,,1,74,,80109,25,,,1,26,,80082,1,,,1,74,,80099,7,,,1,26,,80083,1,,,1,74,,80100,7,,,1,26,,80084,1,,,1,74,,80110,25,,,1,28,,80085,1,,,1,19,,80108,23,,,1,81,,80086,1,,,1,100,,80087,1,,,1,30,,80096,1,,,1,142,,80101,7,,,1,26,,80088,1,,,1,74,,80102,7,,,1,26,,80089,1,,,1,74,,80111,25,,,1,26,,80090,1,,,1,100,,80091,1,,,1
301,'20261125',558,,80143,12,,,1,70,,80145,25,,,1,22,,80144,12,,,1,6,,80132,1,,,1,64,,80152,25,,,1,6,,80116,1,,,1,24,,80146,25,,,1,6,,80133,1,,,1,64,,80155,34,,,1,6,,80117,1,,,1,24,,80147,25,,,1,6,,80134,1,,,1,64,,80153,25,,,1,6,,80118,1,,,1,22,,80154,25,,,1,8,,80135,1,,,1,70,,80119,1,,,1,74,,80137,7,,,1,26,,80120,1,,,1,74,,80138,7,,,1,26,,80121,1,,,1,74,,80149,25,,,1,26,,80122,1,,,1,74,,80139,7,,,1,26,,80123,1,,,1,74,,80140,7,,,1,26,,80124,1,,,1,74,,80150,25,,,1,28,,80125,1,,,1,19,,80148,23,,,1,81,,80126,1,,,1,100,,80127,1,,,1,30,,80136,1,,,1,142,,80141,7,,,1,26,,80128,1,,,1,74,,80142,7,,,1,26,,80129,1,,,1,74,,80151,25,,,1,26,,80130,1,,,1,100,,80131,1,,,1
301,'20261126',558,,80183,12,,,1,70,,80185,25,,,1,22,,80184,12,,,1,6,,80172,1,,,1,64,,80192,25,,,1,6,,80156,1,,,1,24,,80186,25,,,1,6,,80173,1,,,1,64,,80195,34,,,1,6,,80157,1,,,1,24,,80187,25,,,1,6,,80174,1,,,1,64,,80193,25,,,1,6,,80158,1,,,1,22,,80194,25,,,1,8,,80175,1,,,1,70,,80159,1,,,1,74,,80177,7,,,1,26,,80160,1,,,1,74,,80178,7,,,1,26,,80161,1,,,1,74,,80189,25,,,1,26,,80162,1,,,1,74,,80179,7,,,1,26,,80163,1,,,1,74,,80180,7,,,1,26,,80164,1,,,1,74,,80190,25,,,1,28,,80165,1,,,1,19,,80188,23,,,1,81,,80166,1,,,1,100,,80167,1,,,1,30,,80176,1,,,1,142,,80181,7,,,1,26,,80168,1,,,1,74,,80182,7,,,1,26,,80169,1,,,1,74,,80191,25,,,1,26,,80170,1,,,1,100,,80171,1,,,1
301,'20261127',558,,80223,12,,,1,70,,80225,25,,,1,22,,80224,12,,,1,6,,80212,1,,,1,64,,80232,25,,,1,6,,80196,1,,,1,24,,80226,25,,,1,6,,80213,1,,,1,64,,80235,34,,,1,6,,80197,1,,,1,24,,80227,25,,,1,6,,80214,1,,,1,64,,80233,25,,,1,6,,80198,1,,,1,22,,80234,25,,,1,8,,80215,1,,,1,70,,80199,1,,,1,74,,80217,7,,,1,26,,80200,1,,,1,74,,80218,7,,,1,26,,80201,1,,,1,74,,80229,25,,,1,26,,80202,1,,,1,74,,80219,7,,,1,26,,80203,1,,,1,74,,80220,7,,,1,26,,80204,1,,,1,74,,80230,25,,,1,28,,80205,1,,,1,19,,80228,23,,,1,81,,80206,1,,,1,100,,80207,1,,,1,30,,80216,1,,,1,142,,80221,7,,,1,26,,80208,1,,,1,74,,80222,7,,,1,26,,80209,1,,,1,74,,80231,25,,,1,26,,80210,1,,,1,100,,80211,1,,,1
